industria_io,tipo,anno,K_corrente,K_2012,I_corrente,I_2012,D_corrente,D_2012,K_inizio_2012,altre_variazioni_2012,delta,altre_variazioni_rel
111CA,E,2011,208803,210815.1004,35925,36562.64626,28706,29207.30601,,,,
111CA,E,2012,226602,226602,46648,46647,30931,30931,210815.1004,70.89955683,0.1467209888,0.0003363115672
111CA,E,2013,249857,247042.3446,54325,53931.29386,33835,33594.01772,226602,103.0684175,0.1482511969,0.0004548433709
111CA,E,2014,272805,267241.2247,57856,56664.84737,37313,36557.59513,247042.3446,91.62786501,0.1479810888,0.0003708994309
111CA,E,2015,275638,269134.9078,41147,40058.88513,39184,38183.68337,267241.2247,18.4813358,0.1428809624,6.915600624e-05
111CA,E,2016,270427,262159.769,31912,30898.84307,39013,37853.09189,269134.9078,-20.88991435,0.1406472769,-7.761874715e-05
111CA,N,2011,59,56.86190476,43,41.38461538,39,37.35483871,,,,
111CA,N,2012,67,67,53,53,41,41,56.86190476,-1.861904762,0.7210451386,-0.03274432627
111CA,N,2013,75,77.07619048,56,58.8974359,47,48.96774194,67,0.1464965142,0.7308618199,0.002186515138
111CA,N,2014,85,90.68571429,68,72.69230769,54,56.93548387,77.07619048,-2.147300012,0.7386909436,-0.02785944659
111CA,N,2015,78,83.94761905,50,55.53846154,55,60.41935484,90.68571429,-1.857201938,0.6662499746,-0.02047954248
111CA,N,2016,73,81.74285714,49,55.53846154,52,58.09677419,83.94761905,0.3535507503,0.6920598208,0.004211563762
111CA,S,2011,246974,253487.8801,7337,7605.135412,5959,6054.822239,,,,
111CA,S,2012,255724,255724,8364,8364,6117,6117,253487.8801,-10.88005928,0.02413133124,-4.29214181e-05
111CA,S,2013,273302,258342.5764,9097,8797.736236,6459,6189.521665,255724,10.36186256,0.02420391385,4.051971092e-05
111CA,S,2014,290481,263665.0356,12387,11612.15754,6920,6302.913674,258342.5764,13.21531334,0.02439750258,5.115422134e-05
111CA,S,2015,300147,265462.4657,8969,8223.485611,7248,6409.393447,263665.0356,-16.66206366,0.02430884866,-6.319405839e-05
111CA,S,2016,317464,267129.1136,8829,8180.099923,7584,6471.799463,265462.4657,-41.65261011,0.02437933908,-0.000156905836
113FF,E,2011,33502,33957.36731,5683,5797.038513,4354,4447.081966,,,,
113FF,E,2012,35251,35251,5892,5892,4604,4604,33957.36731,5.632690854,0.1355817711,0.0001658753696
113FF,E,2013,36579,36235.18402,5761,5702.304744,4772,4728.140242,35251,10.0195213,0.134127833,0.0002842336756
113FF,E,2014,38890,38154.49651,6965,6803.213117,5006,4901.12974,36235.18402,17.2291129,0.1352588616,0.0004754802098
113FF,E,2015,40220,39395.16712,6498,6314.001207,5225,5090.145032,38154.49651,16.81443006,0.1334087853,0.0004406932758
113FF,E,2016,43258,42070.36096,8244,7974.332108,5491,5334.472214,39395.16712,35.33394323,0.1354093054,0.0008969106064
113FF,N,2011,140,135.3743207,80,77.42524917,93,91.31680162,,,,
113FF,N,2012,120,120,65,65,81,81,135.3743207,0.6256793478,0.5983409528,0.004621846631
113FF,N,2013,119,120.5461957,73,75.71428571,73,75.13461538,120,-0.0334746775,0.6261217949,-0.0002789556458
113FF,N,2014,146,151.3654891,109,114.6760797,78,82.74392713,120.5461957,-1.11285913,0.6864084485,-0.009231806317
113FF,N,2015,170,178.6440217,117,126.7358804,90,98.32388664,151.3654891,-1.13346115,0.6495792879,-0.007488240264
113FF,N,2016,253,269.5339674,205,225.9302326,119,131.7095142,178.6440217,-3.330772736,0.7372735616,-0.01864474783
113FF,S,2011,18247,18683.30894,501,516.9395149,451,464.2129456,,,,
113FF,S,2012,18602,18602,389,389,465,465,18683.30894,-5.308939492,0.02488852491,-0.0002841541351
113FF,S,2013,19035,18470.66186,341,333.4636079,475,464.3070284,18602,-0.4947145118,0.02496005959,-2.659469476e-05
113FF,S,2014,19730,18698.69156,732,695.1687904,491,464.3479202,18470.66186,-2.791176699,0.02513975534,-0.0001511140597
113FF,S,2015,20149,18891.71726,713,664.4773069,508,469.8084088,18698.69156,-1.643201081,0.02512520233,-8.787786436e-05
113FF,S,2016,20643,19049.21142,693,637.1148043,517,478.7031754,18891.71726,-0.917469305,0.02533931505,-4.856463246e-05
211,E,2011,53505,54152.60434,8817,9018.760878,7055,7199.059891,,,,
211,E,2012,57402,57402,10867,10867,7648,7648,54152.60434,30.39565561,0.1412305113,0.0005612962844
211,E,2013,63243,62923.21188,13975,13874.27425,8437,8383.71538,57402,30.65300526,0.1460526703,0.0005340058754
211,E,2014,65378,64697.38075,10904,10752.39056,9110,8991.978459,62923.21188,13.75676118,0.1429039966,0.000218627765
211,E,2015,64675,64497.43536,9030,8923.401629,9228,9126.664606,64697.38075,3.317594904,0.1410669876,5.127865867e-05
211,E,2016,58555,58503.04233,2693,2684.279926,8670,8649.576351,64497.43536,-29.09661208,0.1341072913,-0.0004511282025
211,N,2011,8686,8744.039609,2464,2470.933581,2137,2133.694234,,,,
211,N,2012,9154,9154,2616,2616,2205,2205,8744.039609,-1.039608538,0.2521717763,-0.000118893393
211,N,2013,10113,9863.554018,3082,3085.12169,2369,2373.710399,9154,-1.857273262,0.2593085426,-0.0002028919884
211,N,2014,10688,10313.29294,2980,2939.775557,2505,2491.798335,9863.554018,1.761697325,0.252626825,0.0001786067499
211,N,2015,11347,11029.65494,3323,3235.76695,2549,2518.357352,10313.29294,-1.047595137,0.2441855737,-0.0001015771726
211,N,2016,12213,11627.72,3177,3083.763914,2505,2487.827858,11029.65494,2.129001099,0.225558086,0.0001930251772
211,S,2011,1411745,1464481.286,118954,130924.6067,96779,106568.6453,,,,
211,S,2012,1504636,1504636,149235,149235,108913,108913,1464481.286,-167.2858783,0.07436967686,-0.0001142287579
211,S,2013,1611417,1540409.809,147400,147582.2229,111518,111666.4367,1504636,-141.977237,0.07421491755,-9.435985644e-05
211,S,2014,1841584,1585768.224,178697,160089.1391,128233,114542.8947,1540409.809,-187.8296398,0.07435871548,-0.0001219348505
211,S,2015,1736555,1580509.272,125534,110517.4288,132083,115837.4986,1585768.224,61.11783732,0.07304819004,3.854146931e-05
211,S,2016,1666309,1529150.027,66611,61880.72014,122429,113508.3185,1580509.272,268.3540958,0.07181755941,0.0001697896372
212,E,2011,42772,43683.10231,9901,10196.88417,6032,6206.321747,,,,
212,E,2012,48591,48591,11872,11872,7009,7009,43683.10231,44.89768715,0.1604510584,0.001027804455
212,E,2013,49324,49197.16181,8184,8111.787737,7582,7512.204409,48591,6.578479514,0.154600737,0.000135384732
212,E,2014,49780,49300.80092,7809,7685.984901,7707,7582.972776,49197.16181,0.626991179,0.1541343544,1.274445834e-05
212,E,2015,48486,48374.1223,6699,6594.74301,7640,7506.788147,49300.80092,-14.63348928,0.1522650344,-0.0002968205183
212,E,2016,45447,45336.93242,4193,4167.336635,7258,7176.421042,48374.1223,-28.10546774,0.1483524806,-0.0005810021228
212,N,2011,1375,1383.163222,394,394.3927651,321,320.2405732,,,,
212,N,2012,1459,1459,436,436,358,358,1383.163222,-2.163221914,0.2588270092,-0.001563967202
212,N,2013,1521,1482.487889,395,396.7858845,373,373.7594268,1459,0.4614317976,0.2561750698,0.0003162657969
212,N,2014,1571,1514.069691,405,401.3330055,369,368.0497738,1482.487889,-1.70143051,0.2482649446,-0.001147685942
212,N,2015,1645,1597.986285,462,451.8813653,372,367.1674208,1514.069691,-0.7973504469,0.2425036463,-0.000526627309
212,N,2016,1780,1697.824193,480,471.4616659,372,371.4087481,1597.986285,-0.2150094108,0.2324229887,-0.0001345502229
212,S,2011,108328,110772.1479,11752,11944.99285,4206,4276.145445,,,,
212,S,2012,116743,116743,10443,10443,4567,4567,110772.1479,94.85213021,0.04122877535,0.0008562814031
212,S,2013,128310,121868.2818,10270,9852.859353,5003,4806.092779,116743,78.51520672,0.04116814523,0.000672547448
212,S,2014,136902,125396.4777,9279,8487.115898,5460,4996.978799,121868.2818,38.05881893,0.04100311193,0.0003122947036
212,S,2015,145789,130107.7426,11039,9837.129127,5823,5165.94781,125396.4777,40.08362183,0.04119691322,0.0003196550857
212,S,2016,152025,130369.152,6431,5530.618792,6145,5265.341374,130107.7426,-3.868075339,0.0404690856,-2.972978595e-05
213,E,2011,70764,71603.72302,17074,17504.28286,8441,8624.023861,,,,
213,E,2012,81495,81495,20060,20060,10237,10237,71603.72302,68.27698329,0.1429674264,0.0009535395705
213,E,2013,86351,85875.47085,15960,15847.06427,11564,11495.39688,81495,28.80345699,0.1410564682,0.0003534383336
213,E,2014,93175,92109.03586,18854,18580.28188,12556,12386.81046,85875.47085,40.09359367,0.1442415434,0.000466880627
213,E,2015,90825,90307.14836,11130,10958.38965,12934,12755.72504,92109.03586,-4.552109414,0.1384850565,-4.942087789e-05
213,E,2016,83039,82619.91402,4386,4350.713261,12074,11995.60082,90307.14836,-42.34678085,0.1328311328,-0.0004689194778
213,N,2011,1963,1947.26701,1067,1045.179037,685,671.3557782,,,,
213,N,2012,2340,2340,1269,1269,871,871,1947.26701,-5.267009908,0.4472935635,-0.00270482162
213,N,2013,2445,2430.017514,1058,1070.41965,968,981.817235,2340,1.415098816,0.419580015,0.0006047430837
213,N,2014,2598,2586.922816,1152,1173.360366,992,1017.327958,2430.017514,0.8728935675,0.4186504633,0.0003592128709
213,N,2015,2473,2477.955831,859,874.9739214,955,988.380673,2586.922816,4.439766957,0.3820680953,0.001716234798
213,N,2016,2230,2201.954262,551,555.176511,801,835.5891536,2477.955831,4.411073818,0.3372090588,0.001780126087
213,S,2011,52209,53887.16062,4302,4546.687916,3105,3399.235361,,,,
213,S,2012,53490,53490,2915,2915,3329,3329,53887.16062,16.83937654,0.06177723898,0.000312493298
213,S,2013,59836,57482.14883,7392,7328.934088,3347,3342.702858,53490,5.917600586,0.06249210802,0.0001106300353
213,S,2014,67634,60151.02501,6598,6100.205705,3824,3448.471405,57482.14883,17.14188289,0.05999204058,0.000298212284
213,S,2015,67477,62146.2788,6029,5474.920937,3948,3502.408451,60151.02501,22.74129962,0.05822691218,0.0003780700265
213,S,2016,68758,63424.49525,5158,4784.781964,3795,3521.784162,62146.2788,15.21865378,0.05666926855,0.0002448843932
22,E,2011,496907,498886.3593,54544,55061.67158,37286,37710.61177,,,,
22,E,2012,522083,522083,61956,61956,38796,38796,498886.3593,36.64066991,0.07776520499,7.344492233e-05
22,E,2013,542758,542881.8032,60822,60758.63991,40041,39982.18213,522083,22.34544659,0.07658204181,4.28005635e-05
22,E,2014,564236,563770.068,62090,61968.167,41238,41088.39362,542881.8032,8.491434505,0.07568570798,1.564140565e-05
22,E,2015,576845,585913.0242,63941,64540.95674,42210,42413.51934,563770.068,15.51878775,0.07523194604,2.752680327e-05
22,E,2016,597789,608335.9483,64757,66223.80583,43149,43823.32064,585913.0242,22.43893708,0.07479492489,3.829738571e-05
22,N,2011,9136,8973.254686,4802,4679.361842,4348,4235.730703,,,,
22,N,2012,9814,9814,5475,5475,4623,4623,8973.254686,-11.25468562,0.5151976804,-0.001254247875
22,N,2013,10533,10573.22044,5745,5845.557278,4984,5076.73847,9814,-9.598363552,0.5172955441,-0.0009780276699
22,N,2014,11717,11893.1894,6723,6941.016048,5420,5611.019004,10573.22044,-10.02808848,0.5306821165,-0.0009484422017
22,N,2015,13170,13540.81336,7643,8029.221708,6032,6364.963186,11893.1894,-16.6345607,0.5351771482,-0.001398662725
22,N,2016,15097,15683.375,8893,9474.898817,6824,7316.370608,13540.81336,-15.966574,0.5403198768,-0.001179144382
22,S,2011,1473949,1505637.37,49261,51603.4545,31980,33377.57752,,,,
22,S,2012,1531824,1531824,60117,60117,33973,33973,1505637.37,42.62981805,0.02256386609,2.831346969e-05
22,S,2013,1573305,1552678.538,55977,55346.69414,34991,34572.26816,1531824,80.11222146,0.0225693475,5.229858095e-05
22,S,2014,1653354,1586942.409,71312,69438.1556,36313,35260.76062,1552678.538,86.47539289,0.02270963355,5.569433129e-05
22,S,2015,1695052,1629683.132,82696,78862.70185,37902,36226.12932,1586942.409,104.1512543,0.02282762697,6.563014114e-05
22,S,2016,1786130,1680157.83,91928,87877.60237,39262,37406.01948,1629683.132,3.115121138,0.0229529402,1.911488851e-06
23,E,2011,179321,183175.7609,28403,29212.9765,30080,30941.77982,,,,
23,E,2012,184869,184869,32600,32600,30935,30935,183175.7609,28.23911772,0.168881515,0.0001541640531
23,E,2013,190925,190567.3604,37698,37350.92333,31997,31709.5573,184869,56.9944098,0.1715244703,0.0003082961979
23,E,2014,197722,195796.0392,38539,37873.53065,33278,32728.78361,190567.3604,83.93176443,0.17174391,0.0004404309544
23,E,2015,205409,204026.7437,43100,42142.17185,34730,33983.15702,195796.0392,71.6895985,0.1735640677,0.0003661442733
23,E,2016,212133,209852.8549,42072,41156.02439,36122,35386.66714,204026.7437,56.75400715,0.173441317,0.0002781694504
23,N,2011,6403,6396.43848,2132,2093.328018,1964,1942.650044,,,,
23,N,2012,6934,6934,2785,2785,2240,2240,6396.43848,-7.438480472,0.350194879,-0.001162909718
23,N,2013,7554,7466.175981,3107,3152.402236,2579,2613.081912,6934,-7.144343485,0.3768505786,-0.001030335086
23,N,2014,7812,7730.21151,3039,3104.96486,2775,2839.860648,7466.175981,-1.068682563,0.380363476,-0.0001431365354
23,N,2015,8267,8280.785712,3453,3561.059459,2903,3008.069802,7730.21151,-2.415455732,0.3891316296,-0.0003124695526
23,N,2016,8719,8697.374321,3436,3573.340727,3005,3159.563185,8280.785712,2.811068427,0.38155355,0.0003394688047
23,S,2011,85479,87072.76629,2069,2156.3485,2200,2274.29792,,,,
23,S,2012,86059,86059,1255,1255,2258,2258,87072.76629,-10.76629232,0.02593233334,-0.0001236470688
23,S,2013,87374,84907.59225,1106,1089.632922,2276,2232.008724,86059,-9.031949806,0.02593579665,-0.0001049506711
23,S,2014,89178,84439.00626,1816,1745.694175,2319,2209.931386,84907.59225,-4.348773128,0.02602748856,-5.121771814e-05
23,S,2015,89639,83716.16701,1567,1472.13072,2348,2192.349997,84439.00626,-2.61997208,0.02596371149,-3.102798334e-05
23,S,2016,91371,83773.79715,2412,2245.253397,2365,2184.080722,83716.16701,-3.542539229,0.02608911515,-4.231607054e-05
311FT,E,2011,147771,149705.923,16577,16857.21427,14537,14782.16691,,,,
311FT,E,2012,153176,153176,18567,18567,15049,15049,149705.923,-47.92300136,0.1005237448,-0.000320114264
311FT,E,2013,156596,156501.4981,18797,18724.68754,15481,15421.1992,153176,22.00973972,0.100676341,0.0001436892184
311FT,E,2014,161525,160556.8042,20048,19864.14519,15997,15841.18157,156501.4981,32.34248893,0.1012206386,0.0002066592929
311FT,E,2015,166067,166040.1514,22028,21862.23149,16548,16414.45063,160556.8042,35.56639984,0.1022345376,0.0002215191067
311FT,E,2016,172439,172069.8358,23181,23129.90143,17209,17133.83752,166040.1514,33.62047718,0.1031909292,0.000202484019
311FT,N,2011,23011,23247.60722,5571,5632.927259,4860,4898.27911,,,,
311FT,N,2012,24126,24126,5962,5962,5076,5076,23247.60722,-7.607217291,0.2183450517,-0.0003272258181
311FT,N,2013,26028,25278.05682,6524,6505.365131,5362,5347.129534,24126,-6.17878127,0.2216334881,-0.0002561046701
311FT,N,2014,27387,26312.08551,6783,6697.011338,5729,5654.74906,25278.05682,-8.233578603,0.223701889,-0.0003257203931
311FT,N,2015,28234,27422.66854,7229,7121.907934,6107,6003.171874,26312.08551,-8.153037428,0.2281526438,-0.0003098590351
311FT,N,2016,30186,28935.92729,7971,7995.754511,6460,6470.069553,27422.66854,-12.4262022,0.2359387287,-0.0004531361412
311FT,S,2011,125201,126786.0721,3466,3555.8957,3838,3936.894107,,,,
311FT,S,2012,126478,126478,3680,3680,3926,3926,126786.0721,-62.07213098,0.0309655464,-0.0004895816231
311FT,S,2013,132124,127165.3849,4722,4618.569436,4024,3932.417115,126478,1.232555738,0.03109170856,9.745218442e-06
311FT,S,2014,136476,128664.6015,5770,5467.205498,4189,3967.588019,127165.3849,-0.4008757281,0.03120022027,-3.152396609e-06
311FT,S,2015,140365,130190.0072,5958,5537.948347,4322,4014.26983,128664.6015,1.727162914,0.03119948909,1.342376143e-05
311FT,S,2016,143413,132357.0956,6751,6236.378936,4414,4071.570415,130190.0072,2.27991362,0.03127406245,1.751220136e-05
313TT,E,2011,16342,16491.93837,1117,1126.128968,1886,1904.806337,,,,
313TT,E,2012,15921,15921,1270,1270,1832,1832,16491.93837,-8.938374123,0.1110845771,-0.0005419844484
313TT,E,2013,15354,15411.99471,1266,1267.526236,1777,1772.529231,15921,-4.00229831,0.1113327826,-0.0002513848571
313TT,E,2014,15129,15159.02034,1482,1477.768992,1739,1728.214545,15411.99471,-2.528808508,0.1121343848,-0.0001640805461
313TT,E,2015,14642,14773.66245,1315,1315.842807,1698,1694.869088,15159.02034,-6.33161523,0.1118059775,-0.0004176797106
313TT,E,2016,14335,14415.78081,1293,1304.205681,1650,1655.103676,14773.66245,-6.983647639,0.1120306953,-0.0004727093003
313TT,N,2011,2372,2396.261023,575,580.7242424,500,504.7892629,,,,
313TT,N,2012,2505,2505,638,638,528,528,2396.261023,-1.261022613,0.2203432744,-0.0005262459313
313TT,N,2013,2693,2615.903822,672,669.6151515,560,560.021258,2505,1.309928503,0.2235613804,0.0005229255503
313TT,N,2014,2816,2707.166346,686,675.2151515,591,585.0667372,2615.903822,1.114110095,0.2236575872,0.0004258987222
313TT,N,2015,2851,2765.31627,673,658.0636364,611,600.303879,2707.166346,0.3901660307,0.2217462107,0.0001441234046
313TT,N,2016,2983,2846.233492,697,689.4818182,613,610.6306914,2765.31627,2.066095527,0.2208176685,0.0007471461945
313TT,S,2011,22870,23158.44203,133,135.9030837,700,719.2353814,,,,
313TT,S,2012,22649,22649,207,207,703,703,23158.44203,-13.44203192,0.03035610077,-0.0005804376607
313TT,S,2013,23174,22320.65579,371,361.1806167,705,690.3716567,22649,0.8468343621,0.0304813306,3.73894813e-05
313TT,S,2014,23318,21995.26301,376,355.6872247,717,681.3503516,22320.65579,0.2703400148,0.03052555256,1.211165197e-05
313TT,S,2015,23300,21618.13211,316,293.4757709,719,670.5255273,21995.26301,-0.08114297131,0.03048499702,-3.689111209e-06
313TT,S,2016,22919,21144.87207,202,186.3303965,711,657.022184,21618.13211,-2.568252424,0.03039218101,-0.0001188008479
315AL,E,2011,5019,5065.48826,380,379.171074,635,639.0289811,,,,
315AL,E,2012,4877,4877,439,439,620,620,5065.48826,-7.488259727,0.1223968882,-0.00147828982
315AL,E,2013,4807,4819.418222,560,563.4336156,620,614.0389283,4877,-6.976464906,0.1259050499,-0.00143048286
315AL,E,2014,4577,4592.036805,374,381.3175701,606,601.0295385,4819.418222,-7.669448589,0.1247099776,-0.001591363985
315AL,E,2015,4315,4396.135579,366,382.9142618,576,574.8334111,4592.036805,-3.982077117,0.1251804886,-0.000867170122
315AL,E,2016,4135,4249.898313,371,404.7657572,545,549.748875,4396.135579,-1.254147976,0.1250527572,-0.0002852841896
315AL,N,2011,2313,2341.639321,545,552.5173407,444,451.2398312,,,,
315AL,N,2012,2456,2456,599,599,483,483,2341.639321,-1.639321245,0.2062657539,-0.0007000741874
315AL,N,2013,2691,2612.939727,687,683.2629289,530,526.4468225,2456,0.1236203913,0.2143513121,5.033403555e-05
315AL,N,2014,2791,2677.168898,636,621.7811275,569,556.6334249,2612.939727,-0.9185316847,0.2130295694,-0.0003515319069
315AL,N,2015,2828,2737.350767,647,627.5340074,583,566.2482643,2677.168898,-1.103874165,0.2115101011,-0.0004123289218
315AL,N,2016,2975,2835.439695,692,683.8808824,593,584.5401517,2737.350767,-1.2518019,0.2135422902,-0.0004573041626
315AL,S,2011,10994,11137.99958,40,41.46825397,322,331.0397599,,,,
315AL,S,2012,10862,10862,52,52,322,322,11137.99958,-5.99957559,0.02891003881,-0.0005386582706
315AL,S,2013,10990,10609.51687,62,61.50793651,320,313.9811129,10862,-0.009954130967,0.02890638123,-9.164178758e-07
315AL,S,2014,10964,10356.47614,56,53.92857143,321,305.8445788,10609.51687,-1.12472113,0.02882738041,-0.0001060105888
315AL,S,2015,10892,10114.82388,61,56.54761905,320,299.6112705,10356.47614,1.411390901,0.02892984702,0.0001362809977
315AL,S,2016,10712,9865.988385,47,43.91269841,315,292.3817131,10114.82388,-0.3664811124,0.02890625843,-3.623208043e-05
321,E,2011,16128,16315.26976,1822,1857.865382,2438,2476.751267,,,,
321,E,2012,16063,16063,2167,2167,2415,2415,16315.26976,-4.269764541,0.148020844,-0.0002617035822
321,E,2013,16664,16660.33043,3062,3050.325379,2461,2451.606337,16063,-1.388608613,0.1526244374,-8.644765066e-05
321,E,2014,17890,17801.40751,3767,3733.406621,2620,2594.822629,16660.33043,2.493083774,0.1557485693,0.0001496419164
321,E,2015,18740,18750.52412,3743,3705.039536,2791,2762.510686,17801.40751,6.587756188,0.1551849585,0.0003700693996
321,E,2016,19612,19556.47349,3723,3706.134919,2920,2900.42475,18750.52412,0.2392074811,0.1546849961,1.275737572e-05
321,N,2011,555,556.0048475,154,153.0060041,164,162.8272311,,,,
321,N,2012,565,565,166,166,157,157,556.0048475,-0.00484748131,0.2823716389,-8.718415554e-06
321,N,2013,634,621.8081013,226,227.8995859,171,171.0200229,565,-0.07146169214,0.302690306,-0.000126480871
321,N,2014,707,691.4344469,268,271.8341615,199,201.4971396,621.8081013,-0.7106763071,0.3240503608,-0.001142919022
321,N,2015,767,761.9295386,297,303.5795031,230,235.8003432,691.4344469,2.715931839,0.3410306563,0.003927967215
321,N,2016,846,837.0127035,332,342.6298137,257,267.7557208,761.9295386,0.2090720269,0.3514179557,0.000274398112
321,S,2011,21039,21313.81491,216,220.8561485,652,668.9294137,,,,
321,S,2012,21035,21035,390,390,658,658,21313.81491,-10.81490525,0.0308719956,-0.0005074129291
321,S,2013,21875,21060.10655,696,681.2714617,669,653.5445993,21035,-2.620315639,0.03106938908,-0.0001245693197
321,S,2014,22269,21002.39883,628,596.4477958,691,654.4456488,21060.10655,0.2901407258,0.03107513475,1.377679287e-05
321,S,2015,22505,20883.73126,578,537.3341067,700,651.7246309,21002.39883,-4.277055047,0.03103096156,-0.0002036460254
321,S,2016,22665,20931.49356,752,697.8723898,703,650.805712,20883.73126,0.6956287848,0.03116328706,3.33096024e-05
322,E,2011,66740,67488.57659,6622,6719.201871,7353,7467.70617,,,,
322,E,2012,68296,68296,8357,8357,7513,7513,67488.57659,-36.57658856,0.1113225435,-0.0005419671063
322,E,2013,67850,67882.85588,7194,7168.000775,7602,7571.820703,68296,-9.324192893,0.1108677039,-0.0001365261932
322,E,2014,69520,69279.56966,9122,9043.719871,7725,7654.194604,67882.85588,7.188514542,0.1127559309,0.0001058958768
322,E,2015,69802,69975.76226,8552,8495.332515,7856,7799.708129,69279.56966,0.56820977,0.1125830915,8.201693123e-06
322,E,2016,70656,70589.15809,8533,8504.469487,7925,7893.304263,69975.76226,2.230608891,0.1128005471,3.187687878e-05
322,N,2011,7159,7231.220313,1725,1743.25649,1540,1555.365731,,,,
322,N,2012,7531,7531,1904,1904,1604,1604,7231.220313,-0.2203128954,0.2218159495,-3.046690405e-05
322,N,2013,8090,7854.515001,2014,2007.047848,1686,1682.083903,7531,-1.448943556,0.2233546546,-0.0001923972323
322,N,2014,8601,8268.635065,2226,2198.554555,1806,1785.527474,7854.515001,1.092982825,0.2273249811,0.0001391534454
322,N,2015,8881,8625.737717,2304,2265.682906,1940,1909.48634,8268.635065,0.9060852142,0.2309312631,0.0001095809897
322,N,2016,9478,9078.528769,2490,2487.411091,2032,2034.332571,8625.737717,-0.2874678469,0.2358444736,-3.332675492e-05
322,S,2011,37905,38386.79298,700,718.358209,1181,1210.212867,,,,
322,S,2012,37901,37901,727,727,1194,1194,38386.79298,-18.79298167,0.03110444784,-0.000489568943
322,S,2013,39062,37582.05497,889,869.4011859,1208,1181.614277,37901,-6.731937256,0.03117633512,-0.0001776189878
322,S,2014,40017,37723.32834,1388,1319.38992,1244,1179.110703,37582.05497,0.9941494251,0.03137430095,2.645276917e-05
322,S,2015,40836,37882.44504,1442,1343.009589,1272,1180.937847,37723.32834,-2.955039458,0.03130524001,-7.833453696e-05
322,S,2016,40716,37599.83918,974,902.5206297,1276,1180.136418,37882.44504,-4.990071965,0.03115259368,-0.0001317251819
323,E,2011,27082,27324.60115,2961,2996.712841,3529,3575.630347,,,,
323,E,2012,26503,26503,2672,2672,3477,3477,27324.60115,-16.60114791,0.127247969,-0.0006075531649
323,E,2013,25356,25408.98407,2269,2269.755302,3356,3356.48148,26503,-7.289747864,0.1266453413,-0.0002750536869
323,E,2014,24713,24714.40086,2557,2551.186518,3259,3247.097225,25408.98407,1.327488588,0.1277932725,5.224485104e-05
323,E,2015,23681,23846.44518,2286,2290.013077,3157,3157.975178,24714.40086,0.006427665824,0.1277787472,2.600777523e-07
323,E,2016,23284,23369.73412,2600,2618.690352,3075,3087.414681,23846.44518,-7.986727885,0.1294706468,-0.0003349232066
323,N,2011,4268,4282.662133,1369,1368.703508,1172,1168.215932,,,,
323,N,2012,4462,4462,1409,1409,1230,1230,4282.662133,0.3378668181,0.2872045381,7.889177517e-05
323,N,2013,4655,4554.730175,1353,1356.581102,1259,1263.068496,4462,-0.7824309895,0.283072276,-0.0001753543231
323,N,2014,4816,4682.751222,1415,1415.906235,1286,1288.054096,4554.730175,0.1689081335,0.2827948191,3.708411409e-05
323,N,2015,4823,4735.449632,1368,1371.622795,1314,1318.553173,4682.751222,-0.3712120758,0.2815766012,-7.927221801e-05
323,N,2016,5070,4939.331332,1544,1577.339437,1345,1371.354303,4735.449632,-2.103434413,0.2895932613,-0.0004441889527
323,S,2011,18505,18739.95726,212,218.8095238,573,587.7173913,,,,
323,S,2012,18350,18350,197,197,575,575,18739.95726,-11.9572624,0.03068310092,-0.0006380624156
323,S,2013,18723,18016.38645,241,237.4761905,577,565.0852843,18350,-6.00446097,0.03079483838,-0.0003272185815
323,S,2014,18812,17734.57171,289,276.6666667,586,554.3301481,18016.38645,-4.151257965,0.03076810934,-0.0002304156817
323,S,2015,18822,17454.89649,291,273.4761905,587,546.218108,17734.57171,-6.933299205,0.03079962218,-0.000390948218
323,S,2016,18613,17180.82488,287,268.2380952,582,538.1060678,17454.89649,-4.203632,0.03082837347,-0.0002408282399
324,E,2011,105649,107107.7839,8956,9106.620524,9769,9939.078227,,,,
324,E,2012,106499,106499,9328,9328,9875,9875,107107.7839,-61.78391097,0.09219684732,-0.000576838664
324,E,2013,114578,114506.8772,18395,18308.07275,10396,10343.63559,106499,43.44007654,0.09712425087,0.0004078918726
324,E,2014,115053,114421.252,10849,10743.36494,10939,10829.40478,114506.8772,0.4145622692,0.09457427394,3.620413719e-06
324,E,2015,114172,114253.4763,10749,10678.28118,10935,10841.05906,114421.252,-4.997811191,0.09474690122,-4.367904655e-05
324,E,2016,116443,116291.365,13027,13013.1949,11030,10989.59002,114253.4763,14.28382455,0.09618604513,0.0001250187305
324,N,2011,34694,35103.54741,7985,8114.49436,6855,6950.394582,,,,
324,N,2012,36558,36558,8666,8666,7209,7209,35103.54741,-2.547405416,0.2053638601,-7.25683187e-05
324,N,2013,40372,39191.52526,10563,10525.89085,7916,7876.696151,36558,-15.66943145,0.2154575237,-0.0004286183995
324,N,2014,41423,39701.87714,9005,8796.153349,8444,8293.554955,39191.52526,7.753478591,0.2116160292,0.0001978355917
324,N,2015,41561,40174.97241,8977,8668.227206,8450,8199.335965,39701.87714,4.204026887,0.206522627,0.000105889877
324,N,2016,43452,41296.0761,9578,9402.288289,8417,8279.808703,40174.97241,-1.375896081,0.2060936998,-3.424759242e-05
324,S,2011,61115,61923.0723,1691,1747.318104,1838,1891.659347,,,,
324,S,2012,67433,67433,7497,7497,1975,1975,61923.0723,-12.07230224,0.03189441232,-0.0001949564483
324,S,2013,74582,72062.6936,6859,6754.34063,2173,2137.090352,67433,12.44332281,0.03169205511,0.0001845286849
324,S,2014,81109,76730.52912,7267,6936.0262,2395,2279.461952,72062.6936,11.27127144,0.03163165069,0.0001564092442
324,S,2015,87050,81552.33059,7738,7230.871877,2594,2430.811634,76730.52912,21.74122665,0.03167984975,0.0002833451939
324,S,2016,90339,84085.03591,5445,5063.921395,2727,2545.75989,81552.33059,14.5438157,0.03121627392,0.0001783372173
325,E,2011,152666,154441.7217,21838,22121.34829,17912,18172.7346,,,,
325,E,2012,158929,158929,23310,23310,18750,18750,154441.7217,-72.72169516,0.121405018,-0.0004708681978
325,E,2013,162957,163075.6076,23533,23502.14755,19411,19353.03387,158929,-2.506096295,0.1217715701,-1.576865327e-05
325,E,2014,170415,169901.1116,27026,26904.61208,20227,20100.30284,163075.6076,21.194793,0.1232575683,0.0001299691187
325,E,2015,181710,182438.8728,33955,33883.70648,21465,21386.56897,169901.1116,40.62363705,0.1258765688,0.0002391016554
325,E,2016,193320,193809.9472,34262,34305.36717,22966,22977.41598,182438.8728,43.12326065,0.125945834,0.0002363710102
325,N,2011,456536,463042.6602,66791,68332.94942,52455,53656.66759,,,,
325,N,2012,476805,476805,69173,69173,55402,55402,463042.6602,-8.660242481,0.1196477231,-1.870290413e-05
325,N,2013,510044,493167.4193,74466,73644.01226,57912,57277.31497,476805,-4.277945932,0.1201273371,-8.972107952e-06
325,N,2014,537873,512817.162,81854,79256.17146,61543,59597.59132,493167.4193,-8.837461937,0.1208465705,-1.791980084e-05
325,N,2015,555316,534356.1382,88011,84063.94161,65473,62506.59919,512817.162,-18.36627127,0.1218886649,-3.581446299e-05
325,N,2016,589064,556382.2276,90403,87728.63696,67682,65686.09909,534356.1382,-16.44845316,0.1229256939,-3.078181756e-05
325,S,2011,145886,147776.8688,2796,2866.023727,4442,4555.925973,,,,
325,S,2012,146946,146946,3765,3765,4518,4518,147776.8688,-77.86876353,0.03057312039,-0.0005269347238
325,S,2013,151895,146286.8178,3933,3845.679121,4598,4498.513566,146946,-6.347784052,0.03061337883,-4.319807312e-05
325,S,2014,157360,148430.8335,7031,6659.903857,4773,4523.110857,146286.8178,7.222730082,0.03091946989,4.937375898e-05
325,S,2015,163320,151570.9989,8325,7737.116688,4958,4608.793533,148430.8335,11.84227314,0.03105010882,7.978310747e-05
325,S,2016,166687,153862.0997,7556,6978.330742,5086,4697.079363,151570.9989,9.849419095,0.03098930136,6.498221404e-05
326,E,2011,50848,51367.46559,6409,6493.910023,6757,6856.655003,,,,
326,E,2012,51295,51295,6781,6781,6826,6826,51367.46559,-27.46558588,0.1328856684,-0.000534688359
326,E,2013,51824,51968.88959,7546,7540.641644,6879,6869.576398,51295,2.824346485,0.1339229242,5.506085359e-05
326,E,2014,53911,53963.11459,9062,9023.222139,7071,7036.292757,51968.88959,7.295617477,0.1353943256,0.0001403843248
326,E,2015,55145,55561.05937,8846,8848.83105,7258,7252.145504,53963.11459,1.259229544,0.1343907882,2.333500491e-05
326,E,2016,58132,58376.54203,10287,10335.91157,7500,7520.098393,55561.05937,-0.3305114529,0.1353483623,-5.94861683e-06
326,N,2011,11704,11833.4633,2757,2793.343412,2407,2434.305223,,,,
326,N,2012,12252,12252,2937,2937,2517,2517,11833.4633,-1.463304701,0.2127018891,-0.000123658194
326,N,2013,13170,12782.90313,3183,3168.62743,2648,2637.565111,12252,-0.1591938761,0.2152762905,-1.29932971e-05
326,N,2014,13791,13233.78681,3273,3218.327145,2812,2767.812721,12782.90313,0.3692559241,0.2165245793,2.888670284e-05
326,N,2015,14022,13587.58902,3306,3225.196235,2940,2872.693055,13233.78681,1.299030873,0.2170726412,9.816017833e-05
326,N,2016,14820,14144.01673,3581,3552.799413,3018,2995.80912,13587.58902,-0.5625843592,0.2204812874,-4.14042814e-05
326,S,2011,30307,30696.07442,685,702.5171299,937,959.0060241,,,,
326,S,2012,30334,30334,606,606,950,950,30696.07442,-18.07442174,0.03094858277,-0.0005888186707
326,S,2013,31850,30645.24549,1291,1261.17841,972,949.1611066,30334,-0.7718133277,0.03129033779,-2.544383621e-05
326,S,2014,33092,31195.36816,1597,1510.088559,1019,963.5707452,30645.24549,3.604856669,0.03144274845,0.0001176318418
326,S,2015,33839,31385.54872,1258,1168.46671,1051,975.296826,31195.36816,-2.989319931,0.03126415502,-9.582576219e-05
326,S,2016,35027,32340.95343,2106,1944.422754,1078,993.5428099,31385.54872,4.524762475,0.03165605988,0.000144167066
327,E,2011,42025,42753.31973,3299,3377.043017,4772,4886.609771,,,,
327,E,2012,41400,41400,3404,3404,4724,4724,42753.31973,-33.31973288,0.1104943436,-0.0007793484363
327,E,2013,40442,40405.22558,3635,3608.911046,4631,4595.272961,41400,-8.412508146,0.1109969314,-0.0002032006798
327,E,2014,40907,40627.57961,4859,4794.865399,4641,4576.259468,40405.22558,3.748105203,0.1132590996,9.276288276e-05
327,E,2015,41381,41333.59439,5434,5366.075466,4733,4666.000621,40627.57961,5.939928659,0.1148481072,0.0001462043448
327,E,2016,43014,42864.80021,6398,6353.140054,4896,4840.813996,41333.59439,18.87976073,0.117115728,0.0004567655199
327,N,2011,15603,15818.54138,3310,3383.607926,2757,2815.142104,,,,
327,N,2012,16386,16386,3491,3491,2923,2923,15818.54138,-0.5413799995,0.184783156,-3.422439443e-05
327,N,2013,17609,17032.24104,3725,3686.139508,3070,3040.773771,16386,0.8752998157,0.1855714495,5.341754032e-05
327,N,2014,18388,17540.56746,3774,3659.459047,3249,3150.246086,17032.24104,-0.886540565,0.184957815,-5.205072915e-05
327,N,2015,18651,17956.69267,3829,3660.505274,3394,3243.3222,17540.56746,-1.05785892,0.1849040636,-6.030927578e-05
327,N,2016,19608,18531.35318,4041,3922.731759,3446,3346.237266,17956.69267,-1.833985607,0.1863504225,-0.0001021338194
327,S,2011,32362,32772.86679,556,569.9512953,999,1026.73375,,,,
327,S,2012,32465,32465,721,721,1013,1013,32772.86679,-15.86678644,0.03090971585,-0.0004841439884
327,S,2013,33617,32352.03681,920,900.2487047,1032,1008.902046,32465,-4.309844829,0.031076607,-0.0001327535755
327,S,2014,34458,32480.17563,1203,1141.926425,1066,1009.903933,32352.03681,-3.883676726,0.03121608506,-0.0001200442726
327,S,2015,35386,32822.88024,1464,1362.73057,1095,1017.957164,32480.17563,-2.068798956,0.03134087621,-6.369420473e-05
327,S,2016,35963,33192.92757,1516,1405.072539,1113,1029.796382,32822.88024,-5.228825948,0.03137434541,-0.0001593042996
331,E,2011,90073,91306.28183,7952,8083.888071,6806,6931.122398,,,,
331,E,2012,92953,92953,8734,8734,7052,7052,91306.28183,-35.28183039,0.0772345545,-0.0003864118621
331,E,2013,93887,93854.54083,8083,8058.979863,7182,7164.597285,92953,7.158253091,0.0770776337,7.700938206e-05
331,E,2014,93892,93599.39936,6990,6935.347717,7252,7192.855561,93854.54083,2.366373339,0.07663833307,2.521320032e-05
331,E,2015,92549,92960.2163,6531,6508.622818,7167,7146.137188,93599.39936,-1.668686111,0.07634810946,-1.782795747e-05
331,E,2016,92884,93142.62117,7305,7304.783974,7115,7125.512926,92960.2163,3.13382165,0.07665120855,3.371142812e-05
331,N,2011,11932,12081.05594,2688,2733.631422,2246,2283.849409,,,,
331,N,2012,12545,12545,2851,2851,2386,2386,12081.05594,-1.055944341,0.1974992924,-8.74049707e-05
331,N,2013,13483,13062.95745,3038,3012.413537,2514,2494.912085,12545,0.4560018924,0.1988770095,3.634929393e-05
331,N,2014,14025,13408.64872,3003,2923.687543,2643,2576.017186,13062.95745,-1.979091352,0.1972001513,-0.00015150408
331,N,2015,14179,13678.45433,3012,2895.469727,2726,2624.409721,13408.64872,-1.254399382,0.1957251455,-9.355151349e-05
331,N,2016,14910,14136.80751,3230,3157.370928,2761,2699.227483,13678.45433,0.209741558,0.1973342469,1.533371776e-05
331,S,2011,65016,65829.85942,1207,1236.141471,2003,2052.221952,,,,
331,S,2012,64908,64908,1141,1141,2027,2027,65829.85942,-35.8594209,0.03079149823,-0.0005447288087
331,S,2013,66869,64369.94742,1503,1469.243616,2050,2003.679733,64908,-3.61645831,0.03086953431,-5.571668069e-05
331,S,2014,67384,63535.90666,1221,1157.460747,2094,1982.987161,64369.94742,-8.514347921,0.03080610192,-0.0001322720969
331,S,2015,67366,62501.31154,995,923.7370495,2104,1954.263019,63535.90666,-4.069154539,0.03075840296,-6.404495902e-05
331,S,2016,66748,61622.32105,1137,1049.262805,2085,1923.736913,62501.31154,-4.516375175,0.03077914472,-7.226048643e-05
332,E,2011,95111,96446.95894,10742,10945.74131,8665,8824.333815,,,,
332,E,2012,100647,100647,13394,13394,9163,9163,96446.95894,-30.95893765,0.09500558754,-0.0003209944408
332,E,2013,103686,103728.574,12617,12601.4899,9554,9531.54085,100647,11.62495394,0.09470268215,0.0001155022399
332,E,2014,106788,106579.3741,12740,12650.52861,9888,9807.397568,103728.574,7.669071884,0.09454865896,7.393403368e-05
332,E,2015,108025,108624.1161,12069,12045.66954,10041,10004.66504,106579.3741,3.737510634,0.09387055538,3.506786059e-05
332,E,2016,110400,111001.774,12517,12551.2996,10175,10186.84306,108624.1161,13.20135695,0.09378067622,0.0001215324683
332,N,2011,17456,17659.24245,4122,4182.113007,3432,3481.487286,,,,
332,N,2012,18415,18415,4431,4431,3673,3673,17659.24245,-2.242452459,0.2079930671,-0.0001269846351
332,N,2013,19737,19140.91646,4611,4581.799824,3875,3853.429865,18415,-2.453499881,0.2092549479,-0.0001332337704
332,N,2014,20512,19648.63587,4578,4476.623321,4052,3970.288655,19140.91646,1.384743232,0.2074241671,7.234466723e-05
332,N,2015,20688,19991.82176,4522,4368.897285,4155,4026.867625,19648.63587,1.15622972,0.2049438776,5.884529228e-05
332,N,2016,21653,20571.32557,4768,4676.898189,4167,4093.97057,19991.82176,-3.423811377,0.2047822664,-0.0001712605994
332,S,2011,55088,55790.38069,1172,1202.547418,1683,1726.51794,,,,
332,S,2012,55404,55404,1355,1355,1713,1713,55790.38069,-28.38069302,0.0307042178,-0.0005087022649
332,S,2013,57926,55769.3422,2127,2081.338199,1752,1714.894312,55404,-1.101685054,0.03095253613,-1.988457609e-05
332,S,2014,59204,55832.5182,1884,1785.932201,1816,1721.239367,55769.3422,-1.516835811,0.03086354077,-2.719838089e-05
332,S,2015,60016,55680.45483,1688,1570.154387,1850,1720.332045,55832.5182,-1.885711608,0.03081236707,-3.377443234e-05
332,S,2016,60590,55920.95944,2128,1968.154367,1865,1723.930976,55680.45483,-3.718779417,0.03096115111,-6.678787787e-05
333,E,2011,95233,96507.68754,12373,12567.27104,8460,8600.109566,,,,
333,E,2012,98889,98889,11365,11365,8958,8958,96507.68754,-25.68753648,0.09282162104,-0.0002661708838
333,E,2013,101457,101402.509,11768,11732.70859,9263,9230.787575,98889,11.58795006,0.09334493801,0.0001171813858
333,E,2014,103036,102719.0909,10843,10748.15769,9529,9450.119353,101402.509,18.54358895,0.0931941374,0.0001828711059
333,E,2015,102526,102913.0411,9761,9720.792768,9573,9532.455898,102719.0909,5.613376978,0.09280120974,5.46478452e-05
333,E,2016,102080,102295.6666,8880,8885.37183,9518,9512.106753,102913.0411,9.360355255,0.09242858483,9.09540244e-05
333,N,2011,49378,49958.2669,11900,12074.81499,9649,9796.19066,,,,
333,N,2012,51786,51786,12136,12136,10307,10307,49958.2669,-1.266895661,0.206312201,-2.535907948e-05
333,N,2013,55526,53851.78174,12885,12794.13018,10796,10727.77311,51786,-0.5753243271,0.2071558552,-1.110964985e-05
333,N,2014,57556,55118.57838,12599,12297.70813,11280,11032.68092,53851.78174,1.769432449,0.204871233,3.285745414e-05
333,N,2015,57904,55927.95248,12400,11943.68017,11523,11138.08303,55118.57838,3.77696575,0.202074933,6.852436802e-05
333,N,2016,60278,57202.90834,12805,12501.91243,11462,11228.68317,55927.95248,1.726601414,0.2007705033,3.087188673e-05
333,S,2011,66328,67203.31404,1807,1851.023023,1986,2037.288785,,,,
333,S,2012,66915,66915,1778,1778,2031,2031,67203.31404,-35.3140373,0.03022172387,-0.0005254805929
333,S,2013,69637,67095.94633,2265,2208.071026,2076,2031.022795,66915,3.898093915,0.03035227968,5.825441105e-05
333,S,2014,71114,67101.2179,2154,2033.968399,2149,2034.650605,67095.94633,5.953780344,0.03032449375,8.873532113e-05
333,S,2015,72201,67009.77366,2094,1942.167499,2190,2035.061155,67101.2179,1.44941954,0.03032822978,2.160049527e-05
333,S,2016,72325,66725.86082,1894,1744.986271,2200,2029.675025,67009.77366,0.7759076792,0.03028923864,1.157902253e-05
334,E,2011,140617,141307.3137,25540,25571.62693,19215,19340.44582,,,,
334,E,2012,143780,143780,22477,22477,19926,19926,141307.3137,-78.31372281,0.1410118095,-0.0005542085597
334,E,2013,144194,145332.7752,21571,21726.78225,20110,20145.95593,143780,-28.05109054,0.1401165387,-0.0001950973052
334,E,2014,143064,145104.2998,19548,19969.69631,20038,20156.67127,145332.7752,-41.50045347,0.1386932248,-0.0002855546755
334,E,2015,142372,147094.2655,21238,22264.48818,19859,20219.2251,145104.2998,-55.29736233,0.1393427012,-0.0003810870002
334,E,2016,138135,143887.7295,15678,16919.14878,19430,20068.34978,147094.2655,-57.33507144,0.1364318977,-0.0003897845455
334,N,2011,207250,209652.8218,74498,75909.24529,68409,69719.27852,,,,
334,N,2012,213372,213372,74822,74822,71103,71103,209652.8218,0.178232573,0.3391464012,8.501320014e-07
334,N,2013,223328,216790.7419,75794,75029.58219,72305,71603.96105,213372,-6.879252368,0.3355827431,-3.224065186e-05
334,N,2014,231974,222246.9154,80318,77863.55493,74530,72406.2584,216790.7419,-1.123065404,0.3339914692,-5.180412201e-06
334,N,2015,232502,224557.9049,79151,75622.73168,76576,73305.31996,222246.9154,-6.422149548,0.3298372886,-2.889646201e-05
334,N,2016,241262,228827.9262,81712,79061.78562,77074,74793.90269,224557.9049,2.138365182,0.3330717871,9.52255581e-06
334,S,2011,143810,145669.0008,4308,4415.364571,4326,4437.649784,,,,
334,S,2012,146441,146441,5292,5292,4453,4453,145669.0008,-67.00077352,0.03056930422,-0.0004599521735
334,S,2013,154339,148687.4953,6894,6741.025558,4602,4501.642854,146441,7.112576542,0.03074031763,4.856957097e-05
334,S,2014,157836,148913.9901,5032,4768.210514,4791,4542.219856,148687.4953,0.5041887452,0.03054876839,3.390929037e-06
334,S,2015,159533,148069.3336,3976,3695.036573,4878,4535.043944,148913.9901,-4.649132351,0.0304541161,-3.122025235e-05
334,S,2016,158195,145980.6458,2610,2411.056784,4862,4488.927405,148069.3336,-10.81716964,0.03031638824,-7.305476004e-05
335,E,2011,21810,22014.26169,2527,2555.163375,2832,2870.845347,,,,
335,E,2012,22219,22219,3029,3029,2813,2813,22014.26169,-11.26168562,0.1277808014,-0.0005115631756
335,E,2013,22422,22426.95396,3008,2999.384575,2796,2793.490928,22219,2.060317159,0.1257253219,9.272771767e-05
335,E,2014,22835,22795.79021,3180,3156.323091,2806,2792.104686,22426.95396,4.617843511,0.1244977223,0.0002059059611
335,E,2015,23213,23406.92843,3447,3434.013981,2836,2829.308938,22795.79021,6.433170158,0.1241154139,0.0002822086928
335,E,2016,23024,23170.21053,2601,2599.750096,2835,2839.047937,23406.92843,2.579944738,0.1212909223,0.0001102214136
335,N,2011,18845,19084.24505,4174,4254.161779,3578,3641.794243,,,,
335,N,2012,19764,19764,4442,4442,3762,3762,19084.24505,-0.2450536926,0.1971259533,-1.284062806e-05
335,N,2013,21163,20501.16194,4682,4642.17253,3936,3905.126629,19764,0.1160430952,0.1975878683,5.871437724e-06
335,N,2014,22035,21068.70495,4722,4598.685217,4136,4032.169105,20501.16194,1.02689904,0.196680028,5.008979698e-05
335,N,2015,22336,21550.78478,4805,4625.289749,4303,4142.746977,21068.70495,-0.4629470314,0.196630357,-2.197320777e-05
335,N,2016,23268,22047.53923,4846,4717.392519,4323,4224.245157,21550.78478,3.607090341,0.1960135188,0.0001673762871
335,S,2011,27446,27804.93004,489,500.8107607,802,822.2098212,,,,
335,S,2012,27472,27472,496,496,815,815,27804.93004,-13.93003982,0.0293113487,-0.0005009917235
335,S,2013,28161,27172.64026,520,509.6363636,823,806.0029101,27472,-2.99318997,0.02933906924,-0.0001089542068
335,S,2014,28535,26951.0426,611,581.1539889,842,797.8051009,27172.64026,-4.946550914,0.02936060291,-0.0001820416002
335,S,2015,28821,26763.71625,653,608.7736549,853,792.4122681,26951.0426,-3.687738752,0.02940191516,-0.0001368310238
335,S,2016,28775,26522.20533,594,551.6567718,853,787.0042487,26763.71625,-6.163441444,0.02940564163,-0.0002302909427
3361MV,E,2011,99140,100302.5956,16086,16373.3082,13862,14103.30917,,,,
3361MV,E,2012,106235,106235,20614,20614,14683,14683,100302.5956,1.404414421,0.1463870393,1.400177546e-05
3361MV,E,2013,114097,113925.225,23395,23314.69152,15727,15672.96627,106235,48.4997241,0.1475310987,0.0004565324431
3361MV,E,2014,122600,122040.1199,25148,24887.51703,17004,16831.21819,113925.225,58.5960528,0.1477391701,0.0005143378283
3361MV,E,2015,127480,127771.027,23680,23536.71449,17958,17849.86578,122040.1199,44.05838577,0.1462622767,0.0003610155891
3361MV,E,2016,127720,127862.7942,18417,18371.09495,18340,18289.08866,127771.027,9.760968545,0.1431395606,7.639422471e-05
3361MV,N,2011,42121,42661.27606,15059,15376.88182,15797,16137.41736,,,,
3361MV,N,2012,44172,44172,17833,17833,16320,16320,42661.27606,-2.27605783,0.3825483321,-5.335184599e-05
3361MV,N,2013,47758,46266.07126,19340,19156.10316,17229,17056.58916,44172,-5.442740643,0.3861402961,-0.0001232169846
3361MV,N,2014,51141,48924.11618,21279,20667.30103,18545,18004.81772,46266.07126,-4.438391533,0.3891581289,-9.593188728e-05
3361MV,N,2015,52750,50926.87943,21846,20905.22097,19746,18899.54584,48924.11618,-2.911873427,0.3863032655,-5.951816107e-05
3361MV,N,2016,57724,54728.36841,24502,23748.88332,20540,19952.87848,50926.87943,5.484137859,0.3917946417,0.000107686509
3361MV,S,2011,52092,52759.37096,1884,1929.758073,1595,1634.550224,,,,
3361MV,S,2012,54930,54930,3864,3864,1676,1676,52759.37096,-17.37095514,0.03176686851,-0.000329248716
3361MV,S,2013,58723,56506.25665,3381,3305.674618,1776,1735.478939,54930,6.06096981,0.03159437355,0.0001103398837
3361MV,S,2014,60930,57436.55821,2854,2701.025492,1875,1775.128732,56506.25665,4.404804203,0.03141472887,7.795250411e-05
3361MV,S,2015,63454,58851.58794,3470,3222.917968,1951,1813.85546,57436.55821,5.967214372,0.03158015585,0.0001038922693
3361MV,S,2016,64414,59466.98957,2663,2459.512619,1998,1846.298376,58851.58794,2.187390577,0.03137210806,3.716791091e-05
3364OT,E,2011,40095,40530.67471,6261,6357.638678,4916,4991.117739,,,,
3364OT,E,2012,41206,41206,5810,5810,5130,5130,40530.67471,-4.674712445,0.1265708019,-0.0001153376419
3364OT,E,2013,42342,42146.28981,6207,6164.200502,5260,5237.843887,41206,13.93319771,0.1271136215,0.0003381351674
3364OT,E,2014,43563,43092.49183,6392,6281.560146,5418,5350.714919,42146.28981,15.35679265,0.1269557758,0.0003643687907
3364OT,E,2015,44256,43977.82171,6443,6317.897356,5522,5453.629778,43092.49183,21.06229933,0.1265563802,0.0004887695846
3364OT,E,2016,44975,44469.67364,6127,6001.924274,5590,5530.139499,43977.82171,20.06715388,0.1257483723,0.000456301679
3364OT,N,2011,61204,61967.24788,13472,13704.83426,15940,16251.05001,,,,
3364OT,N,2012,59498,59498,13273,13273,15741,15741,61967.24788,-1.247879074,0.2540212861,-2.01377198e-05
3364OT,N,2013,61832,59991.30311,16212,16067.08908,15718,15572.04339,59498,-1.742577952,0.2617238124,-2.928800887e-05
3364OT,N,2014,62627,60009.21882,16108,15675.33307,16089,15657.62188,59991.30311,0.2045159495,0.2609981959,3.409093301e-06
3364OT,N,2015,63165,61026.27226,17487,16764.09819,16392,15744.77663,60009.21882,-2.268117246,0.2623726311,-3.779614683e-05
3364OT,N,2016,67244,63834.6089,19521,18949.03112,16575,16136.85009,61026.27226,-3.844386625,0.2644246403,-6.299559981e-05
3364OT,S,2011,54436,55131.53927,1528,1562.360292,1673,1715.215426,,,,
3364OT,S,2012,54736,54736,1335,1335,1706,1706,55131.53927,-24.53927025,0.03094417501,-0.000445104029
3364OT,S,2013,56767,54601.04253,1602,1567.136889,1737,1696.014724,54736,-6.079631757,0.03098536108,-0.0001110719044
3364OT,S,2014,57796,54431.36773,1612,1528.071828,1788,1691.17574,54601.04253,-6.570887998,0.03097332324,-0.0001203436362
3364OT,S,2015,58918,54569.59572,1973,1832.477908,1821,1690.043679,54431.36773,-4.20624068,0.0310490761,-7.727604238e-05
3364OT,S,2016,59587,54853.87351,2155,1985.048852,1840,1695.510309,54569.59572,-5.260753681,0.03107060418,-9.640448333e-05
337,E,2011,8794,8883.094812,961,970.9167872,1264,1277.838959,,,,
337,E,2012,8832,8832,1215,1215,1262,1262,8883.094812,-4.094811854,0.1420676044,-0.0004609668073
337,E,2013,8690,8694.15845,1132,1127.444849,1264,1256.86734,8832,-8.419058826,0.1423083492,-0.0009532448852
337,E,2014,8577,8557.109742,1109,1102.532381,1252,1239.482596,8694.15845,-0.09849211815,0.1425649882,-1.132853958e-05
337,E,2015,8714,8758.884159,1443,1440.263364,1249,1238.69999,8557.109742,0.2110429735,0.1447568194,2.466288032e-05
337,E,2016,8989,9023.785162,1538,1537.108093,1276,1269.541107,8758.884159,-2.665983575,0.1449432466,-0.0003043747955
337,N,2011,2276,2293.837685,620,624.5671786,543,544.4447638,,,,
337,N,2012,2429,2429,716,716,579,579,2293.837685,-1.837684556,0.2524154189,-0.0008011397528
337,N,2013,2606,2539.687457,731,733.7518697,618,619.6436601,2429,-3.420752594,0.2551023714,-0.001408296663
337,N,2014,2710,2616.093508,724,720.6452947,644,641.0730833,2539.687457,-3.166160125,0.2524220378,-0.001246673136
337,N,2015,2819,2755.263634,817,818.9318437,680,678.1075398,2616.093508,-1.654178251,0.2592061551,-0.000632308534
337,N,2016,3018,2917.803178,885,900.1915011,724,734.9407241,2755.263634,-2.711232799,0.2667406178,-0.0009840193751
337,S,2011,10553,10686.97826,137,141.2439024,321,332.3250139,,,,
337,S,2012,10477,10477,122,122,325,325,10686.97826,-6.978262921,0.03041084131,-0.0006529687578
337,S,2013,10755,10358.4565,206,204.3658537,328,320.5771943,10477,-2.332156425,0.03059818596,-0.0002225977307
337,S,2014,10907,10288.64912,261,252.7560976,334,317.8705697,10358.4565,-4.692906127,0.03068705937,-0.0004530507152
337,S,2015,10989,10197.1657,241,227.6341463,338,315.2521804,10288.64912,-3.865391504,0.03064077476,-0.0003756947542
337,S,2016,10982,10133.80132,268,253.2682927,337,313.447764,10197.1657,-3.184906425,0.03073871439,-0.0003123325166
339,E,2011,32893,33096.27379,5110,5120.468208,4522,4564.625615,,,,
339,E,2012,33825,33825,5479,5479,4713,4713,33096.27379,-37.27378806,0.1424027378,-0.0011262231
339,E,2013,34484,34623.21695,5634,5708.584192,4863,4884.013759,33825,-26.35348666,0.1443906507,-0.0007791126876
339,E,2014,35589,35853.06359,6183,6363.825793,5039,5092.16932,34623.21695,-41.80983249,0.1470738357,-0.001207566373
339,E,2015,37274,37946.50795,7264,7535.354313,5298,5403.656818,35853.06359,-38.25313598,0.1507167387,-0.001066941905
339,E,2016,38991,39910.48714,7391,7777.058858,5576,5761.323273,37946.50795,-51.75638865,0.1518274957,-0.001363930213
339,N,2011,28013,28326.08025,6738,6823.815861,5571,5640.858705,,,,
339,N,2012,29601,29601,7292,7292,6011,6011,28326.08025,-6.08025251,0.2122072643,-0.0002146520964
339,N,2013,31766,30821.20595,7610,7570.388511,6375,6348.366081,29601,-1.816477215,0.2144645816,-6.136540032e-05
339,N,2014,33149,31788.45261,7689,7544.074568,6695,6580.176083,30821.20595,3.34817214,0.2134950882,0.0001086320939
339,N,2015,33854,32787.52327,8024,7828.154657,6999,6827.368726,31788.45261,-1.715270631,0.2147751201,-5.395892187e-05
339,N,2016,35661,33997.53502,8425,8339.686969,7187,7129.147211,32787.52327,-0.5280075002,0.2174347587,-1.610391538e-05
339,S,2011,31906,32315.51226,902,925.3775149,975,998.6220089,,,,
339,S,2012,32159,32159,856,856,995,995,32315.51226,-17.51226125,0.03079016641,-0.0005419150131
339,S,2013,33210,31975.51505,824,798.0332879,1013,989.5959988,32159,8.077758212,0.0307719767,0.0002511818841
339,S,2014,33833,31909.23432,970,899.9583351,1042,986.9728187,31975.51505,20.73375808,0.03086651825,0.0006484260864
339,S,2015,34320,31850.45282,993,904.0749645,1061,985.2749173,31909.23432,22.41845108,0.03087742274,0.0007025693835
339,S,2016,34458,31814.17067,1025,919.7507309,1065,983.477878,31850.45282,27.44499352,0.03087798731,0.0008616829933
42,E,2011,215719,217433.884,39169,39488.23996,33451,33824.10686,,,,
42,E,2012,224189,224189,41821,41821,35039,35039,217433.884,-26.88397436,0.1611478366,-0.0001236420648
42,E,2013,225318,225734.0448,37490,37528.84804,35973,35951.9765,224189,-31.82671597,0.1603645875,-0.0001419637715
42,E,2014,234432,234725.7198,46004,46009.48631,37109,37019.12329,225734.0448,1.311929771,0.1639944179,5.811838317e-06
42,E,2015,236443,238883.9485,42300,42449.97101,38268,38281.42694,234725.7198,-10.3153501,0.1630900396,-4.394639886e-05
42,E,2016,240491,243546.8128,43464,43932.07084,38984,39255.90258,238883.9485,-13.3039577,0.1643304325,-5.569213749e-05
42,N,2011,48083,47988.80001,20038,19896.15869,16844,16725.10898,,,,
42,N,2012,51054,51054,21229,21229,18143,18143,47988.80001,-20.80000939,0.3780673823,-0.0004334346637
42,N,2013,52592,52159.68877,20091,20206.24816,18981,19091.25461,51054,-9.304780572,0.3739423867,-0.0001822537034
42,N,2014,57487,57124.46331,25195,25512.06135,20264,20507.27744,52159.68877,-40.00937573,0.3931633398,-0.0007670554919
42,N,2015,59663,59804.78096,24420,24910.51657,21722,22211.46507,57124.46331,-18.73385981,0.3888257987,-0.0003279481105
42,N,2016,64408,64668.43918,27671,28668.6642,22897,23764.38108,59804.78096,-40.62490324,0.3973659079,-0.0006792918992
42,S,2011,250378,255520.3295,7563,7786.477812,6179,6388.303144,,,,
42,S,2012,256730,256730,7646,7646,6432,6432,255520.3295,-4.329488672,0.02517216541,-1.694381297e-05
42,S,2013,265211,257638.6255,7531,7384.377033,6612,6468.656542,256730,-7.0950404,0.02519634068,-2.763619523e-05
42,S,2014,275412,261628.2402,11025,10509.22406,6858,6531.337378,257638.6255,11.72803874,0.02535076938,4.552127507e-05
42,S,2015,289769,270387.9408,16506,15416.45787,7177,6706.557693,261628.2402,49.8004387,0.0256339212,0.000190348101
42,S,2016,305071,280657.4168,18604,17169.18441,7547,6954.659018,270387.9408,54.95061301,0.02572103992,0.0002032287862
441,E,2011,24373,24507.74389,4616,4674.597778,3933,3980.279536,,,,
441,E,2012,26378,26378,6184,6184,4254,4254,24507.74389,-59.7438932,0.1735777891,-0.002437755734
441,E,2013,26581,26531.9306,4651,4641.104898,4501,4490.941543,26378,3.767241792,0.1702532998,0.0001428175674
441,E,2014,27833,27677.39379,5802,5767.308928,4662,4626.487101,26531.9306,4.641365036,0.1743743104,0.0001749350662
441,E,2015,28402,28361.1659,5515,5482.035462,4838,4792.932768,27677.39379,-5.330576679,0.1731713905,-0.0001925967712
441,E,2016,29536,29469.0136,6094,6085.463915,5001,4973.103384,28361.1659,-4.512834171,0.175349046,-0.0001591201922
441,N,2011,3001,2995.298627,1052,1036.956086,959,941.8624067,,,,
441,N,2012,3179,3179,1199,1199,1012,1012,2995.298627,-3.298626516,0.3378628064,-0.001101267996
441,N,2013,3274,3213.483552,1066,1076.750693,1032,1045.196541,3179,2.929399761,0.3287815479,0.0009214846686
441,N,2014,3591,3514.961685,1359,1376.801474,1056,1075.373739,3213.483552,0.05039842797,0.3346442333,1.568342491e-05
441,N,2015,3842,3796.027304,1418,1432.410258,1121,1152.007802,3514.961685,0.6631626193,0.3277440566,0.0001886685201
441,N,2016,4352,4260.082329,1666,1706.094733,1194,1241.687617,3796.027304,-0.3520901678,0.3271018666,-9.275227483e-05
441,S,2011,158437,162520.8066,1744,1803.459381,4053,4203.356912,,,,
441,S,2012,160051,160051,2107,2107,4140,4140,162520.8066,-436.8066351,0.02547366141,-0.002687696696
441,S,2013,163571,159096.576,3234,3151.125215,4209,4097.42954,160051,-8.119722938,0.02560077438,-5.073209751e-05
441,S,2014,165041,157038.5086,2130,2020.266823,4270,4057.366071,159096.576,-20.96810048,0.02550253547,-0.0001317947942
441,S,2015,166501,155555.6161,2732,2539.880644,4304,4014.561637,157038.5086,-8.21150157,0.02556418596,-5.228973226e-05
441,S,2016,168414,154861.0606,3598,3290.028825,4343,3986.949029,155555.6161,2.364731163,0.02563037664,1.520183727e-05
445,E,2011,53437,53870.13612,7839,7922.543616,7651,7755.344635,,,,
445,E,2012,53645,53645,7720,7720,7800,7800,53870.13612,-145.1361167,0.1447926544,-0.002694185074
445,E,2013,52952,52846.55374,6984,6967.535923,7792,7764.552191,53645,-1.429994818,0.1447395319,-2.665662816e-05
445,E,2014,53031,52672.12339,7582,7535.336568,7775,7704.571019,52846.55374,-5.195896633,0.1457913615,-9.832044412e-05
445,E,2015,53082,52983.16358,8088,8029.497144,7795,7717.977095,52672.12339,-0.4798560102,0.1465286873,-9.110246166e-06
445,E,2016,53352,53205.87386,7998,7968.309861,7791,7745.214754,52983.16358,-0.3848296984,0.146182565,-7.263245008e-06
445,N,2011,3950,3940.2112,1377,1361.488284,1310,1287.709838,,,,
445,N,2012,4050,4050,1397,1397,1286,1286,3940.2112,-1.211199935,0.3263784439,-0.0003073946734
445,N,2013,4402,4321.091712,1593,1608.61906,1321,1337.224142,4050,-0.3032056064,0.3301788006,-7.486558183e-05
445,N,2014,4955,4853.541042,1987,2013.206059,1450,1477.166149,4321.091712,-3.590579052,0.3418502192,-0.0008309425701
445,N,2015,5630,5587.71955,2408,2454.568223,1668,1715.423236,4853.541042,-4.966478502,0.3534374637,-0.001023269085
445,N,2016,6592,6512.003437,2854,2953.64286,1934,2022.137994,5587.71955,-7.220979833,0.3618896717,-0.001292294606
445,S,2011,159908,164091.4028,2248,2338.015004,4128,4280.948994,,,,
445,S,2012,161453,161453,2023,2023,4221,4221,164091.4028,-440.402801,0.02572346831,-0.002683887111
445,S,2013,164142,159675.3712,2470,2408.15648,4276,4163.598198,161453,-22.18704341,0.02578829875,-0.0001374210663
445,S,2014,167121,159028.0152,3680,3496.142672,4351,4131.972606,159675.3712,-11.52605615,0.02587733208,-7.218430782e-05
445,S,2015,169840,158657.7211,4034,3763.033022,4417,4117.311503,159028.0152,-16.01562952,0.02589047908,-0.000100709485
445,S,2016,173523,159465.3386,5383,4940.139965,4493,4121.290688,158657.7211,-11.23185706,0.02597598565,-7.079300636e-05
452,E,2011,39688,39877.62812,7521,7586.003502,5844,5906.152996,,,,
452,E,2012,41375,41375,7789,7789,6176,6176,39877.62812,-115.6281158,0.154873805,-0.002899573553
452,E,2013,43224,43109.17055,8180,8190.792112,6464,6450.980167,41375,-5.641395467,0.1559149285,-0.0001363479267
452,E,2014,44377,44177.90972,7694,7761.821304,6729,6678.106828,43109.17055,-14.9753067,0.1549115129,-0.0003473809983
452,E,2015,47414,48048.95185,10615,10984.1628,7091,7088.368687,44177.90972,-24.75197773,0.1604505223,-0.0005602795128
452,E,2016,48865,50216.32177,9086,9768.437766,7445,7565.902607,48048.95185,-35.16524266,0.1574623861,-0.0007318628463
452,N,2011,5601,5515.083357,3189,3101.650193,2195,2134.349039,,,,
452,N,2012,6402,6402,3579,3579,2678,2678,5515.083357,-14.08335652,0.4855774295,-0.002553607192
452,N,2013,7137,7115.510854,3780,3860.227755,3068,3138.227777,6402,-8.489124032,0.4901949043,-0.001326011252
452,N,2014,7536,7568.283663,3740,3880.301107,3283,3423.993099,7115.510854,-3.535198973,0.4812013037,-0.00049682996
452,N,2015,8723,8933.803531,4980,5296.33276,3661,3910.898309,7568.283663,-19.91458359,0.5167483783,-0.00263132098
452,N,2016,9432,9686.054202,4824,5214.03219,4081,4456.826224,8933.803531,-4.955294096,0.4988722003,-0.0005546679059
452,S,2011,154658,158662.3253,4883,5061.199261,3911,4053.605931,,,,
452,S,2012,158584,158584,4397,4397,4067,4067,158662.3253,-408.3253003,0.0256330543,-0.0025735492
452,S,2013,164176,159725.3424,5354,5208.162487,4195,4082.172451,158584,15.35235918,0.02574138911,9.680900457e-05
452,S,2014,169291,161120.5461,5783,5493.827327,4331,4114.294261,159725.3424,15.67059041,0.02575855653,9.810960601e-05
452,S,2015,174002,162595.0621,6012,5605.13051,4449,4150.866892,161120.5461,20.2524674,0.0257624927,0.000125697609
452,S,2016,178624,164249.2413,6349,5824.682779,4565,4190.107864,162595.0621,19.60425986,0.02577020365,0.0001205710653
481,E,2011,167682,169955.5743,12383,12651.27067,12701,12920.88388,,,,
481,E,2012,168829,168829,11964,11964,12934,12934,169955.5743,-156.5743138,0.07610224055,-0.0009212661275
481,E,2013,174087,171664.9766,16101,15893.02176,13207,13075.82238,168829,18.77719919,0.07745009671,0.000111220224
481,E,2014,182143,177040.3683,19376,18792.76468,13759,13457.69888,171664.9766,40.3259606,0.07839513422,0.0002349108211
481,E,2015,188262,182650.4362,20272,19469.31749,14306,13902.64102,177040.3683,43.3913627,0.07852808461,0.0002450930435
481,E,2016,194665,186896.0204,19366,18487.07976,14731,14271.79669,182650.4362,30.30114079,0.07813721659,0.0001658968981
481,N,2011,1918,1901.043095,784,766.5735735,741,727.4801305,,,,
481,N,2012,2089,2089,993,993,805,805,1901.043095,-0.04309523331,0.4234517366,-2.266925638e-05
481,N,2013,2393,2386.068958,1234,1249.584279,937,950.2107915,2089,-2.304529334,0.45486395,-0.001103173449
481,N,2014,2703,2719.860675,1427,1466.686818,1100,1129.420434,2386.068958,-3.474667573,0.4733393938,-0.001456230995
481,N,2015,2955,3011.051228,1528,1595.646687,1246,1301.36502,2719.860675,-3.091114677,0.4784675302,-0.001136497434
481,N,2016,3203,3293.434192,1640,1737.421163,1370,1452.945564,3011.051228,-2.09263571,0.4825376433,-0.0006949850904
481,S,2011,53798,55133.50897,513,521.2594901,1273,1303.285635,,,,
481,S,2012,54681,54681,890,890,1289,1289,55133.50897,-53.50896986,0.02337961113,-0.0009705344511
481,S,2013,56648,54157.11086,792,759.3839732,1322,1277.292037,54681,-5.981080798,0.02335897363,-0.0001093813353
481,S,2014,57817,53435.3345,605,550.8146723,1364,1264.05061,54157.11086,-8.540421835,0.02334043656,-0.0001576971463
481,S,2015,58641,52849.22412,758,666.4730748,1387,1245.65843,53435.3345,-6.925022756,0.02331151179,-0.0001295963209
481,S,2016,61450,53264.31885,1966,1653.066269,1429,1246.27829,52849.22412,8.30675125,0.02358177079,0.0001571783009
482,E,2011,36965,37691.95881,4840,4895.957442,3316,3348.169449,,,,
482,E,2012,39589,39589,5281,5281,3412,3412,37691.95881,28.04118854,0.09052328687,0.0007439567861
482,E,2013,42421,42175.52962,6104,5965.712803,3503,3459.242155,39589,80.05897026,0.08737887177,0.002022252905
482,E,2014,48583,47426.95,9034,8725.324738,3690,3610.905806,42175.52962,137.0014449,0.08561613424,0.003248363356
482,E,2015,56268,53960.3874,10866,10270.0435,4047,3896.897241,47426.95,160.2911371,0.08216630504,0.003379747951
482,E,2016,59866,57923.3657,8506,8000.403263,4323,4140.801893,53960.3874,103.3769306,0.07673780884,0.001915792965
482,N,2011,1275,1262.299015,697,679.1143479,441,432.5301121,,,,
482,N,2012,1449,1449,760,760,572,572,1262.299015,-1.299014611,0.4531414454,-0.001029086291
482,N,2013,1553,1547.33437,746,757.3984983,646,657.4089884,1449,-1.655139417,0.4536984047,-0.001142263228
482,N,2014,1855,1866.87046,1063,1092.65568,749,771.5050207,1547.33437,-1.614570049,0.4986026521,-0.001043452585
482,N,2015,2238,2285.764659,1331,1392.520532,924,970.4105458,1866.87046,-3.215786885,0.5198060427,-0.001722554915
482,N,2016,2349,2415.044036,1165,1231.223593,1036,1104.074534,2285.764659,2.13031825,0.4830219637,0.000931993695
482,S,2011,330408,335866.2689,8232,8342.758399,7207,7306.990208,,,,
482,S,2012,337186,337186,8960,8960,7344,7344,335866.2689,-296.2689008,0.02186584567,-0.0008821037665
482,S,2013,343492,338514.3056,8867,8706.821433,7524,7387.550068,337186,9.034200982,0.02190942111,2.679293026e-05
482,S,2014,350468,340693.1591,9896,9598.991214,7671,7437.487295,338514.3056,17.34966393,0.02197096894,5.125238031e-05
482,S,2015,360303,343890.5144,11193,10689.30472,7871,7511.376911,340693.1591,19.42747415,0.02204733705,5.70233761e-05
482,S,2016,366812,345095.8503,9327,8775.701532,8057,7573.234393,343890.5144,2.868681629,0.02202222532,8.341845758e-06
483,E,2011,37776,37852.31363,3033,3063.022503,2814,2827.387291,,,,
483,E,2012,38986,38986,4012,4012,2844,2844,37852.31363,-34.31363287,0.07513411274,-0.0009065134883
483,E,2013,40871,40453.53364,4390,4370.273214,2908,2901.181222,38986,-1.558352558,0.07441597552,-3.997210685e-05
483,E,2014,43446,42547.22028,5188,5090.774409,3036,2998.474454,40453.53364,1.386681169,0.0741214471,3.427836938e-05
483,E,2015,46502,45190.91271,5967,5781.940403,3212,3140.210102,42547.22028,1.962127514,0.07380529402,4.61164678e-05
483,E,2016,48325,46757.20961,4997,4830.886463,3343,3266.323271,45190.91271,1.733710265,0.07227832048,3.836413476e-05
483,N,2011,340,334.8976792,152,146.0410004,151,147.696279,,,,
483,N,2012,422,422,270,270,181,181,334.8976792,-1.897679194,0.5404635841,-0.005666444743
483,N,2013,673,675.4060789,531,541.8969181,277,283.5553296,422,-4.935509587,0.6719320606,-0.01169552035
483,N,2014,1392,1421.328273,1278,1323.83622,544,568.9247861,675.4060789,-8.989239835,0.8423447817,-0.01330938544
483,N,2015,2322,2407.596254,1944,2053.648702,989,1055.688182,1421.328273,-11.69253896,0.742747613,-0.008226487279
483,N,2016,3258,3424.812998,2461,2639.363802,1486,1612.551083,2407.596254,-9.595976153,0.6697763713,-0.003985708208
483,S,2011,6201,6344.409979,56,57.22039544,156,159.5814946,,,,
483,S,2012,6281,6281,101,101,158,158,6344.409979,-6.409979127,0.02490381304,-0.001010334948
483,S,2013,6653,6311.957847,197,190.9585751,163,158.2142043,6281,-1.786523985,0.02518933359,-0.0002844330497
483,S,2014,7162,6547.267981,429,395.1710724,173,160.4902365,6311.957847,0.6292986125,0.02542637965,9.969943205e-05
483,S,2015,7475,6643.021215,291,259.4860305,183,163.5619677,6547.267981,-0.1708292168,0.0249817127,-2.609167935e-05
483,S,2016,7764,6609.857261,152,132.0423383,189,163.4509032,6643.021215,-1.755389444,0.02460490459,-0.0002642456478
484,E,2011,88300,89378.1813,19281,19699.20329,15441,15759.17678,,,,
484,E,2012,93985,93985,21179,21179,16522,16522,89378.1813,-50.1813032,0.1848549585,-0.0005614491419
484,E,2013,97745,96772.15909,20124,19950.31239,17324,17185.81035,93985,22.65704929,0.182856949,0.000241070908
484,E,2014,106432,104477.4446,26340,25803.98373,18492,18136.25692,96772.15909,37.55865532,0.1874119281,0.0003881142642
484,E,2015,113653,110688.2297,26473,25583.112,20029,19408.47198,104477.4446,36.14509131,0.1857671008,0.0003459607139
484,E,2016,116551,112816.2668,23115,22273.74247,20905,20171.23254,110688.2297,25.52722193,0.1822346658,0.0002306227321
484,N,2011,1025,1012.380112,479,466.2827182,413,405.0595272,,,,
484,N,2012,1093,1093,545,545,464,464,1012.380112,-0.3801124445,0.4583258741,-0.000375464156
484,N,2013,1179,1178.382293,595,605.9787436,512,521.3297636,1093,0.7333126369,0.4769714214,0.0006709173256
484,N,2014,1481,1497.473167,927,956.1819206,613,637.8525935,1178.382293,0.7615474402,0.5412951276,0.0006462651764
484,N,2015,1667,1705.69727,937,980.9992374,735,776.3831687,1497.473167,3.608034397,0.5184621573,0.002409415057
484,N,2016,1960,2026.005371,1153,1221.261437,844,906.8053987,1705.69727,5.852062382,0.531633259,0.003430891568
484,S,2011,22877,23249.45409,233,240.0614364,666,683.9926782,,,,
484,S,2012,22893,22893,337,337,671,671,23249.45409,-22.45409132,0.02886089271,-0.0009657900453
484,S,2013,23541,22691.5529,470,457.0248704,676,660.7782843,22893,2.306315897,0.0288637699,0.0001007432795
484,S,2014,23991,22590.4966,589,548.9993962,689,653.8448167,22691.5529,3.789113641,0.02881445882,0.0001669834434
484,S,2015,24460,22630.83242,750,684.2371857,699,650.5918394,22590.4966,6.690474371,0.0287993598,0.000296163227
484,S,2016,25620,23356.71056,1529,1365.81528,715,655.9736607,22630.83242,16.03652087,0.02898583882,0.0007086138314
485,E,2011,16336,16511.44675,1733,1764.130177,2339,2381.230813,,,,
485,E,2012,16480,16480,2326,2326,2339,2339,16511.44675,-18.44675368,0.1416593007,-0.001117210015
485,E,2013,18292,18163.65177,4201,4174.525169,2512,2499.531564,16480,8.658166569,0.1516706046,0.000525374185
485,E,2014,18513,18263.48798,2800,2758.498666,2699,2663.985985,18163.65177,5.323528932,0.1466657706,0.0002930869298
485,E,2015,20502,20089.77202,4786,4660.485775,2903,2842.267159,18263.48798,8.06541712,0.1556256484,0.0004416142813
485,E,2016,22104,21542.3873,4739,4604.657506,3232,3157.902228,20089.77202,5.860001126,0.1571895503,0.0002916907729
485,N,2011,381,375.1261555,186,179.9270833,183,177.4685251,,,,
485,N,2012,459,459,294,294,208,208,375.1261555,-2.126155462,0.5544801315,-0.005667841155
485,N,2013,584,588.5313025,399,407.4375,270,274.5132931,459,-3.392904365,0.5980681767,-0.007391948507
485,N,2014,522,532.8592437,231,240.5520833,285,296.3236946,588.5313025,0.09955245516,0.503496914,0.000169154053
485,N,2015,530,547.3320378,281,297.1458333,265,280.8582068,532.8592437,-1.814832434,0.5270776666,-0.003405838325
485,N,2016,523,544.6371849,260,279.0104167,261,281.2646557,547.3320378,-0.4406138974,0.5138830477,-0.0008050212065
485,S,2011,25607,26139.01079,108,109.652488,622,637.0620089,,,,
485,S,2012,25607,25607,121,121,624,624,26139.01079,-29.01079092,0.02387236476,-0.001109865677
485,S,2013,25771,25182.67155,199,192.8972713,626,612.7683393,25607,-4.457382843,0.02392971997,-0.0001740689203
485,S,2014,25689,24627.83031,54,50.1464687,628,599.7063304,25182.67155,-5.281375244,0.02381424581,-0.0002097225957
485,S,2015,25575,24135.79679,108,98.47451846,624,587.7829339,24627.83031,-2.725102029,0.02386661458,-0.0001106513239
485,S,2016,26173,24285.4632,805,719.8344703,630,581.7632327,24135.79679,11.59516635,0.02410375086,0.000480413655
486,E,2011,24476,24732.19144,2509,2550.651285,3569,3628.410449,,,,
486,E,2012,24266,24266,3085,3085,3514,3514,24732.19144,-37.19144398,0.1420820313,-0.001503766622
486,E,2013,27192,27246.97562,6719,6703.194926,3742,3733.647123,24266,11.42782254,0.1538633118,0.0004709396911
486,E,2014,33974,34048.44519,11328,11280.19316,4525,4505.210241,27246.97562,26.48664758,0.1653471675,0.0009720949565
486,E,2015,35656,36267.17535,7378,7415.579462,5196,5207.070439,34048.44519,10.2211334,0.1529312252,0.0003001938367
486,E,2016,40240,41206.15292,10455,10667.88752,5663,5745.710883,36267.17535,16.80094256,0.1584273059,0.0004632547862
486,N,2011,858,845.7069534,342,334.3972924,401,391.7590345,,,,
486,N,2012,920,920,478,478,401,401,845.7069534,-2.706953369,0.4741595164,-0.003200817208
486,N,2013,1274,1277.285971,882,902.3130629,526,536.4307909,920,-8.596300702,0.5830769466,-0.009343805111
486,N,2014,1674,1702.80856,1154,1199.458777,737,767.3055904,1277.285971,-6.630597444,0.6007312439,-0.005191161254
486,N,2015,1580,1622.302453,728,767.2504387,799,845.9782328,1702.80856,-1.778312718,0.4968134719,-0.001044340955
486,N,2016,1689,1740.292688,888,943.9807131,767,819.9432066,1622.302453,-6.047271682,0.5054194457,-0.003727585858
486,S,2011,151689,154946.8262,5815,6259.024296,3758,4042.12354,,,,
486,S,2012,164846,164846,14281,14281,4204,4204,154946.8262,-177.826247,0.02713188842,-0.001147659822
486,S,2013,175056,175056.4497,14611,14723.14277,4448,4473.787987,164846,-38.90510476,0.02713919651,-0.0002360087886
486,S,2014,192378,187763.5628,17537,17520.57383,4828,4765.634969,175056.4497,-47.82574496,0.02722341838,-0.0002732018446
486,S,2015,193286,197996.91,15253,15319.8358,5099,5049.622758,187763.5628,-36.86587298,0.02689351801,-0.0001963419975
486,S,2016,204055,204756.0635,11589,12033.22018,5125,5247.879188,197996.91,-26.18750219,0.02650485399,-0.0001322621762
487OS,E,2011,63451,64478.5873,6599,6666.012433,6992,7086.902777,,,,
487OS,E,2012,63314,63314,6142,6142,7220,7220,64478.5873,-86.58730445,0.111975158,-0.001342884639
487OS,E,2013,60753,60359.50489,4194,4176.74011,7160,7098.685017,63314,-32.55020365,0.112118726,-0.0005141075221
487OS,E,2014,62301,61180.27881,7986,7908.978745,7195,7084.450866,60359.50489,-3.753955163,0.1173709241,-6.219327295e-05
487OS,E,2015,66261,64803.01331,11293,11187.80504,7736,7571.149436,61180.27881,6.078896128,0.12375147,9.936038615e-05
487OS,E,2016,65490,64370.79555,7465,7487.872252,8050,7902.88152,64803.01331,-17.2084963,0.1219523771,-0.000265550866
487OS,N,2011,2067,2034.364871,1165,1139.325795,895,878.0977507,,,,
487OS,N,2012,2185,2185,1152,1152,1002,1002,2034.364871,0.635128885,0.4925370145,0.0003122000846
487OS,N,2013,1983,1985.746695,780,791.256277,977,992.5187175,2185,2.009135726,0.454241976,0.000919512918
487OS,N,2014,2440,2471.349197,1519,1563.891923,1042,1075.938186,1985.746695,-2.351235929,0.5418305306,-0.001184056322
487OS,N,2015,3151,3241.35875,2097,2196.995498,1354,1423.847515,2471.349197,-3.138429235,0.5761417758,-0.001269925448
487OS,N,2016,3209,3333.394651,1636,1737.924774,1543,1648.179648,3241.35875,2.290775375,0.5084841805,0.0007067330558
487OS,S,2011,61289,62496.75122,1659,1745.944215,1269,1299.032615,,,,
487OS,S,2012,62766,62766,1651,1651,1317,1317,62496.75122,-64.75121768,0.02107309539,-0.001036073339
487OS,S,2013,63984,62714.77519,1292,1282.716627,1354,1324.44018,62766,-9.501262003,0.02110123602,-0.0001513759361
487OS,S,2014,65090,62643.69367,1297,1263.479651,1383,1327.530601,62714.77519,-7.030566049,0.02116774871,-0.0001121038229
487OS,S,2015,66258,62928.62308,1687,1613.35555,1409,1332.286789,62643.69367,3.860645692,0.02126769211,6.162864074e-05
487OS,S,2016,67422,63016.22086,1509,1421.461038,1430,1338.257149,62928.62308,4.393892475,0.02126627094,6.982343264e-05
493,E,2011,8264,8326.452011,914,924.6941819,1253,1267.522071,,,,
493,E,2012,8501,8501,1429,1429,1250,1250,8326.452011,-4.45201069,0.1501239662,-0.0005346828017
493,E,2013,8696,8665.529051,1435,1431.362145,1269,1267.147966,8501,0.3148709186,0.1490586949,3.703927992e-05
493,E,2014,10243,10160.54356,2908,2883.590544,1405,1394.823465,8665.529051,6.247426876,0.1609622975,0.0007209515817
493,E,2015,10583,10568.05218,1962,1947.210724,1555,1540.277733,10160.54356,0.5756338286,0.1515940289,5.665384193e-05
493,E,2016,11250,11233.89471,2290,2285.203676,1630,1626.904455,10568.05218,7.543303831,0.1539455357,0.000713783742
493,N,2011,486,480.3613952,206,202.7346567,214,213.9931915,,,,
493,N,2012,620,620,384,384,245,245,480.3613952,0.6386047774,0.5100326597,0.001329425686
493,N,2013,723,725.9635803,408,411.4960416,303,308.6005674,620,3.068106111,0.4977428506,0.004948558244
493,N,2014,1143,1159.496731,862,880.8943086,433,447.7083688,725.9635803,0.3472109752,0.616709131,0.0004782760246
493,N,2015,1205,1232.170298,622,646.0683997,549,575.5177305,1159.496731,2.122897866,0.4963513178,0.001830878698
493,N,2016,1414,1464.36315,835,878.8412698,612,651.9605674,1232.170298,5.312148939,0.5291156331,0.004311213269
493,S,2011,32608,33409.22586,808,848.0617445,745,773.1410158,,,,
493,S,2012,32911,32911,306,306,768,768,33409.22586,-36.22585741,0.02298766225,-0.001084306999
493,S,2013,34256,33358.4535,1234,1211.57565,786,766.2217583,32911,2.099606325,0.02328163101,6.37964913e-05
493,S,2014,35719,34026.86218,1510,1441.202433,822,780.8720028,33358.4535,8.078248314,0.02340851931,0.0002421649527
493,S,2015,36744,34529.50866,1385,1292.396724,851,796.1502978,34026.86218,6.400056779,0.02339769955,0.0001880883622
493,S,2016,38106,35255.01739,1656,1524.805779,882,815.1056774,34529.50866,15.80863233,0.0236060607,0.0004578296347
4A0,E,2011,145405,145882.1968,28902,29029.09496,22406,22621.20228,,,,
4A0,E,2012,151652,151652,29903,29903,23731,23731,145882.1968,-402.1968292,0.1626723515,-0.002756997344
4A0,E,2013,156523,156915.802,29811,29969.77526,24672,24680.41792,151652,-25.55531243,0.1627437681,-0.0001685128612
4A0,E,2014,165471,166462.6441,34869,35407.45965,25833,25823.1945,156915.802,-37.42302544,0.1645672021,-0.0002384911204
4A0,E,2015,170390,174660.3164,34030,35343.2622,26867,27082.63181,166462.6441,-62.95815429,0.1626949514,-0.0003782119082
4A0,E,2016,175846,183003.2161,34071,36557.86303,27466,28137.62691,174660.3164,-77.3364467,0.1610991408,-0.0004427820142
4A0,N,2011,19356,19201.96322,9127,8982.962423,7367,7235.286597,,,,
4A0,N,2012,21067,21067,9907,9907,8033,8033,19201.96322,-8.963221966,0.4183426407,-0.0004667867479
4A0,N,2013,22715,22557.45555,10139,10254.50585,8645,8753.71868,21067,-10.33161137,0.4155180462,-0.0004904168305
4A0,N,2014,25344,25265.86971,12153,12410.83404,9454,9681.214858,22557.45555,-21.2050284,0.4291802697,-0.0009400452258
4A0,N,2015,27072,27272.22754,12293,12674.76449,10262,10658.22582,25265.86971,-10.18084446,0.4218428236,-0.0004029485065
4A0,N,2016,29596,29821.11003,13424,14048.87771,10889,11486.12857,27272.22754,-13.86664136,0.4211657649,-0.0005084528334
4A0,S,2011,408211,418639.6069,7277,7508.965864,10538,10913.71451,,,,
4A0,S,2012,416015,416015,9316,9316,10834,10834,418639.6069,-1106.606902,0.02587906118,-0.002643340198
4A0,S,2013,426578,414492.6061,9525,9277.322995,11077,10781.82771,416015,-17.88922492,0.02591692056,-4.300139399e-05
4A0,S,2014,438270,416310.2827,13231,12574.35538,11368,10785.32564,414492.6061,28.64690382,0.02602055014,6.911318418e-05
4A0,S,2015,449478,419112.1341,14598,13619.14414,11652,10846.77634,416310.2827,29.48355965,0.02605454824,7.082111798e-05
4A0,S,2016,464684,425979.6741,19298,17753.37489,11990,10979.75825,419112.1341,93.92344194,0.02619766253,0.0002241009847
511,E,2011,28162,28019.20185,7665,7534.708032,5894,5835.220761,,,,
511,E,2012,27617,27617,5816,5816,6177,6177,28019.20185,-41.20185038,0.2204559585,-0.001470486226
511,E,2013,27364,27844.78445,6424,6504.989143,6228,6272.694905,27617,-4.509787611,0.2271316546,-0.0001632975201
511,E,2014,29304,30377.152,8915,9218.247964,6569,6660.959856,27844.78445,-24.92055977,0.2392175047,-0.0008949812418
511,E,2015,28887,31176.68944,7276,7829.912427,6779,7002.401329,30377.152,-27.97365367,0.2305153995,-0.0009208780886
511,E,2016,28720,32077.78712,7065,7994.445543,6661,7059.546664,31176.68944,-33.80120129,0.2264366997,-0.001084181865
511,N,2011,192353,195439.5279,52988,53947.18401,42965,43737.03587,,,,
511,N,2012,199960,199960,50181,50181,45655,45655,195439.5279,-5.527859519,0.2336016695,-2.828424515e-05
511,N,2013,215360,209638.7742,57673,57061.4797,47869,47363.27184,199960,-19.4336374,0.2368637319,-9.718762453e-05
511,N,2014,230112,220240.3499,62603,61021.13517,51748,50377.16894,209638.7742,-42.39059832,0.2403046341,-0.0002022078143
511,N,2015,232711,222860.03,57372,55099.45153,54569,52458.25655,220240.3499,-21.51481162,0.2381864022,-9.768787434e-05
511,N,2016,239430,226313.5359,58362,56724.65602,54809,53247.54508,222860.03,-23.60511129,0.2389281967,-0.000105918999
511,S,2011,46345,46925.28637,1418,1456.533641,1261,1296.614987,,,,
511,S,2012,46629,46629,1052,1052,1293,1293,46925.28637,-55.28637195,0.02755444026,-0.00117817868
511,S,2013,48113,46585.03555,1266,1245.078489,1311,1287.593064,46629,-1.449872493,0.02761356804,-3.10937934e-05
511,S,2014,49662,47011.15515,1795,1715.722376,1354,1291.180775,46585.03555,1.577996973,0.02771664247,3.387347362e-05
511,S,2015,51717,48082.01948,2547,2377.606411,1404,1310.105014,47011.15515,3.362934574,0.02786796048,7.153482112e-05
511,S,2016,53366,49045.8367,2492,2297.744866,1447,1334.417931,48082.01948,0.4902837333,0.027752951,1.019682074e-05
512,E,2011,11484,11315.62742,1948,1910.990316,1885,1853.53779,,,,
512,E,2012,11304,11304,1875,1875,1871,1871,11315.62742,-15.62742022,0.165346554,-0.001381047611
512,E,2013,10772,11119.8379,1630,1665.387256,1821,1846.632812,11304,-2.91654184,0.163361006,-0.0002580097169
512,E,2014,10284,10999.43425,1569,1667.25411,1722,1784.76533,11119.8379,-2.892428976,0.160502819,-0.0002601143112
512,E,2015,10064,11335.81051,1872,2103.18251,1635,1751.544892,10999.43425,-15.26136435,0.1592395438,-0.001387468119
512,E,2016,10049,11781.44973,1853,2212.922237,1569,1755.805029,11335.81051,-11.4779803,0.1548901182,-0.001012541652
512,N,2011,213259,215201.1549,28816,28806.3682,27708,27661.26305,,,,
512,N,2012,214976,214976,27353,27353,27546,27546,215201.1549,-32.15486146,0.1280011718,-0.0001494176993
512,N,2013,218111,218398.7958,31019,31183.72983,27660,27713.9092,214976,-47.02486361,0.1289162939,-0.0002187447139
512,N,2014,221729,221068.1288,30912,30842.14653,28265,28132.39866,218398.7958,-40.41486967,0.1288120594,-0.0001850507899
512,N,2015,231101,225559.5389,33665,33218.17005,29127,28682.42157,221068.1288,-44.338297,0.1297447159,-0.0002005639494
512,N,2016,238434,229558.8243,34481,33426.17098,30358,29386.48511,225559.5389,-40.40048082,0.1302826085,-0.000179112269
512,S,2011,32327,33003.86922,512,521.1091077,924,942.3923256,,,,
512,S,2012,32683,32683,636,636,931,931,33003.86922,-25.86921775,0.02820881376,-0.0007838237869
512,S,2013,34042,32510.88995,779,753.3407462,958,925.1219336,32683,-0.3288659883,0.02830590624,-1.006229503e-05
512,S,2014,34792,32135.95037,584,547.5445036,990,918.2143659,32510.88995,-4.269714511,0.02824328609,-0.0001313318251
512,S,2015,35996,32415.85366,1312,1191.148011,1018,913.9894917,32135.95037,2.744770955,0.02844134003,8.541122708e-05
512,S,2016,37258,32388.78855,1003,891.9508574,1053,917.5637759,32415.85366,-1.452190858,0.02830601919,-4.479878498e-05
513,E,2011,331220,318050.4281,71634,67073.96139,40667,38362.71888,,,,
513,E,2012,350097,350097,74932,74932,42151,42151,318050.4281,-734.4281188,0.1325292981,-0.002309156203
513,E,2013,354801,386525.6072,79021,83357.19593,44187,46392.79956,350097,-535.7892027,0.1325141305,-0.001530402153
513,E,2014,361918,432435.1511,84861,98030.51768,45106,51449.69925,386525.6072,-671.2745203,0.1331081261,-0.001736688354
513,E,2015,367499,489487.5289,90432,115656.181,46130,57781.8319,432435.1511,-821.9713076,0.1336196462,-0.001900796699
513,E,2016,386583,558297.3946,95671,135343.2689,47615,65547.53898,489487.5289,-985.8642285,0.1339105393,-0.002014074252
513,N,2011,146035,146610.058,39643,39386.04702,32639,32472.43273,,,,
513,N,2012,155351,155351,42946,42946,34053,34053,146610.058,-152.058019,0.2322691939,-0.001037159531
513,N,2013,159448,160050.9531,39760,40331.29166,35171,35490.8601,155351,-140.4784207,0.2284559488,-0.0009042646699
513,N,2014,168086,168237.3574,44774,45361.918,36676,37012.98361,160050.9531,-162.5301108,0.231257502,-0.001015489802
513,N,2015,178215,176480.9266,47039,47432.93697,38757,39021.3805,168237.3574,-167.9873099,0.2319424241,-0.0009985137219
513,N,2016,191625,187807.0586,52744,52966.26251,41304,41454.32296,176480.9266,-185.8075275,0.2348940691,-0.001052847643
513,S,2011,780048,779008.0586,17954,18058.14532,19109,19321.36582,,,,
513,S,2012,775103,775103,15959,15959,19247,19247,779008.0586,-617.0585836,0.02470706148,-0.0007921080877
513,S,2013,780751,773480.6154,17597,17568.1377,19265,19165.30674,775103,-25.21557417,0.02472614187,-3.253190114e-05
513,S,2014,785451,769989.8292,15715,15615.70655,19356,19088.73761,773480.6154,-17.75517752,0.02467901229,-2.295490949e-05
513,S,2015,786999,769084.3124,18369,18133.53324,19472,19019.04997,769989.8292,-20.00003659,0.02470039116,-2.597441659e-05
513,S,2016,786920,768668.384,18863,18595.04685,19487,18990.84339,769084.3124,-20.13183414,0.02469279777,-2.617636821e-05
514,E,2011,33199,32557.86603,13227,12842.94427,7088,6924.030611,,,,
514,E,2012,37978,37978,14184,14184,8677,8677,32557.86603,-86.86602858,0.266510096,-0.002668050434
514,E,2013,45816,47471.01073,20009,20405.26202,10693,10834.7646,37978,-77.48669726,0.2852905524,-0.002040304841
514,E,2014,53625,57493.23239,22323,23406.26355,12935,13293.85739,47471.01073,-90.18449728,0.2800415913,-0.001899780432
514,E,2015,59752,67766.47634,23698,25944.80561,14789,15563.85924,57493.23239,-107.7024194,0.2707076745,-0.001873306038
514,E,2016,70326,83479.99092,29532,34013.575,16703,18133.68081,67766.47634,-166.3796076,0.2675907291,-0.002455190481
514,N,2011,55272,55442.1594,21370,21365.72408,16246,16242.7263,,,,
514,N,2012,59638,59638,22224,22224,18020,18020,55442.1594,-8.15940115,0.3250234153,-0.0001471696131
514,N,2013,70232,69330.84357,30545,30619.02484,20847,20886.16733,59638,-40.01393767,0.3502157572,-0.0006709470081
514,N,2014,81667,80591.49703,36452,36623.86223,25196,25313.55576,69330.84357,-49.65301769,0.3651124731,-0.0007161750115
514,N,2015,92175,91818.66636,40790,41190.84166,29561,29916.37006,80591.49703,-47.30226083,0.3712100056,-0.0005869386049
514,N,2016,110831,110660.7955,53712,55121.21029,35205,36184.7492,91818.66636,-94.33193055,0.3940892482,-0.00102737204
514,S,2011,22005,22186.16527,2276,2322.080081,513,525.3378921,,,,
514,S,2012,23443,23443,1853,1853,564,564,22186.16527,-32.16526664,0.02542124758,-0.001449789373
514,S,2013,26960,26337.38292,3545,3506.004813,626,619.2849174,23443,7.663021993,0.02641662404,0.0003268788974
514,S,2014,34281,32897.30589,7506,7287.193193,765,739.784112,26337.38292,12.51389272,0.02808874801,0.0004751380484
514,S,2015,44285,42014.67318,10486,10038.16516,989,940.0596683,32897.30589,19.26179028,0.02857558219,0.0005855126965
514,S,2016,55400,52258.69674,12009,11400.3199,1254,1184.748861,42014.67318,28.45252186,0.02819845476,0.0006772044076
521CI,E,2011,358291,361155.1055,62288,62756.69159,58853,59373.27451,,,,
521CI,E,2012,373721,373721,73695,73695,60573,60573,361155.1055,-556.1054894,0.1677201819,-0.001539796838
521CI,E,2013,392764,392375.1515,82613,82364.93909,63957,63806.85698,373721,96.06944187,0.1707339352,0.0002570619309
521CI,E,2014,419016,416558.9202,92132,91582.82182,67893,67549.20624,392375.1515,150.1530999,0.1721546484,0.0003826773926
521CI,E,2015,447133,445390.9128,101268,100694.4058,72468,71994.34229,416558.9202,131.9290827,0.1728311142,0.0003167116975
521CI,E,2016,469493,468489.3464,100264,99989.65059,77254,77027.35631,445390.9128,136.1393824,0.1729432597,0.0003056626853
521CI,N,2011,33061,32600.79412,16930,16570.99682,14743,14423.47335,,,,
521CI,N,2012,36682,36682,20220,20220,16099,16099,32600.79412,-39.79411799,0.4938223266,-0.001220648731
521CI,N,2013,38635,38686.02033,19436,19726.61191,17430,17702.5847,36682,-20.00687663,0.4825959517,-0.0005454140077
521CI,N,2014,41663,42106.22244,21907,22566.21621,18540,19108.90051,38686.02033,-37.1135921,0.4939484688,-0.000959354097
521CI,N,2015,47788,48997.9024,27544,28921.20653,20886,21952.59018,42106.22244,-76.9363851,0.5213621386,-0.001827197517
521CI,N,2016,55547,57571.20649,32636,34800.41535,24416,26138.37457,48997.9024,-88.73668934,0.5334590522,-0.00181103037
521CI,S,2011,355907,360965.8062,4743,4869.485422,8970,9215.84624,,,,
521CI,S,2012,356710,356710,5607,5607,9105,9105,360965.8062,-757.8061553,0.02522399586,-0.002099384879
521CI,S,2013,362491,352174.7511,4554,4487.147055,9156,8987.797063,356710,-34.59892323,0.02519636978,-9.699454243e-05
521CI,S,2014,368331,349619.813,6646,6371.257821,9314,8897.79936,352174.7511,-28.39653022,0.02526529609,-8.063193098e-05
521CI,S,2015,372182,346985.0538,6642,6213.559228,9445,8826.528775,349619.813,-21.78963486,0.02524607716,-6.232379874e-05
521CI,S,2016,377497,346708.6076,9263,8534.990415,9535,8787.626743,346985.0538,-23.8099239,0.02532566359,-6.861945099e-05
523,E,2011,33225,32676.94363,6989,6774.202171,5905,5779.437966,,,,
523,E,2012,32475,32475,5711,5711,5840,5840,32676.94363,-72.94362622,0.178719285,-0.002232265877
523,E,2013,31756,32946.79054,6169,6321.406508,5732,5838.383358,32475,-11.23260459,0.1797808578,-0.0003458846678
523,E,2014,31281,33620.94496,6274,6604.446958,5682,5918.763655,32946.79054,-11.52888693,0.1796461372,-0.0003499244309
523,E,2015,30684,34632.3843,6542,7107.39503,5670,6083.009668,33620.94496,-12.94602555,0.1809291701,-0.0003850583487
523,E,2016,30588,35674.90145,6601,7380.209893,5707,6317.771083,34632.3843,-19.92165282,0.1824237982,-0.0005752319172
523,N,2011,22199,21886.0249,11080,10839.65232,10131,9916.008934,,,,
523,N,2012,21839,21839,10110,10110,10156,10156,21886.0249,-1.024898093,0.4640404115,-4.682888272e-05
523,N,2013,22978,23008.28984,11461,11628.02825,10294,10450.29851,21839,-8.43989954,0.4785154315,-0.0003864599817
523,N,2014,24535,24781.08468,12632,12991.40213,10880,11206.72462,23008.28984,-11.88266892,0.4870733416,-0.0005164516357
523,N,2015,26539,27120.95818,13965,14576.17484,11665,12223.80915,24781.08468,-12.49218962,0.4932717558,-0.0005041018092
523,N,2016,29984,30880.99662,16498,17437.98055,12836,13657.69913,27120.95818,-20.24299428,0.5035846828,-0.0007463967218
523,S,2011,100089,101653.6928,1776,1820.428511,2555,2621.195598,,,,
523,S,2012,100426,100426,1549,1549,2596,2596,101653.6928,-180.6928263,0.02553768513,-0.001777533322
523,S,2013,102617,99255.67799,1435,1399.760259,2620,2564.606623,100426,-5.475648588,0.02553727743,-5.452421274e-05
523,S,2014,104491,98362.43971,1750,1647.971376,2678,2537.513883,99255.67799,-3.695769958,0.02556542794,-3.723484674e-05
523,S,2015,106777,98377.85469,2767,2544.553616,2738,2529.129361,98362.43971,-0.009277585955,0.02571234883,-9.432041318e-08
523,S,2016,110256,99290.72653,3837,3447.42233,2808,2540.559524,98377.85469,6.009038236,0.02582450625,6.108120831e-05
524,E,2011,45372,45430.25252,7596,7538.82494,8069,8062.091143,,,,
524,E,2012,45787,45787,8652,8652,8182,8182,45430.25252,-113.2525211,0.1801002536,-0.002492887775
524,E,2013,47178,47482.66554,10147,10220.76586,8475,8511.88236,45787,-13.2179532,0.1859017267,-0.0002886835389
524,E,2014,48786,49272.91699,10578,10707.29873,8864,8918.039597,47482.66554,0.9923113542,0.1878167431,2.089839193e-05
524,E,2015,50899,52300.15014,12135,12439.51361,9269,9400.975498,49272.91699,-11.30496107,0.1907939711,-0.0002294355959
524,E,2016,53477,55619.4176,12769,13322.28611,9727,9996.131265,52300.15014,-6.887384567,0.1911300682,-0.0001316895754
524,N,2011,41165,40540.66977,20819,20339.9564,19000,18564.44238,,,,
524,N,2012,44527,44527,24291,24291,20252,20252,40540.66977,-52.66977112,0.4995477409,-0.001299183546
524,N,2013,49115,49261.84164,27068,27522.52271,22351,22733.17419,44527,-54.50687849,0.5105480762,-0.001224130943
524,N,2014,51185,51821.26907,26346,27161.13725,23794,24588.61135,49261.84164,-13.09847702,0.4991411309,-0.0002658949927
524,N,2015,54339,55661.9064,28524,29867.00109,24720,26000.97351,51821.26907,-25.39024881,0.5017432798,-0.0004899580667
524,N,2016,58974,60820.36851,31228,33067.79509,26128,27887.31997,55661.9064,-22.01301992,0.5010126633,-0.0003954772903
524,S,2011,152897,155229.9235,1457,1497.521343,3952,4058.685708,,,,
524,S,2012,152643,152643,1708,1708,3994,3994,155229.9235,-300.9234872,0.02572957527,-0.001938566228
524,S,2013,155377,150783.5414,2124,2092.234947,4011,3932.939503,152643,-18.75400368,0.02576560669,-0.0001228618651
524,S,2014,158153,150027.4537,3287,3153.22681,4084,3892.57328,150783.5414,-16.74125119,0.02581563772,-0.0001110283724
524,S,2015,162505,151451.5336,5698,5333.743027,4176,3898.21071,150027.4537,-11.4524118,0.02598331581,-7.633544073e-05
524,S,2016,164734,151380.1354,4179,3852.087916,4245,3912.720469,151451.5336,-10.76563314,0.02583480257,-7.10830249e-05
525,E,2011,1075,1076.318711,162,163.0693362,162,164.4496032,,,,
525,E,2012,1098,1098,197,197,175,175,1076.318711,-0.3187111529,0.1625912457,-0.0002961122478
525,E,2013,989,987.8882172,63,62.00703463,172,175.3684524,1098,3.249634941,0.159716259,0.002959594664
525,E,2014,896,891.5188396,62,64.02092352,159,161.2565476,987.8882172,0.8662465334,0.1632335975,0.0008768669555
525,E,2015,824,833.532781,85,88.85952381,143,149.0696429,891.5188396,2.224060413,0.1672086289,0.002494686948
525,E,2016,792,815.464359,112,122.5770924,135,140.8835317,833.532781,0.2380174212,0.1690197854,0.0002855525621
525,N,2011,727,721.2405543,467,463.4304524,267,262.4033004,,,,
525,N,2012,1131,1131,807,807,397,397,721.2405543,-0.2405542956,0.5504404843,-0.0003335285214
525,N,2013,986,985.9005377,305,305.8745811,449,451.7198909,1131,0.7458475652,0.3993986657,0.0006594585015
525,N,2014,928,931.4179277,345,349.734154,400,405.1313922,985.9005377,0.9146282027,0.4109252168,0.0009277083923
525,N,2015,1031,1045.887543,525,536.0213629,413,420.8397057,931.4179277,-0.7120415476,0.4518269331,-0.00076447052
525,N,2016,1334,1367.596526,822,853.5101542,512,530.1280551,1045.887543,-1.673116946,0.5068690783,-0.001599710176
525,S,2011,38517,39043.15067,143,146.020979,962,987.7197814,,,,
525,S,2012,38200,38200,129,129,967,967,39043.15067,-5.15067121,0.02476746839,-0.0001319225299
525,S,2013,38346,37270.56406,21,20.74825175,961,943.7078293,38200,-6.476365128,0.02470439344,-0.0001695383541
525,S,2014,38317,36376.89671,33,31.57342657,963,921.1845391,37270.56406,-4.056230653,0.02471614161,-0.0001088320168
525,S,2015,38061,35479.69097,7,6.314685315,962,897.8825058,36376.89671,-5.637925077,0.0246827681,-0.0001549864223
525,S,2016,37731,34633.99589,39,36.08391608,952,876.26097,35479.69097,-5.518020225,0.02469753671,-0.0001555261637
532RL,E,2011,345124,350017.6297,60292,61489.50346,48136,48982.51661,,,,
532RL,E,2012,374696,374696,76242,76242,51744,51744,350017.6297,180.3702823,0.1478325536,0.0005153177069
532RL,E,2013,394643,392019.7143,72943,72421.95038,55578,55234.34513,374696,136.1090184,0.1474110883,0.0003632518586
532RL,E,2014,420961,413903.2943,80978,79839.55164,58881,58123.76814,392019.7143,167.7965781,0.1482674621,0.0004280309688
532RL,E,2015,449653,441342.0175,90648,89006.02623,62857,61731.45329,413903.2943,164.1502329,0.149144629,0.0003965907862
532RL,E,2016,467178,457344.6954,82404,81133.07545,66332,65234.92581,441342.0175,104.5282035,0.1478103675,0.0002368417222
532RL,N,2011,1417,1394.439607,754,736.8620398,648,631.615066,,,,
532RL,N,2012,1650,1650,995,995,735,735,1394.439607,-4.439607437,0.5270934618,-0.00318379327
532RL,N,2013,2192,2200.882707,1489,1512.794058,939,955.8231189,1650,-6.08823192,0.5792867387,-0.003689837527
532RL,N,2014,3147,3203.162627,2314,2389.071276,1328,1374.484539,2200.882707,-12.30681804,0.624515125,-0.005591764613
532RL,N,2015,4488,4637.461698,3315,3484.334767,1927,2034.162884,3203.162627,-15.87281164,0.6350482699,-0.004955356154
532RL,N,2016,5898,6174.52738,4110,4387.06435,2636,2830.646467,4637.461698,-19.35220046,0.6103870289,-0.004173015698
532RL,S,2011,22978,23433.21742,565,584.9843193,607,624.3016067,,,,
532RL,S,2012,23431,23431,622,622,626,626,23433.21742,1.782580087,0.02671421465,7.607065026e-05
532RL,S,2013,24095,23412.74981,619,602.820816,640,625.911932,23431,4.840927206,0.02671298417,0.0002066035255
532RL,S,2014,24863,23605.37364,863,818.1247087,658,627.6068256,23412.74981,2.105945113,0.02680619879,8.994864467e-05
532RL,S,2015,26032,24273.62037,1400,1302.792242,686,640.8877391,23605.37364,6.342228517,0.02715007815,0.0002686773196
532RL,S,2016,27041,24834.35935,1322,1212.395848,716,657.7568737,24273.62037,6.100002907,0.02709760076,0.0002513017347
5411,E,2011,15773,15708.22796,2769,2748.187701,3158,3150.579014,,,,
5411,E,2012,15901,15901,3364,3364,3167,3167,15708.22796,-4.227957189,0.2016140846,-0.0002691555789
5411,E,2013,15949,16137.35473,3448,3484.817697,3227,3244.890929,15901,-3.572034382,0.204068356,-0.000224642122
5411,E,2014,15334,15662.97727,2683,2737.693483,3178,3212.139552,16137.35473,0.06860974979,0.1990499438,4.251610684e-06
5411,E,2015,15050,15739.67534,3117,3225.762252,3080,3142.135361,15662.97727,-6.928826664,0.2006090736,-0.0004423697068
5411,E,2016,14685,15595.55305,2810,2955.557071,2994,3099.535564,15739.67534,-0.1437988263,0.1969249998,-9.136073218e-06
5411,N,2011,2893,2823.971676,1574,1526.964503,1617,1570.337288,,,,
5411,N,2012,3254,3254,2133,2133,1697,1697,2823.971676,-5.971675525,0.6009267071,-0.002114637189
5411,N,2013,3614,3655.425153,2303,2348.106659,1905,1942.036574,3254,-4.644931143,0.5968151734,-0.001427452718
5411,N,2014,3518,3609.678165,1905,1973.892624,1945,2021.429719,3655.425153,1.790107262,0.5529944218,0.0004897124649
5411,N,2015,3722,3864.638171,2180,2298.30836,1930,2045.003008,3609.678165,1.654654059,0.5665333347,0.0004583937913
5411,N,2016,3781,3972.161857,2077,2215.799284,1964,2107.834141,3864.638171,-0.4414577151,0.5454156501,-0.000114230025
5411,S,2011,24050,24391.9438,370,378.9920844,599,617.2923301,,,,
5411,S,2012,24122,24122,341,341,611,611,24391.9438,0.05620473972,0.02504925418,2.304233733e-06
5411,S,2013,24790,24110.44443,606,595.6253298,616,607.4227642,24122,0.2418637118,0.02518127702,1.002668567e-05
5411,S,2014,25444,24157.73067,683,653.2084433,634,607.4468898,24110.44443,1.524687575,0.02519434644,6.323763877e-05
5411,S,2015,25980,24194.16818,690,644.2110818,650,608.3733663,24157.73067,0.5997956869,0.02518338227,2.482831252e-05
5411,S,2016,26656,24420.4019,908,834.9551451,663,612.0068951,24194.16818,3.285466404,0.02529563697,0.0001357957992
5412OP,E,2011,120693,120375.9716,23120,22981.77085,20915,20872.983,,,,
5412OP,E,2012,124876,124876,26164,26164,21600,21600,120375.9716,-63.97159525,0.179437804,-0.0005314316005
5412OP,E,2013,128115,129528.8966,26899,27209.10721,22329,22490.86764,124876,-65.34295432,0.1801056059,-0.0005232627112
5412OP,E,2014,129954,132504.0943,25519,26062.11677,22718,23050.04463,129528.8966,-36.87449431,0.1779529142,-0.000284681606
5412OP,E,2015,131126,135682.3438,25792,26551.12596,22812,23360.75932,132504.0943,-12.11709303,0.1763021698,-9.144693298e-05
5412OP,E,2016,132971,138407.7289,25360,26287.58933,22785,23570.00869,135682.3438,7.804481111,0.1737146339,5.752024097e-05
5412OP,N,2011,209769,211478.4606,55719,56244.71372,49418,49811.55691,,,,
5412OP,N,2012,220962,220962,61364,61364,51864,51864,211478.4606,-16.4605772,0.2452448342,-7.783571506e-05
5412OP,N,2013,231903,226501.8961,59826,59615.48759,54246,54062.92629,220962,-12.66520573,0.2446706958,-5.731847889e-05
5412OP,N,2014,236220,228636.9808,57926,57181.873,55698,55045.62976,226501.8961,-1.158526871,0.2430250285,-5.114866106e-06
5412OP,N,2015,238771,232759.6352,60800,59642.96646,56413,55515.33078,228636.9808,-4.981301685,0.2428099365,-2.178694657e-05
5412OP,N,2016,246963,238005.5455,61978,61496.69541,56505,56248.07058,232759.6352,-2.714503195,0.2416573241,-1.166225919e-05
5412OP,S,2011,114818,116368.44,4755,4899.44575,3002,3085.754013,,,,
5412OP,S,2012,118204,118204,4973,4973,3141,3141,116368.44,3.560024283,0.0269918545,3.059269579e-05
5412OP,S,2013,123225,119454.8565,4516,4433.131125,3243,3184.295927,118204,2.021311755,0.02693898622,1.710019759e-05
5412OP,S,2014,127403,120727.6603,4713,4489.825089,3378,3220.181582,119454.8565,3.160310299,0.02695730987,2.64561056e-05
5412OP,S,2015,135757,126569.3857,9811,9136.498167,3565,3326.933122,120727.6603,32.16030164,0.02755733949,0.0002663871854
5412OP,S,2016,143692,132410.4152,10094,9309.156542,3785,3499.165328,126569.3857,31.03827179,0.02764622195,0.0002452273243
5415,E,2011,26776,26430.76569,7487,7289.854915,7300,7122.684435,,,,
5415,E,2012,27038,27038,8079,8079,7460,7460,26430.76569,-11.76568655,0.2822468365,-0.0004451511806
5415,E,2013,27805,28344.43099,8952,9111.411427,7678,7795.944058,27038,-9.036375092,0.288332867,-0.0003342101891
5415,E,2014,26299,27201.87036,6440,6659.865878,7621,7812.962683,28344.43099,10.53617351,0.2756436594,0.0003717193515
5415,E,2015,24930,26741.65226,6676,7109.110588,7236,7573.40749,27201.87036,4.078799813,0.2784149541,0.0001499455647
5415,E,2016,23395,25900.30895,5788,6401.887433,6738,7250.822026,26741.65226,7.591279862,0.2711433817,0.0002838747505
5415,N,2011,42461,42749.17061,19301,19527.47196,19409,19642.58171,,,,
5415,N,2012,40841,40841,17235,17235,19141,19141,42749.17061,-2.170612052,0.4477513768,-5.077553602e-05
5415,N,2013,41206,40364.80676,18236,18236.03996,18759,18694.38201,40841,-17.85119621,0.457735658,-0.0004370900862
5415,N,2014,41613,40544.82667,19100,18898.91112,18942,18715.36679,40364.80676,-3.524423047,0.4636555528,-8.731425542e-05
5415,N,2015,44896,44182.97846,23654,23273.79899,19944,19621.53651,40544.82667,-14.11068821,0.4839467357,-0.0003480268477
5415,N,2016,50000,48763.20016,26233,26149.35093,21583,21558.48204,44182.97846,-10.64719225,0.487936368,-0.0002409795043
5415,S,2011,25207,25503.81458,874,897.3688051,626,642.5925926,,,,
5415,S,2012,25696,25696,839,839,648,648,25503.81458,1.185423194,0.0254079639,4.648023104e-05
5415,S,2013,26800,26057.3754,1028,1013.444563,664,654.2,25696,2.130837873,0.02545921544,8.292488611e-05
5415,S,2014,27524,26128.00957,763,732.0538664,689,660.5,26057.3754,-0.919692777,0.02534790975,-3.52949122e-05
5415,S,2015,28146,26214.9328,801,749.1547076,707,662.3111111,26128.00957,0.07962645999,0.02534870133,3.0475517e-06
5415,S,2016,29497,27050.92441,1637,1508.664386,731,674.0111111,26214.9328,1.338339015,0.02571096086,5.105254417e-05
55,E,2011,43994,43925.72316,9043,8896.723393,6868,6850.724255,,,,
55,E,2012,46067,46067,9427,9427,7248,7248,43925.72316,-37.72316383,0.1650058207,-0.0008587943718
55,E,2013,47253,48006.63185,9420,9600.326141,7567,7623.866475,46067,-36.82781997,0.1654951804,-0.0007994403796
55,E,2014,48059,49701.66973,9251,9671.317449,7791,7938.278642,48006.63185,-38.00092325,0.1653579586,-0.000791576534
55,E,2015,48018,51290.25327,9129,9853.801884,7909,8224.822324,49701.66973,-40.39602259,0.1654838231,-0.0008127699293
55,E,2016,48887,53523.82339,9689,10830.32147,8031,8555.571024,51290.25327,-41.18032128,0.1668069561,-0.0008028878521
55,N,2011,45088,44860.30756,22393,22233.40944,17837,17716.65747,,,,
55,N,2012,49826,49826,24888,24888,19900,19900,44860.30756,-22.30755816,0.443599277,-0.0004972671695
55,N,2013,50920,50963.80723,22418,22538.07347,21286,21386.09532,49826,-14.17091817,0.4292155766,-0.0002844081036
55,N,2014,50098,50409.30503,20872,21157.10866,21445,21698.17432,50963.80723,-13.43654797,0.4257565417,-0.0002636488265
55,N,2015,47986,48652.5824,19159,19659.75597,20939,21405.44038,50409.30503,-11.03822004,0.4246327215,-0.000218971875
55,N,2016,47168,48313.40381,20081,20913.785,20496,21232.5692,48652.5824,-20.39439362,0.4364119673,-0.0004191841956
55,S,2011,278044,282208.8194,2184,2238.538996,7110,7320.635349,,,,
55,S,2012,278547,278547,3558,3558,7202,7202,282208.8194,-17.81942579,0.02552010959,-6.314269634e-05
55,S,2013,281879,273875.4896,2483,2439.658143,7224,7092.493373,278547,-18.67516125,0.02546246548,-6.704491972e-05
55,S,2014,283933,269503.4899,2731,2616.266127,7300,6971.925191,273875.4896,-16.34065664,0.02545655035,-5.966454559e-05
55,S,2015,284991,265603.0072,3173,2981.189621,7348,6865.031242,269503.4899,-16.6411148,0.0254728844,-6.174730728e-05
55,S,2016,286846,263417.9507,4961,4605.378815,7364,6787.654011,265603.0072,-2.781214022,0.0255556369,-1.047131978e-05
561,E,2011,75734,75726.34786,16223,16197.85827,13171,13208.79038,,,,
561,E,2012,78415,78415,16585,16585,13881,13881,75726.34786,-15.34786138,0.1833047597,-0.0002026753146
561,E,2013,81743,82512.96759,18672,18765.43088,14609,14657.73986,78415,-9.72342191,0.1869252039,-0.0001239995143
561,E,2014,85117,86519.433,19343,19505.97544,15390,15491.94902,82512.96759,-7.561015262,0.1877516889,-9.16342665e-05
561,E,2015,87628,90330.88984,19844,20061.5732,16054,16250.07704,86519.433,-0.03931528991,0.1878199669,-4.544099348e-07
561,E,2016,91365,94567.02124,20995,21270.0835,16699,17040.69714,90330.88984,6.745034532,0.1886475066,7.467029877e-05
561,N,2011,29674,29393.3864,15358,15170.32352,12860,12699.13785,,,,
561,N,2012,32932,32932,17652,17652,14099,14099,29393.3864,-14.38640126,0.4796657251,-0.0004894434777
561,N,2013,36488,36622.24486,19391,19550.28222,15709,15841.36379,32932,-18.67356933,0.4810325455,-0.0005670341712
561,N,2014,39728,40191.50128,20856,21250.20236,17331,17657.72638,36622.24486,-23.21955742,0.4821584927,-0.0006340287853
561,N,2015,41729,42589.43157,20920,21614.14094,18593,19199.40525,40191.50128,-16.80539907,0.4776981362,-0.0004181331509
561,N,2016,44651,46130.79402,23253,24374.03556,19870,20804.92082,42589.43157,-27.75228004,0.4884996126,-0.0006516236309
561,S,2011,55690,56570.37519,1783,1820.714754,1361,1396.659755,,,,
561,S,2012,57134,57134,1967,1967,1405,1405,56570.37519,1.62481345,0.02483632105,2.872198469e-05
561,S,2013,59718,57790.09902,2113,2069.303232,1448,1417.801237,57134,4.597027529,0.02481536804,8.046045313e-05
561,S,2014,62141,58617.47093,2364,2248.223168,1512,1431.819059,57790.09902,10.96780029,0.02477620014,0.0001897868403
561,S,2015,65180,60346.48852,3407,3179.526201,1581,1460.197281,58617.47093,9.688672711,0.02491061552,0.0001652864335
561,S,2016,69584,63240.69323,4760,4386.09133,1672,1515.623614,60346.48852,23.73698672,0.02511535718,0.0003933449534
562,E,2011,25729,26022.56444,5070,5155.013444,3688,3762.336927,,,,
562,E,2012,26134,26134,4027,4027,3909,3909,26022.56444,-6.564440229,0.1502157871,-0.0002522595436
562,E,2013,26890,26826.14209,4714,4692.115957,4022,4000.674283,26134,0.7004184462,0.153083121,2.680104256e-05
562,E,2014,28068,27860.4056,5250,5183.06182,4209,4157.667545,26826.14209,8.869232843,0.1549856677,0.0003306190213
562,E,2015,28608,28481.99606,5016,4916.899674,4381,4306.007652,27860.4056,10.6984391,0.1545565314,0.0003840015559
562,E,2016,29799,29618.95134,5695,5582.410146,4536,4458.262201,28481.99606,12.80733485,0.1565291348,0.0004496642307
562,N,2011,851,850.0440075,333,329.6665754,259,256.7374359,,,,
562,N,2012,880,880,317,317,286,286,850.0440075,-1.044007476,0.3364531689,-0.001228180503
562,N,2013,928,914.4280503,336,340.6382221,301,301.775352,880,-4.434819734,0.3429265364,-0.00503956788
562,N,2014,967,951.661797,351,355.777925,314,317.3984674,914.4280503,-1.145710951,0.3471005371,-0.001252926297
562,N,2015,968,960.5707596,327,331.2789007,316,320.5502438,951.661797,-1.819694247,0.3368321024,-0.001912122829
562,N,2016,1029,1016.452128,374,381.642163,316,324.404737,960.5707596,-1.356058058,0.3377208121,-0.00141172115
562,S,2011,69590,71242.42695,708,737.725088,1617,1676.458296,,,,
562,S,2012,70094,70094,516,516,1655,1655,71242.42695,-9.426952456,0.02323053931,-0.000132322169
562,S,2013,70563,69116.06052,670,663.1827552,1660,1631.949372,70094,-9.172867281,0.02328229765,-0.0001308652279
562,S,2014,71557,68161.21952,687,663.3177649,1681,1608.803502,69116.06052,-9.355262866,0.02327684029,-0.0001353558463
562,S,2015,71810,67745.69218,1258,1186.919929,1700,1596.441622,68161.21952,-6.005643815,0.02342155309,-8.810939501e-05
562,S,2016,73173,67626.65257,1592,1478.37732,1718,1592.870944,67745.69218,-4.545991173,0.02351250526,-6.710376744e-05
61,E,2011,47245,46843.17551,10073,9976.239347,8073,8017.663254,,,,
61,E,2012,47948,47948,9456,9456,8344,8344,46843.17551,-7.175506223,0.1781262673,-0.0001531814644
61,E,2013,47862,48406.82636,8830,8958.865168,8401,8489.332064,47948,-10.70674188,0.177052892,-0.0002232990298
61,E,2014,47677,48809.64238,8646,8934.351995,8347,8517.529775,48406.82636,-14.00620322,0.1759572031,-0.0002893435548
61,E,2015,48428,50619.10197,9921,10471.24104,8352,8634.975864,48809.64238,-26.80558703,0.1769112709,-0.0005491863026
61,E,2016,48078,50985.06437,8418,9114.320225,8296,8729.48614,50619.10197,-18.87168299,0.1724543858,-0.0003728174198
61,N,2011,24140,24203.99241,9174,9156.264043,6938,6915.847544,,,,
61,N,2012,26696,26696,10194,10194,7707,7707,24203.99241,5.00759467,0.3184185431,0.0002068912676
61,N,2013,28700,28402.61405,10014,10001.23822,8302,8306.359746,26696,11.73557557,0.3111462296,0.0004396005233
61,N,2014,30158,29844.77473,10102,10040.02376,8621,8610.477839,28402.61405,12.61475708,0.3031579355,0.0004441407069
61,N,2015,32014,32072.81883,11131,11209.81541,8901,8995.098274,29844.77473,13.32696486,0.3013960854,0.0004465426522
61,N,2016,33615,33322.62084,10466,10520.06706,9169,9287.182138,32072.81883,16.91708912,0.2895655099,0.000527458756
61,S,2011,425164,430304.9448,12812,13228.68036,8070,8328.668135,,,,
61,S,2012,436111,436111,14227,14227,8429,8429,430304.9448,8.055214432,0.01958843397,1.871978124e-05
61,S,2013,456504,440573.5765,13192,12983.08161,8669,8523.217075,436111,2.71201332,0.01954368745,6.218630853e-06
61,S,2014,471399,445656.633,14397,13692.88955,9062,8614.921807,440573.5765,5.088718474,0.01955387764,1.15502126e-05
61,S,2015,487886,452476.1549,16684,15541.86883,9368,8736.587718,445656.633,14.24081771,0.01960385434,3.195468585e-05
61,S,2016,499361,460806.0154,18659,17203.90351,9625,8889.090782,452476.1549,15.04772224,0.01964543476,3.325638727e-05
621,E,2011,133023,130430.8934,27464,27043.12333,22652,22295.88118,,,,
621,E,2012,135651,135651,29000,29000,23181,23181,130430.8934,-598.8933709,0.1777262994,-0.004591652755
621,E,2013,139920,142504.5763,30396,31237.83973,23644,24263.84352,135651,-120.4199392,0.1788696251,-0.0008877187724
621,E,2014,143228,148048.361,29410,31001.32565,24161,25337.19344,142504.5763,-120.3474365,0.1777991563,-0.0008445162929
621,E,2015,148271,154144.4506,30646,32539.57138,24907,26326.59151,148048.361,-116.8903217,0.1778242685,-0.0007895414773
621,E,2016,151838,159271.6413,30247,32489.95498,25516,27262.16165,154144.4506,-100.6026002,0.1768611296,-0.0006526514565
621,N,2011,11842,11850.24694,3933,3889.645334,3518,3484.829903,,,,
621,N,2012,12549,12549,4513,4513,3806,3806,11850.24694,-8.246941319,0.3211747417,-0.0006959299127
621,N,2013,13346,13121.19111,4668,4711.102737,4094,4135.504138,12549,-3.407488048,0.3295485009,-0.0002715346281
621,N,2014,13967,13684.77728,4845,4895.343804,4270,4333.021154,13121.19111,1.263523449,0.3302307784,9.629639859e-05
621,N,2015,14780,14627.43755,5412,5481.619188,4442,4536.615748,13684.77728,-2.343174969,0.33150819,-0.0001712249254
621,N,2016,16146,15851.79306,5910,6052.490536,4660,4827.248814,14627.43755,-0.8862110797,0.3300132916,-6.058553159e-05
621,S,2011,180246,182623.7919,4403,4461.219626,4130,4201.789518,,,,
621,S,2012,183563,183563,5952,5952,4219,4219,182623.7919,-793.7919252,0.02310213776,-0.004346596447
621,S,2013,192343,185856.6627,6678,6534.131812,4345,4258.41876,183563,17.94965402,0.02319867707,9.778470617e-05
621,S,2014,197724,187511.2037,6264,5953.580603,4525,4306.096636,185856.6627,7.057015749,0.02316891186,3.797020589e-05
621,S,2015,201798,189668.8535,6902,6500.566071,4637,4349.041941,187511.2037,6.125725575,0.02319350447,3.266858435e-05
621,S,2016,205488,191646.9439,6815,6373.402598,4732,4396.779166,189668.8535,1.466888331,0.02318134519,7.733944205e-06
622,E,2011,187387,184233.821,42053,41397.52509,29884,29461.59645,,,,
622,E,2012,197250,197250,44994,44994,31649,31649,184233.821,-328.8210264,0.1717871335,-0.001784802728
622,E,2013,207904,211640.7313,47424,48814.10347,33283,34133.10917,197250,-290.2630273,0.1730449134,-0.001471548934
622,E,2014,216270,223389.0422,45916,48572.81294,34848,36542.54718,211640.7313,-281.9548859,0.1726631115,-0.001332233565
622,E,2015,227637,236309.2026,48802,52067.90471,36771,38856.16679,223389.0422,-291.5774855,0.1739394485,-0.001305245247
622,E,2016,238627,250246.2676,51470,55622.04132,38719,41366.4005,236309.2026,-318.575808,0.1750520083,-0.001348131196
622,N,2011,18087,18020.41754,7579,7475.572729,5965,5877.638329,,,,
622,N,2012,19981,19981,8720,8720,6744,6744,18020.41754,-15.41754392,0.3742421608,-0.0008555597495
622,N,2013,22002,21766.45113,9286,9380.448457,7498,7588.325021,19981,-6.672310832,0.3797770392,-0.0003339327778
622,N,2014,23397,23155.24036,9401,9544.566204,7993,8153.671293,21766.45113,-2.105678918,0.3745981026,-9.67396525e-05
622,N,2015,25014,25048.45738,10353,10623.86055,8452,8724.285806,23155.24036,-6.357720672,0.3767737096,-0.0002745694095
622,N,2016,27380,27379.89033,11427,11914.88494,9136,9572.365108,25048.45738,-11.08688195,0.3821538773,-0.000442617355
622,S,2011,599907,608189.9699,24014,24302.63345,11359,11496.44429,,,,
622,S,2012,617747,617747,24339,24339,11715,11715,608189.9699,-3066.969864,0.01926207366,-0.005042782709
622,S,2013,651573,627770.9274,22350,21855.55993,12177,11907.8862,617747,76.25366288,0.01927631571,0.0001234383378
622,S,2014,670788,636104.7168,21469,20363.22836,12747,12089.93215,627770.9274,60.49320438,0.01925850914,9.636190805e-05
622,S,2015,684389,646334.0307,23832,22436.38949,13040,12275.24038,636104.7168,68.16477089,0.0192975151,0.000107159669
622,S,2016,698909,657454.0919,25153,23534.28905,13353,12491.78534,646334.0307,77.5574971,0.01932713542,0.0001199959981
623,E,2011,17931,17938.00704,3629,3636.505979,2616,2629.029236,,,,
623,E,2012,18053,18053,2874,2874,2721,2721,17938.00704,-38.00704333,0.151689092,-0.002118799666
623,E,2013,18788,18851.97342,3584,3602.157784,2788,2797.785665,18053,-5.398699484,0.1549762181,-0.0002990472212
623,E,2014,19564,19639.67495,3681,3712.285811,2914,2930.215434,18851.97342,5.631156656,0.1554328223,0.0002987038296
623,E,2015,19849,20021.76443,3378,3403.626329,3004,3023.082682,19639.67495,1.545828969,0.1539273277,7.870949862e-05
623,E,2016,20339,20559.49609,3595,3632.650111,3073,3100.610627,20021.76443,5.69218059,0.1548620072,0.0002842996485
623,N,2011,2103,2109.645159,678,673.1078343,547,545.9817309,,,,
623,N,2012,2193,2193,668,668,586,586,2109.645159,1.354840575,0.2777718316,0.0006422125392
623,N,2013,2433,2377.061115,812,817.233224,627,634.9791422,2193,1.807033639,0.2895481725,0.0008240007473
623,N,2014,2693,2618.306259,941,945.1888843,698,707.1303672,2377.061115,3.186626625,0.2974809367,0.001340574125
623,N,2015,2926,2870.984334,1022,1019.005619,757,767.3719859,2618.306259,1.044441416,0.2930795369,0.0003988996368
623,N,2016,3340,3237.800632,1191,1204.445064,816,838.0924554,2870.984334,0.4636891729,0.2919181569,0.0001615087785
623,S,2011,60927,61790.85904,3241,3283.236806,1291,1312.647274,,,,
623,S,2012,63395,63395,3194,3194,1345,1345,61790.85904,-244.8590364,0.02176697364,-0.003962706462
623,S,2013,67341,64969.59555,3006,2938.264938,1406,1373.909925,63395,10.24053954,0.02167221272,0.0001615354451
623,S,2014,71200,67374.73288,4007,3798.858992,1490,1412.729723,64969.59555,19.00805999,0.02174447464,0.0002925685443
623,S,2015,73923,69300.01653,3584,3361.942105,1555,1452.58369,67374.73288,15.92522975,0.02155976918,0.0002363679835
623,S,2016,76645,71196.79203,3623,3370.584348,1610,1488.504739,69300.01653,14.69589541,0.02147913974,0.0002120619323
624,E,2011,10815,10798.84626,2407,2411.597702,1877,1880.341258,,,,
624,E,2012,10930,10930,2083,2083,1936,1936,10798.84626,-15.84625614,0.1792784112,-0.001467402699
624,E,2013,11013,11049.53861,2065,2072.516149,1947,1952.6759,10930,-0.3016411197,0.1786528728,-2.759754069e-05
624,E,2014,11396,11463.68417,2386,2400.875349,1982,1985.607855,11049.53861,-1.121933027,0.179700522,-0.0001015366403
624,E,2015,11439,11654.89227,2187,2213.459392,2003,2021.513128,11463.68417,-0.7381587943,0.176340616,-6.439106168e-05
624,E,2016,11467,11747.88408,2074,2124.783989,1996,2025.094825,11654.89227,-6.697359714,0.1737549158,-0.0005746393494
624,N,2011,1012,996.9905765,568,554.9527646,442,430.50122,,,,
624,N,2012,1088,1088,584,584,490,490,996.9905765,-2.990576541,0.4914790686,-0.002999603618
624,N,2013,1174,1177.19912,612,621.8973214,525,533.9375364,1088,1.239335161,0.4907514121,0.001139094817
624,N,2014,1348,1362.055646,761,784.4520227,578,596.8700905,1177.19912,-2.72540605,0.5070256002,-0.002315161474
624,N,2015,1426,1454.570337,719,750.3193851,623,654.6427627,1362.055646,-3.161931957,0.4806285004,-0.002321441099
624,N,2016,1528,1564.926117,754,794.6327542,645,685.0977961,1454.570337,0.8208220201,0.4709966777,0.0005643054855
624,S,2011,43467,44146.72098,990,1013.699673,1048,1069.774684,,,,
624,S,2012,44772,44772,1913,1913,1073,1073,44146.72098,-214.7209795,0.02430531591,-0.004863803579
624,S,2013,48679,46863.45975,3255,3185.42287,1129,1100.039924,44772,6.07680582,0.02456981873,0.0001357278169
624,S,2014,50756,47627.47291,2007,1890.718662,1202,1128.444741,46863.45975,1.739238132,0.02407941597,3.71128837e-05
624,S,2015,53093,48865.3695,2592,2384.236935,1256,1150.215338,47627.47291,3.874994041,0.02415024918,8.136047966e-05
624,S,2016,55192,49830.58652,2369,2142.008516,1308,1179.749215,48865.3695,2.95772019,0.02414284854,6.052794075e-05
711AS,E,2011,18263,18234.95259,4011,4002.881037,2729,2741.507967,,,,
711AS,E,2012,18776,18776,3430,3430,2884,2884,18234.95259,-4.95258714,0.1581578009,-0.0002715985751
711AS,E,2013,20138,20234.29255,4466,4500.890381,3028,3038.416073,18776,-4.181760778,0.1618244606,-0.0002227184053
711AS,E,2014,22300,22622.78156,5614,5728.481516,3310,3336.340401,20234.29255,-3.652103002,0.1648854485,-0.000180490768
711AS,E,2015,22898,23736.86529,4506,4711.096469,3523,3593.396887,22622.78156,-3.615849753,0.1588397464,-0.0001598322356
711AS,E,2016,24389,25692.88044,5361,5772.964729,3664,3809.660936,23736.86529,-7.288644352,0.1604955367,-0.0003070601051
711AS,N,2011,46941,48156.62244,7985,8124.072127,8424,8554.770334,,,,
711AS,N,2012,47707,47707,8020,8020,8479,8479,48156.62244,9.377562458,0.1760713184,0.0001947304853
711AS,N,2013,48049,47281.24835,8074,7978.961162,8517,8409.724196,47707,5.011382402,0.1762786215,0.0001050450123
711AS,N,2014,49091,47447.38438,8841,8615.34457,8696,8457.117276,47281.24835,7.908740586,0.1788683161,0.0001672701306
711AS,N,2015,50481,47556.88718,9047,8660.982877,8958,8561.205075,47447.38438,9.724990343,0.1804357645,0.0002049636765
711AS,N,2016,51959,48252.23028,10001,9417.873878,9306,8730.937596,47556.88718,8.406827301,0.1835893414,0.0001767741288
711AS,S,2011,82208,83953.24162,3680,3754.670346,2094,2139.840704,,,,
711AS,S,2012,85435,85435,3645,3645,2181,2181,83953.24162,17.75838413,0.02597874672,0.0002115270809
711AS,S,2013,90492,86408.76892,3291,3175.054832,2291,2209.969363,85435,8.683446254,0.02586726005,0.0001016380436
711AS,S,2014,95314,88107.33512,4259,3926.963664,2434,2242.798138,86408.76892,14.40067663,0.02595567749,0.0001666575836
711AS,S,2015,99990,90158.76109,4853,4321.142263,2564,2297.172884,88107.33512,27.45659329,0.02607243632,0.0003116266455
711AS,S,2016,106395,92748.81063,5709,4920.379204,2722,2361.840275,90158.76109,31.51061445,0.02619645885,0.0003495014136
713,E,2011,31497,31528.98862,4406,4451.310712,5040,5088.740968,,,,
713,E,2012,31600,31600,5127,5127,5054,5054,31528.98862,-1.988621444,0.1602969274,-6.307279525e-05
713,E,2013,32479,32280.93203,5815,5813.089407,5135,5123.420047,31600,-8.737330283,0.1621335458,-0.0002764977938
713,E,2014,33660,33365.16007,6348,6348.682864,5302,5257.061225,32280.93203,-7.393595827,0.1628534523,-0.0002290391065
713,E,2015,34967,34968.0011,6970,7059.858465,5489,5450.918962,33365.16007,-6.098475605,0.1633715813,-0.0001827797496
713,E,2016,37569,37874.26318,8372,8693.802338,5762,5774.19231,34968.0011,-13.3479524,0.165127892,-0.0003817190569
713,N,2011,1195,1188.472624,426,417.5465472,414,405.2328767,,,,
713,N,2012,1284,1284,542,542,444,444,1188.472624,-2.472624305,0.3735887482,-0.002080505898
713,N,2013,1489,1473.65435,709,720.4388112,520,528.7508382,1284,-2.033622956,0.4117997182,-0.001583818502
713,N,2014,1762,1753.039962,907,930.3463724,629,646.9703995,1473.65435,-3.990361259,0.4390245239,-0.002707800007
713,N,2015,2077,2096.976992,1099,1139.253387,759,791.2040425,1753.039962,-4.11231408,0.4513325765,-0.002345818789
713,N,2016,2644,2682.40112,1516,1599.70389,946,1004.662803,2096.976992,-9.616959676,0.4791005369,-0.004586106434
713,S,2011,116790,119770.5527,4306,4369.741977,3405,3461.754317,,,,
713,S,2012,121843,121843,5535,5535,3505,3505,119770.5527,42.44734385,0.02926428844,0.0003544055105
713,S,2013,131135,124068.1153,6012,5754.14886,3724,3569.359682,121843,40.32607947,0.02929474555,0.0003309675522
713,S,2014,141057,128168.9366,8478,7694.076482,4022,3663.817644,124068.1153,70.5625515,0.02953069478,0.0005687404161
713,S,2015,148164,130588.9939,6998,6137.041071,4267,3758.027295,128168.9366,41.04346206,0.02932089002,0.000320229403
713,S,2016,164105,137557.874,12783,10750.55342,4612,3893.891439,130588.9939,112.2181412,0.02981791438,0.0008593231168
721,E,2011,35943,36160.9432,4411,4464.697522,5555,5633.214203,,,,
721,E,2012,35389,35389,4669,4669,5440,5440,36160.9432,-0.9432000842,0.1504385538,-2.608339276e-05
721,E,2013,34973,34912.07138,4837,4831.415925,5319,5302.51515,35389,-5.829393245,0.1498351225,-0.0001647233108
721,E,2014,35353,35190.20708,5547,5532.483946,5293,5251.851499,34912.07138,-2.496749244,0.1504308192,-7.151535686e-05
721,E,2015,35592,35683.00086,5790,5783.147241,5314,5283.50372,35190.20708,-6.849742463,0.150141308,-0.0001946491093
721,E,2016,35395,35524.59171,5113,5130.960206,5290,5282.106427,35683.00086,-7.262927748,0.1480286495,-0.0002035402733
721,N,2011,2393,2384.141448,876,856.858962,779,765.1000458,,,,
721,N,2012,2555,2555,1028,1028,853,853,2384.141448,-4.141447801,0.3577807855,-0.001737081416
721,N,2013,2760,2722.202129,1105,1121.010663,938,951.4907338,2555,-2.317799902,0.3724034183,-0.0009071623883
721,N,2014,3055,3020.174804,1327,1354.688903,1031,1058.156232,2722.202129,1.440003536,0.3887133216,0.0005289847954
721,N,2015,3310,3308.566244,1420,1458.596616,1125,1168.119973,3020.174804,-2.085203903,0.3867723057,-0.0006904249051
721,N,2016,3576,3545.719639,1414,1461.253646,1166,1226.156511,3308.566244,2.056260224,0.3706005626,0.0006214958602
721,S,2011,291549,299271.0495,7701,7813.630662,8265,8387.784299,,,,
721,S,2012,300045,300045,9148,9148,8389,8389,299271.0495,14.95048334,0.02803144512,4.99563301e-05
721,S,2013,320710,302363.715,11203,10710.95229,8819,8433.989382,300045,41.75213573,0.02810908158,0.0001391529128
721,S,2014,337376,304883.049,12132,10976.58171,9391,8500.933984,302363.715,43.68626837,0.02811492769,0.0001444825096
721,S,2015,356203,311847.6596,17704,15479.6803,9870,8635.275447,304883.049,120.2056717,0.02832323894,0.0003942681368
721,S,2016,382744,317602.0585,17293,14468.34754,10524,8814.402002,311847.6596,100.4534342,0.02826508948,0.0003221234186
722,E,2011,73151,73503.93591,11714,11839.38699,10905,11043.10298,,,,
722,E,2012,75915,75915,13688,13688,11276,11276,73503.93591,-0.9359050538,0.1534067511,-1.273272026e-05
722,E,2013,80728,80510.09655,16449,16442.87473,11871,11838.20595,75915,-9.572233347,0.1559402746,-0.0001260914621
722,E,2014,83676,82992.78435,14972,14918.61563,12524,12424.22574,80510.09655,-11.70209005,0.1543188528,-0.0001453493481
722,E,2015,85006,84467.97111,14351,14268.51469,12929,12778.6365,82992.78435,-14.69143488,0.1539728616,-0.0001770206289
722,E,2016,84974,84313.43706,12839,12791.58426,13057,12929.02857,84467.97111,-17.08973983,0.1530642728,-0.00020232213
722,N,2011,1772,1765.890399,627,613.0632167,556,549.8749203,,,,
722,N,2012,1921,1921,801,801,644,644,1765.890399,-1.89039868,0.3646885449,-0.001070507366
722,N,2013,2459,2439.531303,1359,1382.443084,843,859.4091259,1921,-4.502656031,0.4473759114,-0.002343912561
722,N,2014,2946,2943.877576,1597,1639.194408,1099,1137.034687,2439.531303,2.18655202,0.4660873527,0.0008963000464
722,N,2015,3406,3452.897568,1807,1880.387044,1306,1373.979335,2943.877576,2.612283518,0.4667243455,0.0008873614647
722,N,2016,3886,3949.122304,1980,2086.669914,1491,1592.214015,3452.897568,1.768836663,0.4611240221,0.0005122760314
722,S,2011,146774,150574.0896,2984,3087.974223,3889,4020.130486,,,,
722,S,2012,150361,150361,3798,3798,4005,4005,150574.0896,-6.089592827,0.02659820166,-4.044250138e-05
722,S,2013,155489,150832.323,4602,4457.035945,4124,4006.596054,150361,20.88314213,0.02664651109,0.0001388866936
722,S,2014,159722,151277.4041,4726,4426.362809,4250,4019.553375,150832.323,38.27165966,0.02664915115,0.0002537364597
722,S,2015,163781,152085.9377,5248,4780.571567,4356,4035.297232,151277.4041,63.25926313,0.02667481806,0.0004181672967
722,S,2016,169124,153879.4005,6532,5751.876042,4479,4071.58359,152085.9377,113.1703444,0.02677159803,0.0007441210288
81,E,2011,86193,86450.73048,15058,15153.37264,13310,13421.62058,,,,
81,E,2012,87932,87932,15203,15203,13721,13721,86450.73048,-0.7304797952,0.1587146797,-8.449665967e-06
81,E,2013,88454,88635.17206,14620,14657.95744,13939,13944.5676,87932,-10.21778141,0.1585835373,-0.000116200944
81,E,2014,92194,92483.72354,18102,18217.71549,14360,14350.30418,88635.17206,-18.85983292,0.1619030442,-0.0002127804626
81,E,2015,96149,97479.68777,19841,20134.11985,15076,15119.30352,92483.72354,-18.85209772,0.1634806963,-0.0002038423303
81,E,2016,99855,101804.0502,19726,20304.46794,15770,15951.93376,97479.68777,-28.17171185,0.163643669,-0.000289000842
81,N,2011,26576,26782.92288,7199,7218.554626,6171,6188.16425,,,,
81,N,2012,27738,27738,7551,7551,6587,6587,26782.92288,-8.922881607,0.2459402967,-0.0003331556323
81,N,2013,29967,29250.69369,8541,8544.597915,7017,7025.855259,27738,-6.048961313,0.2532935056,-0.0002180748905
81,N,2014,33137,32151.68353,10720,10688.43158,7793,7771.224906,29250.69369,-16.21683584,0.265676602,-0.0005544085898
81,N,2015,36264,35605.39282,12343,12321.49513,8839,8855.109714,32151.68353,-12.67612683,0.2754166731,-0.0003942601268
81,N,2016,40536,39390.09626,13648,13802.29367,9837,10004.40385,35605.39282,-13.18638633,0.2809800161,-0.0003703480085
81,S,2011,453718,464332.665,6848,6979.418492,9735,9926.131332,,,,
81,S,2012,460751,460751,6321,6321,9849,9849,464332.665,-53.66502161,0.02121108581,-0.000115574513
81,S,2013,481073,457392.8982,6694,6466.313952,10129,9770.580917,460751,-53.83482809,0.02120577257,-0.0001168414786
81,S,2014,495575,454259.15,7149,6624.003162,10535,9703.322708,457392.8982,-54.42864276,0.02121441488,-0.0001189975686
81,S,2015,507777,452763.9513,9082,8206.746482,10811,9663.016294,454259.15,-38.92893007,0.02127203446,-8.569762452e-05
81,S,2016,530290,453626.8801,11937,10563.37442,11194,9675.348143,452763.9513,-25.09740714,0.02136951963,-5.543154898e-05
ORE,E,2011,62569,62713.481,9507,9578.608003,10338,10398.21137,,,,
ORE,E,2012,65570,65570,13353,13353,10488,10488,62713.481,-8.481004285,0.16723677,-0.0001352341498
ORE,E,2013,72428,72473.47597,18188,18204.89507,11292,11299.66703,65570,-1.752077888,0.1723298311,-2.672072423e-05
ORE,E,2014,78151,78007.25178,17925,17898.07553,12381,12350.93034,72473.47597,-13.36937067,0.1704200078,-0.0001844726017
ORE,E,2015,83890,84515.53233,19847,19898.20134,13369,13381.77216,78007.25178,-8.14863442,0.1715452327,-0.0001044599602
ORE,E,2016,92389,93396.87407,23358,23646.78764,14598,14732.98883,84515.53233,-32.45706671,0.1743228544,-0.0003840367069
ORE,N,2011,3840,3754.532699,1831,1775.268641,2083,2020.389893,,,,
ORE,N,2012,4331,4331,2733,2733,2147,2147,3754.532699,-9.532698815,0.5718421365,-0.002538984097
ORE,N,2013,5626,5677.522265,4046,4139.222252,2709,2771.967419,4331,-20.73256843,0.6400294202,-0.004787016492
ORE,N,2014,6533,6702.778197,4348,4536.770549,3342,3498.201063,5677.522265,-13.31355401,0.6161492461,-0.002344958484
ORE,N,2015,7597,7922.376096,5040,5376.568072,3862,4143.319357,6702.778197,-13.65081509,0.6181495547,-0.002036590603
ORE,N,2016,9470,10026.62952,6658,7223.541668,4664,5094.532663,7922.376096,-24.75557792,0.6430561489,-0.003124766815
ORE,S,2011,1054013,1075119.626,19729,20300.4375,27595,28310.01873,,,,
ORE,S,2012,1069873,1069873,23135,23135,28118,28118,1075119.626,-263.6260792,0.02615336872,-0.0002452062754
ORE,S,2013,1104689,1065051.423,23821,23191.18471,28747,27966.75014,1069873,-46.01123551,0.02614025229,-4.300625916e-05
ORE,S,2014,1134162,1064820.79,29316,27656.21957,29639,27882.02311,1065051.423,-4.830263842,0.02617903934,-4.535240023e-06
ORE,S,2015,1163734,1070921.025,36902,34002.18642,30390,27943.1906,1064820.79,41.23984054,0.02624215349,3.872937207e-05
ORE,S,2016,1201945,1081244.164,42584,38392.5812,31252,28148.60452,1070921.025,79.16188034,0.0262844821,7.391943801e-05
HS,R,2011,15892680,16320951.31,378837,382330.5865,372960,376661.9848,,,,
HS,R,2012,16352383,16352383,432014,432014,375646,375646,16320951.31,-24936.30646,0.02301618288,-0.001527870894
HS,R,2013,17495619,16463188.83,511364,486640.999,397829,377479.4183,16352383,1644.249277,0.02308406171,0.0001005510497
HS,R,2014,18313830,16592587.93,563648,508117.5307,425018,380481.9834,16463188.83,1763.54802,0.02311107449,0.0001071206823
HS,R,2015,18968136,16773355.08,640218,562300.0943,440971,384245.9467,16592587.93,2713.005663,0.02315768634,0.0001635070837
HS,R,2016,20232952,16989365.43,709297,602432.4513,462904,389730.792,16773355.08,3308.687466,0.02323511248,0.000197258536
