tavola,anno,riga,colonna
Use,2012,111CA,211
Use,2012,111CA,22
Use,2012,111CA,321
Use,2012,111CA,327
Use,2012,111CA,331
Use,2012,111CA,332
Use,2012,111CA,333
Use,2012,111CA,334
Use,2012,111CA,335
Use,2012,111CA,3361MV
Use,2012,111CA,3364OT
Use,2012,111CA,337
Use,2012,111CA,315AL
Use,2012,111CA,322
Use,2012,111CA,323
Use,2012,111CA,324
Use,2012,111CA,326
Use,2012,111CA,481
Use,2012,111CA,482
Use,2012,111CA,483
Use,2012,111CA,484
Use,2012,111CA,485
Use,2012,111CA,486
Use,2012,111CA,493
Use,2012,111CA,511
Use,2012,111CA,512
Use,2012,111CA,513
Use,2012,111CA,514
Use,2012,111CA,523
Use,2012,111CA,524
Use,2012,111CA,525
Use,2012,111CA,532RL
Use,2012,111CA,562
Use,2012,111CA,621
Use,2012,111CA,622
Use,2012,111CA,623
Use,2012,111CA,624
Use,2012,111CA,711AS
Use,2012,111CA,GFE
Use,2012,111CA,GSLE
Use,2012,111CA,F02S
Use,2012,111CA,F02E
Use,2012,111CA,F02N
Use,2012,111CA,F02R
Use,2012,111CA,F06C
Use,2012,111CA,F06S
Use,2012,111CA,F06E
Use,2012,111CA,F06N
Use,2012,111CA,F07C
Use,2012,111CA,F07S
Use,2012,111CA,F07E
Use,2012,111CA,F07N
Use,2012,111CA,F10C
Use,2012,111CA,F10S
Use,2012,111CA,F10E
Use,2012,111CA,F10N
Use,2012,113FF,211
Use,2012,113FF,213
Use,2012,113FF,22
Use,2012,113FF,23
Use,2012,113FF,331
Use,2012,113FF,332
Use,2012,113FF,333
Use,2012,113FF,334
Use,2012,113FF,335
Use,2012,113FF,3361MV
Use,2012,113FF,3364OT
Use,2012,113FF,313TT
Use,2012,113FF,324
Use,2012,113FF,42
Use,2012,113FF,441
Use,2012,113FF,452
Use,2012,113FF,481
Use,2012,113FF,482
Use,2012,113FF,483
Use,2012,113FF,484
Use,2012,113FF,485
Use,2012,113FF,486
Use,2012,113FF,493
Use,2012,113FF,511
Use,2012,113FF,512
Use,2012,113FF,513
Use,2012,113FF,514
Use,2012,113FF,521CI
Use,2012,113FF,523
Use,2012,113FF,524
Use,2012,113FF,525
Use,2012,113FF,HS
Use,2012,113FF,ORE
Use,2012,113FF,532RL
Use,2012,113FF,5411
Use,2012,113FF,5415
Use,2012,113FF,562
Use,2012,113FF,621
Use,2012,113FF,622
Use,2012,113FF,623
Use,2012,113FF,624
Use,2012,113FF,711AS
Use,2012,113FF,GFGD
Use,2012,113FF,GSLE
Use,2012,113FF,F02S
Use,2012,113FF,F02E
Use,2012,113FF,F02N
Use,2012,113FF,F02R
Use,2012,113FF,F06C
Use,2012,113FF,F06S
Use,2012,113FF,F06E
Use,2012,113FF,F06N
Use,2012,113FF,F07C
Use,2012,113FF,F07S
Use,2012,113FF,F07E
Use,2012,113FF,F07N
Use,2012,113FF,F10C
Use,2012,113FF,F10S
Use,2012,113FF,F10E
Use,2012,113FF,F10N
Use,2012,211,111CA
Use,2012,211,113FF
Use,2012,211,23
Use,2012,211,333
Use,2012,211,334
Use,2012,211,335
Use,2012,211,3364OT
Use,2012,211,337
Use,2012,211,339
Use,2012,211,313TT
Use,2012,211,315AL
Use,2012,211,481
Use,2012,211,482
Use,2012,211,483
Use,2012,211,484
Use,2012,211,485
Use,2012,211,487OS
Use,2012,211,521CI
Use,2012,211,523
Use,2012,211,524
Use,2012,211,525
Use,2012,211,HS
Use,2012,211,532RL
Use,2012,211,5411
Use,2012,211,GFGD
Use,2012,211,GSLG
Use,2012,211,F010
Use,2012,211,F02S
Use,2012,211,F02E
Use,2012,211,F02N
Use,2012,211,F02R
Use,2012,211,F06C
Use,2012,211,F06S
Use,2012,211,F06E
Use,2012,211,F06N
Use,2012,211,F07C
Use,2012,211,F07S
Use,2012,211,F07E
Use,2012,211,F07N
Use,2012,211,F10C
Use,2012,211,F10S
Use,2012,211,F10E
Use,2012,211,F10N
Use,2012,212,315AL
Use,2012,212,323
Use,2012,212,441
Use,2012,212,445
Use,2012,212,452
Use,2012,212,481
Use,2012,212,486
Use,2012,212,521CI
Use,2012,212,523
Use,2012,212,524
Use,2012,212,525
Use,2012,212,ORE
Use,2012,212,532RL
Use,2012,212,5411
Use,2012,212,5415
Use,2012,212,621
Use,2012,212,GFGD
Use,2012,212,GFE
Use,2012,212,F02S
Use,2012,212,F02N
Use,2012,212,F02R
Use,2012,212,F06C
Use,2012,212,F06S
Use,2012,212,F06E
Use,2012,212,F06N
Use,2012,212,F07C
Use,2012,212,F07S
Use,2012,212,F07E
Use,2012,212,F07N
Use,2012,212,F10C
Use,2012,212,F10S
Use,2012,212,F10E
Use,2012,212,F10N
Use,2012,213,111CA
Use,2012,213,113FF
Use,2012,213,22
Use,2012,213,23
Use,2012,213,321
Use,2012,213,327
Use,2012,213,331
Use,2012,213,332
Use,2012,213,333
Use,2012,213,334
Use,2012,213,335
Use,2012,213,3361MV
Use,2012,213,3364OT
Use,2012,213,337
Use,2012,213,339
Use,2012,213,311FT
Use,2012,213,313TT
Use,2012,213,315AL
Use,2012,213,322
Use,2012,213,323
Use,2012,213,324
Use,2012,213,325
Use,2012,213,326
Use,2012,213,42
Use,2012,213,441
Use,2012,213,445
Use,2012,213,452
Use,2012,213,4A0
Use,2012,213,481
Use,2012,213,482
Use,2012,213,483
Use,2012,213,484
Use,2012,213,485
Use,2012,213,486
Use,2012,213,487OS
Use,2012,213,493
Use,2012,213,511
Use,2012,213,512
Use,2012,213,513
Use,2012,213,514
Use,2012,213,521CI
Use,2012,213,523
Use,2012,213,524
Use,2012,213,525
Use,2012,213,HS
Use,2012,213,ORE
Use,2012,213,532RL
Use,2012,213,5411
Use,2012,213,5415
Use,2012,213,561
Use,2012,213,562
Use,2012,213,61
Use,2012,213,621
Use,2012,213,622
Use,2012,213,623
Use,2012,213,624
Use,2012,213,711AS
Use,2012,213,713
Use,2012,213,721
Use,2012,213,722
Use,2012,213,81
Use,2012,213,GFGD
Use,2012,213,GFGN
Use,2012,213,GFE
Use,2012,213,GSLG
Use,2012,213,GSLE
Use,2012,213,F010
Use,2012,213,F02N
Use,2012,213,F02R
Use,2012,213,F06C
Use,2012,213,F06S
Use,2012,213,F06E
Use,2012,213,F06N
Use,2012,213,F07C
Use,2012,213,F07S
Use,2012,213,F07E
Use,2012,213,F07N
Use,2012,213,F10C
Use,2012,213,F10S
Use,2012,213,F10E
Use,2012,213,F10N
Use,2012,22,F02S
Use,2012,22,F02E
Use,2012,22,F02N
Use,2012,22,F02R
Use,2012,22,F030
Use,2012,22,F06C
Use,2012,22,F06S
Use,2012,22,F06E
Use,2012,22,F06N
Use,2012,22,F07C
Use,2012,22,F07S
Use,2012,22,F07E
Use,2012,22,F07N
Use,2012,22,F10C
Use,2012,22,F10S
Use,2012,22,F10E
Use,2012,22,F10N
Use,2012,23,F010
Use,2012,23,F02E
Use,2012,23,F02N
Use,2012,23,F030
Use,2012,23,F050
Use,2012,23,F06C
Use,2012,23,F06E
Use,2012,23,F06N
Use,2012,23,F07C
Use,2012,23,F07E
Use,2012,23,F07N
Use,2012,23,F10C
Use,2012,23,F10E
Use,2012,23,F10N
Use,2012,321,211
Use,2012,321,324
Use,2012,321,481
Use,2012,321,483
Use,2012,321,485
Use,2012,321,524
Use,2012,321,525
Use,2012,321,F02E
Use,2012,321,F02N
Use,2012,321,F06C
Use,2012,321,F06S
Use,2012,321,F06E
Use,2012,321,F06N
Use,2012,321,F07C
Use,2012,321,F07S
Use,2012,321,F07N
Use,2012,321,F10C
Use,2012,321,F10S
Use,2012,321,F10E
Use,2012,321,F10N
Use,2012,327,315AL
Use,2012,327,481
Use,2012,327,483
Use,2012,327,525
Use,2012,327,GFE
Use,2012,327,F02S
Use,2012,327,F02E
Use,2012,327,F02N
Use,2012,327,F02R
Use,2012,327,F06C
Use,2012,327,F06S
Use,2012,327,F06E
Use,2012,327,F06N
Use,2012,327,F07C
Use,2012,327,F07S
Use,2012,327,F07E
Use,2012,327,F07N
Use,2012,327,F10C
Use,2012,327,F10S
Use,2012,327,F10E
Use,2012,327,F10N
Use,2012,331,113FF
Use,2012,331,315AL
Use,2012,331,445
Use,2012,331,481
Use,2012,331,483
Use,2012,331,484
Use,2012,331,485
Use,2012,331,486
Use,2012,331,493
Use,2012,331,521CI
Use,2012,331,523
Use,2012,331,524
Use,2012,331,525
Use,2012,331,5411
Use,2012,331,GFE
Use,2012,331,F02S
Use,2012,331,F02E
Use,2012,331,F02N
Use,2012,331,F02R
Use,2012,331,F06C
Use,2012,331,F06S
Use,2012,331,F06E
Use,2012,331,F06N
Use,2012,331,F07C
Use,2012,331,F07S
Use,2012,331,F07E
Use,2012,331,F07N
Use,2012,331,F10C
Use,2012,331,F10S
Use,2012,331,F10E
Use,2012,331,F10N
Use,2012,332,524
Use,2012,332,F02S
Use,2012,332,F02N
Use,2012,332,F02R
Use,2012,332,F06C
Use,2012,332,F06S
Use,2012,332,F06N
Use,2012,332,F07C
Use,2012,332,F07S
Use,2012,332,F07N
Use,2012,332,F10C
Use,2012,332,F10S
Use,2012,332,F10N
Use,2012,333,525
Use,2012,333,F02S
Use,2012,333,F02N
Use,2012,333,F02R
Use,2012,333,F06C
Use,2012,333,F06S
Use,2012,333,F06N
Use,2012,333,F07C
Use,2012,333,F07S
Use,2012,333,F07N
Use,2012,333,F10C
Use,2012,333,F10S
Use,2012,333,F10N
Use,2012,334,F02S
Use,2012,334,F02N
Use,2012,334,F06C
Use,2012,334,F06S
Use,2012,334,F06N
Use,2012,334,F07C
Use,2012,334,F07S
Use,2012,334,F07N
Use,2012,334,F10C
Use,2012,334,F10S
Use,2012,334,F10N
Use,2012,335,512
Use,2012,335,525
Use,2012,335,F02S
Use,2012,335,F02N
Use,2012,335,F06C
Use,2012,335,F06S
Use,2012,335,F06N
Use,2012,335,F07C
Use,2012,335,F07S
Use,2012,335,F07N
Use,2012,335,F10C
Use,2012,335,F10S
Use,2012,335,F10N
Use,2012,3361MV,481
Use,2012,3361MV,483
Use,2012,3361MV,524
Use,2012,3361MV,525
Use,2012,3361MV,HS
Use,2012,3361MV,ORE
Use,2012,3361MV,5411
Use,2012,3361MV,F02S
Use,2012,3361MV,F02N
Use,2012,3361MV,F02R
Use,2012,3361MV,F06C
Use,2012,3361MV,F06S
Use,2012,3361MV,F06N
Use,2012,3361MV,F07C
Use,2012,3361MV,F07S
Use,2012,3361MV,F07N
Use,2012,3361MV,F10C
Use,2012,3361MV,F10S
Use,2012,3361MV,F10N
Use,2012,3364OT,111CA
Use,2012,3364OT,211
Use,2012,3364OT,213
Use,2012,3364OT,22
Use,2012,3364OT,327
Use,2012,3364OT,331
Use,2012,3364OT,334
Use,2012,3364OT,335
Use,2012,3364OT,337
Use,2012,3364OT,339
Use,2012,3364OT,311FT
Use,2012,3364OT,313TT
Use,2012,3364OT,315AL
Use,2012,3364OT,322
Use,2012,3364OT,323
Use,2012,3364OT,324
Use,2012,3364OT,325
Use,2012,3364OT,326
Use,2012,3364OT,445
Use,2012,3364OT,452
Use,2012,3364OT,4A0
Use,2012,3364OT,486
Use,2012,3364OT,493
Use,2012,3364OT,511
Use,2012,3364OT,512
Use,2012,3364OT,514
Use,2012,3364OT,521CI
Use,2012,3364OT,523
Use,2012,3364OT,524
Use,2012,3364OT,525
Use,2012,3364OT,HS
Use,2012,3364OT,ORE
Use,2012,3364OT,532RL
Use,2012,3364OT,5411
Use,2012,3364OT,5415
Use,2012,3364OT,61
Use,2012,3364OT,621
Use,2012,3364OT,622
Use,2012,3364OT,623
Use,2012,3364OT,711AS
Use,2012,3364OT,721
Use,2012,3364OT,722
Use,2012,3364OT,F02S
Use,2012,3364OT,F02N
Use,2012,3364OT,F02R
Use,2012,3364OT,F06C
Use,2012,3364OT,F06S
Use,2012,3364OT,F06N
Use,2012,3364OT,F07C
Use,2012,3364OT,F07S
Use,2012,3364OT,F07N
Use,2012,3364OT,F10C
Use,2012,3364OT,F10S
Use,2012,3364OT,F10N
Use,2012,337,113FF
Use,2012,337,211
Use,2012,337,212
Use,2012,337,213
Use,2012,337,22
Use,2012,337,331
Use,2012,337,332
Use,2012,337,311FT
Use,2012,337,313TT
Use,2012,337,315AL
Use,2012,337,323
Use,2012,337,324
Use,2012,337,325
Use,2012,337,445
Use,2012,337,481
Use,2012,337,482
Use,2012,337,484
Use,2012,337,485
Use,2012,337,486
Use,2012,337,493
Use,2012,337,512
Use,2012,337,521CI
Use,2012,337,523
Use,2012,337,524
Use,2012,337,525
Use,2012,337,532RL
Use,2012,337,562
Use,2012,337,61
Use,2012,337,GFGD
Use,2012,337,GFGN
Use,2012,337,F02S
Use,2012,337,F02N
Use,2012,337,F06C
Use,2012,337,F06S
Use,2012,337,F06N
Use,2012,337,F07C
Use,2012,337,F07S
Use,2012,337,F07N
Use,2012,337,F10C
Use,2012,337,F10S
Use,2012,337,F10N
Use,2012,339,22
Use,2012,339,483
Use,2012,339,525
Use,2012,339,GFE
Use,2012,339,F02S
Use,2012,339,F02N
Use,2012,339,F02R
Use,2012,339,F06C
Use,2012,339,F06S
Use,2012,339,F06N
Use,2012,339,F07C
Use,2012,339,F07S
Use,2012,339,F07N
Use,2012,339,F10C
Use,2012,339,F10S
Use,2012,339,F10N
Use,2012,311FT,211
Use,2012,311FT,212
Use,2012,311FT,213
Use,2012,311FT,22
Use,2012,311FT,23
Use,2012,311FT,332
Use,2012,311FT,333
Use,2012,311FT,334
Use,2012,311FT,335
Use,2012,311FT,3361MV
Use,2012,311FT,3364OT
Use,2012,311FT,337
Use,2012,311FT,486
Use,2012,311FT,493
Use,2012,311FT,513
Use,2012,311FT,521CI
Use,2012,311FT,523
Use,2012,311FT,524
Use,2012,311FT,525
Use,2012,311FT,HS
Use,2012,311FT,ORE
Use,2012,311FT,532RL
Use,2012,311FT,5411
Use,2012,311FT,5415
Use,2012,311FT,562
Use,2012,311FT,GSLE
Use,2012,311FT,F02S
Use,2012,311FT,F02E
Use,2012,311FT,F02N
Use,2012,311FT,F02R
Use,2012,311FT,F06C
Use,2012,311FT,F06S
Use,2012,311FT,F06E
Use,2012,311FT,F06N
Use,2012,311FT,F07C
Use,2012,311FT,F07S
Use,2012,311FT,F07E
Use,2012,311FT,F07N
Use,2012,311FT,F10C
Use,2012,311FT,F10S
Use,2012,311FT,F10E
Use,2012,311FT,F10N
Use,2012,313TT,211
Use,2012,313TT,213
Use,2012,313TT,22
Use,2012,313TT,331
Use,2012,313TT,481
Use,2012,313TT,482
Use,2012,313TT,485
Use,2012,313TT,521CI
Use,2012,313TT,523
Use,2012,313TT,524
Use,2012,313TT,525
Use,2012,313TT,5411
Use,2012,313TT,5415
Use,2012,313TT,F02S
Use,2012,313TT,F02N
Use,2012,313TT,F06C
Use,2012,313TT,F06S
Use,2012,313TT,F06E
Use,2012,313TT,F06N
Use,2012,313TT,F07C
Use,2012,313TT,F07S
Use,2012,313TT,F07N
Use,2012,313TT,F10C
Use,2012,313TT,F10S
Use,2012,313TT,F10N
Use,2012,315AL,113FF
Use,2012,315AL,211
Use,2012,315AL,212
Use,2012,315AL,213
Use,2012,315AL,23
Use,2012,315AL,321
Use,2012,315AL,331
Use,2012,315AL,332
Use,2012,315AL,333
Use,2012,315AL,334
Use,2012,315AL,335
Use,2012,315AL,3364OT
Use,2012,315AL,337
Use,2012,315AL,322
Use,2012,315AL,325
Use,2012,315AL,481
Use,2012,315AL,482
Use,2012,315AL,483
Use,2012,315AL,484
Use,2012,315AL,485
Use,2012,315AL,486
Use,2012,315AL,487OS
Use,2012,315AL,493
Use,2012,315AL,521CI
Use,2012,315AL,523
Use,2012,315AL,524
Use,2012,315AL,525
Use,2012,315AL,HS
Use,2012,315AL,ORE
Use,2012,315AL,5411
Use,2012,315AL,5415
Use,2012,315AL,623
Use,2012,315AL,F02S
Use,2012,315AL,F02E
Use,2012,315AL,F02N
Use,2012,315AL,F02R
Use,2012,315AL,F06C
Use,2012,315AL,F06S
Use,2012,315AL,F06E
Use,2012,315AL,F06N
Use,2012,315AL,F07C
Use,2012,315AL,F07S
Use,2012,315AL,F07E
Use,2012,315AL,F07N
Use,2012,315AL,F10C
Use,2012,315AL,F10S
Use,2012,315AL,F10E
Use,2012,315AL,F10N
Use,2012,322,F02S
Use,2012,322,F02E
Use,2012,322,F02N
Use,2012,322,F02R
Use,2012,322,F06C
Use,2012,322,F06S
Use,2012,322,F06E
Use,2012,322,F06N
Use,2012,322,F07C
Use,2012,322,F07S
Use,2012,322,F07E
Use,2012,322,F07N
Use,2012,322,F10C
Use,2012,322,F10S
Use,2012,322,F10E
Use,2012,322,F10N
Use,2012,323,113FF
Use,2012,323,213
Use,2012,323,327
Use,2012,323,331
Use,2012,323,334
Use,2012,323,3364OT
Use,2012,323,337
Use,2012,323,339
Use,2012,323,313TT
Use,2012,323,322
Use,2012,323,326
Use,2012,323,483
Use,2012,323,525
Use,2012,323,HS
Use,2012,323,F02S
Use,2012,323,F02E
Use,2012,323,F02N
Use,2012,323,F02R
Use,2012,323,F06C
Use,2012,323,F06S
Use,2012,323,F06E
Use,2012,323,F06N
Use,2012,323,F07C
Use,2012,323,F07S
Use,2012,323,F07E
Use,2012,323,F07N
Use,2012,323,F10C
Use,2012,323,F10S
Use,2012,323,F10E
Use,2012,323,F10N
Use,2012,324,F02S
Use,2012,324,F02E
Use,2012,324,F02N
Use,2012,324,F02R
Use,2012,324,F06C
Use,2012,324,F06S
Use,2012,324,F06E
Use,2012,324,F06N
Use,2012,324,F07C
Use,2012,324,F07S
Use,2012,324,F07E
Use,2012,324,F07N
Use,2012,324,F10C
Use,2012,324,F10S
Use,2012,324,F10E
Use,2012,324,F10N
Use,2012,325,525
Use,2012,325,F02S
Use,2012,325,F02N
Use,2012,325,F02R
Use,2012,325,F06C
Use,2012,325,F06S
Use,2012,325,F06E
Use,2012,325,F06N
Use,2012,325,F07C
Use,2012,325,F07S
Use,2012,325,F07E
Use,2012,325,F07N
Use,2012,325,F10C
Use,2012,325,F10S
Use,2012,325,F10E
Use,2012,325,F10N
Use,2012,326,F02S
Use,2012,326,F02N
Use,2012,326,F06C
Use,2012,326,F06S
Use,2012,326,F06E
Use,2012,326,F06N
Use,2012,326,F07C
Use,2012,326,F07S
Use,2012,326,F07N
Use,2012,326,F10C
Use,2012,326,F10S
Use,2012,326,F10E
Use,2012,326,F10N
Use,2012,42,F06C
Use,2012,42,F06S
Use,2012,42,F07C
Use,2012,42,F07S
Use,2012,42,F10C
Use,2012,42,F10S
Use,2012,441,525
Use,2012,441,55
Use,2012,441,621
Use,2012,441,F02S
Use,2012,441,F02N
Use,2012,441,F030
Use,2012,441,F040
Use,2012,441,F050
Use,2012,441,F06C
Use,2012,441,F06S
Use,2012,441,F06E
Use,2012,441,F06N
Use,2012,441,F07C
Use,2012,441,F07S
Use,2012,441,F07E
Use,2012,441,F07N
Use,2012,441,F10C
Use,2012,441,F10S
Use,2012,441,F10E
Use,2012,441,F10N
Use,2012,445,213
Use,2012,445,525
Use,2012,445,55
Use,2012,445,GSLE
Use,2012,445,F02S
Use,2012,445,F030
Use,2012,445,F040
Use,2012,445,F050
Use,2012,445,F06C
Use,2012,445,F06S
Use,2012,445,F06E
Use,2012,445,F06N
Use,2012,445,F07C
Use,2012,445,F07S
Use,2012,445,F07E
Use,2012,445,F07N
Use,2012,445,F10C
Use,2012,445,F10S
Use,2012,445,F10E
Use,2012,445,F10N
Use,2012,452,525
Use,2012,452,55
Use,2012,452,F02S
Use,2012,452,F030
Use,2012,452,F040
Use,2012,452,F050
Use,2012,452,F06C
Use,2012,452,F06S
Use,2012,452,F06E
Use,2012,452,F06N
Use,2012,452,F07C
Use,2012,452,F07S
Use,2012,452,F07E
Use,2012,452,F07N
Use,2012,452,F10C
Use,2012,452,F10S
Use,2012,452,F10E
Use,2012,452,F10N
Use,2012,4A0,525
Use,2012,4A0,55
Use,2012,4A0,F02S
Use,2012,4A0,F030
Use,2012,4A0,F040
Use,2012,4A0,F050
Use,2012,4A0,F06C
Use,2012,4A0,F06S
Use,2012,4A0,F06E
Use,2012,4A0,F06N
Use,2012,4A0,F07C
Use,2012,4A0,F07S
Use,2012,4A0,F07E
Use,2012,4A0,F07N
Use,2012,4A0,F10C
Use,2012,4A0,F10S
Use,2012,4A0,F10E
Use,2012,4A0,F10N
Use,2012,481,F02S
Use,2012,481,F06C
Use,2012,481,F06S
Use,2012,481,F07C
Use,2012,481,F07S
Use,2012,481,F10C
Use,2012,481,F10S
Use,2012,482,F02S
Use,2012,482,F02N
Use,2012,482,F06C
Use,2012,482,F06S
Use,2012,482,F06N
Use,2012,482,F07C
Use,2012,482,F07S
Use,2012,482,F07N
Use,2012,482,F10C
Use,2012,482,F10S
Use,2012,482,F10N
Use,2012,483,F02S
Use,2012,483,F06C
Use,2012,483,F06S
Use,2012,483,F07C
Use,2012,483,F07S
Use,2012,483,F10C
Use,2012,483,F10S
Use,2012,483,F10N
Use,2012,484,F06C
Use,2012,484,F06S
Use,2012,484,F07C
Use,2012,484,F07S
Use,2012,484,F10C
Use,2012,484,F10S
Use,2012,485,111CA
Use,2012,485,483
Use,2012,485,484
Use,2012,485,485
Use,2012,485,F02S
Use,2012,485,F02E
Use,2012,485,F02N
Use,2012,485,F02R
Use,2012,485,F030
Use,2012,485,F040
Use,2012,485,F050
Use,2012,485,F06C
Use,2012,485,F06S
Use,2012,485,F06E
Use,2012,485,F06N
Use,2012,485,F07C
Use,2012,485,F07S
Use,2012,485,F07E
Use,2012,485,F07N
Use,2012,485,F10C
Use,2012,485,F10S
Use,2012,485,F10E
Use,2012,485,F10N
Use,2012,486,F02S
Use,2012,486,F02E
Use,2012,486,F02N
Use,2012,486,F02R
Use,2012,486,F050
Use,2012,486,F06C
Use,2012,486,F06S
Use,2012,486,F06E
Use,2012,486,F06N
Use,2012,486,F07C
Use,2012,486,F07S
Use,2012,486,F07E
Use,2012,486,F07N
Use,2012,486,F10C
Use,2012,486,F10S
Use,2012,486,F10E
Use,2012,486,F10N
Use,2012,487OS,111CA
Use,2012,487OS,23
Use,2012,487OS,3364OT
Use,2012,487OS,315AL
Use,2012,487OS,525
Use,2012,487OS,HS
Use,2012,487OS,ORE
Use,2012,487OS,F02S
Use,2012,487OS,F02E
Use,2012,487OS,F02N
Use,2012,487OS,F02R
Use,2012,487OS,F030
Use,2012,487OS,F06C
Use,2012,487OS,F06S
Use,2012,487OS,F06E
Use,2012,487OS,F06N
Use,2012,487OS,F07C
Use,2012,487OS,F07S
Use,2012,487OS,F07E
Use,2012,487OS,F07N
Use,2012,487OS,F10C
Use,2012,487OS,F10S
Use,2012,487OS,F10E
Use,2012,487OS,F10N
Use,2012,493,113FF
Use,2012,493,213
Use,2012,493,23
Use,2012,493,521CI
Use,2012,493,523
Use,2012,493,525
Use,2012,493,GFE
Use,2012,493,F02S
Use,2012,493,F02E
Use,2012,493,F02N
Use,2012,493,F02R
Use,2012,493,F030
Use,2012,493,F050
Use,2012,493,F06C
Use,2012,493,F06S
Use,2012,493,F06E
Use,2012,493,F06N
Use,2012,493,F07C
Use,2012,493,F07S
Use,2012,493,F07E
Use,2012,493,F07N
Use,2012,493,F10C
Use,2012,493,F10S
Use,2012,493,F10E
Use,2012,493,F10N
Use,2012,511,313TT
Use,2012,511,483
Use,2012,511,486
Use,2012,511,F02S
Use,2012,511,F02E
Use,2012,511,F02R
Use,2012,511,F06C
Use,2012,511,F06S
Use,2012,511,F06E
Use,2012,511,F07C
Use,2012,511,F07S
Use,2012,511,F07E
Use,2012,511,F10C
Use,2012,511,F10S
Use,2012,511,F10E
Use,2012,512,111CA
Use,2012,512,113FF
Use,2012,512,211
Use,2012,512,212
Use,2012,512,213
Use,2012,512,22
Use,2012,512,23
Use,2012,512,321
Use,2012,512,327
Use,2012,512,331
Use,2012,512,332
Use,2012,512,333
Use,2012,512,334
Use,2012,512,335
Use,2012,512,3361MV
Use,2012,512,3364OT
Use,2012,512,337
Use,2012,512,339
Use,2012,512,311FT
Use,2012,512,313TT
Use,2012,512,315AL
Use,2012,512,322
Use,2012,512,323
Use,2012,512,324
Use,2012,512,325
Use,2012,512,326
Use,2012,512,452
Use,2012,512,482
Use,2012,512,483
Use,2012,512,485
Use,2012,512,493
Use,2012,512,524
Use,2012,512,525
Use,2012,512,HS
Use,2012,512,562
Use,2012,512,GSLE
Use,2012,512,F02S
Use,2012,512,F02E
Use,2012,512,F02R
Use,2012,512,F06C
Use,2012,512,F06S
Use,2012,512,F06E
Use,2012,512,F06N
Use,2012,512,F07C
Use,2012,512,F07S
Use,2012,512,F07E
Use,2012,512,F07N
Use,2012,512,F10C
Use,2012,512,F10S
Use,2012,512,F10E
Use,2012,512,F10N
Use,2012,513,F02S
Use,2012,513,F02R
Use,2012,513,F030
Use,2012,513,F06C
Use,2012,513,F06S
Use,2012,513,F06E
Use,2012,513,F06N
Use,2012,513,F07C
Use,2012,513,F07S
Use,2012,513,F07E
Use,2012,513,F07N
Use,2012,513,F10C
Use,2012,513,F10S
Use,2012,513,F10E
Use,2012,513,F10N
Use,2012,514,111CA
Use,2012,514,483
Use,2012,514,F02S
Use,2012,514,F02E
Use,2012,514,F02R
Use,2012,514,F030
Use,2012,514,F06C
Use,2012,514,F06S
Use,2012,514,F06E
Use,2012,514,F07C
Use,2012,514,F07S
Use,2012,514,F07E
Use,2012,514,F10C
Use,2012,514,F10S
Use,2012,514,F10E
Use,2012,521CI,F02S
Use,2012,521CI,F02E
Use,2012,521CI,F02N
Use,2012,521CI,F02R
Use,2012,521CI,F030
Use,2012,521CI,F06C
Use,2012,521CI,F06S
Use,2012,521CI,F06E
Use,2012,521CI,F06N
Use,2012,521CI,F07C
Use,2012,521CI,F07S
Use,2012,521CI,F07E
Use,2012,521CI,F07N
Use,2012,521CI,F10C
Use,2012,521CI,F10S
Use,2012,521CI,F10E
Use,2012,521CI,F10N
Use,2012,523,F02S
Use,2012,523,F02E
Use,2012,523,F02N
Use,2012,523,F02R
Use,2012,523,F030
Use,2012,523,F06C
Use,2012,523,F06S
Use,2012,523,F06E
Use,2012,523,F06N
Use,2012,523,F07C
Use,2012,523,F07S
Use,2012,523,F07E
Use,2012,523,F07N
Use,2012,523,F10C
Use,2012,523,F10S
Use,2012,523,F10E
Use,2012,523,F10N
Use,2012,524,F02S
Use,2012,524,F02E
Use,2012,524,F02N
Use,2012,524,F030
Use,2012,524,F06C
Use,2012,524,F06S
Use,2012,524,F06E
Use,2012,524,F06N
Use,2012,524,F07C
Use,2012,524,F07S
Use,2012,524,F07E
Use,2012,524,F07N
Use,2012,524,F10C
Use,2012,524,F10S
Use,2012,524,F10E
Use,2012,524,F10N
Use,2012,525,111CA
Use,2012,525,113FF
Use,2012,525,211
Use,2012,525,212
Use,2012,525,213
Use,2012,525,22
Use,2012,525,23
Use,2012,525,321
Use,2012,525,327
Use,2012,525,331
Use,2012,525,332
Use,2012,525,333
Use,2012,525,334
Use,2012,525,335
Use,2012,525,3361MV
Use,2012,525,3364OT
Use,2012,525,337
Use,2012,525,339
Use,2012,525,311FT
Use,2012,525,313TT
Use,2012,525,315AL
Use,2012,525,322
Use,2012,525,323
Use,2012,525,324
Use,2012,525,325
Use,2012,525,326
Use,2012,525,42
Use,2012,525,441
Use,2012,525,445
Use,2012,525,452
Use,2012,525,4A0
Use,2012,525,481
Use,2012,525,482
Use,2012,525,483
Use,2012,525,484
Use,2012,525,485
Use,2012,525,486
Use,2012,525,487OS
Use,2012,525,493
Use,2012,525,511
Use,2012,525,512
Use,2012,525,513
Use,2012,525,514
Use,2012,525,521CI
Use,2012,525,523
Use,2012,525,HS
Use,2012,525,ORE
Use,2012,525,532RL
Use,2012,525,5411
Use,2012,525,5415
Use,2012,525,5412OP
Use,2012,525,561
Use,2012,525,562
Use,2012,525,61
Use,2012,525,621
Use,2012,525,622
Use,2012,525,623
Use,2012,525,624
Use,2012,525,711AS
Use,2012,525,713
Use,2012,525,721
Use,2012,525,722
Use,2012,525,81
Use,2012,525,GFGD
Use,2012,525,GFE
Use,2012,525,GSLE
Use,2012,525,F02S
Use,2012,525,F02E
Use,2012,525,F02N
Use,2012,525,F02R
Use,2012,525,F030
Use,2012,525,F040
Use,2012,525,F050
Use,2012,525,F06C
Use,2012,525,F06S
Use,2012,525,F06E
Use,2012,525,F06N
Use,2012,525,F07C
Use,2012,525,F07S
Use,2012,525,F07E
Use,2012,525,F07N
Use,2012,525,F10C
Use,2012,525,F10S
Use,2012,525,F10E
Use,2012,525,F10N
Use,2012,HS,111CA
Use,2012,HS,113FF
Use,2012,HS,211
Use,2012,HS,212
Use,2012,HS,213
Use,2012,HS,22
Use,2012,HS,23
Use,2012,HS,321
Use,2012,HS,327
Use,2012,HS,331
Use,2012,HS,332
Use,2012,HS,333
Use,2012,HS,334
Use,2012,HS,335
Use,2012,HS,3361MV
Use,2012,HS,3364OT
Use,2012,HS,337
Use,2012,HS,339
Use,2012,HS,311FT
Use,2012,HS,313TT
Use,2012,HS,315AL
Use,2012,HS,322
Use,2012,HS,323
Use,2012,HS,324
Use,2012,HS,325
Use,2012,HS,326
Use,2012,HS,42
Use,2012,HS,441
Use,2012,HS,445
Use,2012,HS,452
Use,2012,HS,4A0
Use,2012,HS,481
Use,2012,HS,482
Use,2012,HS,483
Use,2012,HS,484
Use,2012,HS,485
Use,2012,HS,486
Use,2012,HS,487OS
Use,2012,HS,493
Use,2012,HS,511
Use,2012,HS,512
Use,2012,HS,513
Use,2012,HS,514
Use,2012,HS,521CI
Use,2012,HS,523
Use,2012,HS,524
Use,2012,HS,525
Use,2012,HS,HS
Use,2012,HS,ORE
Use,2012,HS,532RL
Use,2012,HS,5411
Use,2012,HS,5415
Use,2012,HS,5412OP
Use,2012,HS,55
Use,2012,HS,561
Use,2012,HS,562
Use,2012,HS,61
Use,2012,HS,621
Use,2012,HS,622
Use,2012,HS,623
Use,2012,HS,624
Use,2012,HS,711AS
Use,2012,HS,713
Use,2012,HS,721
Use,2012,HS,722
Use,2012,HS,81
Use,2012,HS,GFGD
Use,2012,HS,GFGN
Use,2012,HS,GFE
Use,2012,HS,GSLG
Use,2012,HS,GSLE
Use,2012,HS,TOT_INT
Use,2012,HS,F02S
Use,2012,HS,F02E
Use,2012,HS,F02N
Use,2012,HS,F02R
Use,2012,HS,F030
Use,2012,HS,F040
Use,2012,HS,F050
Use,2012,HS,F06C
Use,2012,HS,F06S
Use,2012,HS,F06E
Use,2012,HS,F06N
Use,2012,HS,F07C
Use,2012,HS,F07S
Use,2012,HS,F07E
Use,2012,HS,F07N
Use,2012,HS,F10C
Use,2012,HS,F10S
Use,2012,HS,F10E
Use,2012,HS,F10N
Use,2012,ORE,F02E
Use,2012,ORE,F02N
Use,2012,ORE,F030
Use,2012,ORE,F050
Use,2012,ORE,F06C
Use,2012,ORE,F06S
Use,2012,ORE,F06E
Use,2012,ORE,F06N
Use,2012,ORE,F07C
Use,2012,ORE,F07S
Use,2012,ORE,F07E
Use,2012,ORE,F07N
Use,2012,ORE,F10C
Use,2012,ORE,F10S
Use,2012,ORE,F10E
Use,2012,ORE,F10N
Use,2012,532RL,F02S
Use,2012,532RL,F02E
Use,2012,532RL,F02N
Use,2012,532RL,F02R
Use,2012,532RL,F030
Use,2012,532RL,F050
Use,2012,532RL,F06C
Use,2012,532RL,F06S
Use,2012,532RL,F06E
Use,2012,532RL,F06N
Use,2012,532RL,F07C
Use,2012,532RL,F07S
Use,2012,532RL,F07E
Use,2012,532RL,F07N
Use,2012,532RL,F10C
Use,2012,532RL,F10S
Use,2012,532RL,F10E
Use,2012,532RL,F10N
Use,2012,5411,F02S
Use,2012,5411,F02E
Use,2012,5411,F02N
Use,2012,5411,F030
Use,2012,5411,F06C
Use,2012,5411,F06S
Use,2012,5411,F06E
Use,2012,5411,F06N
Use,2012,5411,F07C
Use,2012,5411,F07S
Use,2012,5411,F07E
Use,2012,5411,F07N
Use,2012,5411,F10C
Use,2012,5411,F10S
Use,2012,5411,F10E
Use,2012,5411,F10N
Use,2012,5415,F010
Use,2012,5415,F02S
Use,2012,5415,F02R
Use,2012,5415,F030
Use,2012,5415,F06C
Use,2012,5415,F06S
Use,2012,5415,F07C
Use,2012,5415,F07S
Use,2012,5415,F07E
Use,2012,5415,F10C
Use,2012,5415,F10S
Use,2012,5412OP,F02S
Use,2012,5412OP,F030
Use,2012,5412OP,F06C
Use,2012,5412OP,F06S
Use,2012,5412OP,F06E
Use,2012,5412OP,F07C
Use,2012,5412OP,F07S
Use,2012,5412OP,F07E
Use,2012,5412OP,F10C
Use,2012,5412OP,F10S
Use,2012,5412OP,F10E
Use,2012,55,111CA
Use,2012,55,113FF
Use,2012,55,GFGN
Use,2012,55,GSLE
Use,2012,55,F010
Use,2012,55,F02S
Use,2012,55,F02E
Use,2012,55,F02N
Use,2012,55,F02R
Use,2012,55,F030
Use,2012,55,F050
Use,2012,55,F06C
Use,2012,55,F06S
Use,2012,55,F06E
Use,2012,55,F06N
Use,2012,55,F07C
Use,2012,55,F07S
Use,2012,55,F07E
Use,2012,55,F07N
Use,2012,55,F10C
Use,2012,55,F10S
Use,2012,55,F10E
Use,2012,55,F10N
Use,2012,561,F02S
Use,2012,561,F02E
Use,2012,561,F02N
Use,2012,561,F02R
Use,2012,561,F030
Use,2012,561,F06C
Use,2012,561,F06S
Use,2012,561,F06E
Use,2012,561,F06N
Use,2012,561,F07C
Use,2012,561,F07S
Use,2012,561,F07E
Use,2012,561,F07N
Use,2012,561,F10C
Use,2012,561,F10S
Use,2012,561,F10E
Use,2012,561,F10N
Use,2012,562,F02S
Use,2012,562,F02E
Use,2012,562,F02N
Use,2012,562,F02R
Use,2012,562,F030
Use,2012,562,F06C
Use,2012,562,F06S
Use,2012,562,F06E
Use,2012,562,F06N
Use,2012,562,F07C
Use,2012,562,F07S
Use,2012,562,F07E
Use,2012,562,F07N
Use,2012,562,F10C
Use,2012,562,F10S
Use,2012,562,F10E
Use,2012,562,F10N
Use,2012,61,211
Use,2012,61,212
Use,2012,61,213
Use,2012,61,321
Use,2012,61,327
Use,2012,61,331
Use,2012,61,332
Use,2012,61,333
Use,2012,61,334
Use,2012,61,335
Use,2012,61,3361MV
Use,2012,61,3364OT
Use,2012,61,337
Use,2012,61,339
Use,2012,61,311FT
Use,2012,61,313TT
Use,2012,61,315AL
Use,2012,61,322
Use,2012,61,325
Use,2012,61,452
Use,2012,61,483
Use,2012,61,484
Use,2012,61,485
Use,2012,61,493
Use,2012,61,512
Use,2012,61,524
Use,2012,61,525
Use,2012,61,HS
Use,2012,61,ORE
Use,2012,61,532RL
Use,2012,61,5411
Use,2012,61,55
Use,2012,61,562
Use,2012,61,623
Use,2012,61,624
Use,2012,61,721
Use,2012,61,722
Use,2012,61,F02S
Use,2012,61,F02E
Use,2012,61,F02N
Use,2012,61,F02R
Use,2012,61,F030
Use,2012,61,F06C
Use,2012,61,F06S
Use,2012,61,F06E
Use,2012,61,F06N
Use,2012,61,F07C
Use,2012,61,F07S
Use,2012,61,F07E
Use,2012,61,F07N
Use,2012,61,F10C
Use,2012,61,F10S
Use,2012,61,F10E
Use,2012,61,F10N
Use,2012,621,111CA
Use,2012,621,113FF
Use,2012,621,211
Use,2012,621,212
Use,2012,621,213
Use,2012,621,22
Use,2012,621,23
Use,2012,621,321
Use,2012,621,327
Use,2012,621,331
Use,2012,621,332
Use,2012,621,333
Use,2012,621,334
Use,2012,621,335
Use,2012,621,3361MV
Use,2012,621,3364OT
Use,2012,621,337
Use,2012,621,339
Use,2012,621,311FT
Use,2012,621,313TT
Use,2012,621,315AL
Use,2012,621,322
Use,2012,621,323
Use,2012,621,324
Use,2012,621,325
Use,2012,621,326
Use,2012,621,42
Use,2012,621,441
Use,2012,621,445
Use,2012,621,452
Use,2012,621,4A0
Use,2012,621,481
Use,2012,621,482
Use,2012,621,483
Use,2012,621,484
Use,2012,621,485
Use,2012,621,486
Use,2012,621,487OS
Use,2012,621,493
Use,2012,621,511
Use,2012,621,512
Use,2012,621,513
Use,2012,621,514
Use,2012,621,521CI
Use,2012,621,523
Use,2012,621,524
Use,2012,621,525
Use,2012,621,HS
Use,2012,621,ORE
Use,2012,621,532RL
Use,2012,621,5411
Use,2012,621,5415
Use,2012,621,55
Use,2012,621,562
Use,2012,621,61
Use,2012,621,721
Use,2012,621,722
Use,2012,621,GFGD
Use,2012,621,GFE
Use,2012,621,GSLE
Use,2012,621,F02S
Use,2012,621,F02E
Use,2012,621,F02N
Use,2012,621,F02R
Use,2012,621,F030
Use,2012,621,F06C
Use,2012,621,F06S
Use,2012,621,F06E
Use,2012,621,F06N
Use,2012,621,F07C
Use,2012,621,F07S
Use,2012,621,F07E
Use,2012,621,F07N
Use,2012,621,F10C
Use,2012,621,F10S
Use,2012,621,F10E
Use,2012,621,F10N
Use,2012,622,111CA
Use,2012,622,113FF
Use,2012,622,211
Use,2012,622,212
Use,2012,622,213
Use,2012,622,22
Use,2012,622,23
Use,2012,622,321
Use,2012,622,327
Use,2012,622,331
Use,2012,622,332
Use,2012,622,333
Use,2012,622,334
Use,2012,622,335
Use,2012,622,3361MV
Use,2012,622,3364OT
Use,2012,622,337
Use,2012,622,339
Use,2012,622,311FT
Use,2012,622,313TT
Use,2012,622,315AL
Use,2012,622,322
Use,2012,622,323
Use,2012,622,324
Use,2012,622,325
Use,2012,622,326
Use,2012,622,42
Use,2012,622,441
Use,2012,622,445
Use,2012,622,452
Use,2012,622,4A0
Use,2012,622,481
Use,2012,622,482
Use,2012,622,483
Use,2012,622,484
Use,2012,622,485
Use,2012,622,486
Use,2012,622,487OS
Use,2012,622,493
Use,2012,622,511
Use,2012,622,512
Use,2012,622,513
Use,2012,622,514
Use,2012,622,521CI
Use,2012,622,523
Use,2012,622,524
Use,2012,622,525
Use,2012,622,HS
Use,2012,622,ORE
Use,2012,622,532RL
Use,2012,622,5411
Use,2012,622,5415
Use,2012,622,5412OP
Use,2012,622,55
Use,2012,622,561
Use,2012,622,562
Use,2012,622,61
Use,2012,622,621
Use,2012,622,623
Use,2012,622,624
Use,2012,622,711AS
Use,2012,622,713
Use,2012,622,721
Use,2012,622,722
Use,2012,622,81
Use,2012,622,GFGD
Use,2012,622,GFGN
Use,2012,622,GFE
Use,2012,622,GSLG
Use,2012,622,GSLE
Use,2012,622,F02S
Use,2012,622,F02E
Use,2012,622,F02N
Use,2012,622,F02R
Use,2012,622,F030
Use,2012,622,F06C
Use,2012,622,F06S
Use,2012,622,F06E
Use,2012,622,F06N
Use,2012,622,F07C
Use,2012,622,F07S
Use,2012,622,F07E
Use,2012,622,F07N
Use,2012,622,F10C
Use,2012,622,F10S
Use,2012,622,F10E
Use,2012,622,F10N
Use,2012,623,111CA
Use,2012,623,113FF
Use,2012,623,211
Use,2012,623,212
Use,2012,623,213
Use,2012,623,22
Use,2012,623,23
Use,2012,623,321
Use,2012,623,327
Use,2012,623,331
Use,2012,623,332
Use,2012,623,333
Use,2012,623,334
Use,2012,623,335
Use,2012,623,3361MV
Use,2012,623,3364OT
Use,2012,623,337
Use,2012,623,339
Use,2012,623,311FT
Use,2012,623,313TT
Use,2012,623,315AL
Use,2012,623,322
Use,2012,623,323
Use,2012,623,324
Use,2012,623,325
Use,2012,623,326
Use,2012,623,42
Use,2012,623,441
Use,2012,623,445
Use,2012,623,452
Use,2012,623,4A0
Use,2012,623,481
Use,2012,623,482
Use,2012,623,483
Use,2012,623,484
Use,2012,623,485
Use,2012,623,486
Use,2012,623,487OS
Use,2012,623,493
Use,2012,623,511
Use,2012,623,512
Use,2012,623,513
Use,2012,623,514
Use,2012,623,521CI
Use,2012,623,523
Use,2012,623,524
Use,2012,623,525
Use,2012,623,HS
Use,2012,623,ORE
Use,2012,623,532RL
Use,2012,623,5411
Use,2012,623,5415
Use,2012,623,5412OP
Use,2012,623,55
Use,2012,623,561
Use,2012,623,562
Use,2012,623,61
Use,2012,623,621
Use,2012,623,622
Use,2012,623,623
Use,2012,623,624
Use,2012,623,711AS
Use,2012,623,713
Use,2012,623,721
Use,2012,623,722
Use,2012,623,81
Use,2012,623,GFGD
Use,2012,623,GFE
Use,2012,623,GSLE
Use,2012,623,F02S
Use,2012,623,F02E
Use,2012,623,F02N
Use,2012,623,F02R
Use,2012,623,F030
Use,2012,623,F06C
Use,2012,623,F06S
Use,2012,623,F06E
Use,2012,623,F06N
Use,2012,623,F07C
Use,2012,623,F07S
Use,2012,623,F07E
Use,2012,623,F07N
Use,2012,623,F10C
Use,2012,623,F10S
Use,2012,623,F10E
Use,2012,623,F10N
Use,2012,624,111CA
Use,2012,624,113FF
Use,2012,624,211
Use,2012,624,212
Use,2012,624,213
Use,2012,624,22
Use,2012,624,23
Use,2012,624,321
Use,2012,624,327
Use,2012,624,331
Use,2012,624,332
Use,2012,624,333
Use,2012,624,334
Use,2012,624,335
Use,2012,624,3361MV
Use,2012,624,3364OT
Use,2012,624,337
Use,2012,624,339
Use,2012,624,311FT
Use,2012,624,313TT
Use,2012,624,315AL
Use,2012,624,322
Use,2012,624,323
Use,2012,624,324
Use,2012,624,325
Use,2012,624,326
Use,2012,624,42
Use,2012,624,441
Use,2012,624,445
Use,2012,624,452
Use,2012,624,4A0
Use,2012,624,481
Use,2012,624,482
Use,2012,624,483
Use,2012,624,484
Use,2012,624,485
Use,2012,624,486
Use,2012,624,487OS
Use,2012,624,493
Use,2012,624,511
Use,2012,624,512
Use,2012,624,513
Use,2012,624,514
Use,2012,624,521CI
Use,2012,624,523
Use,2012,624,524
Use,2012,624,525
Use,2012,624,HS
Use,2012,624,ORE
Use,2012,624,532RL
Use,2012,624,5411
Use,2012,624,5415
Use,2012,624,5412OP
Use,2012,624,55
Use,2012,624,561
Use,2012,624,562
Use,2012,624,61
Use,2012,624,621
Use,2012,624,622
Use,2012,624,623
Use,2012,624,624
Use,2012,624,711AS
Use,2012,624,713
Use,2012,624,721
Use,2012,624,722
Use,2012,624,81
Use,2012,624,GFGD
Use,2012,624,GFGN
Use,2012,624,GFE
Use,2012,624,GSLE
Use,2012,624,F02S
Use,2012,624,F02E
Use,2012,624,F02N
Use,2012,624,F02R
Use,2012,624,F030
Use,2012,624,F040
Use,2012,624,F050
Use,2012,624,F06C
Use,2012,624,F06S
Use,2012,624,F06E
Use,2012,624,F06N
Use,2012,624,F07C
Use,2012,624,F07S
Use,2012,624,F07E
Use,2012,624,F07N
Use,2012,624,F10C
Use,2012,624,F10S
Use,2012,624,F10E
Use,2012,624,F10N
Use,2012,711AS,212
Use,2012,711AS,481
Use,2012,711AS,483
Use,2012,711AS,486
Use,2012,711AS,F02S
Use,2012,711AS,F02E
Use,2012,711AS,F02R
Use,2012,711AS,F030
Use,2012,711AS,F06C
Use,2012,711AS,F06S
Use,2012,711AS,F06E
Use,2012,711AS,F06N
Use,2012,711AS,F07C
Use,2012,711AS,F07S
Use,2012,711AS,F07E
Use,2012,711AS,F07N
Use,2012,711AS,F10C
Use,2012,711AS,F10S
Use,2012,711AS,F10E
Use,2012,711AS,F10N
Use,2012,713,211
Use,2012,713,483
Use,2012,713,484
Use,2012,713,485
Use,2012,713,486
Use,2012,713,ORE
Use,2012,713,F02S
Use,2012,713,F02E
Use,2012,713,F02N
Use,2012,713,F02R
Use,2012,713,F030
Use,2012,713,F06C
Use,2012,713,F06S
Use,2012,713,F06E
Use,2012,713,F06N
Use,2012,713,F07C
Use,2012,713,F07S
Use,2012,713,F07E
Use,2012,713,F07N
Use,2012,713,F10C
Use,2012,713,F10S
Use,2012,713,F10E
Use,2012,713,F10N
Use,2012,721,113FF
Use,2012,721,481
Use,2012,721,483
Use,2012,721,484
Use,2012,721,F02S
Use,2012,721,F02E
Use,2012,721,F02N
Use,2012,721,F02R
Use,2012,721,F030
Use,2012,721,F040
Use,2012,721,F050
Use,2012,721,F06C
Use,2012,721,F06S
Use,2012,721,F06E
Use,2012,721,F06N
Use,2012,721,F07C
Use,2012,721,F07S
Use,2012,721,F07E
Use,2012,721,F07N
Use,2012,721,F10C
Use,2012,721,F10S
Use,2012,721,F10E
Use,2012,721,F10N
Use,2012,722,F02S
Use,2012,722,F02E
Use,2012,722,F02N
Use,2012,722,F02R
Use,2012,722,F030
Use,2012,722,F050
Use,2012,722,F06C
Use,2012,722,F06S
Use,2012,722,F06E
Use,2012,722,F06N
Use,2012,722,F07C
Use,2012,722,F07S
Use,2012,722,F07E
Use,2012,722,F07N
Use,2012,722,F10C
Use,2012,722,F10S
Use,2012,722,F10E
Use,2012,722,F10N
Use,2012,81,F02S
Use,2012,81,F02E
Use,2012,81,F02N
Use,2012,81,F02R
Use,2012,81,F030
Use,2012,81,F06C
Use,2012,81,F06S
Use,2012,81,F06E
Use,2012,81,F06N
Use,2012,81,F07C
Use,2012,81,F07S
Use,2012,81,F07E
Use,2012,81,F07N
Use,2012,81,F10C
Use,2012,81,F10S
Use,2012,81,F10E
Use,2012,81,F10N
Use,2012,GFGD,111CA
Use,2012,GFGD,113FF
Use,2012,GFGD,211
Use,2012,GFGD,212
Use,2012,GFGD,213
Use,2012,GFGD,22
Use,2012,GFGD,23
Use,2012,GFGD,321
Use,2012,GFGD,327
Use,2012,GFGD,331
Use,2012,GFGD,332
Use,2012,GFGD,333
Use,2012,GFGD,334
Use,2012,GFGD,335
Use,2012,GFGD,3361MV
Use,2012,GFGD,3364OT
Use,2012,GFGD,337
Use,2012,GFGD,339
Use,2012,GFGD,311FT
Use,2012,GFGD,313TT
Use,2012,GFGD,315AL
Use,2012,GFGD,322
Use,2012,GFGD,323
Use,2012,GFGD,324
Use,2012,GFGD,325
Use,2012,GFGD,326
Use,2012,GFGD,42
Use,2012,GFGD,441
Use,2012,GFGD,445
Use,2012,GFGD,452
Use,2012,GFGD,4A0
Use,2012,GFGD,481
Use,2012,GFGD,482
Use,2012,GFGD,483
Use,2012,GFGD,484
Use,2012,GFGD,485
Use,2012,GFGD,486
Use,2012,GFGD,487OS
Use,2012,GFGD,493
Use,2012,GFGD,511
Use,2012,GFGD,512
Use,2012,GFGD,513
Use,2012,GFGD,514
Use,2012,GFGD,521CI
Use,2012,GFGD,523
Use,2012,GFGD,524
Use,2012,GFGD,525
Use,2012,GFGD,HS
Use,2012,GFGD,ORE
Use,2012,GFGD,532RL
Use,2012,GFGD,5411
Use,2012,GFGD,5415
Use,2012,GFGD,5412OP
Use,2012,GFGD,55
Use,2012,GFGD,561
Use,2012,GFGD,562
Use,2012,GFGD,61
Use,2012,GFGD,621
Use,2012,GFGD,622
Use,2012,GFGD,623
Use,2012,GFGD,624
Use,2012,GFGD,711AS
Use,2012,GFGD,713
Use,2012,GFGD,721
Use,2012,GFGD,722
Use,2012,GFGD,81
Use,2012,GFGD,GFGD
Use,2012,GFGD,GFGN
Use,2012,GFGD,GFE
Use,2012,GFGD,GSLG
Use,2012,GFGD,GSLE
Use,2012,GFGD,TOT_INT
Use,2012,GFGD,F010
Use,2012,GFGD,F02S
Use,2012,GFGD,F02E
Use,2012,GFGD,F02N
Use,2012,GFGD,F02R
Use,2012,GFGD,F030
Use,2012,GFGD,F040
Use,2012,GFGD,F050
Use,2012,GFGD,F06S
Use,2012,GFGD,F06E
Use,2012,GFGD,F06N
Use,2012,GFGD,F07C
Use,2012,GFGD,F07S
Use,2012,GFGD,F07E
Use,2012,GFGD,F07N
Use,2012,GFGD,F10C
Use,2012,GFGD,F10S
Use,2012,GFGD,F10E
Use,2012,GFGD,F10N
Use,2012,GFGN,111CA
Use,2012,GFGN,113FF
Use,2012,GFGN,211
Use,2012,GFGN,212
Use,2012,GFGN,213
Use,2012,GFGN,22
Use,2012,GFGN,23
Use,2012,GFGN,321
Use,2012,GFGN,327
Use,2012,GFGN,331
Use,2012,GFGN,332
Use,2012,GFGN,333
Use,2012,GFGN,334
Use,2012,GFGN,335
Use,2012,GFGN,3361MV
Use,2012,GFGN,3364OT
Use,2012,GFGN,337
Use,2012,GFGN,339
Use,2012,GFGN,311FT
Use,2012,GFGN,313TT
Use,2012,GFGN,315AL
Use,2012,GFGN,322
Use,2012,GFGN,323
Use,2012,GFGN,324
Use,2012,GFGN,325
Use,2012,GFGN,326
Use,2012,GFGN,42
Use,2012,GFGN,441
Use,2012,GFGN,445
Use,2012,GFGN,452
Use,2012,GFGN,4A0
Use,2012,GFGN,481
Use,2012,GFGN,482
Use,2012,GFGN,483
Use,2012,GFGN,484
Use,2012,GFGN,485
Use,2012,GFGN,486
Use,2012,GFGN,487OS
Use,2012,GFGN,493
Use,2012,GFGN,511
Use,2012,GFGN,512
Use,2012,GFGN,513
Use,2012,GFGN,514
Use,2012,GFGN,521CI
Use,2012,GFGN,523
Use,2012,GFGN,524
Use,2012,GFGN,525
Use,2012,GFGN,HS
Use,2012,GFGN,ORE
Use,2012,GFGN,532RL
Use,2012,GFGN,5411
Use,2012,GFGN,5415
Use,2012,GFGN,5412OP
Use,2012,GFGN,55
Use,2012,GFGN,561
Use,2012,GFGN,562
Use,2012,GFGN,61
Use,2012,GFGN,621
Use,2012,GFGN,622
Use,2012,GFGN,623
Use,2012,GFGN,624
Use,2012,GFGN,711AS
Use,2012,GFGN,713
Use,2012,GFGN,721
Use,2012,GFGN,722
Use,2012,GFGN,81
Use,2012,GFGN,GFGD
Use,2012,GFGN,GFGN
Use,2012,GFGN,GFE
Use,2012,GFGN,GSLG
Use,2012,GFGN,GSLE
Use,2012,GFGN,TOT_INT
Use,2012,GFGN,F010
Use,2012,GFGN,F02S
Use,2012,GFGN,F02E
Use,2012,GFGN,F02N
Use,2012,GFGN,F02R
Use,2012,GFGN,F030
Use,2012,GFGN,F040
Use,2012,GFGN,F050
Use,2012,GFGN,F06C
Use,2012,GFGN,F06S
Use,2012,GFGN,F06E
Use,2012,GFGN,F06N
Use,2012,GFGN,F07S
Use,2012,GFGN,F07E
Use,2012,GFGN,F07N
Use,2012,GFGN,F10C
Use,2012,GFGN,F10S
Use,2012,GFGN,F10E
Use,2012,GFGN,F10N
Use,2012,GFE,211
Use,2012,GFE,213
Use,2012,GFE,321
Use,2012,GFE,327
Use,2012,GFE,3361MV
Use,2012,GFE,3364OT
Use,2012,GFE,337
Use,2012,GFE,311FT
Use,2012,GFE,315AL
Use,2012,GFE,322
Use,2012,GFE,326
Use,2012,GFE,482
Use,2012,GFE,525
Use,2012,GFE,F02S
Use,2012,GFE,F02E
Use,2012,GFE,F02N
Use,2012,GFE,F02R
Use,2012,GFE,F030
Use,2012,GFE,F06C
Use,2012,GFE,F06S
Use,2012,GFE,F06E
Use,2012,GFE,F06N
Use,2012,GFE,F07C
Use,2012,GFE,F07S
Use,2012,GFE,F07E
Use,2012,GFE,F07N
Use,2012,GFE,F10C
Use,2012,GFE,F10S
Use,2012,GFE,F10E
Use,2012,GFE,F10N
Use,2012,GSLG,111CA
Use,2012,GSLG,113FF
Use,2012,GSLG,211
Use,2012,GSLG,212
Use,2012,GSLG,213
Use,2012,GSLG,22
Use,2012,GSLG,23
Use,2012,GSLG,321
Use,2012,GSLG,327
Use,2012,GSLG,331
Use,2012,GSLG,332
Use,2012,GSLG,333
Use,2012,GSLG,334
Use,2012,GSLG,335
Use,2012,GSLG,3361MV
Use,2012,GSLG,3364OT
Use,2012,GSLG,337
Use,2012,GSLG,339
Use,2012,GSLG,311FT
Use,2012,GSLG,313TT
Use,2012,GSLG,315AL
Use,2012,GSLG,322
Use,2012,GSLG,323
Use,2012,GSLG,324
Use,2012,GSLG,325
Use,2012,GSLG,326
Use,2012,GSLG,42
Use,2012,GSLG,441
Use,2012,GSLG,445
Use,2012,GSLG,452
Use,2012,GSLG,4A0
Use,2012,GSLG,481
Use,2012,GSLG,482
Use,2012,GSLG,483
Use,2012,GSLG,484
Use,2012,GSLG,485
Use,2012,GSLG,486
Use,2012,GSLG,487OS
Use,2012,GSLG,493
Use,2012,GSLG,511
Use,2012,GSLG,512
Use,2012,GSLG,513
Use,2012,GSLG,514
Use,2012,GSLG,521CI
Use,2012,GSLG,523
Use,2012,GSLG,524
Use,2012,GSLG,525
Use,2012,GSLG,HS
Use,2012,GSLG,ORE
Use,2012,GSLG,532RL
Use,2012,GSLG,5411
Use,2012,GSLG,5415
Use,2012,GSLG,5412OP
Use,2012,GSLG,55
Use,2012,GSLG,561
Use,2012,GSLG,562
Use,2012,GSLG,61
Use,2012,GSLG,621
Use,2012,GSLG,622
Use,2012,GSLG,623
Use,2012,GSLG,624
Use,2012,GSLG,711AS
Use,2012,GSLG,713
Use,2012,GSLG,721
Use,2012,GSLG,722
Use,2012,GSLG,81
Use,2012,GSLG,GFGD
Use,2012,GSLG,GFGN
Use,2012,GSLG,GFE
Use,2012,GSLG,GSLG
Use,2012,GSLG,GSLE
Use,2012,GSLG,TOT_INT
Use,2012,GSLG,F010
Use,2012,GSLG,F02S
Use,2012,GSLG,F02E
Use,2012,GSLG,F02N
Use,2012,GSLG,F02R
Use,2012,GSLG,F030
Use,2012,GSLG,F040
Use,2012,GSLG,F050
Use,2012,GSLG,F06C
Use,2012,GSLG,F06S
Use,2012,GSLG,F06E
Use,2012,GSLG,F06N
Use,2012,GSLG,F07C
Use,2012,GSLG,F07S
Use,2012,GSLG,F07E
Use,2012,GSLG,F07N
Use,2012,GSLG,F10S
Use,2012,GSLG,F10E
Use,2012,GSLG,F10N
Use,2012,GSLE,111CA
Use,2012,GSLE,211
Use,2012,GSLE,212
Use,2012,GSLE,213
Use,2012,GSLE,23
Use,2012,GSLE,482
Use,2012,GSLE,483
Use,2012,GSLE,525
Use,2012,GSLE,HS
Use,2012,GSLE,F02S
Use,2012,GSLE,F02E
Use,2012,GSLE,F02N
Use,2012,GSLE,F02R
Use,2012,GSLE,F030
Use,2012,GSLE,F040
Use,2012,GSLE,F050
Use,2012,GSLE,F06C
Use,2012,GSLE,F06S
Use,2012,GSLE,F06E
Use,2012,GSLE,F06N
Use,2012,GSLE,F07C
Use,2012,GSLE,F07S
Use,2012,GSLE,F07E
Use,2012,GSLE,F07N
Use,2012,GSLE,F10C
Use,2012,GSLE,F10S
Use,2012,GSLE,F10E
Use,2012,GSLE,F10N
Use,2012,Used,211
Use,2012,Used,212
Use,2012,Used,321
Use,2012,Used,334
Use,2012,Used,335
Use,2012,Used,3361MV
Use,2012,Used,3364OT
Use,2012,Used,337
Use,2012,Used,315AL
Use,2012,Used,323
Use,2012,Used,324
Use,2012,Used,42
Use,2012,Used,445
Use,2012,Used,452
Use,2012,Used,482
Use,2012,Used,511
Use,2012,Used,514
Use,2012,Used,521CI
Use,2012,Used,523
Use,2012,Used,524
Use,2012,Used,525
Use,2012,Used,HS
Use,2012,Used,ORE
Use,2012,Used,5411
Use,2012,Used,5415
Use,2012,Used,5412OP
Use,2012,Used,561
Use,2012,Used,562
Use,2012,Used,622
Use,2012,Used,623
Use,2012,Used,624
Use,2012,Used,721
Use,2012,Used,722
Use,2012,Used,GFGN
Use,2012,Used,GFE
Use,2012,Used,GSLG
Use,2012,Used,GSLE
Use,2012,Used,F02N
Use,2012,Used,F06C
Use,2012,Used,F06N
Use,2012,Used,F07C
Use,2012,Used,F07N
Use,2012,Used,F10C
Use,2012,Used,F10N
Use,2012,Other,621
Use,2012,Other,622
Use,2012,Other,624
Use,2012,Other,GSLG
Use,2012,Other,GSLE
Use,2012,Other,F02S
Use,2012,Other,F02E
Use,2012,Other,F02R
Use,2012,Other,F030
Use,2012,Other,F06C
Use,2012,Other,F06S
Use,2012,Other,F06E
Use,2012,Other,F06N
Use,2012,Other,F07C
Use,2012,Other,F07S
Use,2012,Other,F07E
Use,2012,Other,F07N
Use,2012,Other,F10C
Use,2012,Other,F10S
Use,2012,Other,F10E
Use,2012,Other,F10N
Use,2012,TOT_INT,F010
Use,2012,TOT_INT,F02S
Use,2012,TOT_INT,F02E
Use,2012,TOT_INT,F02N
Use,2012,TOT_INT,F02R
Use,2012,TOT_INT,F030
Use,2012,TOT_INT,F040
Use,2012,TOT_INT,F050
Use,2012,TOT_INT,F06C
Use,2012,TOT_INT,F06S
Use,2012,TOT_INT,F06E
Use,2012,TOT_INT,F06N
Use,2012,TOT_INT,F07C
Use,2012,TOT_INT,F07S
Use,2012,TOT_INT,F07E
Use,2012,TOT_INT,F07N
Use,2012,TOT_INT,F10C
Use,2012,TOT_INT,F10S
Use,2012,TOT_INT,F10E
Use,2012,TOT_INT,F10N
Use,2012,TOT_INT,TOT_FIN
Use,2012,TOT_INT,Q
Use,2012,V001,F010
Use,2012,V001,F02S
Use,2012,V001,F02E
Use,2012,V001,F02N
Use,2012,V001,F02R
Use,2012,V001,F030
Use,2012,V001,F040
Use,2012,V001,F050
Use,2012,V001,F06C
Use,2012,V001,F06S
Use,2012,V001,F06E
Use,2012,V001,F06N
Use,2012,V001,F07C
Use,2012,V001,F07S
Use,2012,V001,F07E
Use,2012,V001,F07N
Use,2012,V001,F10C
Use,2012,V001,F10S
Use,2012,V001,F10E
Use,2012,V001,F10N
Use,2012,V001,TOT_FIN
Use,2012,V001,Q
Use,2012,V002,GFGD
Use,2012,V002,GFGN
Use,2012,V002,GSLG
Use,2012,V002,F010
Use,2012,V002,F02S
Use,2012,V002,F02E
Use,2012,V002,F02N
Use,2012,V002,F02R
Use,2012,V002,F030
Use,2012,V002,F040
Use,2012,V002,F050
Use,2012,V002,F06C
Use,2012,V002,F06S
Use,2012,V002,F06E
Use,2012,V002,F06N
Use,2012,V002,F07C
Use,2012,V002,F07S
Use,2012,V002,F07E
Use,2012,V002,F07N
Use,2012,V002,F10C
Use,2012,V002,F10S
Use,2012,V002,F10E
Use,2012,V002,F10N
Use,2012,V002,TOT_FIN
Use,2012,V002,Q
Use,2012,V003,F010
Use,2012,V003,F02S
Use,2012,V003,F02E
Use,2012,V003,F02N
Use,2012,V003,F02R
Use,2012,V003,F030
Use,2012,V003,F040
Use,2012,V003,F050
Use,2012,V003,F06C
Use,2012,V003,F06S
Use,2012,V003,F06E
Use,2012,V003,F06N
Use,2012,V003,F07C
Use,2012,V003,F07S
Use,2012,V003,F07E
Use,2012,V003,F07N
Use,2012,V003,F10C
Use,2012,V003,F10S
Use,2012,V003,F10E
Use,2012,V003,F10N
Use,2012,V003,TOT_FIN
Use,2012,V003,Q
Use,2012,TOT_VA,TOT_INT
Use,2012,TOT_VA,F010
Use,2012,TOT_VA,F02S
Use,2012,TOT_VA,F02E
Use,2012,TOT_VA,F02N
Use,2012,TOT_VA,F02R
Use,2012,TOT_VA,F030
Use,2012,TOT_VA,F040
Use,2012,TOT_VA,F050
Use,2012,TOT_VA,F06C
Use,2012,TOT_VA,F06S
Use,2012,TOT_VA,F06E
Use,2012,TOT_VA,F06N
Use,2012,TOT_VA,F07C
Use,2012,TOT_VA,F07S
Use,2012,TOT_VA,F07E
Use,2012,TOT_VA,F07N
Use,2012,TOT_VA,F10C
Use,2012,TOT_VA,F10S
Use,2012,TOT_VA,F10E
Use,2012,TOT_VA,F10N
Use,2012,TOT_VA,Q
Use,2012,X,TOT_INT
Use,2012,X,TOT_FIN
Make,2012,111CA,211
Make,2012,111CA,212
Make,2012,111CA,213
Make,2012,111CA,22
Make,2012,111CA,23
Make,2012,111CA,327
Make,2012,111CA,331
Make,2012,111CA,332
Make,2012,111CA,333
Make,2012,111CA,334
Make,2012,111CA,335
Make,2012,111CA,3361MV
Make,2012,111CA,3364OT
Make,2012,111CA,337
Make,2012,111CA,339
Make,2012,111CA,311FT
Make,2012,111CA,313TT
Make,2012,111CA,315AL
Make,2012,111CA,322
Make,2012,111CA,323
Make,2012,111CA,324
Make,2012,111CA,325
Make,2012,111CA,326
Make,2012,111CA,42
Make,2012,111CA,441
Make,2012,111CA,445
Make,2012,111CA,452
Make,2012,111CA,4A0
Make,2012,111CA,481
Make,2012,111CA,482
Make,2012,111CA,483
Make,2012,111CA,484
Make,2012,111CA,485
Make,2012,111CA,486
Make,2012,111CA,487OS
Make,2012,111CA,493
Make,2012,111CA,511
Make,2012,111CA,512
Make,2012,111CA,513
Make,2012,111CA,514
Make,2012,111CA,521CI
Make,2012,111CA,523
Make,2012,111CA,524
Make,2012,111CA,525
Make,2012,111CA,HS
Make,2012,111CA,ORE
Make,2012,111CA,532RL
Make,2012,111CA,5411
Make,2012,111CA,5415
Make,2012,111CA,5412OP
Make,2012,111CA,55
Make,2012,111CA,561
Make,2012,111CA,562
Make,2012,111CA,61
Make,2012,111CA,621
Make,2012,111CA,622
Make,2012,111CA,623
Make,2012,111CA,624
Make,2012,111CA,711AS
Make,2012,111CA,721
Make,2012,111CA,722
Make,2012,111CA,81
Make,2012,111CA,GFGD
Make,2012,111CA,GFGN
Make,2012,111CA,GFE
Make,2012,111CA,GSLG
Make,2012,111CA,GSLE
Make,2012,111CA,Used
Make,2012,111CA,Other
Make,2012,113FF,211
Make,2012,113FF,212
Make,2012,113FF,213
Make,2012,113FF,22
Make,2012,113FF,321
Make,2012,113FF,327
Make,2012,113FF,331
Make,2012,113FF,332
Make,2012,113FF,333
Make,2012,113FF,334
Make,2012,113FF,335
Make,2012,113FF,3361MV
Make,2012,113FF,3364OT
Make,2012,113FF,337
Make,2012,113FF,339
Make,2012,113FF,311FT
Make,2012,113FF,313TT
Make,2012,113FF,315AL
Make,2012,113FF,322
Make,2012,113FF,323
Make,2012,113FF,324
Make,2012,113FF,325
Make,2012,113FF,326
Make,2012,113FF,42
Make,2012,113FF,441
Make,2012,113FF,445
Make,2012,113FF,452
Make,2012,113FF,4A0
Make,2012,113FF,481
Make,2012,113FF,482
Make,2012,113FF,483
Make,2012,113FF,484
Make,2012,113FF,485
Make,2012,113FF,486
Make,2012,113FF,487OS
Make,2012,113FF,493
Make,2012,113FF,511
Make,2012,113FF,512
Make,2012,113FF,513
Make,2012,113FF,514
Make,2012,113FF,521CI
Make,2012,113FF,523
Make,2012,113FF,524
Make,2012,113FF,525
Make,2012,113FF,HS
Make,2012,113FF,ORE
Make,2012,113FF,532RL
Make,2012,113FF,5411
Make,2012,113FF,5412OP
Make,2012,113FF,55
Make,2012,113FF,561
Make,2012,113FF,562
Make,2012,113FF,61
Make,2012,113FF,621
Make,2012,113FF,622
Make,2012,113FF,623
Make,2012,113FF,624
Make,2012,113FF,711AS
Make,2012,113FF,713
Make,2012,113FF,721
Make,2012,113FF,722
Make,2012,113FF,81
Make,2012,113FF,GFGD
Make,2012,113FF,GFGN
Make,2012,113FF,GFE
Make,2012,113FF,GSLG
Make,2012,113FF,GSLE
Make,2012,113FF,Used
Make,2012,113FF,Other
Make,2012,211,111CA
Make,2012,211,113FF
Make,2012,211,22
Make,2012,211,321
Make,2012,211,327
Make,2012,211,331
Make,2012,211,334
Make,2012,211,335
Make,2012,211,3361MV
Make,2012,211,3364OT
Make,2012,211,337
Make,2012,211,339
Make,2012,211,311FT
Make,2012,211,313TT
Make,2012,211,315AL
Make,2012,211,322
Make,2012,211,323
Make,2012,211,326
Make,2012,211,441
Make,2012,211,445
Make,2012,211,452
Make,2012,211,4A0
Make,2012,211,481
Make,2012,211,482
Make,2012,211,483
Make,2012,211,484
Make,2012,211,485
Make,2012,211,486
Make,2012,211,487OS
Make,2012,211,493
Make,2012,211,511
Make,2012,211,512
Make,2012,211,513
Make,2012,211,514
Make,2012,211,521CI
Make,2012,211,523
Make,2012,211,524
Make,2012,211,525
Make,2012,211,HS
Make,2012,211,ORE
Make,2012,211,532RL
Make,2012,211,5411
Make,2012,211,55
Make,2012,211,561
Make,2012,211,562
Make,2012,211,61
Make,2012,211,621
Make,2012,211,622
Make,2012,211,623
Make,2012,211,624
Make,2012,211,711AS
Make,2012,211,713
Make,2012,211,721
Make,2012,211,722
Make,2012,211,81
Make,2012,211,GFGD
Make,2012,211,GFGN
Make,2012,211,GFE
Make,2012,211,GSLG
Make,2012,211,GSLE
Make,2012,211,Used
Make,2012,211,Other
Make,2012,212,111CA
Make,2012,212,113FF
Make,2012,212,22
Make,2012,212,321
Make,2012,212,331
Make,2012,212,332
Make,2012,212,333
Make,2012,212,334
Make,2012,212,335
Make,2012,212,3361MV
Make,2012,212,3364OT
Make,2012,212,337
Make,2012,212,339
Make,2012,212,311FT
Make,2012,212,313TT
Make,2012,212,315AL
Make,2012,212,322
Make,2012,212,323
Make,2012,212,326
Make,2012,212,441
Make,2012,212,445
Make,2012,212,452
Make,2012,212,4A0
Make,2012,212,481
Make,2012,212,482
Make,2012,212,483
Make,2012,212,484
Make,2012,212,485
Make,2012,212,486
Make,2012,212,487OS
Make,2012,212,493
Make,2012,212,511
Make,2012,212,512
Make,2012,212,513
Make,2012,212,514
Make,2012,212,521CI
Make,2012,212,523
Make,2012,212,524
Make,2012,212,525
Make,2012,212,HS
Make,2012,212,ORE
Make,2012,212,532RL
Make,2012,212,5411
Make,2012,212,55
Make,2012,212,561
Make,2012,212,562
Make,2012,212,61
Make,2012,212,621
Make,2012,212,622
Make,2012,212,623
Make,2012,212,624
Make,2012,212,711AS
Make,2012,212,713
Make,2012,212,721
Make,2012,212,722
Make,2012,212,81
Make,2012,212,GFGD
Make,2012,212,GFGN
Make,2012,212,GFE
Make,2012,212,GSLG
Make,2012,212,GSLE
Make,2012,212,Used
Make,2012,212,Other
Make,2012,213,111CA
Make,2012,213,113FF
Make,2012,213,22
Make,2012,213,321
Make,2012,213,327
Make,2012,213,331
Make,2012,213,333
Make,2012,213,334
Make,2012,213,335
Make,2012,213,3361MV
Make,2012,213,3364OT
Make,2012,213,337
Make,2012,213,339
Make,2012,213,311FT
Make,2012,213,313TT
Make,2012,213,315AL
Make,2012,213,322
Make,2012,213,323
Make,2012,213,325
Make,2012,213,326
Make,2012,213,441
Make,2012,213,445
Make,2012,213,452
Make,2012,213,4A0
Make,2012,213,481
Make,2012,213,482
Make,2012,213,483
Make,2012,213,484
Make,2012,213,485
Make,2012,213,486
Make,2012,213,487OS
Make,2012,213,493
Make,2012,213,511
Make,2012,213,512
Make,2012,213,513
Make,2012,213,514
Make,2012,213,521CI
Make,2012,213,523
Make,2012,213,524
Make,2012,213,525
Make,2012,213,HS
Make,2012,213,ORE
Make,2012,213,532RL
Make,2012,213,5411
Make,2012,213,55
Make,2012,213,561
Make,2012,213,562
Make,2012,213,61
Make,2012,213,621
Make,2012,213,622
Make,2012,213,623
Make,2012,213,624
Make,2012,213,711AS
Make,2012,213,713
Make,2012,213,721
Make,2012,213,722
Make,2012,213,81
Make,2012,213,GFGD
Make,2012,213,GFGN
Make,2012,213,GFE
Make,2012,213,GSLG
Make,2012,213,GSLE
Make,2012,213,Used
Make,2012,213,Other
Make,2012,22,111CA
Make,2012,22,113FF
Make,2012,22,212
Make,2012,22,213
Make,2012,22,321
Make,2012,22,327
Make,2012,22,331
Make,2012,22,332
Make,2012,22,333
Make,2012,22,334
Make,2012,22,335
Make,2012,22,3361MV
Make,2012,22,3364OT
Make,2012,22,337
Make,2012,22,339
Make,2012,22,311FT
Make,2012,22,313TT
Make,2012,22,315AL
Make,2012,22,322
Make,2012,22,323
Make,2012,22,324
Make,2012,22,325
Make,2012,22,326
Make,2012,22,42
Make,2012,22,441
Make,2012,22,445
Make,2012,22,452
Make,2012,22,481
Make,2012,22,482
Make,2012,22,483
Make,2012,22,484
Make,2012,22,485
Make,2012,22,487OS
Make,2012,22,493
Make,2012,22,511
Make,2012,22,512
Make,2012,22,513
Make,2012,22,514
Make,2012,22,521CI
Make,2012,22,523
Make,2012,22,524
Make,2012,22,525
Make,2012,22,HS
Make,2012,22,ORE
Make,2012,22,532RL
Make,2012,22,5411
Make,2012,22,55
Make,2012,22,561
Make,2012,22,562
Make,2012,22,61
Make,2012,22,621
Make,2012,22,622
Make,2012,22,623
Make,2012,22,624
Make,2012,22,711AS
Make,2012,22,713
Make,2012,22,721
Make,2012,22,722
Make,2012,22,81
Make,2012,22,GFGD
Make,2012,22,GFGN
Make,2012,22,GFE
Make,2012,22,GSLG
Make,2012,22,Used
Make,2012,22,Other
Make,2012,23,111CA
Make,2012,23,113FF
Make,2012,23,211
Make,2012,23,212
Make,2012,23,213
Make,2012,23,22
Make,2012,23,321
Make,2012,23,327
Make,2012,23,331
Make,2012,23,332
Make,2012,23,333
Make,2012,23,334
Make,2012,23,335
Make,2012,23,3361MV
Make,2012,23,3364OT
Make,2012,23,337
Make,2012,23,339
Make,2012,23,311FT
Make,2012,23,313TT
Make,2012,23,315AL
Make,2012,23,322
Make,2012,23,323
Make,2012,23,324
Make,2012,23,325
Make,2012,23,326
Make,2012,23,42
Make,2012,23,441
Make,2012,23,445
Make,2012,23,452
Make,2012,23,4A0
Make,2012,23,481
Make,2012,23,482
Make,2012,23,483
Make,2012,23,484
Make,2012,23,485
Make,2012,23,486
Make,2012,23,487OS
Make,2012,23,493
Make,2012,23,511
Make,2012,23,512
Make,2012,23,513
Make,2012,23,514
Make,2012,23,521CI
Make,2012,23,523
Make,2012,23,524
Make,2012,23,525
Make,2012,23,HS
Make,2012,23,ORE
Make,2012,23,532RL
Make,2012,23,5411
Make,2012,23,55
Make,2012,23,561
Make,2012,23,562
Make,2012,23,61
Make,2012,23,621
Make,2012,23,622
Make,2012,23,623
Make,2012,23,624
Make,2012,23,711AS
Make,2012,23,713
Make,2012,23,721
Make,2012,23,722
Make,2012,23,81
Make,2012,23,GFGD
Make,2012,23,GFGN
Make,2012,23,GFE
Make,2012,23,GSLG
Make,2012,23,GSLE
Make,2012,23,Used
Make,2012,23,Other
Make,2012,321,111CA
Make,2012,321,113FF
Make,2012,321,211
Make,2012,321,212
Make,2012,321,213
Make,2012,321,22
Make,2012,321,331
Make,2012,321,333
Make,2012,321,334
Make,2012,321,335
Make,2012,321,3361MV
Make,2012,321,3364OT
Make,2012,321,311FT
Make,2012,321,315AL
Make,2012,321,323
Make,2012,321,324
Make,2012,321,441
Make,2012,321,445
Make,2012,321,452
Make,2012,321,4A0
Make,2012,321,481
Make,2012,321,482
Make,2012,321,483
Make,2012,321,484
Make,2012,321,485
Make,2012,321,486
Make,2012,321,487OS
Make,2012,321,493
Make,2012,321,511
Make,2012,321,512
Make,2012,321,513
Make,2012,321,514
Make,2012,321,521CI
Make,2012,321,523
Make,2012,321,524
Make,2012,321,525
Make,2012,321,HS
Make,2012,321,ORE
Make,2012,321,532RL
Make,2012,321,5411
Make,2012,321,55
Make,2012,321,561
Make,2012,321,562
Make,2012,321,61
Make,2012,321,621
Make,2012,321,622
Make,2012,321,623
Make,2012,321,624
Make,2012,321,711AS
Make,2012,321,713
Make,2012,321,721
Make,2012,321,722
Make,2012,321,81
Make,2012,321,GFGD
Make,2012,321,GFGN
Make,2012,321,GFE
Make,2012,321,GSLG
Make,2012,321,GSLE
Make,2012,321,Other
Make,2012,327,111CA
Make,2012,327,113FF
Make,2012,327,22
Make,2012,327,331
Make,2012,327,311FT
Make,2012,327,315AL
Make,2012,327,323
Make,2012,327,441
Make,2012,327,445
Make,2012,327,452
Make,2012,327,4A0
Make,2012,327,481
Make,2012,327,482
Make,2012,327,483
Make,2012,327,484
Make,2012,327,485
Make,2012,327,486
Make,2012,327,487OS
Make,2012,327,493
Make,2012,327,511
Make,2012,327,512
Make,2012,327,513
Make,2012,327,514
Make,2012,327,521CI
Make,2012,327,523
Make,2012,327,524
Make,2012,327,525
Make,2012,327,HS
Make,2012,327,ORE
Make,2012,327,532RL
Make,2012,327,5411
Make,2012,327,55
Make,2012,327,561
Make,2012,327,562
Make,2012,327,61
Make,2012,327,621
Make,2012,327,622
Make,2012,327,623
Make,2012,327,624
Make,2012,327,711AS
Make,2012,327,713
Make,2012,327,721
Make,2012,327,722
Make,2012,327,81
Make,2012,327,GFGD
Make,2012,327,GFGN
Make,2012,327,GFE
Make,2012,327,GSLG
Make,2012,327,GSLE
Make,2012,327,Other
Make,2012,331,111CA
Make,2012,331,113FF
Make,2012,331,211
Make,2012,331,212
Make,2012,331,213
Make,2012,331,22
Make,2012,331,321
Make,2012,331,3361MV
Make,2012,331,3364OT
Make,2012,331,339
Make,2012,331,311FT
Make,2012,331,315AL
Make,2012,331,323
Make,2012,331,441
Make,2012,331,445
Make,2012,331,452
Make,2012,331,4A0
Make,2012,331,481
Make,2012,331,482
Make,2012,331,483
Make,2012,331,484
Make,2012,331,485
Make,2012,331,486
Make,2012,331,487OS
Make,2012,331,493
Make,2012,331,511
Make,2012,331,512
Make,2012,331,513
Make,2012,331,514
Make,2012,331,521CI
Make,2012,331,523
Make,2012,331,524
Make,2012,331,525
Make,2012,331,HS
Make,2012,331,ORE
Make,2012,331,532RL
Make,2012,331,5411
Make,2012,331,55
Make,2012,331,561
Make,2012,331,562
Make,2012,331,61
Make,2012,331,621
Make,2012,331,622
Make,2012,331,623
Make,2012,331,624
Make,2012,331,711AS
Make,2012,331,713
Make,2012,331,721
Make,2012,331,722
Make,2012,331,81
Make,2012,331,GFGD
Make,2012,331,GFGN
Make,2012,331,GFE
Make,2012,331,GSLG
Make,2012,331,GSLE
Make,2012,331,Other
Make,2012,332,111CA
Make,2012,332,113FF
Make,2012,332,211
Make,2012,332,212
Make,2012,332,213
Make,2012,332,22
Make,2012,332,311FT
Make,2012,332,441
Make,2012,332,445
Make,2012,332,452
Make,2012,332,4A0
Make,2012,332,481
Make,2012,332,482
Make,2012,332,483
Make,2012,332,484
Make,2012,332,485
Make,2012,332,486
Make,2012,332,487OS
Make,2012,332,493
Make,2012,332,511
Make,2012,332,512
Make,2012,332,513
Make,2012,332,514
Make,2012,332,521CI
Make,2012,332,523
Make,2012,332,524
Make,2012,332,525
Make,2012,332,HS
Make,2012,332,ORE
Make,2012,332,532RL
Make,2012,332,5411
Make,2012,332,55
Make,2012,332,561
Make,2012,332,562
Make,2012,332,61
Make,2012,332,621
Make,2012,332,622
Make,2012,332,623
Make,2012,332,624
Make,2012,332,711AS
Make,2012,332,713
Make,2012,332,721
Make,2012,332,722
Make,2012,332,GFGD
Make,2012,332,GFGN
Make,2012,332,GFE
Make,2012,332,GSLG
Make,2012,332,GSLE
Make,2012,332,Other
Make,2012,333,111CA
Make,2012,333,113FF
Make,2012,333,211
Make,2012,333,212
Make,2012,333,213
Make,2012,333,22
Make,2012,333,321
Make,2012,333,315AL
Make,2012,333,323
Make,2012,333,441
Make,2012,333,445
Make,2012,333,452
Make,2012,333,4A0
Make,2012,333,481
Make,2012,333,482
Make,2012,333,483
Make,2012,333,484
Make,2012,333,485
Make,2012,333,486
Make,2012,333,487OS
Make,2012,333,493
Make,2012,333,511
Make,2012,333,512
Make,2012,333,513
Make,2012,333,514
Make,2012,333,521CI
Make,2012,333,523
Make,2012,333,524
Make,2012,333,525
Make,2012,333,HS
Make,2012,333,ORE
Make,2012,333,5411
Make,2012,333,55
Make,2012,333,561
Make,2012,333,562
Make,2012,333,61
Make,2012,333,621
Make,2012,333,622
Make,2012,333,623
Make,2012,333,624
Make,2012,333,711AS
Make,2012,333,713
Make,2012,333,721
Make,2012,333,722
Make,2012,333,GFGD
Make,2012,333,GFGN
Make,2012,333,GFE
Make,2012,333,GSLG
Make,2012,333,GSLE
Make,2012,333,Other
Make,2012,334,111CA
Make,2012,334,113FF
Make,2012,334,211
Make,2012,334,212
Make,2012,334,213
Make,2012,334,22
Make,2012,334,311FT
Make,2012,334,315AL
Make,2012,334,324
Make,2012,334,441
Make,2012,334,445
Make,2012,334,452
Make,2012,334,4A0
Make,2012,334,481
Make,2012,334,482
Make,2012,334,483
Make,2012,334,484
Make,2012,334,485
Make,2012,334,486
Make,2012,334,487OS
Make,2012,334,493
Make,2012,334,511
Make,2012,334,512
Make,2012,334,513
Make,2012,334,514
Make,2012,334,521CI
Make,2012,334,523
Make,2012,334,524
Make,2012,334,525
Make,2012,334,HS
Make,2012,334,ORE
Make,2012,334,532RL
Make,2012,334,5411
Make,2012,334,55
Make,2012,334,561
Make,2012,334,562
Make,2012,334,61
Make,2012,334,621
Make,2012,334,622
Make,2012,334,623
Make,2012,334,624
Make,2012,334,711AS
Make,2012,334,713
Make,2012,334,721
Make,2012,334,722
Make,2012,334,81
Make,2012,334,GFGD
Make,2012,334,GFGN
Make,2012,334,GFE
Make,2012,334,GSLG
Make,2012,334,GSLE
Make,2012,334,Other
Make,2012,335,111CA
Make,2012,335,113FF
Make,2012,335,211
Make,2012,335,212
Make,2012,335,213
Make,2012,335,22
Make,2012,335,321
Make,2012,335,311FT
Make,2012,335,315AL
Make,2012,335,323
Make,2012,335,441
Make,2012,335,445
Make,2012,335,452
Make,2012,335,4A0
Make,2012,335,481
Make,2012,335,482
Make,2012,335,483
Make,2012,335,484
Make,2012,335,485
Make,2012,335,486
Make,2012,335,487OS
Make,2012,335,493
Make,2012,335,511
Make,2012,335,512
Make,2012,335,513
Make,2012,335,514
Make,2012,335,521CI
Make,2012,335,523
Make,2012,335,524
Make,2012,335,525
Make,2012,335,HS
Make,2012,335,ORE
Make,2012,335,532RL
Make,2012,335,5411
Make,2012,335,55
Make,2012,335,561
Make,2012,335,562
Make,2012,335,61
Make,2012,335,621
Make,2012,335,622
Make,2012,335,623
Make,2012,335,624
Make,2012,335,711AS
Make,2012,335,713
Make,2012,335,721
Make,2012,335,722
Make,2012,335,81
Make,2012,335,GFGD
Make,2012,335,GFGN
Make,2012,335,GFE
Make,2012,335,GSLG
Make,2012,335,GSLE
Make,2012,335,Other
Make,2012,3361MV,111CA
Make,2012,3361MV,113FF
Make,2012,3361MV,211
Make,2012,3361MV,212
Make,2012,3361MV,213
Make,2012,3361MV,22
Make,2012,3361MV,321
Make,2012,3361MV,311FT
Make,2012,3361MV,315AL
Make,2012,3361MV,322
Make,2012,3361MV,323
Make,2012,3361MV,324
Make,2012,3361MV,441
Make,2012,3361MV,445
Make,2012,3361MV,452
Make,2012,3361MV,4A0
Make,2012,3361MV,481
Make,2012,3361MV,482
Make,2012,3361MV,483
Make,2012,3361MV,484
Make,2012,3361MV,485
Make,2012,3361MV,486
Make,2012,3361MV,487OS
Make,2012,3361MV,493
Make,2012,3361MV,511
Make,2012,3361MV,512
Make,2012,3361MV,513
Make,2012,3361MV,514
Make,2012,3361MV,521CI
Make,2012,3361MV,523
Make,2012,3361MV,524
Make,2012,3361MV,525
Make,2012,3361MV,HS
Make,2012,3361MV,ORE
Make,2012,3361MV,532RL
Make,2012,3361MV,5411
Make,2012,3361MV,55
Make,2012,3361MV,561
Make,2012,3361MV,562
Make,2012,3361MV,61
Make,2012,3361MV,621
Make,2012,3361MV,622
Make,2012,3361MV,623
Make,2012,3361MV,624
Make,2012,3361MV,711AS
Make,2012,3361MV,713
Make,2012,3361MV,721
Make,2012,3361MV,722
Make,2012,3361MV,81
Make,2012,3361MV,GFGD
Make,2012,3361MV,GFGN
Make,2012,3361MV,GFE
Make,2012,3361MV,GSLG
Make,2012,3361MV,GSLE
Make,2012,3361MV,Other
Make,2012,3364OT,111CA
Make,2012,3364OT,113FF
Make,2012,3364OT,211
Make,2012,3364OT,212
Make,2012,3364OT,213
Make,2012,3364OT,22
Make,2012,3364OT,321
Make,2012,3364OT,327
Make,2012,3364OT,337
Make,2012,3364OT,339
Make,2012,3364OT,311FT
Make,2012,3364OT,315AL
Make,2012,3364OT,322
Make,2012,3364OT,323
Make,2012,3364OT,324
Make,2012,3364OT,441
Make,2012,3364OT,445
Make,2012,3364OT,452
Make,2012,3364OT,4A0
Make,2012,3364OT,481
Make,2012,3364OT,482
Make,2012,3364OT,483
Make,2012,3364OT,484
Make,2012,3364OT,485
Make,2012,3364OT,486
Make,2012,3364OT,487OS
Make,2012,3364OT,493
Make,2012,3364OT,511
Make,2012,3364OT,512
Make,2012,3364OT,513
Make,2012,3364OT,514
Make,2012,3364OT,521CI
Make,2012,3364OT,523
Make,2012,3364OT,524
Make,2012,3364OT,525
Make,2012,3364OT,HS
Make,2012,3364OT,ORE
Make,2012,3364OT,532RL
Make,2012,3364OT,5411
Make,2012,3364OT,55
Make,2012,3364OT,561
Make,2012,3364OT,562
Make,2012,3364OT,61
Make,2012,3364OT,621
Make,2012,3364OT,622
Make,2012,3364OT,623
Make,2012,3364OT,624
Make,2012,3364OT,711AS
Make,2012,3364OT,713
Make,2012,3364OT,721
Make,2012,3364OT,722
Make,2012,3364OT,81
Make,2012,3364OT,GFGD
Make,2012,3364OT,GFGN
Make,2012,3364OT,GFE
Make,2012,3364OT,GSLG
Make,2012,3364OT,GSLE
Make,2012,3364OT,Other
Make,2012,337,111CA
Make,2012,337,113FF
Make,2012,337,211
Make,2012,337,212
Make,2012,337,213
Make,2012,337,22
Make,2012,337,3364OT
Make,2012,337,311FT
Make,2012,337,324
Make,2012,337,441
Make,2012,337,445
Make,2012,337,452
Make,2012,337,4A0
Make,2012,337,481
Make,2012,337,482
Make,2012,337,483
Make,2012,337,484
Make,2012,337,485
Make,2012,337,486
Make,2012,337,487OS
Make,2012,337,493
Make,2012,337,511
Make,2012,337,512
Make,2012,337,513
Make,2012,337,514
Make,2012,337,521CI
Make,2012,337,523
Make,2012,337,524
Make,2012,337,525
Make,2012,337,HS
Make,2012,337,ORE
Make,2012,337,532RL
Make,2012,337,5411
Make,2012,337,55
Make,2012,337,561
Make,2012,337,562
Make,2012,337,61
Make,2012,337,621
Make,2012,337,622
Make,2012,337,623
Make,2012,337,624
Make,2012,337,711AS
Make,2012,337,713
Make,2012,337,721
Make,2012,337,722
Make,2012,337,81
Make,2012,337,GFGD
Make,2012,337,GFGN
Make,2012,337,GFE
Make,2012,337,GSLG
Make,2012,337,GSLE
Make,2012,337,Used
Make,2012,337,Other
Make,2012,339,111CA
Make,2012,339,113FF
Make,2012,339,211
Make,2012,339,212
Make,2012,339,213
Make,2012,339,22
Make,2012,339,311FT
Make,2012,339,441
Make,2012,339,445
Make,2012,339,452
Make,2012,339,4A0
Make,2012,339,481
Make,2012,339,482
Make,2012,339,483
Make,2012,339,484
Make,2012,339,485
Make,2012,339,486
Make,2012,339,487OS
Make,2012,339,493
Make,2012,339,511
Make,2012,339,512
Make,2012,339,513
Make,2012,339,514
Make,2012,339,521CI
Make,2012,339,523
Make,2012,339,524
Make,2012,339,525
Make,2012,339,HS
Make,2012,339,ORE
Make,2012,339,532RL
Make,2012,339,5411
Make,2012,339,55
Make,2012,339,561
Make,2012,339,562
Make,2012,339,61
Make,2012,339,621
Make,2012,339,622
Make,2012,339,623
Make,2012,339,624
Make,2012,339,711AS
Make,2012,339,713
Make,2012,339,721
Make,2012,339,722
Make,2012,339,81
Make,2012,339,GFGD
Make,2012,339,GFGN
Make,2012,339,GFE
Make,2012,339,GSLG
Make,2012,339,GSLE
Make,2012,339,Other
Make,2012,311FT,111CA
Make,2012,311FT,113FF
Make,2012,311FT,211
Make,2012,311FT,212
Make,2012,311FT,213
Make,2012,311FT,22
Make,2012,311FT,321
Make,2012,311FT,327
Make,2012,311FT,331
Make,2012,311FT,332
Make,2012,311FT,333
Make,2012,311FT,334
Make,2012,311FT,335
Make,2012,311FT,3361MV
Make,2012,311FT,3364OT
Make,2012,311FT,337
Make,2012,311FT,339
Make,2012,311FT,323
Make,2012,311FT,324
Make,2012,311FT,441
Make,2012,311FT,445
Make,2012,311FT,452
Make,2012,311FT,4A0
Make,2012,311FT,481
Make,2012,311FT,482
Make,2012,311FT,483
Make,2012,311FT,484
Make,2012,311FT,485
Make,2012,311FT,486
Make,2012,311FT,487OS
Make,2012,311FT,493
Make,2012,311FT,511
Make,2012,311FT,512
Make,2012,311FT,513
Make,2012,311FT,514
Make,2012,311FT,521CI
Make,2012,311FT,523
Make,2012,311FT,524
Make,2012,311FT,525
Make,2012,311FT,HS
Make,2012,311FT,ORE
Make,2012,311FT,532RL
Make,2012,311FT,5411
Make,2012,311FT,55
Make,2012,311FT,561
Make,2012,311FT,562
Make,2012,311FT,61
Make,2012,311FT,621
Make,2012,311FT,622
Make,2012,311FT,623
Make,2012,311FT,624
Make,2012,311FT,711AS
Make,2012,311FT,713
Make,2012,311FT,721
Make,2012,311FT,722
Make,2012,311FT,81
Make,2012,311FT,GFGD
Make,2012,311FT,GFGN
Make,2012,311FT,GFE
Make,2012,311FT,GSLG
Make,2012,311FT,GSLE
Make,2012,311FT,Other
Make,2012,313TT,111CA
Make,2012,313TT,113FF
Make,2012,313TT,211
Make,2012,313TT,212
Make,2012,313TT,213
Make,2012,313TT,22
Make,2012,313TT,321
Make,2012,313TT,327
Make,2012,313TT,334
Make,2012,313TT,335
Make,2012,313TT,311FT
Make,2012,313TT,324
Make,2012,313TT,441
Make,2012,313TT,445
Make,2012,313TT,452
Make,2012,313TT,4A0
Make,2012,313TT,481
Make,2012,313TT,482
Make,2012,313TT,483
Make,2012,313TT,484
Make,2012,313TT,485
Make,2012,313TT,486
Make,2012,313TT,487OS
Make,2012,313TT,493
Make,2012,313TT,511
Make,2012,313TT,512
Make,2012,313TT,513
Make,2012,313TT,514
Make,2012,313TT,521CI
Make,2012,313TT,523
Make,2012,313TT,524
Make,2012,313TT,525
Make,2012,313TT,HS
Make,2012,313TT,ORE
Make,2012,313TT,532RL
Make,2012,313TT,5411
Make,2012,313TT,55
Make,2012,313TT,561
Make,2012,313TT,562
Make,2012,313TT,61
Make,2012,313TT,621
Make,2012,313TT,622
Make,2012,313TT,623
Make,2012,313TT,624
Make,2012,313TT,711AS
Make,2012,313TT,713
Make,2012,313TT,721
Make,2012,313TT,722
Make,2012,313TT,81
Make,2012,313TT,GFGD
Make,2012,313TT,GFGN
Make,2012,313TT,GFE
Make,2012,313TT,GSLG
Make,2012,313TT,GSLE
Make,2012,313TT,Other
Make,2012,315AL,111CA
Make,2012,315AL,113FF
Make,2012,315AL,211
Make,2012,315AL,212
Make,2012,315AL,213
Make,2012,315AL,22
Make,2012,315AL,321
Make,2012,315AL,327
Make,2012,315AL,331
Make,2012,315AL,332
Make,2012,315AL,333
Make,2012,315AL,334
Make,2012,315AL,335
Make,2012,315AL,3361MV
Make,2012,315AL,3364OT
Make,2012,315AL,337
Make,2012,315AL,339
Make,2012,315AL,311FT
Make,2012,315AL,322
Make,2012,315AL,323
Make,2012,315AL,324
Make,2012,315AL,325
Make,2012,315AL,326
Make,2012,315AL,441
Make,2012,315AL,445
Make,2012,315AL,452
Make,2012,315AL,4A0
Make,2012,315AL,481
Make,2012,315AL,482
Make,2012,315AL,483
Make,2012,315AL,484
Make,2012,315AL,485
Make,2012,315AL,486
Make,2012,315AL,487OS
Make,2012,315AL,493
Make,2012,315AL,511
Make,2012,315AL,512
Make,2012,315AL,513
Make,2012,315AL,514
Make,2012,315AL,521CI
Make,2012,315AL,523
Make,2012,315AL,524
Make,2012,315AL,525
Make,2012,315AL,HS
Make,2012,315AL,ORE
Make,2012,315AL,532RL
Make,2012,315AL,5411
Make,2012,315AL,55
Make,2012,315AL,561
Make,2012,315AL,562
Make,2012,315AL,61
Make,2012,315AL,621
Make,2012,315AL,622
Make,2012,315AL,623
Make,2012,315AL,624
Make,2012,315AL,711AS
Make,2012,315AL,713
Make,2012,315AL,721
Make,2012,315AL,722
Make,2012,315AL,81
Make,2012,315AL,GFGD
Make,2012,315AL,GFGN
Make,2012,315AL,GFE
Make,2012,315AL,GSLG
Make,2012,315AL,GSLE
Make,2012,315AL,Other
Make,2012,322,111CA
Make,2012,322,113FF
Make,2012,322,211
Make,2012,322,212
Make,2012,322,213
Make,2012,322,22
Make,2012,322,333
Make,2012,322,335
Make,2012,322,3361MV
Make,2012,322,3364OT
Make,2012,322,311FT
Make,2012,322,315AL
Make,2012,322,324
Make,2012,322,441
Make,2012,322,445
Make,2012,322,452
Make,2012,322,4A0
Make,2012,322,481
Make,2012,322,482
Make,2012,322,483
Make,2012,322,484
Make,2012,322,485
Make,2012,322,486
Make,2012,322,487OS
Make,2012,322,493
Make,2012,322,511
Make,2012,322,512
Make,2012,322,513
Make,2012,322,514
Make,2012,322,521CI
Make,2012,322,523
Make,2012,322,524
Make,2012,322,525
Make,2012,322,HS
Make,2012,322,ORE
Make,2012,322,532RL
Make,2012,322,5411
Make,2012,322,55
Make,2012,322,561
Make,2012,322,562
Make,2012,322,61
Make,2012,322,621
Make,2012,322,622
Make,2012,322,623
Make,2012,322,624
Make,2012,322,711AS
Make,2012,322,713
Make,2012,322,721
Make,2012,322,722
Make,2012,322,81
Make,2012,322,GFGD
Make,2012,322,GFGN
Make,2012,322,GFE
Make,2012,322,GSLG
Make,2012,322,GSLE
Make,2012,322,Other
Make,2012,323,111CA
Make,2012,323,113FF
Make,2012,323,211
Make,2012,323,212
Make,2012,323,213
Make,2012,323,22
Make,2012,323,321
Make,2012,323,327
Make,2012,323,331
Make,2012,323,333
Make,2012,323,335
Make,2012,323,3361MV
Make,2012,323,3364OT
Make,2012,323,337
Make,2012,323,311FT
Make,2012,323,324
Make,2012,323,325
Make,2012,323,441
Make,2012,323,445
Make,2012,323,452
Make,2012,323,4A0
Make,2012,323,481
Make,2012,323,482
Make,2012,323,483
Make,2012,323,484
Make,2012,323,485
Make,2012,323,486
Make,2012,323,487OS
Make,2012,323,493
Make,2012,323,511
Make,2012,323,512
Make,2012,323,513
Make,2012,323,514
Make,2012,323,521CI
Make,2012,323,523
Make,2012,323,524
Make,2012,323,525
Make,2012,323,HS
Make,2012,323,ORE
Make,2012,323,532RL
Make,2012,323,5411
Make,2012,323,55
Make,2012,323,562
Make,2012,323,61
Make,2012,323,621
Make,2012,323,622
Make,2012,323,623
Make,2012,323,624
Make,2012,323,711AS
Make,2012,323,713
Make,2012,323,721
Make,2012,323,722
Make,2012,323,81
Make,2012,323,GFGD
Make,2012,323,GFGN
Make,2012,323,GFE
Make,2012,323,GSLG
Make,2012,323,GSLE
Make,2012,323,Other
Make,2012,324,111CA
Make,2012,324,113FF
Make,2012,324,213
Make,2012,324,22
Make,2012,324,321
Make,2012,324,331
Make,2012,324,332
Make,2012,324,334
Make,2012,324,3361MV
Make,2012,324,3364OT
Make,2012,324,337
Make,2012,324,339
Make,2012,324,311FT
Make,2012,324,315AL
Make,2012,324,323
Make,2012,324,441
Make,2012,324,445
Make,2012,324,452
Make,2012,324,4A0
Make,2012,324,481
Make,2012,324,482
Make,2012,324,483
Make,2012,324,484
Make,2012,324,485
Make,2012,324,486
Make,2012,324,487OS
Make,2012,324,493
Make,2012,324,511
Make,2012,324,512
Make,2012,324,513
Make,2012,324,514
Make,2012,324,521CI
Make,2012,324,523
Make,2012,324,524
Make,2012,324,525
Make,2012,324,HS
Make,2012,324,ORE
Make,2012,324,532RL
Make,2012,324,5411
Make,2012,324,55
Make,2012,324,561
Make,2012,324,562
Make,2012,324,61
Make,2012,324,621
Make,2012,324,622
Make,2012,324,623
Make,2012,324,624
Make,2012,324,711AS
Make,2012,324,713
Make,2012,324,721
Make,2012,324,722
Make,2012,324,81
Make,2012,324,GFGD
Make,2012,324,GFGN
Make,2012,324,GFE
Make,2012,324,GSLG
Make,2012,324,GSLE
Make,2012,324,Used
Make,2012,324,Other
Make,2012,325,111CA
Make,2012,325,113FF
Make,2012,325,211
Make,2012,325,213
Make,2012,325,22
Make,2012,325,337
Make,2012,325,315AL
Make,2012,325,441
Make,2012,325,445
Make,2012,325,452
Make,2012,325,4A0
Make,2012,325,481
Make,2012,325,482
Make,2012,325,483
Make,2012,325,484
Make,2012,325,485
Make,2012,325,486
Make,2012,325,487OS
Make,2012,325,493
Make,2012,325,511
Make,2012,325,512
Make,2012,325,513
Make,2012,325,514
Make,2012,325,521CI
Make,2012,325,523
Make,2012,325,524
Make,2012,325,525
Make,2012,325,HS
Make,2012,325,ORE
Make,2012,325,532RL
Make,2012,325,5411
Make,2012,325,55
Make,2012,325,561
Make,2012,325,562
Make,2012,325,61
Make,2012,325,621
Make,2012,325,622
Make,2012,325,623
Make,2012,325,624
Make,2012,325,711AS
Make,2012,325,713
Make,2012,325,721
Make,2012,325,722
Make,2012,325,81
Make,2012,325,GFGD
Make,2012,325,GFGN
Make,2012,325,GFE
Make,2012,325,GSLG
Make,2012,325,GSLE
Make,2012,325,Used
Make,2012,325,Other
Make,2012,326,111CA
Make,2012,326,113FF
Make,2012,326,211
Make,2012,326,212
Make,2012,326,213
Make,2012,326,22
Make,2012,326,311FT
Make,2012,326,315AL
Make,2012,326,441
Make,2012,326,445
Make,2012,326,452
Make,2012,326,4A0
Make,2012,326,481
Make,2012,326,482
Make,2012,326,483
Make,2012,326,484
Make,2012,326,485
Make,2012,326,486
Make,2012,326,487OS
Make,2012,326,493
Make,2012,326,511
Make,2012,326,512
Make,2012,326,513
Make,2012,326,514
Make,2012,326,521CI
Make,2012,326,523
Make,2012,326,524
Make,2012,326,525
Make,2012,326,HS
Make,2012,326,ORE
Make,2012,326,532RL
Make,2012,326,5411
Make,2012,326,55
Make,2012,326,561
Make,2012,326,562
Make,2012,326,61
Make,2012,326,621
Make,2012,326,622
Make,2012,326,623
Make,2012,326,624
Make,2012,326,711AS
Make,2012,326,713
Make,2012,326,721
Make,2012,326,722
Make,2012,326,81
Make,2012,326,GFGD
Make,2012,326,GFGN
Make,2012,326,GFE
Make,2012,326,GSLG
Make,2012,326,GSLE
Make,2012,326,Other
Make,2012,42,111CA
Make,2012,42,211
Make,2012,42,212
Make,2012,42,213
Make,2012,42,22
Make,2012,42,321
Make,2012,42,327
Make,2012,42,331
Make,2012,42,332
Make,2012,42,335
Make,2012,42,337
Make,2012,42,313TT
Make,2012,42,315AL
Make,2012,42,322
Make,2012,42,323
Make,2012,42,324
Make,2012,42,325
Make,2012,42,326
Make,2012,42,441
Make,2012,42,445
Make,2012,42,452
Make,2012,42,4A0
Make,2012,42,481
Make,2012,42,482
Make,2012,42,483
Make,2012,42,484
Make,2012,42,485
Make,2012,42,511
Make,2012,42,512
Make,2012,42,513
Make,2012,42,514
Make,2012,42,521CI
Make,2012,42,523
Make,2012,42,524
Make,2012,42,525
Make,2012,42,HS
Make,2012,42,ORE
Make,2012,42,5411
Make,2012,42,55
Make,2012,42,562
Make,2012,42,621
Make,2012,42,622
Make,2012,42,623
Make,2012,42,624
Make,2012,42,711AS
Make,2012,42,713
Make,2012,42,721
Make,2012,42,722
Make,2012,42,GFGD
Make,2012,42,GFGN
Make,2012,42,GFE
Make,2012,42,GSLG
Make,2012,42,GSLE
Make,2012,42,Used
Make,2012,42,Other
Make,2012,441,111CA
Make,2012,441,113FF
Make,2012,441,211
Make,2012,441,212
Make,2012,441,213
Make,2012,441,22
Make,2012,441,321
Make,2012,441,327
Make,2012,441,331
Make,2012,441,332
Make,2012,441,333
Make,2012,441,334
Make,2012,441,335
Make,2012,441,3361MV
Make,2012,441,3364OT
Make,2012,441,337
Make,2012,441,339
Make,2012,441,311FT
Make,2012,441,313TT
Make,2012,441,315AL
Make,2012,441,322
Make,2012,441,323
Make,2012,441,324
Make,2012,441,325
Make,2012,441,326
Make,2012,441,42
Make,2012,441,445
Make,2012,441,452
Make,2012,441,4A0
Make,2012,441,481
Make,2012,441,482
Make,2012,441,483
Make,2012,441,485
Make,2012,441,486
Make,2012,441,511
Make,2012,441,512
Make,2012,441,513
Make,2012,441,514
Make,2012,441,523
Make,2012,441,525
Make,2012,441,HS
Make,2012,441,ORE
Make,2012,441,5411
Make,2012,441,55
Make,2012,441,561
Make,2012,441,562
Make,2012,441,621
Make,2012,441,622
Make,2012,441,623
Make,2012,441,624
Make,2012,441,711AS
Make,2012,441,721
Make,2012,441,722
Make,2012,441,GFGD
Make,2012,441,GFGN
Make,2012,441,GFE
Make,2012,441,GSLG
Make,2012,441,GSLE
Make,2012,441,Used
Make,2012,441,Other
Make,2012,445,111CA
Make,2012,445,113FF
Make,2012,445,211
Make,2012,445,212
Make,2012,445,213
Make,2012,445,22
Make,2012,445,321
Make,2012,445,327
Make,2012,445,331
Make,2012,445,332
Make,2012,445,333
Make,2012,445,334
Make,2012,445,335
Make,2012,445,3361MV
Make,2012,445,3364OT
Make,2012,445,337
Make,2012,445,339
Make,2012,445,313TT
Make,2012,445,315AL
Make,2012,445,322
Make,2012,445,323
Make,2012,445,324
Make,2012,445,325
Make,2012,445,326
Make,2012,445,42
Make,2012,445,441
Make,2012,445,452
Make,2012,445,4A0
Make,2012,445,481
Make,2012,445,482
Make,2012,445,483
Make,2012,445,484
Make,2012,445,485
Make,2012,445,486
Make,2012,445,487OS
Make,2012,445,511
Make,2012,445,512
Make,2012,445,513
Make,2012,445,514
Make,2012,445,523
Make,2012,445,524
Make,2012,445,525
Make,2012,445,HS
Make,2012,445,ORE
Make,2012,445,5411
Make,2012,445,55
Make,2012,445,562
Make,2012,445,61
Make,2012,445,621
Make,2012,445,622
Make,2012,445,623
Make,2012,445,624
Make,2012,445,711AS
Make,2012,445,721
Make,2012,445,GFGD
Make,2012,445,GFGN
Make,2012,445,GFE
Make,2012,445,GSLG
Make,2012,445,GSLE
Make,2012,445,Used
Make,2012,445,Other
Make,2012,452,111CA
Make,2012,452,113FF
Make,2012,452,211
Make,2012,452,212
Make,2012,452,213
Make,2012,452,22
Make,2012,452,321
Make,2012,452,327
Make,2012,452,331
Make,2012,452,332
Make,2012,452,333
Make,2012,452,334
Make,2012,452,335
Make,2012,452,3361MV
Make,2012,452,3364OT
Make,2012,452,337
Make,2012,452,339
Make,2012,452,313TT
Make,2012,452,322
Make,2012,452,323
Make,2012,452,324
Make,2012,452,325
Make,2012,452,326
Make,2012,452,42
Make,2012,452,441
Make,2012,452,445
Make,2012,452,4A0
Make,2012,452,481
Make,2012,452,482
Make,2012,452,483
Make,2012,452,484
Make,2012,452,485
Make,2012,452,486
Make,2012,452,487OS
Make,2012,452,493
Make,2012,452,511
Make,2012,452,512
Make,2012,452,513
Make,2012,452,514
Make,2012,452,521CI
Make,2012,452,523
Make,2012,452,524
Make,2012,452,525
Make,2012,452,HS
Make,2012,452,ORE
Make,2012,452,5411
Make,2012,452,55
Make,2012,452,562
Make,2012,452,61
Make,2012,452,622
Make,2012,452,623
Make,2012,452,624
Make,2012,452,711AS
Make,2012,452,713
Make,2012,452,721
Make,2012,452,GFGD
Make,2012,452,GFGN
Make,2012,452,GFE
Make,2012,452,GSLG
Make,2012,452,GSLE
Make,2012,452,Used
Make,2012,452,Other
Make,2012,4A0,113FF
Make,2012,4A0,211
Make,2012,4A0,212
Make,2012,4A0,213
Make,2012,4A0,22
Make,2012,4A0,321
Make,2012,4A0,327
Make,2012,4A0,331
Make,2012,4A0,332
Make,2012,4A0,333
Make,2012,4A0,334
Make,2012,4A0,335
Make,2012,4A0,3361MV
Make,2012,4A0,3364OT
Make,2012,4A0,337
Make,2012,4A0,313TT
Make,2012,4A0,322
Make,2012,4A0,324
Make,2012,4A0,325
Make,2012,4A0,326
Make,2012,4A0,42
Make,2012,4A0,441
Make,2012,4A0,445
Make,2012,4A0,452
Make,2012,4A0,481
Make,2012,4A0,482
Make,2012,4A0,483
Make,2012,4A0,484
Make,2012,4A0,485
Make,2012,4A0,486
Make,2012,4A0,511
Make,2012,4A0,514
Make,2012,4A0,523
Make,2012,4A0,525
Make,2012,4A0,ORE
Make,2012,4A0,5411
Make,2012,4A0,55
Make,2012,4A0,562
Make,2012,4A0,622
Make,2012,4A0,623
Make,2012,4A0,624
Make,2012,4A0,711AS
Make,2012,4A0,721
Make,2012,4A0,GFGD
Make,2012,4A0,GFGN
Make,2012,4A0,GFE
Make,2012,4A0,GSLG
Make,2012,4A0,GSLE
Make,2012,4A0,Used
Make,2012,4A0,Other
Make,2012,481,111CA
Make,2012,481,211
Make,2012,481,212
Make,2012,481,213
Make,2012,481,22
Make,2012,481,321
Make,2012,481,327
Make,2012,481,331
Make,2012,481,332
Make,2012,481,333
Make,2012,481,334
Make,2012,481,335
Make,2012,481,3361MV
Make,2012,481,3364OT
Make,2012,481,337
Make,2012,481,339
Make,2012,481,311FT
Make,2012,481,313TT
Make,2012,481,315AL
Make,2012,481,322
Make,2012,481,323
Make,2012,481,324
Make,2012,481,325
Make,2012,481,326
Make,2012,481,441
Make,2012,481,445
Make,2012,481,452
Make,2012,481,4A0
Make,2012,481,482
Make,2012,481,483
Make,2012,481,484
Make,2012,481,485
Make,2012,481,486
Make,2012,481,493
Make,2012,481,511
Make,2012,481,512
Make,2012,481,513
Make,2012,481,514
Make,2012,481,521CI
Make,2012,481,523
Make,2012,481,524
Make,2012,481,525
Make,2012,481,HS
Make,2012,481,ORE
Make,2012,481,5411
Make,2012,481,55
Make,2012,481,561
Make,2012,481,562
Make,2012,481,61
Make,2012,481,622
Make,2012,481,623
Make,2012,481,624
Make,2012,481,711AS
Make,2012,481,713
Make,2012,481,721
Make,2012,481,722
Make,2012,481,81
Make,2012,481,GFGD
Make,2012,481,GFGN
Make,2012,481,GFE
Make,2012,481,GSLG
Make,2012,481,GSLE
Make,2012,481,Used
Make,2012,481,Other
Make,2012,482,111CA
Make,2012,482,113FF
Make,2012,482,211
Make,2012,482,212
Make,2012,482,213
Make,2012,482,22
Make,2012,482,321
Make,2012,482,327
Make,2012,482,331
Make,2012,482,332
Make,2012,482,333
Make,2012,482,334
Make,2012,482,335
Make,2012,482,3361MV
Make,2012,482,3364OT
Make,2012,482,337
Make,2012,482,339
Make,2012,482,311FT
Make,2012,482,313TT
Make,2012,482,315AL
Make,2012,482,322
Make,2012,482,323
Make,2012,482,324
Make,2012,482,325
Make,2012,482,326
Make,2012,482,42
Make,2012,482,441
Make,2012,482,445
Make,2012,482,452
Make,2012,482,4A0
Make,2012,482,481
Make,2012,482,483
Make,2012,482,484
Make,2012,482,485
Make,2012,482,486
Make,2012,482,487OS
Make,2012,482,493
Make,2012,482,511
Make,2012,482,512
Make,2012,482,513
Make,2012,482,514
Make,2012,482,521CI
Make,2012,482,523
Make,2012,482,524
Make,2012,482,525
Make,2012,482,HS
Make,2012,482,ORE
Make,2012,482,5411
Make,2012,482,55
Make,2012,482,561
Make,2012,482,562
Make,2012,482,61
Make,2012,482,621
Make,2012,482,622
Make,2012,482,623
Make,2012,482,624
Make,2012,482,711AS
Make,2012,482,713
Make,2012,482,721
Make,2012,482,722
Make,2012,482,81
Make,2012,482,GFGD
Make,2012,482,GFGN
Make,2012,482,GFE
Make,2012,482,GSLG
Make,2012,482,GSLE
Make,2012,482,Used
Make,2012,482,Other
Make,2012,483,111CA
Make,2012,483,113FF
Make,2012,483,211
Make,2012,483,212
Make,2012,483,213
Make,2012,483,22
Make,2012,483,321
Make,2012,483,327
Make,2012,483,331
Make,2012,483,332
Make,2012,483,333
Make,2012,483,334
Make,2012,483,335
Make,2012,483,3361MV
Make,2012,483,3364OT
Make,2012,483,337
Make,2012,483,339
Make,2012,483,311FT
Make,2012,483,313TT
Make,2012,483,315AL
Make,2012,483,322
Make,2012,483,323
Make,2012,483,324
Make,2012,483,325
Make,2012,483,326
Make,2012,483,42
Make,2012,483,441
Make,2012,483,445
Make,2012,483,452
Make,2012,483,4A0
Make,2012,483,481
Make,2012,483,482
Make,2012,483,484
Make,2012,483,485
Make,2012,483,486
Make,2012,483,493
Make,2012,483,511
Make,2012,483,512
Make,2012,483,513
Make,2012,483,514
Make,2012,483,521CI
Make,2012,483,523
Make,2012,483,524
Make,2012,483,525
Make,2012,483,HS
Make,2012,483,ORE
Make,2012,483,5411
Make,2012,483,55
Make,2012,483,561
Make,2012,483,562
Make,2012,483,61
Make,2012,483,621
Make,2012,483,622
Make,2012,483,623
Make,2012,483,624
Make,2012,483,711AS
Make,2012,483,721
Make,2012,483,722
Make,2012,483,81
Make,2012,483,GFGD
Make,2012,483,GFGN
Make,2012,483,GFE
Make,2012,483,GSLG
Make,2012,483,GSLE
Make,2012,483,Used
Make,2012,483,Other
Make,2012,484,111CA
Make,2012,484,113FF
Make,2012,484,211
Make,2012,484,212
Make,2012,484,213
Make,2012,484,22
Make,2012,484,321
Make,2012,484,327
Make,2012,484,331
Make,2012,484,332
Make,2012,484,333
Make,2012,484,334
Make,2012,484,335
Make,2012,484,3361MV
Make,2012,484,3364OT
Make,2012,484,337
Make,2012,484,339
Make,2012,484,311FT
Make,2012,484,313TT
Make,2012,484,315AL
Make,2012,484,322
Make,2012,484,323
Make,2012,484,324
Make,2012,484,325
Make,2012,484,326
Make,2012,484,42
Make,2012,484,441
Make,2012,484,445
Make,2012,484,452
Make,2012,484,4A0
Make,2012,484,481
Make,2012,484,482
Make,2012,484,483
Make,2012,484,485
Make,2012,484,486
Make,2012,484,511
Make,2012,484,512
Make,2012,484,513
Make,2012,484,514
Make,2012,484,521CI
Make,2012,484,523
Make,2012,484,524
Make,2012,484,525
Make,2012,484,HS
Make,2012,484,ORE
Make,2012,484,5411
Make,2012,484,55
Make,2012,484,561
Make,2012,484,61
Make,2012,484,621
Make,2012,484,622
Make,2012,484,623
Make,2012,484,624
Make,2012,484,711AS
Make,2012,484,713
Make,2012,484,721
Make,2012,484,722
Make,2012,484,81
Make,2012,484,GFGD
Make,2012,484,GFGN
Make,2012,484,GFE
Make,2012,484,GSLG
Make,2012,484,GSLE
Make,2012,484,Used
Make,2012,484,Other
Make,2012,485,111CA
Make,2012,485,113FF
Make,2012,485,211
Make,2012,485,212
Make,2012,485,213
Make,2012,485,22
Make,2012,485,321
Make,2012,485,327
Make,2012,485,331
Make,2012,485,332
Make,2012,485,333
Make,2012,485,334
Make,2012,485,335
Make,2012,485,3361MV
Make,2012,485,3364OT
Make,2012,485,337
Make,2012,485,339
Make,2012,485,311FT
Make,2012,485,313TT
Make,2012,485,315AL
Make,2012,485,322
Make,2012,485,323
Make,2012,485,324
Make,2012,485,325
Make,2012,485,326
Make,2012,485,441
Make,2012,485,445
Make,2012,485,452
Make,2012,485,481
Make,2012,485,482
Make,2012,485,483
Make,2012,485,484
Make,2012,485,486
Make,2012,485,493
Make,2012,485,511
Make,2012,485,512
Make,2012,485,513
Make,2012,485,514
Make,2012,485,521CI
Make,2012,485,523
Make,2012,485,524
Make,2012,485,525
Make,2012,485,HS
Make,2012,485,532RL
Make,2012,485,5411
Make,2012,485,55
Make,2012,485,561
Make,2012,485,562
Make,2012,485,61
Make,2012,485,622
Make,2012,485,623
Make,2012,485,624
Make,2012,485,711AS
Make,2012,485,713
Make,2012,485,721
Make,2012,485,722
Make,2012,485,GFGD
Make,2012,485,GFGN
Make,2012,485,GFE
Make,2012,485,GSLG
Make,2012,485,GSLE
Make,2012,485,Used
Make,2012,485,Other
Make,2012,486,111CA
Make,2012,486,113FF
Make,2012,486,211
Make,2012,486,212
Make,2012,486,213
Make,2012,486,321
Make,2012,486,327
Make,2012,486,331
Make,2012,486,332
Make,2012,486,333
Make,2012,486,334
Make,2012,486,335
Make,2012,486,3361MV
Make,2012,486,3364OT
Make,2012,486,337
Make,2012,486,339
Make,2012,486,311FT
Make,2012,486,313TT
Make,2012,486,315AL
Make,2012,486,322
Make,2012,486,323
Make,2012,486,324
Make,2012,486,325
Make,2012,486,326
Make,2012,486,42
Make,2012,486,441
Make,2012,486,445
Make,2012,486,452
Make,2012,486,4A0
Make,2012,486,481
Make,2012,486,482
Make,2012,486,483
Make,2012,486,484
Make,2012,486,485
Make,2012,486,487OS
Make,2012,486,493
Make,2012,486,511
Make,2012,486,512
Make,2012,486,513
Make,2012,486,514
Make,2012,486,521CI
Make,2012,486,523
Make,2012,486,524
Make,2012,486,525
Make,2012,486,HS
Make,2012,486,ORE
Make,2012,486,532RL
Make,2012,486,5411
Make,2012,486,55
Make,2012,486,561
Make,2012,486,562
Make,2012,486,61
Make,2012,486,621
Make,2012,486,622
Make,2012,486,623
Make,2012,486,624
Make,2012,486,711AS
Make,2012,486,713
Make,2012,486,721
Make,2012,486,722
Make,2012,486,81
Make,2012,486,GFGD
Make,2012,486,GFGN
Make,2012,486,GFE
Make,2012,486,GSLG
Make,2012,486,GSLE
Make,2012,486,Used
Make,2012,486,Other
Make,2012,487OS,111CA
Make,2012,487OS,211
Make,2012,487OS,212
Make,2012,487OS,213
Make,2012,487OS,22
Make,2012,487OS,321
Make,2012,487OS,327
Make,2012,487OS,331
Make,2012,487OS,332
Make,2012,487OS,333
Make,2012,487OS,334
Make,2012,487OS,335
Make,2012,487OS,3361MV
Make,2012,487OS,3364OT
Make,2012,487OS,337
Make,2012,487OS,339
Make,2012,487OS,311FT
Make,2012,487OS,313TT
Make,2012,487OS,315AL
Make,2012,487OS,322
Make,2012,487OS,323
Make,2012,487OS,324
Make,2012,487OS,325
Make,2012,487OS,326
Make,2012,487OS,441
Make,2012,487OS,452
Make,2012,487OS,482
Make,2012,487OS,486
Make,2012,487OS,511
Make,2012,487OS,512
Make,2012,487OS,513
Make,2012,487OS,514
Make,2012,487OS,521CI
Make,2012,487OS,523
Make,2012,487OS,525
Make,2012,487OS,HS
Make,2012,487OS,ORE
Make,2012,487OS,5411
Make,2012,487OS,55
Make,2012,487OS,622
Make,2012,487OS,623
Make,2012,487OS,624
Make,2012,487OS,711AS
Make,2012,487OS,721
Make,2012,487OS,GFGD
Make,2012,487OS,GFGN
Make,2012,487OS,GFE
Make,2012,487OS,GSLG
Make,2012,487OS,GSLE
Make,2012,487OS,Used
Make,2012,487OS,Other
Make,2012,493,111CA
Make,2012,493,113FF
Make,2012,493,211
Make,2012,493,212
Make,2012,493,213
Make,2012,493,22
Make,2012,493,321
Make,2012,493,327
Make,2012,493,331
Make,2012,493,332
Make,2012,493,333
Make,2012,493,334
Make,2012,493,335
Make,2012,493,3361MV
Make,2012,493,3364OT
Make,2012,493,337
Make,2012,493,339
Make,2012,493,311FT
Make,2012,493,313TT
Make,2012,493,315AL
Make,2012,493,322
Make,2012,493,323
Make,2012,493,324
Make,2012,493,325
Make,2012,493,326
Make,2012,493,42
Make,2012,493,441
Make,2012,493,445
Make,2012,493,452
Make,2012,493,4A0
Make,2012,493,481
Make,2012,493,482
Make,2012,493,483
Make,2012,493,485
Make,2012,493,486
Make,2012,493,511
Make,2012,493,512
Make,2012,493,513
Make,2012,493,514
Make,2012,493,521CI
Make,2012,493,523
Make,2012,493,524
Make,2012,493,525
Make,2012,493,HS
Make,2012,493,ORE
Make,2012,493,5411
Make,2012,493,55
Make,2012,493,561
Make,2012,493,61
Make,2012,493,621
Make,2012,493,622
Make,2012,493,623
Make,2012,493,624
Make,2012,493,711AS
Make,2012,493,713
Make,2012,493,721
Make,2012,493,722
Make,2012,493,GFGD
Make,2012,493,GFGN
Make,2012,493,GFE
Make,2012,493,GSLG
Make,2012,493,GSLE
Make,2012,493,Used
Make,2012,493,Other
Make,2012,511,111CA
Make,2012,511,113FF
Make,2012,511,211
Make,2012,511,212
Make,2012,511,213
Make,2012,511,22
Make,2012,511,321
Make,2012,511,327
Make,2012,511,331
Make,2012,511,332
Make,2012,511,333
Make,2012,511,334
Make,2012,511,335
Make,2012,511,3361MV
Make,2012,511,3364OT
Make,2012,511,337
Make,2012,511,339
Make,2012,511,311FT
Make,2012,511,313TT
Make,2012,511,315AL
Make,2012,511,322
Make,2012,511,324
Make,2012,511,325
Make,2012,511,326
Make,2012,511,441
Make,2012,511,445
Make,2012,511,452
Make,2012,511,481
Make,2012,511,482
Make,2012,511,483
Make,2012,511,484
Make,2012,511,485
Make,2012,511,486
Make,2012,511,487OS
Make,2012,511,493
Make,2012,511,512
Make,2012,511,521CI
Make,2012,511,523
Make,2012,511,524
Make,2012,511,525
Make,2012,511,HS
Make,2012,511,ORE
Make,2012,511,5411
Make,2012,511,55
Make,2012,511,621
Make,2012,511,622
Make,2012,511,623
Make,2012,511,624
Make,2012,511,711AS
Make,2012,511,713
Make,2012,511,721
Make,2012,511,722
Make,2012,511,GFGD
Make,2012,511,GFGN
Make,2012,511,GFE
Make,2012,511,GSLG
Make,2012,511,GSLE
Make,2012,511,Used
Make,2012,511,Other
Make,2012,512,111CA
Make,2012,512,113FF
Make,2012,512,211
Make,2012,512,212
Make,2012,512,213
Make,2012,512,22
Make,2012,512,321
Make,2012,512,327
Make,2012,512,331
Make,2012,512,332
Make,2012,512,333
Make,2012,512,335
Make,2012,512,3361MV
Make,2012,512,3364OT
Make,2012,512,337
Make,2012,512,339
Make,2012,512,311FT
Make,2012,512,313TT
Make,2012,512,315AL
Make,2012,512,322
Make,2012,512,323
Make,2012,512,324
Make,2012,512,325
Make,2012,512,326
Make,2012,512,441
Make,2012,512,445
Make,2012,512,452
Make,2012,512,481
Make,2012,512,482
Make,2012,512,483
Make,2012,512,484
Make,2012,512,485
Make,2012,512,486
Make,2012,512,487OS
Make,2012,512,493
Make,2012,512,511
Make,2012,512,513
Make,2012,512,514
Make,2012,512,521CI
Make,2012,512,523
Make,2012,512,524
Make,2012,512,525
Make,2012,512,HS
Make,2012,512,5411
Make,2012,512,55
Make,2012,512,561
Make,2012,512,562
Make,2012,512,61
Make,2012,512,621
Make,2012,512,622
Make,2012,512,623
Make,2012,512,624
Make,2012,512,711AS
Make,2012,512,721
Make,2012,512,722
Make,2012,512,81
Make,2012,512,GFGD
Make,2012,512,GFGN
Make,2012,512,GFE
Make,2012,512,GSLG
Make,2012,512,GSLE
Make,2012,512,Used
Make,2012,512,Other
Make,2012,513,111CA
Make,2012,513,113FF
Make,2012,513,211
Make,2012,513,212
Make,2012,513,213
Make,2012,513,22
Make,2012,513,321
Make,2012,513,327
Make,2012,513,331
Make,2012,513,332
Make,2012,513,333
Make,2012,513,334
Make,2012,513,335
Make,2012,513,3361MV
Make,2012,513,3364OT
Make,2012,513,337
Make,2012,513,339
Make,2012,513,311FT
Make,2012,513,313TT
Make,2012,513,315AL
Make,2012,513,322
Make,2012,513,323
Make,2012,513,324
Make,2012,513,325
Make,2012,513,326
Make,2012,513,441
Make,2012,513,445
Make,2012,513,452
Make,2012,513,481
Make,2012,513,482
Make,2012,513,483
Make,2012,513,484
Make,2012,513,485
Make,2012,513,486
Make,2012,513,487OS
Make,2012,513,493
Make,2012,513,511
Make,2012,513,521CI
Make,2012,513,523
Make,2012,513,524
Make,2012,513,525
Make,2012,513,HS
Make,2012,513,ORE
Make,2012,513,5411
Make,2012,513,55
Make,2012,513,561
Make,2012,513,562
Make,2012,513,621
Make,2012,513,622
Make,2012,513,623
Make,2012,513,624
Make,2012,513,711AS
Make,2012,513,713
Make,2012,513,721
Make,2012,513,722
Make,2012,513,GFGD
Make,2012,513,GFGN
Make,2012,513,GFE
Make,2012,513,GSLG
Make,2012,513,GSLE
Make,2012,513,Used
Make,2012,513,Other
Make,2012,514,111CA
Make,2012,514,113FF
Make,2012,514,211
Make,2012,514,212
Make,2012,514,213
Make,2012,514,22
Make,2012,514,321
Make,2012,514,327
Make,2012,514,331
Make,2012,514,332
Make,2012,514,333
Make,2012,514,335
Make,2012,514,3361MV
Make,2012,514,3364OT
Make,2012,514,337
Make,2012,514,339
Make,2012,514,311FT
Make,2012,514,313TT
Make,2012,514,315AL
Make,2012,514,322
Make,2012,514,323
Make,2012,514,324
Make,2012,514,325
Make,2012,514,326
Make,2012,514,441
Make,2012,514,445
Make,2012,514,452
Make,2012,514,481
Make,2012,514,482
Make,2012,514,483
Make,2012,514,484
Make,2012,514,485
Make,2012,514,486
Make,2012,514,487OS
Make,2012,514,493
Make,2012,514,512
Make,2012,514,521CI
Make,2012,514,523
Make,2012,514,524
Make,2012,514,525
Make,2012,514,HS
Make,2012,514,ORE
Make,2012,514,5411
Make,2012,514,55
Make,2012,514,562
Make,2012,514,621
Make,2012,514,622
Make,2012,514,623
Make,2012,514,624
Make,2012,514,711AS
Make,2012,514,713
Make,2012,514,721
Make,2012,514,722
Make,2012,514,GFGD
Make,2012,514,GFGN
Make,2012,514,GFE
Make,2012,514,GSLG
Make,2012,514,GSLE
Make,2012,514,Used
Make,2012,514,Other
Make,2012,521CI,111CA
Make,2012,521CI,113FF
Make,2012,521CI,211
Make,2012,521CI,212
Make,2012,521CI,213
Make,2012,521CI,22
Make,2012,521CI,321
Make,2012,521CI,327
Make,2012,521CI,331
Make,2012,521CI,332
Make,2012,521CI,333
Make,2012,521CI,334
Make,2012,521CI,335
Make,2012,521CI,3361MV
Make,2012,521CI,3364OT
Make,2012,521CI,337
Make,2012,521CI,339
Make,2012,521CI,311FT
Make,2012,521CI,313TT
Make,2012,521CI,315AL
Make,2012,521CI,322
Make,2012,521CI,323
Make,2012,521CI,324
Make,2012,521CI,325
Make,2012,521CI,326
Make,2012,521CI,42
Make,2012,521CI,441
Make,2012,521CI,445
Make,2012,521CI,452
Make,2012,521CI,4A0
Make,2012,521CI,481
Make,2012,521CI,482
Make,2012,521CI,483
Make,2012,521CI,484
Make,2012,521CI,485
Make,2012,521CI,486
Make,2012,521CI,487OS
Make,2012,521CI,493
Make,2012,521CI,511
Make,2012,521CI,512
Make,2012,521CI,513
Make,2012,521CI,514
Make,2012,521CI,524
Make,2012,521CI,525
Make,2012,521CI,HS
Make,2012,521CI,ORE
Make,2012,521CI,5411
Make,2012,521CI,55
Make,2012,521CI,561
Make,2012,521CI,562
Make,2012,521CI,61
Make,2012,521CI,621
Make,2012,521CI,622
Make,2012,521CI,623
Make,2012,521CI,624
Make,2012,521CI,711AS
Make,2012,521CI,713
Make,2012,521CI,721
Make,2012,521CI,722
Make,2012,521CI,81
Make,2012,521CI,GFGD
Make,2012,521CI,GFGN
Make,2012,521CI,GFE
Make,2012,521CI,GSLG
Make,2012,521CI,GSLE
Make,2012,521CI,Used
Make,2012,521CI,Other
Make,2012,523,111CA
Make,2012,523,113FF
Make,2012,523,211
Make,2012,523,212
Make,2012,523,213
Make,2012,523,22
Make,2012,523,321
Make,2012,523,327
Make,2012,523,331
Make,2012,523,332
Make,2012,523,333
Make,2012,523,334
Make,2012,523,335
Make,2012,523,3361MV
Make,2012,523,3364OT
Make,2012,523,337
Make,2012,523,339
Make,2012,523,311FT
Make,2012,523,313TT
Make,2012,523,315AL
Make,2012,523,322
Make,2012,523,323
Make,2012,523,324
Make,2012,523,325
Make,2012,523,326
Make,2012,523,42
Make,2012,523,441
Make,2012,523,445
Make,2012,523,452
Make,2012,523,4A0
Make,2012,523,481
Make,2012,523,482
Make,2012,523,483
Make,2012,523,484
Make,2012,523,485
Make,2012,523,486
Make,2012,523,487OS
Make,2012,523,493
Make,2012,523,511
Make,2012,523,512
Make,2012,523,513
Make,2012,523,514
Make,2012,523,525
Make,2012,523,HS
Make,2012,523,ORE
Make,2012,523,532RL
Make,2012,523,5411
Make,2012,523,55
Make,2012,523,561
Make,2012,523,562
Make,2012,523,61
Make,2012,523,621
Make,2012,523,622
Make,2012,523,623
Make,2012,523,624
Make,2012,523,711AS
Make,2012,523,713
Make,2012,523,721
Make,2012,523,722
Make,2012,523,81
Make,2012,523,GFGD
Make,2012,523,GFGN
Make,2012,523,GFE
Make,2012,523,GSLG
Make,2012,523,GSLE
Make,2012,523,Used
Make,2012,523,Other
Make,2012,524,111CA
Make,2012,524,113FF
Make,2012,524,211
Make,2012,524,212
Make,2012,524,213
Make,2012,524,22
Make,2012,524,321
Make,2012,524,327
Make,2012,524,331
Make,2012,524,332
Make,2012,524,333
Make,2012,524,334
Make,2012,524,335
Make,2012,524,3361MV
Make,2012,524,3364OT
Make,2012,524,337
Make,2012,524,339
Make,2012,524,311FT
Make,2012,524,313TT
Make,2012,524,315AL
Make,2012,524,322
Make,2012,524,323
Make,2012,524,324
Make,2012,524,325
Make,2012,524,326
Make,2012,524,42
Make,2012,524,441
Make,2012,524,445
Make,2012,524,452
Make,2012,524,4A0
Make,2012,524,481
Make,2012,524,482
Make,2012,524,483
Make,2012,524,484
Make,2012,524,485
Make,2012,524,486
Make,2012,524,487OS
Make,2012,524,493
Make,2012,524,511
Make,2012,524,512
Make,2012,524,513
Make,2012,524,514
Make,2012,524,521CI
Make,2012,524,525
Make,2012,524,HS
Make,2012,524,532RL
Make,2012,524,55
Make,2012,524,561
Make,2012,524,562
Make,2012,524,61
Make,2012,524,621
Make,2012,524,622
Make,2012,524,623
Make,2012,524,624
Make,2012,524,711AS
Make,2012,524,713
Make,2012,524,721
Make,2012,524,722
Make,2012,524,81
Make,2012,524,GFGD
Make,2012,524,GFGN
Make,2012,524,GFE
Make,2012,524,GSLG
Make,2012,524,GSLE
Make,2012,524,Used
Make,2012,524,Other
Make,2012,525,111CA
Make,2012,525,113FF
Make,2012,525,211
Make,2012,525,212
Make,2012,525,213
Make,2012,525,22
Make,2012,525,321
Make,2012,525,327
Make,2012,525,331
Make,2012,525,332
Make,2012,525,333
Make,2012,525,334
Make,2012,525,335
Make,2012,525,3361MV
Make,2012,525,3364OT
Make,2012,525,337
Make,2012,525,339
Make,2012,525,311FT
Make,2012,525,313TT
Make,2012,525,315AL
Make,2012,525,322
Make,2012,525,323
Make,2012,525,324
Make,2012,525,325
Make,2012,525,326
Make,2012,525,42
Make,2012,525,441
Make,2012,525,445
Make,2012,525,452
Make,2012,525,4A0
Make,2012,525,481
Make,2012,525,482
Make,2012,525,483
Make,2012,525,484
Make,2012,525,485
Make,2012,525,486
Make,2012,525,487OS
Make,2012,525,493
Make,2012,525,511
Make,2012,525,512
Make,2012,525,513
Make,2012,525,514
Make,2012,525,521CI
Make,2012,525,523
Make,2012,525,524
Make,2012,525,HS
Make,2012,525,ORE
Make,2012,525,532RL
Make,2012,525,5411
Make,2012,525,55
Make,2012,525,561
Make,2012,525,562
Make,2012,525,61
Make,2012,525,621
Make,2012,525,622
Make,2012,525,623
Make,2012,525,624
Make,2012,525,711AS
Make,2012,525,713
Make,2012,525,721
Make,2012,525,722
Make,2012,525,81
Make,2012,525,GFGD
Make,2012,525,GFGN
Make,2012,525,GFE
Make,2012,525,GSLG
Make,2012,525,GSLE
Make,2012,525,Used
Make,2012,525,Other
Make,2012,HS,111CA
Make,2012,HS,113FF
Make,2012,HS,211
Make,2012,HS,212
Make,2012,HS,213
Make,2012,HS,22
Make,2012,HS,321
Make,2012,HS,327
Make,2012,HS,331
Make,2012,HS,332
Make,2012,HS,333
Make,2012,HS,334
Make,2012,HS,335
Make,2012,HS,3361MV
Make,2012,HS,3364OT
Make,2012,HS,337
Make,2012,HS,339
Make,2012,HS,311FT
Make,2012,HS,313TT
Make,2012,HS,315AL
Make,2012,HS,322
Make,2012,HS,323
Make,2012,HS,324
Make,2012,HS,325
Make,2012,HS,326
Make,2012,HS,42
Make,2012,HS,441
Make,2012,HS,445
Make,2012,HS,452
Make,2012,HS,4A0
Make,2012,HS,481
Make,2012,HS,482
Make,2012,HS,483
Make,2012,HS,484
Make,2012,HS,485
Make,2012,HS,486
Make,2012,HS,487OS
Make,2012,HS,493
Make,2012,HS,511
Make,2012,HS,512
Make,2012,HS,513
Make,2012,HS,514
Make,2012,HS,521CI
Make,2012,HS,523
Make,2012,HS,524
Make,2012,HS,525
Make,2012,HS,ORE
Make,2012,HS,532RL
Make,2012,HS,5411
Make,2012,HS,55
Make,2012,HS,561
Make,2012,HS,562
Make,2012,HS,61
Make,2012,HS,621
Make,2012,HS,622
Make,2012,HS,623
Make,2012,HS,624
Make,2012,HS,711AS
Make,2012,HS,713
Make,2012,HS,721
Make,2012,HS,722
Make,2012,HS,81
Make,2012,HS,GFGD
Make,2012,HS,GFGN
Make,2012,HS,GFE
Make,2012,HS,GSLG
Make,2012,HS,GSLE
Make,2012,HS,Used
Make,2012,HS,Other
Make,2012,ORE,111CA
Make,2012,ORE,113FF
Make,2012,ORE,211
Make,2012,ORE,212
Make,2012,ORE,213
Make,2012,ORE,22
Make,2012,ORE,321
Make,2012,ORE,327
Make,2012,ORE,331
Make,2012,ORE,332
Make,2012,ORE,333
Make,2012,ORE,334
Make,2012,ORE,335
Make,2012,ORE,3361MV
Make,2012,ORE,3364OT
Make,2012,ORE,337
Make,2012,ORE,339
Make,2012,ORE,311FT
Make,2012,ORE,313TT
Make,2012,ORE,315AL
Make,2012,ORE,322
Make,2012,ORE,323
Make,2012,ORE,324
Make,2012,ORE,325
Make,2012,ORE,326
Make,2012,ORE,42
Make,2012,ORE,441
Make,2012,ORE,445
Make,2012,ORE,452
Make,2012,ORE,4A0
Make,2012,ORE,481
Make,2012,ORE,482
Make,2012,ORE,483
Make,2012,ORE,484
Make,2012,ORE,485
Make,2012,ORE,486
Make,2012,ORE,487OS
Make,2012,ORE,493
Make,2012,ORE,511
Make,2012,ORE,512
Make,2012,ORE,513
Make,2012,ORE,514
Make,2012,ORE,523
Make,2012,ORE,525
Make,2012,ORE,HS
Make,2012,ORE,532RL
Make,2012,ORE,5411
Make,2012,ORE,55
Make,2012,ORE,561
Make,2012,ORE,562
Make,2012,ORE,61
Make,2012,ORE,621
Make,2012,ORE,622
Make,2012,ORE,623
Make,2012,ORE,624
Make,2012,ORE,711AS
Make,2012,ORE,722
Make,2012,ORE,GFGD
Make,2012,ORE,GFGN
Make,2012,ORE,GFE
Make,2012,ORE,GSLG
Make,2012,ORE,GSLE
Make,2012,ORE,Used
Make,2012,ORE,Other
Make,2012,532RL,111CA
Make,2012,532RL,113FF
Make,2012,532RL,211
Make,2012,532RL,212
Make,2012,532RL,213
Make,2012,532RL,22
Make,2012,532RL,321
Make,2012,532RL,327
Make,2012,532RL,331
Make,2012,532RL,332
Make,2012,532RL,333
Make,2012,532RL,334
Make,2012,532RL,335
Make,2012,532RL,3361MV
Make,2012,532RL,3364OT
Make,2012,532RL,337
Make,2012,532RL,339
Make,2012,532RL,311FT
Make,2012,532RL,313TT
Make,2012,532RL,315AL
Make,2012,532RL,322
Make,2012,532RL,323
Make,2012,532RL,324
Make,2012,532RL,325
Make,2012,532RL,326
Make,2012,532RL,42
Make,2012,532RL,445
Make,2012,532RL,481
Make,2012,532RL,482
Make,2012,532RL,483
Make,2012,532RL,486
Make,2012,532RL,487OS
Make,2012,532RL,493
Make,2012,532RL,511
Make,2012,532RL,512
Make,2012,532RL,513
Make,2012,532RL,514
Make,2012,532RL,525
Make,2012,532RL,HS
Make,2012,532RL,5411
Make,2012,532RL,55
Make,2012,532RL,561
Make,2012,532RL,562
Make,2012,532RL,621
Make,2012,532RL,622
Make,2012,532RL,623
Make,2012,532RL,624
Make,2012,532RL,711AS
Make,2012,532RL,713
Make,2012,532RL,721
Make,2012,532RL,722
Make,2012,532RL,GFGD
Make,2012,532RL,GFGN
Make,2012,532RL,GFE
Make,2012,532RL,GSLG
Make,2012,532RL,GSLE
Make,2012,532RL,Used
Make,2012,532RL,Other
Make,2012,5411,111CA
Make,2012,5411,113FF
Make,2012,5411,211
Make,2012,5411,212
Make,2012,5411,213
Make,2012,5411,22
Make,2012,5411,321
Make,2012,5411,327
Make,2012,5411,331
Make,2012,5411,332
Make,2012,5411,333
Make,2012,5411,334
Make,2012,5411,335
Make,2012,5411,3361MV
Make,2012,5411,3364OT
Make,2012,5411,337
Make,2012,5411,339
Make,2012,5411,311FT
Make,2012,5411,313TT
Make,2012,5411,315AL
Make,2012,5411,322
Make,2012,5411,323
Make,2012,5411,324
Make,2012,5411,325
Make,2012,5411,326
Make,2012,5411,42
Make,2012,5411,441
Make,2012,5411,445
Make,2012,5411,452
Make,2012,5411,4A0
Make,2012,5411,481
Make,2012,5411,482
Make,2012,5411,483
Make,2012,5411,484
Make,2012,5411,485
Make,2012,5411,486
Make,2012,5411,487OS
Make,2012,5411,493
Make,2012,5411,511
Make,2012,5411,512
Make,2012,5411,513
Make,2012,5411,514
Make,2012,5411,521CI
Make,2012,5411,523
Make,2012,5411,524
Make,2012,5411,525
Make,2012,5411,HS
Make,2012,5411,ORE
Make,2012,5411,532RL
Make,2012,5411,55
Make,2012,5411,561
Make,2012,5411,562
Make,2012,5411,61
Make,2012,5411,621
Make,2012,5411,622
Make,2012,5411,623
Make,2012,5411,624
Make,2012,5411,711AS
Make,2012,5411,713
Make,2012,5411,721
Make,2012,5411,722
Make,2012,5411,81
Make,2012,5411,GFGD
Make,2012,5411,GFGN
Make,2012,5411,GFE
Make,2012,5411,GSLG
Make,2012,5411,GSLE
Make,2012,5411,Used
Make,2012,5411,Other
Make,2012,5415,111CA
Make,2012,5415,113FF
Make,2012,5415,211
Make,2012,5415,212
Make,2012,5415,213
Make,2012,5415,22
Make,2012,5415,321
Make,2012,5415,327
Make,2012,5415,331
Make,2012,5415,332
Make,2012,5415,333
Make,2012,5415,334
Make,2012,5415,335
Make,2012,5415,3361MV
Make,2012,5415,3364OT
Make,2012,5415,337
Make,2012,5415,339
Make,2012,5415,311FT
Make,2012,5415,313TT
Make,2012,5415,315AL
Make,2012,5415,322
Make,2012,5415,323
Make,2012,5415,324
Make,2012,5415,325
Make,2012,5415,326
Make,2012,5415,441
Make,2012,5415,445
Make,2012,5415,452
Make,2012,5415,481
Make,2012,5415,482
Make,2012,5415,483
Make,2012,5415,484
Make,2012,5415,485
Make,2012,5415,486
Make,2012,5415,487OS
Make,2012,5415,493
Make,2012,5415,512
Make,2012,5415,521CI
Make,2012,5415,523
Make,2012,5415,524
Make,2012,5415,525
Make,2012,5415,HS
Make,2012,5415,ORE
Make,2012,5415,5411
Make,2012,5415,55
Make,2012,5415,562
Make,2012,5415,621
Make,2012,5415,622
Make,2012,5415,623
Make,2012,5415,624
Make,2012,5415,711AS
Make,2012,5415,713
Make,2012,5415,721
Make,2012,5415,722
Make,2012,5415,GFGD
Make,2012,5415,GFGN
Make,2012,5415,GFE
Make,2012,5415,GSLG
Make,2012,5415,GSLE
Make,2012,5415,Used
Make,2012,5415,Other
Make,2012,5412OP,111CA
Make,2012,5412OP,113FF
Make,2012,5412OP,211
Make,2012,5412OP,212
Make,2012,5412OP,213
Make,2012,5412OP,22
Make,2012,5412OP,321
Make,2012,5412OP,327
Make,2012,5412OP,331
Make,2012,5412OP,332
Make,2012,5412OP,333
Make,2012,5412OP,334
Make,2012,5412OP,335
Make,2012,5412OP,3361MV
Make,2012,5412OP,3364OT
Make,2012,5412OP,337
Make,2012,5412OP,339
Make,2012,5412OP,311FT
Make,2012,5412OP,313TT
Make,2012,5412OP,315AL
Make,2012,5412OP,322
Make,2012,5412OP,324
Make,2012,5412OP,325
Make,2012,5412OP,326
Make,2012,5412OP,42
Make,2012,5412OP,441
Make,2012,5412OP,445
Make,2012,5412OP,481
Make,2012,5412OP,482
Make,2012,5412OP,483
Make,2012,5412OP,484
Make,2012,5412OP,485
Make,2012,5412OP,486
Make,2012,5412OP,487OS
Make,2012,5412OP,493
Make,2012,5412OP,511
Make,2012,5412OP,512
Make,2012,5412OP,513
Make,2012,5412OP,521CI
Make,2012,5412OP,524
Make,2012,5412OP,525
Make,2012,5412OP,HS
Make,2012,5412OP,ORE
Make,2012,5412OP,5411
Make,2012,5412OP,55
Make,2012,5412OP,562
Make,2012,5412OP,61
Make,2012,5412OP,621
Make,2012,5412OP,622
Make,2012,5412OP,623
Make,2012,5412OP,624
Make,2012,5412OP,713
Make,2012,5412OP,721
Make,2012,5412OP,722
Make,2012,5412OP,GFGD
Make,2012,5412OP,GFGN
Make,2012,5412OP,GFE
Make,2012,5412OP,GSLG
Make,2012,5412OP,GSLE
Make,2012,5412OP,Used
Make,2012,5412OP,Other
Make,2012,55,111CA
Make,2012,55,113FF
Make,2012,55,211
Make,2012,55,212
Make,2012,55,213
Make,2012,55,22
Make,2012,55,321
Make,2012,55,327
Make,2012,55,331
Make,2012,55,332
Make,2012,55,333
Make,2012,55,334
Make,2012,55,335
Make,2012,55,3361MV
Make,2012,55,3364OT
Make,2012,55,337
Make,2012,55,339
Make,2012,55,311FT
Make,2012,55,313TT
Make,2012,55,315AL
Make,2012,55,322
Make,2012,55,323
Make,2012,55,324
Make,2012,55,325
Make,2012,55,326
Make,2012,55,42
Make,2012,55,441
Make,2012,55,445
Make,2012,55,452
Make,2012,55,4A0
Make,2012,55,481
Make,2012,55,482
Make,2012,55,483
Make,2012,55,484
Make,2012,55,485
Make,2012,55,486
Make,2012,55,487OS
Make,2012,55,493
Make,2012,55,511
Make,2012,55,512
Make,2012,55,513
Make,2012,55,514
Make,2012,55,521CI
Make,2012,55,523
Make,2012,55,524
Make,2012,55,525
Make,2012,55,HS
Make,2012,55,ORE
Make,2012,55,532RL
Make,2012,55,5411
Make,2012,55,561
Make,2012,55,562
Make,2012,55,61
Make,2012,55,621
Make,2012,55,622
Make,2012,55,623
Make,2012,55,624
Make,2012,55,711AS
Make,2012,55,713
Make,2012,55,721
Make,2012,55,722
Make,2012,55,81
Make,2012,55,GFGD
Make,2012,55,GFGN
Make,2012,55,GFE
Make,2012,55,GSLG
Make,2012,55,GSLE
Make,2012,55,Used
Make,2012,55,Other
Make,2012,561,111CA
Make,2012,561,113FF
Make,2012,561,211
Make,2012,561,212
Make,2012,561,213
Make,2012,561,22
Make,2012,561,321
Make,2012,561,327
Make,2012,561,331
Make,2012,561,332
Make,2012,561,333
Make,2012,561,334
Make,2012,561,335
Make,2012,561,3361MV
Make,2012,561,3364OT
Make,2012,561,337
Make,2012,561,339
Make,2012,561,311FT
Make,2012,561,313TT
Make,2012,561,315AL
Make,2012,561,322
Make,2012,561,324
Make,2012,561,325
Make,2012,561,326
Make,2012,561,42
Make,2012,561,441
Make,2012,561,445
Make,2012,561,452
Make,2012,561,481
Make,2012,561,482
Make,2012,561,483
Make,2012,561,484
Make,2012,561,485
Make,2012,561,486
Make,2012,561,487OS
Make,2012,561,493
Make,2012,561,511
Make,2012,561,512
Make,2012,561,513
Make,2012,561,514
Make,2012,561,521CI
Make,2012,561,523
Make,2012,561,525
Make,2012,561,HS
Make,2012,561,5411
Make,2012,561,55
Make,2012,561,622
Make,2012,561,623
Make,2012,561,711AS
Make,2012,561,713
Make,2012,561,721
Make,2012,561,722
Make,2012,561,GFGD
Make,2012,561,GFGN
Make,2012,561,GFE
Make,2012,561,GSLG
Make,2012,561,GSLE
Make,2012,561,Used
Make,2012,561,Other
Make,2012,562,111CA
Make,2012,562,113FF
Make,2012,562,212
Make,2012,562,213
Make,2012,562,22
Make,2012,562,321
Make,2012,562,327
Make,2012,562,331
Make,2012,562,332
Make,2012,562,333
Make,2012,562,334
Make,2012,562,335
Make,2012,562,3361MV
Make,2012,562,3364OT
Make,2012,562,337
Make,2012,562,339
Make,2012,562,311FT
Make,2012,562,313TT
Make,2012,562,315AL
Make,2012,562,322
Make,2012,562,323
Make,2012,562,324
Make,2012,562,325
Make,2012,562,326
Make,2012,562,42
Make,2012,562,441
Make,2012,562,445
Make,2012,562,452
Make,2012,562,481
Make,2012,562,482
Make,2012,562,483
Make,2012,562,484
Make,2012,562,485
Make,2012,562,486
Make,2012,562,493
Make,2012,562,511
Make,2012,562,512
Make,2012,562,513
Make,2012,562,514
Make,2012,562,521CI
Make,2012,562,523
Make,2012,562,524
Make,2012,562,525
Make,2012,562,HS
Make,2012,562,ORE
Make,2012,562,5411
Make,2012,562,55
Make,2012,562,561
Make,2012,562,61
Make,2012,562,621
Make,2012,562,622
Make,2012,562,623
Make,2012,562,624
Make,2012,562,711AS
Make,2012,562,713
Make,2012,562,721
Make,2012,562,722
Make,2012,562,81
Make,2012,562,GFGD
Make,2012,562,GFGN
Make,2012,562,GFE
Make,2012,562,GSLG
Make,2012,562,GSLE
Make,2012,562,Other
Make,2012,61,111CA
Make,2012,61,113FF
Make,2012,61,211
Make,2012,61,212
Make,2012,61,213
Make,2012,61,22
Make,2012,61,321
Make,2012,61,327
Make,2012,61,331
Make,2012,61,332
Make,2012,61,333
Make,2012,61,334
Make,2012,61,335
Make,2012,61,3361MV
Make,2012,61,3364OT
Make,2012,61,337
Make,2012,61,339
Make,2012,61,311FT
Make,2012,61,313TT
Make,2012,61,315AL
Make,2012,61,322
Make,2012,61,323
Make,2012,61,324
Make,2012,61,325
Make,2012,61,326
Make,2012,61,42
Make,2012,61,441
Make,2012,61,445
Make,2012,61,452
Make,2012,61,481
Make,2012,61,482
Make,2012,61,483
Make,2012,61,484
Make,2012,61,485
Make,2012,61,486
Make,2012,61,487OS
Make,2012,61,493
Make,2012,61,511
Make,2012,61,512
Make,2012,61,513
Make,2012,61,514
Make,2012,61,521CI
Make,2012,61,523
Make,2012,61,525
Make,2012,61,HS
Make,2012,61,5411
Make,2012,61,55
Make,2012,61,561
Make,2012,61,562
Make,2012,61,621
Make,2012,61,622
Make,2012,61,623
Make,2012,61,624
Make,2012,61,713
Make,2012,61,GFGD
Make,2012,61,GFGN
Make,2012,61,GFE
Make,2012,61,GSLG
Make,2012,61,GSLE
Make,2012,61,Used
Make,2012,61,Other
Make,2012,621,111CA
Make,2012,621,113FF
Make,2012,621,211
Make,2012,621,212
Make,2012,621,213
Make,2012,621,22
Make,2012,621,321
Make,2012,621,327
Make,2012,621,331
Make,2012,621,332
Make,2012,621,333
Make,2012,621,334
Make,2012,621,335
Make,2012,621,3361MV
Make,2012,621,3364OT
Make,2012,621,337
Make,2012,621,339
Make,2012,621,311FT
Make,2012,621,313TT
Make,2012,621,315AL
Make,2012,621,322
Make,2012,621,323
Make,2012,621,324
Make,2012,621,325
Make,2012,621,326
Make,2012,621,42
Make,2012,621,441
Make,2012,621,445
Make,2012,621,452
Make,2012,621,481
Make,2012,621,482
Make,2012,621,483
Make,2012,621,484
Make,2012,621,485
Make,2012,621,486
Make,2012,621,487OS
Make,2012,621,493
Make,2012,621,511
Make,2012,621,512
Make,2012,621,513
Make,2012,621,514
Make,2012,621,521CI
Make,2012,621,523
Make,2012,621,524
Make,2012,621,525
Make,2012,621,HS
Make,2012,621,ORE
Make,2012,621,5411
Make,2012,621,55
Make,2012,621,561
Make,2012,621,562
Make,2012,621,61
Make,2012,621,622
Make,2012,621,624
Make,2012,621,711AS
Make,2012,621,713
Make,2012,621,721
Make,2012,621,81
Make,2012,621,GFGD
Make,2012,621,GFGN
Make,2012,621,GFE
Make,2012,621,GSLG
Make,2012,621,GSLE
Make,2012,621,Used
Make,2012,621,Other
Make,2012,622,111CA
Make,2012,622,113FF
Make,2012,622,211
Make,2012,622,212
Make,2012,622,213
Make,2012,622,22
Make,2012,622,321
Make,2012,622,327
Make,2012,622,331
Make,2012,622,332
Make,2012,622,333
Make,2012,622,334
Make,2012,622,335
Make,2012,622,3361MV
Make,2012,622,3364OT
Make,2012,622,337
Make,2012,622,339
Make,2012,622,311FT
Make,2012,622,313TT
Make,2012,622,315AL
Make,2012,622,322
Make,2012,622,323
Make,2012,622,324
Make,2012,622,325
Make,2012,622,326
Make,2012,622,42
Make,2012,622,441
Make,2012,622,445
Make,2012,622,452
Make,2012,622,481
Make,2012,622,482
Make,2012,622,483
Make,2012,622,484
Make,2012,622,485
Make,2012,622,486
Make,2012,622,487OS
Make,2012,622,493
Make,2012,622,511
Make,2012,622,512
Make,2012,622,513
Make,2012,622,514
Make,2012,622,521CI
Make,2012,622,523
Make,2012,622,524
Make,2012,622,525
Make,2012,622,HS
Make,2012,622,ORE
Make,2012,622,5411
Make,2012,622,55
Make,2012,622,561
Make,2012,622,562
Make,2012,622,61
Make,2012,622,624
Make,2012,622,711AS
Make,2012,622,713
Make,2012,622,721
Make,2012,622,81
Make,2012,622,GFGD
Make,2012,622,GFGN
Make,2012,622,GFE
Make,2012,622,GSLG
Make,2012,622,GSLE
Make,2012,622,Used
Make,2012,622,Other
Make,2012,623,111CA
Make,2012,623,113FF
Make,2012,623,211
Make,2012,623,212
Make,2012,623,213
Make,2012,623,22
Make,2012,623,321
Make,2012,623,327
Make,2012,623,331
Make,2012,623,332
Make,2012,623,333
Make,2012,623,334
Make,2012,623,335
Make,2012,623,3361MV
Make,2012,623,3364OT
Make,2012,623,337
Make,2012,623,339
Make,2012,623,311FT
Make,2012,623,313TT
Make,2012,623,315AL
Make,2012,623,322
Make,2012,623,323
Make,2012,623,324
Make,2012,623,325
Make,2012,623,326
Make,2012,623,42
Make,2012,623,441
Make,2012,623,445
Make,2012,623,452
Make,2012,623,481
Make,2012,623,482
Make,2012,623,483
Make,2012,623,484
Make,2012,623,485
Make,2012,623,486
Make,2012,623,487OS
Make,2012,623,493
Make,2012,623,511
Make,2012,623,512
Make,2012,623,513
Make,2012,623,514
Make,2012,623,521CI
Make,2012,623,523
Make,2012,623,524
Make,2012,623,525
Make,2012,623,HS
Make,2012,623,5411
Make,2012,623,55
Make,2012,623,561
Make,2012,623,562
Make,2012,623,61
Make,2012,623,622
Make,2012,623,711AS
Make,2012,623,713
Make,2012,623,721
Make,2012,623,81
Make,2012,623,GFGD
Make,2012,623,GFGN
Make,2012,623,GFE
Make,2012,623,GSLG
Make,2012,623,GSLE
Make,2012,623,Used
Make,2012,623,Other
Make,2012,624,111CA
Make,2012,624,113FF
Make,2012,624,211
Make,2012,624,212
Make,2012,624,213
Make,2012,624,22
Make,2012,624,321
Make,2012,624,327
Make,2012,624,331
Make,2012,624,332
Make,2012,624,333
Make,2012,624,334
Make,2012,624,335
Make,2012,624,3361MV
Make,2012,624,3364OT
Make,2012,624,337
Make,2012,624,339
Make,2012,624,311FT
Make,2012,624,313TT
Make,2012,624,315AL
Make,2012,624,322
Make,2012,624,323
Make,2012,624,324
Make,2012,624,325
Make,2012,624,326
Make,2012,624,42
Make,2012,624,441
Make,2012,624,445
Make,2012,624,481
Make,2012,624,482
Make,2012,624,483
Make,2012,624,484
Make,2012,624,485
Make,2012,624,486
Make,2012,624,487OS
Make,2012,624,493
Make,2012,624,511
Make,2012,624,512
Make,2012,624,513
Make,2012,624,514
Make,2012,624,521CI
Make,2012,624,523
Make,2012,624,524
Make,2012,624,525
Make,2012,624,HS
Make,2012,624,ORE
Make,2012,624,532RL
Make,2012,624,5411
Make,2012,624,55
Make,2012,624,561
Make,2012,624,562
Make,2012,624,61
Make,2012,624,622
Make,2012,624,711AS
Make,2012,624,713
Make,2012,624,721
Make,2012,624,81
Make,2012,624,GFGD
Make,2012,624,GFGN
Make,2012,624,GFE
Make,2012,624,GSLG
Make,2012,624,GSLE
Make,2012,624,Used
Make,2012,624,Other
Make,2012,711AS,111CA
Make,2012,711AS,113FF
Make,2012,711AS,211
Make,2012,711AS,212
Make,2012,711AS,213
Make,2012,711AS,22
Make,2012,711AS,321
Make,2012,711AS,327
Make,2012,711AS,331
Make,2012,711AS,332
Make,2012,711AS,333
Make,2012,711AS,334
Make,2012,711AS,335
Make,2012,711AS,3361MV
Make,2012,711AS,3364OT
Make,2012,711AS,337
Make,2012,711AS,339
Make,2012,711AS,311FT
Make,2012,711AS,313TT
Make,2012,711AS,315AL
Make,2012,711AS,322
Make,2012,711AS,323
Make,2012,711AS,324
Make,2012,711AS,325
Make,2012,711AS,326
Make,2012,711AS,42
Make,2012,711AS,441
Make,2012,711AS,445
Make,2012,711AS,452
Make,2012,711AS,481
Make,2012,711AS,482
Make,2012,711AS,483
Make,2012,711AS,484
Make,2012,711AS,485
Make,2012,711AS,486
Make,2012,711AS,487OS
Make,2012,711AS,493
Make,2012,711AS,511
Make,2012,711AS,512
Make,2012,711AS,513
Make,2012,711AS,514
Make,2012,711AS,521CI
Make,2012,711AS,523
Make,2012,711AS,524
Make,2012,711AS,525
Make,2012,711AS,HS
Make,2012,711AS,5411
Make,2012,711AS,55
Make,2012,711AS,561
Make,2012,711AS,562
Make,2012,711AS,621
Make,2012,711AS,622
Make,2012,711AS,623
Make,2012,711AS,624
Make,2012,711AS,GFGD
Make,2012,711AS,GFGN
Make,2012,711AS,GFE
Make,2012,711AS,GSLG
Make,2012,711AS,GSLE
Make,2012,711AS,Used
Make,2012,711AS,Other
Make,2012,713,111CA
Make,2012,713,113FF
Make,2012,713,211
Make,2012,713,212
Make,2012,713,213
Make,2012,713,22
Make,2012,713,321
Make,2012,713,327
Make,2012,713,331
Make,2012,713,332
Make,2012,713,333
Make,2012,713,334
Make,2012,713,335
Make,2012,713,3361MV
Make,2012,713,3364OT
Make,2012,713,337
Make,2012,713,339
Make,2012,713,311FT
Make,2012,713,313TT
Make,2012,713,315AL
Make,2012,713,322
Make,2012,713,323
Make,2012,713,324
Make,2012,713,325
Make,2012,713,326
Make,2012,713,42
Make,2012,713,445
Make,2012,713,452
Make,2012,713,481
Make,2012,713,482
Make,2012,713,483
Make,2012,713,484
Make,2012,713,485
Make,2012,713,486
Make,2012,713,487OS
Make,2012,713,493
Make,2012,713,511
Make,2012,713,512
Make,2012,713,513
Make,2012,713,514
Make,2012,713,521CI
Make,2012,713,523
Make,2012,713,524
Make,2012,713,525
Make,2012,713,HS
Make,2012,713,5411
Make,2012,713,55
Make,2012,713,561
Make,2012,713,562
Make,2012,713,621
Make,2012,713,622
Make,2012,713,623
Make,2012,713,GFGD
Make,2012,713,GFGN
Make,2012,713,GFE
Make,2012,713,GSLG
Make,2012,713,GSLE
Make,2012,713,Used
Make,2012,713,Other
Make,2012,721,111CA
Make,2012,721,113FF
Make,2012,721,211
Make,2012,721,212
Make,2012,721,213
Make,2012,721,22
Make,2012,721,321
Make,2012,721,327
Make,2012,721,331
Make,2012,721,332
Make,2012,721,333
Make,2012,721,334
Make,2012,721,335
Make,2012,721,3361MV
Make,2012,721,3364OT
Make,2012,721,337
Make,2012,721,339
Make,2012,721,311FT
Make,2012,721,313TT
Make,2012,721,315AL
Make,2012,721,322
Make,2012,721,323
Make,2012,721,324
Make,2012,721,325
Make,2012,721,326
Make,2012,721,42
Make,2012,721,481
Make,2012,721,482
Make,2012,721,483
Make,2012,721,484
Make,2012,721,485
Make,2012,721,486
Make,2012,721,487OS
Make,2012,721,493
Make,2012,721,511
Make,2012,721,512
Make,2012,721,514
Make,2012,721,521CI
Make,2012,721,523
Make,2012,721,524
Make,2012,721,525
Make,2012,721,5411
Make,2012,721,55
Make,2012,721,562
Make,2012,721,61
Make,2012,721,621
Make,2012,721,622
Make,2012,721,623
Make,2012,721,624
Make,2012,721,GFGD
Make,2012,721,GFGN
Make,2012,721,GFE
Make,2012,721,GSLG
Make,2012,721,GSLE
Make,2012,721,Used
Make,2012,721,Other
Make,2012,722,111CA
Make,2012,722,113FF
Make,2012,722,211
Make,2012,722,212
Make,2012,722,213
Make,2012,722,22
Make,2012,722,321
Make,2012,722,327
Make,2012,722,331
Make,2012,722,332
Make,2012,722,333
Make,2012,722,334
Make,2012,722,335
Make,2012,722,3361MV
Make,2012,722,3364OT
Make,2012,722,337
Make,2012,722,339
Make,2012,722,311FT
Make,2012,722,313TT
Make,2012,722,315AL
Make,2012,722,322
Make,2012,722,323
Make,2012,722,324
Make,2012,722,325
Make,2012,722,326
Make,2012,722,441
Make,2012,722,452
Make,2012,722,481
Make,2012,722,482
Make,2012,722,483
Make,2012,722,484
Make,2012,722,485
Make,2012,722,486
Make,2012,722,487OS
Make,2012,722,493
Make,2012,722,511
Make,2012,722,512
Make,2012,722,514
Make,2012,722,521CI
Make,2012,722,523
Make,2012,722,524
Make,2012,722,525
Make,2012,722,HS
Make,2012,722,ORE
Make,2012,722,532RL
Make,2012,722,5411
Make,2012,722,55
Make,2012,722,561
Make,2012,722,562
Make,2012,722,61
Make,2012,722,621
Make,2012,722,622
Make,2012,722,623
Make,2012,722,624
Make,2012,722,711AS
Make,2012,722,81
Make,2012,722,GFGD
Make,2012,722,GFGN
Make,2012,722,GFE
Make,2012,722,GSLG
Make,2012,722,GSLE
Make,2012,722,Other
Make,2012,81,111CA
Make,2012,81,113FF
Make,2012,81,211
Make,2012,81,212
Make,2012,81,213
Make,2012,81,22
Make,2012,81,321
Make,2012,81,327
Make,2012,81,331
Make,2012,81,332
Make,2012,81,333
Make,2012,81,334
Make,2012,81,335
Make,2012,81,3361MV
Make,2012,81,3364OT
Make,2012,81,337
Make,2012,81,339
Make,2012,81,311FT
Make,2012,81,313TT
Make,2012,81,315AL
Make,2012,81,322
Make,2012,81,323
Make,2012,81,324
Make,2012,81,325
Make,2012,81,326
Make,2012,81,445
Make,2012,81,481
Make,2012,81,482
Make,2012,81,483
Make,2012,81,484
Make,2012,81,485
Make,2012,81,486
Make,2012,81,487OS
Make,2012,81,493
Make,2012,81,511
Make,2012,81,512
Make,2012,81,513
Make,2012,81,521CI
Make,2012,81,523
Make,2012,81,524
Make,2012,81,525
Make,2012,81,HS
Make,2012,81,5411
Make,2012,81,55
Make,2012,81,562
Make,2012,81,621
Make,2012,81,622
Make,2012,81,623
Make,2012,81,624
Make,2012,81,711AS
Make,2012,81,713
Make,2012,81,721
Make,2012,81,GFGD
Make,2012,81,GFGN
Make,2012,81,GFE
Make,2012,81,GSLG
Make,2012,81,GSLE
Make,2012,81,Used
Make,2012,81,Other
Make,2012,GFGD,111CA
Make,2012,GFGD,113FF
Make,2012,GFGD,211
Make,2012,GFGD,212
Make,2012,GFGD,213
Make,2012,GFGD,22
Make,2012,GFGD,321
Make,2012,GFGD,327
Make,2012,GFGD,331
Make,2012,GFGD,332
Make,2012,GFGD,334
Make,2012,GFGD,335
Make,2012,GFGD,3361MV
Make,2012,GFGD,3364OT
Make,2012,GFGD,337
Make,2012,GFGD,311FT
Make,2012,GFGD,313TT
Make,2012,GFGD,315AL
Make,2012,GFGD,322
Make,2012,GFGD,323
Make,2012,GFGD,324
Make,2012,GFGD,325
Make,2012,GFGD,326
Make,2012,GFGD,42
Make,2012,GFGD,441
Make,2012,GFGD,445
Make,2012,GFGD,452
Make,2012,GFGD,4A0
Make,2012,GFGD,481
Make,2012,GFGD,482
Make,2012,GFGD,483
Make,2012,GFGD,484
Make,2012,GFGD,485
Make,2012,GFGD,486
Make,2012,GFGD,487OS
Make,2012,GFGD,493
Make,2012,GFGD,511
Make,2012,GFGD,513
Make,2012,GFGD,521CI
Make,2012,GFGD,523
Make,2012,GFGD,524
Make,2012,GFGD,525
Make,2012,GFGD,HS
Make,2012,GFGD,ORE
Make,2012,GFGD,532RL
Make,2012,GFGD,5411
Make,2012,GFGD,55
Make,2012,GFGD,561
Make,2012,GFGD,562
Make,2012,GFGD,621
Make,2012,GFGD,623
Make,2012,GFGD,624
Make,2012,GFGD,713
Make,2012,GFGD,721
Make,2012,GFGD,722
Make,2012,GFGD,81
Make,2012,GFGD,GFGN
Make,2012,GFGD,GFE
Make,2012,GFGD,GSLG
Make,2012,GFGD,GSLE
Make,2012,GFGD,Used
Make,2012,GFGD,Other
Make,2012,GFGN,111CA
Make,2012,GFGN,211
Make,2012,GFGN,212
Make,2012,GFGN,213
Make,2012,GFGN,321
Make,2012,GFGN,327
Make,2012,GFGN,332
Make,2012,GFGN,333
Make,2012,GFGN,334
Make,2012,GFGN,335
Make,2012,GFGN,3361MV
Make,2012,GFGN,3364OT
Make,2012,GFGN,337
Make,2012,GFGN,311FT
Make,2012,GFGN,313TT
Make,2012,GFGN,315AL
Make,2012,GFGN,322
Make,2012,GFGN,324
Make,2012,GFGN,326
Make,2012,GFGN,42
Make,2012,GFGN,441
Make,2012,GFGN,445
Make,2012,GFGN,452
Make,2012,GFGN,4A0
Make,2012,GFGN,481
Make,2012,GFGN,482
Make,2012,GFGN,483
Make,2012,GFGN,484
Make,2012,GFGN,485
Make,2012,GFGN,486
Make,2012,GFGN,487OS
Make,2012,GFGN,493
Make,2012,GFGN,512
Make,2012,GFGN,513
Make,2012,GFGN,514
Make,2012,GFGN,521CI
Make,2012,GFGN,523
Make,2012,GFGN,524
Make,2012,GFGN,HS
Make,2012,GFGN,ORE
Make,2012,GFGN,532RL
Make,2012,GFGN,5411
Make,2012,GFGN,55
Make,2012,GFGN,561
Make,2012,GFGN,562
Make,2012,GFGN,61
Make,2012,GFGN,621
Make,2012,GFGN,623
Make,2012,GFGN,624
Make,2012,GFGN,711AS
Make,2012,GFGN,713
Make,2012,GFGN,721
Make,2012,GFGN,722
Make,2012,GFGN,81
Make,2012,GFGN,GFGD
Make,2012,GFGN,GSLG
Make,2012,GFGN,GSLE
Make,2012,GFGN,Used
Make,2012,GFE,111CA
Make,2012,GFE,113FF
Make,2012,GFE,211
Make,2012,GFE,212
Make,2012,GFE,213
Make,2012,GFE,23
Make,2012,GFE,321
Make,2012,GFE,327
Make,2012,GFE,331
Make,2012,GFE,332
Make,2012,GFE,333
Make,2012,GFE,334
Make,2012,GFE,335
Make,2012,GFE,3361MV
Make,2012,GFE,3364OT
Make,2012,GFE,337
Make,2012,GFE,339
Make,2012,GFE,311FT
Make,2012,GFE,313TT
Make,2012,GFE,315AL
Make,2012,GFE,322
Make,2012,GFE,323
Make,2012,GFE,324
Make,2012,GFE,325
Make,2012,GFE,326
Make,2012,GFE,42
Make,2012,GFE,441
Make,2012,GFE,445
Make,2012,GFE,481
Make,2012,GFE,482
Make,2012,GFE,483
Make,2012,GFE,484
Make,2012,GFE,485
Make,2012,GFE,486
Make,2012,GFE,487OS
Make,2012,GFE,493
Make,2012,GFE,511
Make,2012,GFE,513
Make,2012,GFE,514
Make,2012,GFE,521CI
Make,2012,GFE,523
Make,2012,GFE,525
Make,2012,GFE,HS
Make,2012,GFE,532RL
Make,2012,GFE,5411
Make,2012,GFE,5412OP
Make,2012,GFE,55
Make,2012,GFE,561
Make,2012,GFE,562
Make,2012,GFE,61
Make,2012,GFE,621
Make,2012,GFE,622
Make,2012,GFE,623
Make,2012,GFE,624
Make,2012,GFE,711AS
Make,2012,GFE,713
Make,2012,GFE,721
Make,2012,GFE,GFGD
Make,2012,GFE,GFGN
Make,2012,GFE,GSLG
Make,2012,GFE,GSLE
Make,2012,GFE,Used
Make,2012,GFE,Other
Make,2012,GSLG,211
Make,2012,GSLG,213
Make,2012,GSLG,327
Make,2012,GSLG,331
Make,2012,GSLG,332
Make,2012,GSLG,333
Make,2012,GSLG,334
Make,2012,GSLG,335
Make,2012,GSLG,3361MV
Make,2012,GSLG,3364OT
Make,2012,GSLG,337
Make,2012,GSLG,313TT
Make,2012,GSLG,324
Make,2012,GSLG,326
Make,2012,GSLG,42
Make,2012,GSLG,441
Make,2012,GSLG,445
Make,2012,GSLG,452
Make,2012,GSLG,4A0
Make,2012,GSLG,481
Make,2012,GSLG,482
Make,2012,GSLG,483
Make,2012,GSLG,484
Make,2012,GSLG,485
Make,2012,GSLG,486
Make,2012,GSLG,487OS
Make,2012,GSLG,493
Make,2012,GSLG,513
Make,2012,GSLG,521CI
Make,2012,GSLG,523
Make,2012,GSLG,524
Make,2012,GSLG,HS
Make,2012,GSLG,ORE
Make,2012,GSLG,532RL
Make,2012,GSLG,5411
Make,2012,GSLG,55
Make,2012,GSLG,623
Make,2012,GSLG,GFGD
Make,2012,GSLG,GFGN
Make,2012,GSLG,GFE
Make,2012,GSLG,GSLE
Make,2012,GSLG,Other
Make,2012,GSLE,111CA
Make,2012,GSLE,113FF
Make,2012,GSLE,211
Make,2012,GSLE,212
Make,2012,GSLE,213
Make,2012,GSLE,23
Make,2012,GSLE,321
Make,2012,GSLE,327
Make,2012,GSLE,331
Make,2012,GSLE,332
Make,2012,GSLE,333
Make,2012,GSLE,334
Make,2012,GSLE,335
Make,2012,GSLE,3361MV
Make,2012,GSLE,3364OT
Make,2012,GSLE,337
Make,2012,GSLE,339
Make,2012,GSLE,311FT
Make,2012,GSLE,313TT
Make,2012,GSLE,315AL
Make,2012,GSLE,322
Make,2012,GSLE,323
Make,2012,GSLE,324
Make,2012,GSLE,325
Make,2012,GSLE,326
Make,2012,GSLE,42
Make,2012,GSLE,441
Make,2012,GSLE,452
Make,2012,GSLE,4A0
Make,2012,GSLE,481
Make,2012,GSLE,484
Make,2012,GSLE,486
Make,2012,GSLE,493
Make,2012,GSLE,511
Make,2012,GSLE,512
Make,2012,GSLE,513
Make,2012,GSLE,514
Make,2012,GSLE,523
Make,2012,GSLE,525
Make,2012,GSLE,532RL
Make,2012,GSLE,5411
Make,2012,GSLE,5415
Make,2012,GSLE,5412OP
Make,2012,GSLE,55
Make,2012,GSLE,561
Make,2012,GSLE,562
Make,2012,GSLE,61
Make,2012,GSLE,621
Make,2012,GSLE,622
Make,2012,GSLE,623
Make,2012,GSLE,624
Make,2012,GSLE,721
Make,2012,GSLE,722
Make,2012,GSLE,GFGD
Make,2012,GSLE,GFGN
Make,2012,GSLE,GFE
Make,2012,GSLE,GSLG
Make,2012,GSLE,Used
Make,2012,GSLE,Other
Use,2013,111CA,211
Use,2013,111CA,22
Use,2013,111CA,321
Use,2013,111CA,327
Use,2013,111CA,331
Use,2013,111CA,332
Use,2013,111CA,333
Use,2013,111CA,334
Use,2013,111CA,335
Use,2013,111CA,3361MV
Use,2013,111CA,3364OT
Use,2013,111CA,337
Use,2013,111CA,315AL
Use,2013,111CA,322
Use,2013,111CA,323
Use,2013,111CA,324
Use,2013,111CA,326
Use,2013,111CA,481
Use,2013,111CA,482
Use,2013,111CA,483
Use,2013,111CA,484
Use,2013,111CA,485
Use,2013,111CA,486
Use,2013,111CA,493
Use,2013,111CA,511
Use,2013,111CA,512
Use,2013,111CA,513
Use,2013,111CA,514
Use,2013,111CA,523
Use,2013,111CA,524
Use,2013,111CA,525
Use,2013,111CA,532RL
Use,2013,111CA,562
Use,2013,111CA,621
Use,2013,111CA,622
Use,2013,111CA,623
Use,2013,111CA,624
Use,2013,111CA,711AS
Use,2013,111CA,GFE
Use,2013,111CA,GSLE
Use,2013,111CA,F02S
Use,2013,111CA,F02E
Use,2013,111CA,F02N
Use,2013,111CA,F02R
Use,2013,111CA,F06C
Use,2013,111CA,F06S
Use,2013,111CA,F06E
Use,2013,111CA,F06N
Use,2013,111CA,F07C
Use,2013,111CA,F07S
Use,2013,111CA,F07E
Use,2013,111CA,F07N
Use,2013,111CA,F10C
Use,2013,111CA,F10S
Use,2013,111CA,F10E
Use,2013,111CA,F10N
Use,2013,113FF,211
Use,2013,113FF,213
Use,2013,113FF,22
Use,2013,113FF,23
Use,2013,113FF,331
Use,2013,113FF,332
Use,2013,113FF,333
Use,2013,113FF,334
Use,2013,113FF,335
Use,2013,113FF,3361MV
Use,2013,113FF,3364OT
Use,2013,113FF,313TT
Use,2013,113FF,324
Use,2013,113FF,42
Use,2013,113FF,441
Use,2013,113FF,452
Use,2013,113FF,481
Use,2013,113FF,482
Use,2013,113FF,483
Use,2013,113FF,484
Use,2013,113FF,485
Use,2013,113FF,486
Use,2013,113FF,493
Use,2013,113FF,511
Use,2013,113FF,512
Use,2013,113FF,513
Use,2013,113FF,514
Use,2013,113FF,521CI
Use,2013,113FF,523
Use,2013,113FF,524
Use,2013,113FF,525
Use,2013,113FF,HS
Use,2013,113FF,ORE
Use,2013,113FF,532RL
Use,2013,113FF,5411
Use,2013,113FF,5415
Use,2013,113FF,562
Use,2013,113FF,621
Use,2013,113FF,622
Use,2013,113FF,623
Use,2013,113FF,624
Use,2013,113FF,711AS
Use,2013,113FF,GFGD
Use,2013,113FF,GSLE
Use,2013,113FF,F02S
Use,2013,113FF,F02E
Use,2013,113FF,F02N
Use,2013,113FF,F02R
Use,2013,113FF,F06C
Use,2013,113FF,F06S
Use,2013,113FF,F06E
Use,2013,113FF,F06N
Use,2013,113FF,F07C
Use,2013,113FF,F07S
Use,2013,113FF,F07E
Use,2013,113FF,F07N
Use,2013,113FF,F10C
Use,2013,113FF,F10S
Use,2013,113FF,F10E
Use,2013,113FF,F10N
Use,2013,211,111CA
Use,2013,211,113FF
Use,2013,211,23
Use,2013,211,333
Use,2013,211,334
Use,2013,211,335
Use,2013,211,3364OT
Use,2013,211,337
Use,2013,211,339
Use,2013,211,313TT
Use,2013,211,315AL
Use,2013,211,481
Use,2013,211,482
Use,2013,211,483
Use,2013,211,484
Use,2013,211,485
Use,2013,211,487OS
Use,2013,211,521CI
Use,2013,211,523
Use,2013,211,524
Use,2013,211,525
Use,2013,211,HS
Use,2013,211,532RL
Use,2013,211,5411
Use,2013,211,GFGD
Use,2013,211,GSLG
Use,2013,211,F010
Use,2013,211,F02S
Use,2013,211,F02E
Use,2013,211,F02N
Use,2013,211,F02R
Use,2013,211,F06C
Use,2013,211,F06S
Use,2013,211,F06E
Use,2013,211,F06N
Use,2013,211,F07C
Use,2013,211,F07S
Use,2013,211,F07E
Use,2013,211,F07N
Use,2013,211,F10C
Use,2013,211,F10S
Use,2013,211,F10E
Use,2013,211,F10N
Use,2013,212,315AL
Use,2013,212,323
Use,2013,212,441
Use,2013,212,445
Use,2013,212,452
Use,2013,212,481
Use,2013,212,486
Use,2013,212,521CI
Use,2013,212,523
Use,2013,212,524
Use,2013,212,525
Use,2013,212,ORE
Use,2013,212,532RL
Use,2013,212,5411
Use,2013,212,5415
Use,2013,212,621
Use,2013,212,GFGD
Use,2013,212,GFE
Use,2013,212,F02S
Use,2013,212,F02N
Use,2013,212,F02R
Use,2013,212,F06C
Use,2013,212,F06S
Use,2013,212,F06E
Use,2013,212,F06N
Use,2013,212,F07C
Use,2013,212,F07S
Use,2013,212,F07E
Use,2013,212,F07N
Use,2013,212,F10C
Use,2013,212,F10S
Use,2013,212,F10E
Use,2013,212,F10N
Use,2013,213,111CA
Use,2013,213,113FF
Use,2013,213,22
Use,2013,213,23
Use,2013,213,321
Use,2013,213,327
Use,2013,213,331
Use,2013,213,332
Use,2013,213,333
Use,2013,213,334
Use,2013,213,335
Use,2013,213,3361MV
Use,2013,213,3364OT
Use,2013,213,337
Use,2013,213,339
Use,2013,213,311FT
Use,2013,213,313TT
Use,2013,213,315AL
Use,2013,213,322
Use,2013,213,323
Use,2013,213,324
Use,2013,213,325
Use,2013,213,326
Use,2013,213,42
Use,2013,213,441
Use,2013,213,445
Use,2013,213,452
Use,2013,213,4A0
Use,2013,213,481
Use,2013,213,482
Use,2013,213,483
Use,2013,213,484
Use,2013,213,485
Use,2013,213,486
Use,2013,213,487OS
Use,2013,213,493
Use,2013,213,511
Use,2013,213,512
Use,2013,213,513
Use,2013,213,514
Use,2013,213,521CI
Use,2013,213,523
Use,2013,213,524
Use,2013,213,525
Use,2013,213,HS
Use,2013,213,ORE
Use,2013,213,532RL
Use,2013,213,5411
Use,2013,213,5415
Use,2013,213,561
Use,2013,213,562
Use,2013,213,61
Use,2013,213,621
Use,2013,213,622
Use,2013,213,623
Use,2013,213,624
Use,2013,213,711AS
Use,2013,213,713
Use,2013,213,721
Use,2013,213,722
Use,2013,213,81
Use,2013,213,GFGD
Use,2013,213,GFGN
Use,2013,213,GFE
Use,2013,213,GSLG
Use,2013,213,GSLE
Use,2013,213,F010
Use,2013,213,F02N
Use,2013,213,F02R
Use,2013,213,F06C
Use,2013,213,F06S
Use,2013,213,F06E
Use,2013,213,F06N
Use,2013,213,F07C
Use,2013,213,F07S
Use,2013,213,F07E
Use,2013,213,F07N
Use,2013,213,F10C
Use,2013,213,F10S
Use,2013,213,F10E
Use,2013,213,F10N
Use,2013,22,F02S
Use,2013,22,F02E
Use,2013,22,F02N
Use,2013,22,F02R
Use,2013,22,F030
Use,2013,22,F06C
Use,2013,22,F06S
Use,2013,22,F06E
Use,2013,22,F06N
Use,2013,22,F07C
Use,2013,22,F07S
Use,2013,22,F07E
Use,2013,22,F07N
Use,2013,22,F10C
Use,2013,22,F10S
Use,2013,22,F10E
Use,2013,22,F10N
Use,2013,23,F010
Use,2013,23,F02E
Use,2013,23,F02N
Use,2013,23,F030
Use,2013,23,F050
Use,2013,23,F06C
Use,2013,23,F06E
Use,2013,23,F06N
Use,2013,23,F07C
Use,2013,23,F07E
Use,2013,23,F07N
Use,2013,23,F10C
Use,2013,23,F10E
Use,2013,23,F10N
Use,2013,321,211
Use,2013,321,324
Use,2013,321,481
Use,2013,321,483
Use,2013,321,485
Use,2013,321,524
Use,2013,321,525
Use,2013,321,F02E
Use,2013,321,F02N
Use,2013,321,F06C
Use,2013,321,F06S
Use,2013,321,F06E
Use,2013,321,F06N
Use,2013,321,F07C
Use,2013,321,F07S
Use,2013,321,F07N
Use,2013,321,F10C
Use,2013,321,F10S
Use,2013,321,F10E
Use,2013,321,F10N
Use,2013,327,315AL
Use,2013,327,481
Use,2013,327,483
Use,2013,327,525
Use,2013,327,GFE
Use,2013,327,F02S
Use,2013,327,F02E
Use,2013,327,F02N
Use,2013,327,F02R
Use,2013,327,F06C
Use,2013,327,F06S
Use,2013,327,F06E
Use,2013,327,F06N
Use,2013,327,F07C
Use,2013,327,F07S
Use,2013,327,F07E
Use,2013,327,F07N
Use,2013,327,F10C
Use,2013,327,F10S
Use,2013,327,F10E
Use,2013,327,F10N
Use,2013,331,113FF
Use,2013,331,315AL
Use,2013,331,445
Use,2013,331,481
Use,2013,331,483
Use,2013,331,484
Use,2013,331,485
Use,2013,331,486
Use,2013,331,493
Use,2013,331,521CI
Use,2013,331,523
Use,2013,331,524
Use,2013,331,525
Use,2013,331,5411
Use,2013,331,GFE
Use,2013,331,F02S
Use,2013,331,F02E
Use,2013,331,F02N
Use,2013,331,F02R
Use,2013,331,F06C
Use,2013,331,F06S
Use,2013,331,F06E
Use,2013,331,F06N
Use,2013,331,F07C
Use,2013,331,F07S
Use,2013,331,F07E
Use,2013,331,F07N
Use,2013,331,F10C
Use,2013,331,F10S
Use,2013,331,F10E
Use,2013,331,F10N
Use,2013,332,524
Use,2013,332,F02S
Use,2013,332,F02N
Use,2013,332,F02R
Use,2013,332,F06C
Use,2013,332,F06S
Use,2013,332,F06N
Use,2013,332,F07C
Use,2013,332,F07S
Use,2013,332,F07N
Use,2013,332,F10C
Use,2013,332,F10S
Use,2013,332,F10N
Use,2013,333,525
Use,2013,333,F02S
Use,2013,333,F02N
Use,2013,333,F02R
Use,2013,333,F06C
Use,2013,333,F06S
Use,2013,333,F06N
Use,2013,333,F07C
Use,2013,333,F07S
Use,2013,333,F07N
Use,2013,333,F10C
Use,2013,333,F10S
Use,2013,333,F10N
Use,2013,334,F02S
Use,2013,334,F02N
Use,2013,334,F06C
Use,2013,334,F06S
Use,2013,334,F06N
Use,2013,334,F07C
Use,2013,334,F07S
Use,2013,334,F07N
Use,2013,334,F10C
Use,2013,334,F10S
Use,2013,334,F10N
Use,2013,335,512
Use,2013,335,525
Use,2013,335,F02S
Use,2013,335,F02N
Use,2013,335,F06C
Use,2013,335,F06S
Use,2013,335,F06N
Use,2013,335,F07C
Use,2013,335,F07S
Use,2013,335,F07N
Use,2013,335,F10C
Use,2013,335,F10S
Use,2013,335,F10N
Use,2013,3361MV,481
Use,2013,3361MV,483
Use,2013,3361MV,524
Use,2013,3361MV,525
Use,2013,3361MV,HS
Use,2013,3361MV,ORE
Use,2013,3361MV,5411
Use,2013,3361MV,F02S
Use,2013,3361MV,F02N
Use,2013,3361MV,F02R
Use,2013,3361MV,F06C
Use,2013,3361MV,F06S
Use,2013,3361MV,F06N
Use,2013,3361MV,F07C
Use,2013,3361MV,F07S
Use,2013,3361MV,F07N
Use,2013,3361MV,F10C
Use,2013,3361MV,F10S
Use,2013,3361MV,F10N
Use,2013,3364OT,111CA
Use,2013,3364OT,211
Use,2013,3364OT,213
Use,2013,3364OT,22
Use,2013,3364OT,327
Use,2013,3364OT,331
Use,2013,3364OT,334
Use,2013,3364OT,335
Use,2013,3364OT,337
Use,2013,3364OT,339
Use,2013,3364OT,311FT
Use,2013,3364OT,313TT
Use,2013,3364OT,315AL
Use,2013,3364OT,322
Use,2013,3364OT,323
Use,2013,3364OT,324
Use,2013,3364OT,325
Use,2013,3364OT,326
Use,2013,3364OT,445
Use,2013,3364OT,452
Use,2013,3364OT,4A0
Use,2013,3364OT,486
Use,2013,3364OT,493
Use,2013,3364OT,511
Use,2013,3364OT,512
Use,2013,3364OT,514
Use,2013,3364OT,521CI
Use,2013,3364OT,523
Use,2013,3364OT,524
Use,2013,3364OT,525
Use,2013,3364OT,HS
Use,2013,3364OT,ORE
Use,2013,3364OT,532RL
Use,2013,3364OT,5411
Use,2013,3364OT,5415
Use,2013,3364OT,61
Use,2013,3364OT,621
Use,2013,3364OT,622
Use,2013,3364OT,623
Use,2013,3364OT,711AS
Use,2013,3364OT,721
Use,2013,3364OT,722
Use,2013,3364OT,F02S
Use,2013,3364OT,F02N
Use,2013,3364OT,F02R
Use,2013,3364OT,F06C
Use,2013,3364OT,F06S
Use,2013,3364OT,F06N
Use,2013,3364OT,F07C
Use,2013,3364OT,F07S
Use,2013,3364OT,F07N
Use,2013,3364OT,F10C
Use,2013,3364OT,F10S
Use,2013,3364OT,F10N
Use,2013,337,113FF
Use,2013,337,211
Use,2013,337,212
Use,2013,337,213
Use,2013,337,22
Use,2013,337,331
Use,2013,337,332
Use,2013,337,311FT
Use,2013,337,313TT
Use,2013,337,315AL
Use,2013,337,323
Use,2013,337,324
Use,2013,337,325
Use,2013,337,445
Use,2013,337,481
Use,2013,337,482
Use,2013,337,484
Use,2013,337,485
Use,2013,337,486
Use,2013,337,493
Use,2013,337,512
Use,2013,337,521CI
Use,2013,337,523
Use,2013,337,524
Use,2013,337,525
Use,2013,337,532RL
Use,2013,337,562
Use,2013,337,61
Use,2013,337,GFGD
Use,2013,337,GFGN
Use,2013,337,F02S
Use,2013,337,F02N
Use,2013,337,F06C
Use,2013,337,F06S
Use,2013,337,F06N
Use,2013,337,F07C
Use,2013,337,F07S
Use,2013,337,F07N
Use,2013,337,F10C
Use,2013,337,F10S
Use,2013,337,F10N
Use,2013,339,22
Use,2013,339,483
Use,2013,339,525
Use,2013,339,GFE
Use,2013,339,F02S
Use,2013,339,F02N
Use,2013,339,F02R
Use,2013,339,F06C
Use,2013,339,F06S
Use,2013,339,F06N
Use,2013,339,F07C
Use,2013,339,F07S
Use,2013,339,F07N
Use,2013,339,F10C
Use,2013,339,F10S
Use,2013,339,F10N
Use,2013,311FT,211
Use,2013,311FT,212
Use,2013,311FT,213
Use,2013,311FT,22
Use,2013,311FT,23
Use,2013,311FT,332
Use,2013,311FT,333
Use,2013,311FT,334
Use,2013,311FT,335
Use,2013,311FT,3361MV
Use,2013,311FT,3364OT
Use,2013,311FT,337
Use,2013,311FT,486
Use,2013,311FT,493
Use,2013,311FT,513
Use,2013,311FT,521CI
Use,2013,311FT,523
Use,2013,311FT,524
Use,2013,311FT,525
Use,2013,311FT,HS
Use,2013,311FT,ORE
Use,2013,311FT,532RL
Use,2013,311FT,5411
Use,2013,311FT,5415
Use,2013,311FT,562
Use,2013,311FT,GSLE
Use,2013,311FT,F02S
Use,2013,311FT,F02E
Use,2013,311FT,F02N
Use,2013,311FT,F02R
Use,2013,311FT,F06C
Use,2013,311FT,F06S
Use,2013,311FT,F06E
Use,2013,311FT,F06N
Use,2013,311FT,F07C
Use,2013,311FT,F07S
Use,2013,311FT,F07E
Use,2013,311FT,F07N
Use,2013,311FT,F10C
Use,2013,311FT,F10S
Use,2013,311FT,F10E
Use,2013,311FT,F10N
Use,2013,313TT,211
Use,2013,313TT,213
Use,2013,313TT,22
Use,2013,313TT,331
Use,2013,313TT,481
Use,2013,313TT,482
Use,2013,313TT,485
Use,2013,313TT,521CI
Use,2013,313TT,523
Use,2013,313TT,524
Use,2013,313TT,525
Use,2013,313TT,5411
Use,2013,313TT,5415
Use,2013,313TT,F02S
Use,2013,313TT,F02N
Use,2013,313TT,F06C
Use,2013,313TT,F06S
Use,2013,313TT,F06E
Use,2013,313TT,F06N
Use,2013,313TT,F07C
Use,2013,313TT,F07S
Use,2013,313TT,F07N
Use,2013,313TT,F10C
Use,2013,313TT,F10S
Use,2013,313TT,F10N
Use,2013,315AL,113FF
Use,2013,315AL,211
Use,2013,315AL,212
Use,2013,315AL,213
Use,2013,315AL,23
Use,2013,315AL,321
Use,2013,315AL,331
Use,2013,315AL,332
Use,2013,315AL,333
Use,2013,315AL,334
Use,2013,315AL,335
Use,2013,315AL,3364OT
Use,2013,315AL,337
Use,2013,315AL,322
Use,2013,315AL,325
Use,2013,315AL,481
Use,2013,315AL,482
Use,2013,315AL,483
Use,2013,315AL,484
Use,2013,315AL,485
Use,2013,315AL,486
Use,2013,315AL,487OS
Use,2013,315AL,493
Use,2013,315AL,521CI
Use,2013,315AL,523
Use,2013,315AL,524
Use,2013,315AL,525
Use,2013,315AL,HS
Use,2013,315AL,ORE
Use,2013,315AL,5411
Use,2013,315AL,5415
Use,2013,315AL,623
Use,2013,315AL,F02S
Use,2013,315AL,F02E
Use,2013,315AL,F02N
Use,2013,315AL,F02R
Use,2013,315AL,F06C
Use,2013,315AL,F06S
Use,2013,315AL,F06E
Use,2013,315AL,F06N
Use,2013,315AL,F07C
Use,2013,315AL,F07S
Use,2013,315AL,F07E
Use,2013,315AL,F07N
Use,2013,315AL,F10C
Use,2013,315AL,F10S
Use,2013,315AL,F10E
Use,2013,315AL,F10N
Use,2013,322,F02S
Use,2013,322,F02E
Use,2013,322,F02N
Use,2013,322,F02R
Use,2013,322,F06C
Use,2013,322,F06S
Use,2013,322,F06E
Use,2013,322,F06N
Use,2013,322,F07C
Use,2013,322,F07S
Use,2013,322,F07E
Use,2013,322,F07N
Use,2013,322,F10C
Use,2013,322,F10S
Use,2013,322,F10E
Use,2013,322,F10N
Use,2013,323,113FF
Use,2013,323,213
Use,2013,323,327
Use,2013,323,331
Use,2013,323,334
Use,2013,323,3364OT
Use,2013,323,337
Use,2013,323,339
Use,2013,323,313TT
Use,2013,323,322
Use,2013,323,326
Use,2013,323,483
Use,2013,323,525
Use,2013,323,HS
Use,2013,323,F02S
Use,2013,323,F02E
Use,2013,323,F02N
Use,2013,323,F02R
Use,2013,323,F06C
Use,2013,323,F06S
Use,2013,323,F06E
Use,2013,323,F06N
Use,2013,323,F07C
Use,2013,323,F07S
Use,2013,323,F07E
Use,2013,323,F07N
Use,2013,323,F10C
Use,2013,323,F10S
Use,2013,323,F10E
Use,2013,323,F10N
Use,2013,324,F02S
Use,2013,324,F02E
Use,2013,324,F02N
Use,2013,324,F02R
Use,2013,324,F06C
Use,2013,324,F06S
Use,2013,324,F06E
Use,2013,324,F06N
Use,2013,324,F07C
Use,2013,324,F07S
Use,2013,324,F07E
Use,2013,324,F07N
Use,2013,324,F10C
Use,2013,324,F10S
Use,2013,324,F10E
Use,2013,324,F10N
Use,2013,325,525
Use,2013,325,F02S
Use,2013,325,F02N
Use,2013,325,F02R
Use,2013,325,F06C
Use,2013,325,F06S
Use,2013,325,F06E
Use,2013,325,F06N
Use,2013,325,F07C
Use,2013,325,F07S
Use,2013,325,F07E
Use,2013,325,F07N
Use,2013,325,F10C
Use,2013,325,F10S
Use,2013,325,F10E
Use,2013,325,F10N
Use,2013,326,F02S
Use,2013,326,F02N
Use,2013,326,F06C
Use,2013,326,F06S
Use,2013,326,F06E
Use,2013,326,F06N
Use,2013,326,F07C
Use,2013,326,F07S
Use,2013,326,F07N
Use,2013,326,F10C
Use,2013,326,F10S
Use,2013,326,F10E
Use,2013,326,F10N
Use,2013,42,F06C
Use,2013,42,F06S
Use,2013,42,F07C
Use,2013,42,F07S
Use,2013,42,F10C
Use,2013,42,F10S
Use,2013,441,525
Use,2013,441,55
Use,2013,441,621
Use,2013,441,F02S
Use,2013,441,F02N
Use,2013,441,F030
Use,2013,441,F040
Use,2013,441,F050
Use,2013,441,F06C
Use,2013,441,F06S
Use,2013,441,F06E
Use,2013,441,F06N
Use,2013,441,F07C
Use,2013,441,F07S
Use,2013,441,F07E
Use,2013,441,F07N
Use,2013,441,F10C
Use,2013,441,F10S
Use,2013,441,F10E
Use,2013,441,F10N
Use,2013,445,213
Use,2013,445,525
Use,2013,445,55
Use,2013,445,GSLE
Use,2013,445,F02S
Use,2013,445,F030
Use,2013,445,F040
Use,2013,445,F050
Use,2013,445,F06C
Use,2013,445,F06S
Use,2013,445,F06E
Use,2013,445,F06N
Use,2013,445,F07C
Use,2013,445,F07S
Use,2013,445,F07E
Use,2013,445,F07N
Use,2013,445,F10C
Use,2013,445,F10S
Use,2013,445,F10E
Use,2013,445,F10N
Use,2013,452,525
Use,2013,452,55
Use,2013,452,F02S
Use,2013,452,F030
Use,2013,452,F040
Use,2013,452,F050
Use,2013,452,F06C
Use,2013,452,F06S
Use,2013,452,F06E
Use,2013,452,F06N
Use,2013,452,F07C
Use,2013,452,F07S
Use,2013,452,F07E
Use,2013,452,F07N
Use,2013,452,F10C
Use,2013,452,F10S
Use,2013,452,F10E
Use,2013,452,F10N
Use,2013,4A0,525
Use,2013,4A0,55
Use,2013,4A0,F02S
Use,2013,4A0,F030
Use,2013,4A0,F040
Use,2013,4A0,F050
Use,2013,4A0,F06C
Use,2013,4A0,F06S
Use,2013,4A0,F06E
Use,2013,4A0,F06N
Use,2013,4A0,F07C
Use,2013,4A0,F07S
Use,2013,4A0,F07E
Use,2013,4A0,F07N
Use,2013,4A0,F10C
Use,2013,4A0,F10S
Use,2013,4A0,F10E
Use,2013,4A0,F10N
Use,2013,481,F02S
Use,2013,481,F06C
Use,2013,481,F06S
Use,2013,481,F07C
Use,2013,481,F07S
Use,2013,481,F10C
Use,2013,481,F10S
Use,2013,482,F02S
Use,2013,482,F02N
Use,2013,482,F06C
Use,2013,482,F06S
Use,2013,482,F06N
Use,2013,482,F07C
Use,2013,482,F07S
Use,2013,482,F07N
Use,2013,482,F10C
Use,2013,482,F10S
Use,2013,482,F10N
Use,2013,483,F02S
Use,2013,483,F06C
Use,2013,483,F06S
Use,2013,483,F07C
Use,2013,483,F07S
Use,2013,483,F10C
Use,2013,483,F10S
Use,2013,484,F06C
Use,2013,484,F06S
Use,2013,484,F07C
Use,2013,484,F07S
Use,2013,484,F10C
Use,2013,484,F10S
Use,2013,485,111CA
Use,2013,485,483
Use,2013,485,484
Use,2013,485,485
Use,2013,485,F02S
Use,2013,485,F02E
Use,2013,485,F02N
Use,2013,485,F02R
Use,2013,485,F030
Use,2013,485,F040
Use,2013,485,F050
Use,2013,485,F06C
Use,2013,485,F06S
Use,2013,485,F06E
Use,2013,485,F06N
Use,2013,485,F07C
Use,2013,485,F07S
Use,2013,485,F07E
Use,2013,485,F07N
Use,2013,485,F10C
Use,2013,485,F10S
Use,2013,485,F10E
Use,2013,485,F10N
Use,2013,486,F02S
Use,2013,486,F02E
Use,2013,486,F02N
Use,2013,486,F02R
Use,2013,486,F050
Use,2013,486,F06C
Use,2013,486,F06S
Use,2013,486,F06E
Use,2013,486,F06N
Use,2013,486,F07C
Use,2013,486,F07S
Use,2013,486,F07E
Use,2013,486,F07N
Use,2013,486,F10C
Use,2013,486,F10S
Use,2013,486,F10E
Use,2013,486,F10N
Use,2013,487OS,111CA
Use,2013,487OS,23
Use,2013,487OS,3364OT
Use,2013,487OS,315AL
Use,2013,487OS,525
Use,2013,487OS,HS
Use,2013,487OS,ORE
Use,2013,487OS,F02S
Use,2013,487OS,F02E
Use,2013,487OS,F02N
Use,2013,487OS,F02R
Use,2013,487OS,F030
Use,2013,487OS,F06C
Use,2013,487OS,F06S
Use,2013,487OS,F06E
Use,2013,487OS,F06N
Use,2013,487OS,F07C
Use,2013,487OS,F07S
Use,2013,487OS,F07E
Use,2013,487OS,F07N
Use,2013,487OS,F10C
Use,2013,487OS,F10S
Use,2013,487OS,F10E
Use,2013,487OS,F10N
Use,2013,493,113FF
Use,2013,493,213
Use,2013,493,23
Use,2013,493,521CI
Use,2013,493,523
Use,2013,493,525
Use,2013,493,GFE
Use,2013,493,F02S
Use,2013,493,F02E
Use,2013,493,F02N
Use,2013,493,F02R
Use,2013,493,F030
Use,2013,493,F050
Use,2013,493,F06C
Use,2013,493,F06S
Use,2013,493,F06E
Use,2013,493,F06N
Use,2013,493,F07C
Use,2013,493,F07S
Use,2013,493,F07E
Use,2013,493,F07N
Use,2013,493,F10C
Use,2013,493,F10S
Use,2013,493,F10E
Use,2013,493,F10N
Use,2013,511,313TT
Use,2013,511,483
Use,2013,511,486
Use,2013,511,F02S
Use,2013,511,F02E
Use,2013,511,F02R
Use,2013,511,F06C
Use,2013,511,F06S
Use,2013,511,F06E
Use,2013,511,F07C
Use,2013,511,F07S
Use,2013,511,F07E
Use,2013,511,F10C
Use,2013,511,F10S
Use,2013,511,F10E
Use,2013,512,111CA
Use,2013,512,113FF
Use,2013,512,211
Use,2013,512,212
Use,2013,512,213
Use,2013,512,22
Use,2013,512,23
Use,2013,512,321
Use,2013,512,327
Use,2013,512,331
Use,2013,512,332
Use,2013,512,333
Use,2013,512,334
Use,2013,512,335
Use,2013,512,3361MV
Use,2013,512,3364OT
Use,2013,512,337
Use,2013,512,339
Use,2013,512,311FT
Use,2013,512,313TT
Use,2013,512,315AL
Use,2013,512,322
Use,2013,512,323
Use,2013,512,324
Use,2013,512,325
Use,2013,512,326
Use,2013,512,452
Use,2013,512,482
Use,2013,512,483
Use,2013,512,485
Use,2013,512,493
Use,2013,512,524
Use,2013,512,525
Use,2013,512,HS
Use,2013,512,562
Use,2013,512,GSLE
Use,2013,512,F02S
Use,2013,512,F02E
Use,2013,512,F02R
Use,2013,512,F06C
Use,2013,512,F06S
Use,2013,512,F06E
Use,2013,512,F06N
Use,2013,512,F07C
Use,2013,512,F07S
Use,2013,512,F07E
Use,2013,512,F07N
Use,2013,512,F10C
Use,2013,512,F10S
Use,2013,512,F10E
Use,2013,512,F10N
Use,2013,513,F02S
Use,2013,513,F02R
Use,2013,513,F030
Use,2013,513,F06C
Use,2013,513,F06S
Use,2013,513,F06E
Use,2013,513,F06N
Use,2013,513,F07C
Use,2013,513,F07S
Use,2013,513,F07E
Use,2013,513,F07N
Use,2013,513,F10C
Use,2013,513,F10S
Use,2013,513,F10E
Use,2013,513,F10N
Use,2013,514,111CA
Use,2013,514,483
Use,2013,514,F02S
Use,2013,514,F02E
Use,2013,514,F02R
Use,2013,514,F030
Use,2013,514,F06C
Use,2013,514,F06S
Use,2013,514,F06E
Use,2013,514,F07C
Use,2013,514,F07S
Use,2013,514,F07E
Use,2013,514,F10C
Use,2013,514,F10S
Use,2013,514,F10E
Use,2013,521CI,F02S
Use,2013,521CI,F02E
Use,2013,521CI,F02N
Use,2013,521CI,F02R
Use,2013,521CI,F030
Use,2013,521CI,F06C
Use,2013,521CI,F06S
Use,2013,521CI,F06E
Use,2013,521CI,F06N
Use,2013,521CI,F07C
Use,2013,521CI,F07S
Use,2013,521CI,F07E
Use,2013,521CI,F07N
Use,2013,521CI,F10C
Use,2013,521CI,F10S
Use,2013,521CI,F10E
Use,2013,521CI,F10N
Use,2013,523,F02S
Use,2013,523,F02E
Use,2013,523,F02N
Use,2013,523,F02R
Use,2013,523,F030
Use,2013,523,F06C
Use,2013,523,F06S
Use,2013,523,F06E
Use,2013,523,F06N
Use,2013,523,F07C
Use,2013,523,F07S
Use,2013,523,F07E
Use,2013,523,F07N
Use,2013,523,F10C
Use,2013,523,F10S
Use,2013,523,F10E
Use,2013,523,F10N
Use,2013,524,F02S
Use,2013,524,F02E
Use,2013,524,F02N
Use,2013,524,F030
Use,2013,524,F06C
Use,2013,524,F06S
Use,2013,524,F06E
Use,2013,524,F06N
Use,2013,524,F07C
Use,2013,524,F07S
Use,2013,524,F07E
Use,2013,524,F07N
Use,2013,524,F10C
Use,2013,524,F10S
Use,2013,524,F10E
Use,2013,524,F10N
Use,2013,525,111CA
Use,2013,525,113FF
Use,2013,525,211
Use,2013,525,212
Use,2013,525,213
Use,2013,525,22
Use,2013,525,23
Use,2013,525,321
Use,2013,525,327
Use,2013,525,331
Use,2013,525,332
Use,2013,525,333
Use,2013,525,334
Use,2013,525,335
Use,2013,525,3361MV
Use,2013,525,3364OT
Use,2013,525,337
Use,2013,525,339
Use,2013,525,311FT
Use,2013,525,313TT
Use,2013,525,315AL
Use,2013,525,322
Use,2013,525,323
Use,2013,525,324
Use,2013,525,325
Use,2013,525,326
Use,2013,525,42
Use,2013,525,441
Use,2013,525,445
Use,2013,525,452
Use,2013,525,4A0
Use,2013,525,481
Use,2013,525,482
Use,2013,525,483
Use,2013,525,484
Use,2013,525,485
Use,2013,525,486
Use,2013,525,487OS
Use,2013,525,493
Use,2013,525,511
Use,2013,525,512
Use,2013,525,513
Use,2013,525,514
Use,2013,525,521CI
Use,2013,525,523
Use,2013,525,HS
Use,2013,525,ORE
Use,2013,525,532RL
Use,2013,525,5411
Use,2013,525,5415
Use,2013,525,5412OP
Use,2013,525,561
Use,2013,525,562
Use,2013,525,61
Use,2013,525,621
Use,2013,525,622
Use,2013,525,623
Use,2013,525,624
Use,2013,525,711AS
Use,2013,525,713
Use,2013,525,721
Use,2013,525,722
Use,2013,525,81
Use,2013,525,GFGD
Use,2013,525,GFE
Use,2013,525,GSLE
Use,2013,525,F02S
Use,2013,525,F02E
Use,2013,525,F02N
Use,2013,525,F02R
Use,2013,525,F030
Use,2013,525,F040
Use,2013,525,F050
Use,2013,525,F06C
Use,2013,525,F06S
Use,2013,525,F06E
Use,2013,525,F06N
Use,2013,525,F07C
Use,2013,525,F07S
Use,2013,525,F07E
Use,2013,525,F07N
Use,2013,525,F10C
Use,2013,525,F10S
Use,2013,525,F10E
Use,2013,525,F10N
Use,2013,HS,111CA
Use,2013,HS,113FF
Use,2013,HS,211
Use,2013,HS,212
Use,2013,HS,213
Use,2013,HS,22
Use,2013,HS,23
Use,2013,HS,321
Use,2013,HS,327
Use,2013,HS,331
Use,2013,HS,332
Use,2013,HS,333
Use,2013,HS,334
Use,2013,HS,335
Use,2013,HS,3361MV
Use,2013,HS,3364OT
Use,2013,HS,337
Use,2013,HS,339
Use,2013,HS,311FT
Use,2013,HS,313TT
Use,2013,HS,315AL
Use,2013,HS,322
Use,2013,HS,323
Use,2013,HS,324
Use,2013,HS,325
Use,2013,HS,326
Use,2013,HS,42
Use,2013,HS,441
Use,2013,HS,445
Use,2013,HS,452
Use,2013,HS,4A0
Use,2013,HS,481
Use,2013,HS,482
Use,2013,HS,483
Use,2013,HS,484
Use,2013,HS,485
Use,2013,HS,486
Use,2013,HS,487OS
Use,2013,HS,493
Use,2013,HS,511
Use,2013,HS,512
Use,2013,HS,513
Use,2013,HS,514
Use,2013,HS,521CI
Use,2013,HS,523
Use,2013,HS,524
Use,2013,HS,525
Use,2013,HS,HS
Use,2013,HS,ORE
Use,2013,HS,532RL
Use,2013,HS,5411
Use,2013,HS,5415
Use,2013,HS,5412OP
Use,2013,HS,55
Use,2013,HS,561
Use,2013,HS,562
Use,2013,HS,61
Use,2013,HS,621
Use,2013,HS,622
Use,2013,HS,623
Use,2013,HS,624
Use,2013,HS,711AS
Use,2013,HS,713
Use,2013,HS,721
Use,2013,HS,722
Use,2013,HS,81
Use,2013,HS,GFGD
Use,2013,HS,GFGN
Use,2013,HS,GFE
Use,2013,HS,GSLG
Use,2013,HS,GSLE
Use,2013,HS,TOT_INT
Use,2013,HS,F02S
Use,2013,HS,F02E
Use,2013,HS,F02N
Use,2013,HS,F02R
Use,2013,HS,F030
Use,2013,HS,F040
Use,2013,HS,F050
Use,2013,HS,F06C
Use,2013,HS,F06S
Use,2013,HS,F06E
Use,2013,HS,F06N
Use,2013,HS,F07C
Use,2013,HS,F07S
Use,2013,HS,F07E
Use,2013,HS,F07N
Use,2013,HS,F10C
Use,2013,HS,F10S
Use,2013,HS,F10E
Use,2013,HS,F10N
Use,2013,ORE,F02E
Use,2013,ORE,F02N
Use,2013,ORE,F030
Use,2013,ORE,F050
Use,2013,ORE,F06C
Use,2013,ORE,F06S
Use,2013,ORE,F06E
Use,2013,ORE,F06N
Use,2013,ORE,F07C
Use,2013,ORE,F07S
Use,2013,ORE,F07E
Use,2013,ORE,F07N
Use,2013,ORE,F10C
Use,2013,ORE,F10S
Use,2013,ORE,F10E
Use,2013,ORE,F10N
Use,2013,532RL,F02S
Use,2013,532RL,F02E
Use,2013,532RL,F02N
Use,2013,532RL,F02R
Use,2013,532RL,F030
Use,2013,532RL,F050
Use,2013,532RL,F06C
Use,2013,532RL,F06S
Use,2013,532RL,F06E
Use,2013,532RL,F06N
Use,2013,532RL,F07C
Use,2013,532RL,F07S
Use,2013,532RL,F07E
Use,2013,532RL,F07N
Use,2013,532RL,F10C
Use,2013,532RL,F10S
Use,2013,532RL,F10E
Use,2013,532RL,F10N
Use,2013,5411,F02S
Use,2013,5411,F02E
Use,2013,5411,F02N
Use,2013,5411,F030
Use,2013,5411,F06C
Use,2013,5411,F06S
Use,2013,5411,F06E
Use,2013,5411,F06N
Use,2013,5411,F07C
Use,2013,5411,F07S
Use,2013,5411,F07E
Use,2013,5411,F07N
Use,2013,5411,F10C
Use,2013,5411,F10S
Use,2013,5411,F10E
Use,2013,5411,F10N
Use,2013,5415,F010
Use,2013,5415,F02S
Use,2013,5415,F02R
Use,2013,5415,F030
Use,2013,5415,F06C
Use,2013,5415,F06S
Use,2013,5415,F07C
Use,2013,5415,F07S
Use,2013,5415,F07E
Use,2013,5415,F10C
Use,2013,5415,F10S
Use,2013,5412OP,F02S
Use,2013,5412OP,F030
Use,2013,5412OP,F06C
Use,2013,5412OP,F06S
Use,2013,5412OP,F06E
Use,2013,5412OP,F07C
Use,2013,5412OP,F07S
Use,2013,5412OP,F07E
Use,2013,5412OP,F10C
Use,2013,5412OP,F10S
Use,2013,5412OP,F10E
Use,2013,55,111CA
Use,2013,55,113FF
Use,2013,55,GFGN
Use,2013,55,GSLE
Use,2013,55,F010
Use,2013,55,F02S
Use,2013,55,F02E
Use,2013,55,F02N
Use,2013,55,F02R
Use,2013,55,F030
Use,2013,55,F050
Use,2013,55,F06C
Use,2013,55,F06S
Use,2013,55,F06E
Use,2013,55,F06N
Use,2013,55,F07C
Use,2013,55,F07S
Use,2013,55,F07E
Use,2013,55,F07N
Use,2013,55,F10C
Use,2013,55,F10S
Use,2013,55,F10E
Use,2013,55,F10N
Use,2013,561,F02S
Use,2013,561,F02E
Use,2013,561,F02N
Use,2013,561,F02R
Use,2013,561,F030
Use,2013,561,F06C
Use,2013,561,F06S
Use,2013,561,F06E
Use,2013,561,F06N
Use,2013,561,F07C
Use,2013,561,F07S
Use,2013,561,F07E
Use,2013,561,F07N
Use,2013,561,F10C
Use,2013,561,F10S
Use,2013,561,F10E
Use,2013,561,F10N
Use,2013,562,F02S
Use,2013,562,F02E
Use,2013,562,F02N
Use,2013,562,F02R
Use,2013,562,F030
Use,2013,562,F06C
Use,2013,562,F06S
Use,2013,562,F06E
Use,2013,562,F06N
Use,2013,562,F07C
Use,2013,562,F07S
Use,2013,562,F07E
Use,2013,562,F07N
Use,2013,562,F10C
Use,2013,562,F10S
Use,2013,562,F10E
Use,2013,562,F10N
Use,2013,61,211
Use,2013,61,212
Use,2013,61,213
Use,2013,61,321
Use,2013,61,327
Use,2013,61,331
Use,2013,61,332
Use,2013,61,333
Use,2013,61,334
Use,2013,61,335
Use,2013,61,3361MV
Use,2013,61,3364OT
Use,2013,61,337
Use,2013,61,339
Use,2013,61,311FT
Use,2013,61,313TT
Use,2013,61,315AL
Use,2013,61,322
Use,2013,61,325
Use,2013,61,452
Use,2013,61,483
Use,2013,61,484
Use,2013,61,485
Use,2013,61,493
Use,2013,61,512
Use,2013,61,524
Use,2013,61,525
Use,2013,61,HS
Use,2013,61,ORE
Use,2013,61,532RL
Use,2013,61,5411
Use,2013,61,55
Use,2013,61,562
Use,2013,61,623
Use,2013,61,624
Use,2013,61,721
Use,2013,61,722
Use,2013,61,F02S
Use,2013,61,F02E
Use,2013,61,F02N
Use,2013,61,F02R
Use,2013,61,F030
Use,2013,61,F06C
Use,2013,61,F06S
Use,2013,61,F06E
Use,2013,61,F06N
Use,2013,61,F07C
Use,2013,61,F07S
Use,2013,61,F07E
Use,2013,61,F07N
Use,2013,61,F10C
Use,2013,61,F10S
Use,2013,61,F10E
Use,2013,61,F10N
Use,2013,621,111CA
Use,2013,621,113FF
Use,2013,621,211
Use,2013,621,212
Use,2013,621,213
Use,2013,621,22
Use,2013,621,23
Use,2013,621,321
Use,2013,621,327
Use,2013,621,331
Use,2013,621,332
Use,2013,621,333
Use,2013,621,334
Use,2013,621,335
Use,2013,621,3361MV
Use,2013,621,3364OT
Use,2013,621,337
Use,2013,621,339
Use,2013,621,311FT
Use,2013,621,313TT
Use,2013,621,315AL
Use,2013,621,322
Use,2013,621,323
Use,2013,621,324
Use,2013,621,325
Use,2013,621,326
Use,2013,621,42
Use,2013,621,441
Use,2013,621,445
Use,2013,621,452
Use,2013,621,4A0
Use,2013,621,481
Use,2013,621,482
Use,2013,621,483
Use,2013,621,484
Use,2013,621,485
Use,2013,621,486
Use,2013,621,487OS
Use,2013,621,493
Use,2013,621,511
Use,2013,621,512
Use,2013,621,513
Use,2013,621,514
Use,2013,621,521CI
Use,2013,621,523
Use,2013,621,524
Use,2013,621,525
Use,2013,621,HS
Use,2013,621,ORE
Use,2013,621,532RL
Use,2013,621,5411
Use,2013,621,5415
Use,2013,621,55
Use,2013,621,562
Use,2013,621,61
Use,2013,621,721
Use,2013,621,722
Use,2013,621,GFGD
Use,2013,621,GFE
Use,2013,621,GSLE
Use,2013,621,F02S
Use,2013,621,F02E
Use,2013,621,F02N
Use,2013,621,F02R
Use,2013,621,F030
Use,2013,621,F06C
Use,2013,621,F06S
Use,2013,621,F06E
Use,2013,621,F06N
Use,2013,621,F07C
Use,2013,621,F07S
Use,2013,621,F07E
Use,2013,621,F07N
Use,2013,621,F10C
Use,2013,621,F10S
Use,2013,621,F10E
Use,2013,621,F10N
Use,2013,622,111CA
Use,2013,622,113FF
Use,2013,622,211
Use,2013,622,212
Use,2013,622,213
Use,2013,622,22
Use,2013,622,23
Use,2013,622,321
Use,2013,622,327
Use,2013,622,331
Use,2013,622,332
Use,2013,622,333
Use,2013,622,334
Use,2013,622,335
Use,2013,622,3361MV
Use,2013,622,3364OT
Use,2013,622,337
Use,2013,622,339
Use,2013,622,311FT
Use,2013,622,313TT
Use,2013,622,315AL
Use,2013,622,322
Use,2013,622,323
Use,2013,622,324
Use,2013,622,325
Use,2013,622,326
Use,2013,622,42
Use,2013,622,441
Use,2013,622,445
Use,2013,622,452
Use,2013,622,4A0
Use,2013,622,481
Use,2013,622,482
Use,2013,622,483
Use,2013,622,484
Use,2013,622,485
Use,2013,622,486
Use,2013,622,487OS
Use,2013,622,493
Use,2013,622,511
Use,2013,622,512
Use,2013,622,513
Use,2013,622,514
Use,2013,622,521CI
Use,2013,622,523
Use,2013,622,524
Use,2013,622,525
Use,2013,622,HS
Use,2013,622,ORE
Use,2013,622,532RL
Use,2013,622,5411
Use,2013,622,5415
Use,2013,622,5412OP
Use,2013,622,55
Use,2013,622,561
Use,2013,622,562
Use,2013,622,61
Use,2013,622,621
Use,2013,622,623
Use,2013,622,624
Use,2013,622,711AS
Use,2013,622,713
Use,2013,622,721
Use,2013,622,722
Use,2013,622,81
Use,2013,622,GFGD
Use,2013,622,GFGN
Use,2013,622,GFE
Use,2013,622,GSLG
Use,2013,622,GSLE
Use,2013,622,F02S
Use,2013,622,F02E
Use,2013,622,F02N
Use,2013,622,F02R
Use,2013,622,F030
Use,2013,622,F06C
Use,2013,622,F06S
Use,2013,622,F06E
Use,2013,622,F06N
Use,2013,622,F07C
Use,2013,622,F07S
Use,2013,622,F07E
Use,2013,622,F07N
Use,2013,622,F10C
Use,2013,622,F10S
Use,2013,622,F10E
Use,2013,622,F10N
Use,2013,623,111CA
Use,2013,623,113FF
Use,2013,623,211
Use,2013,623,212
Use,2013,623,213
Use,2013,623,22
Use,2013,623,23
Use,2013,623,321
Use,2013,623,327
Use,2013,623,331
Use,2013,623,332
Use,2013,623,333
Use,2013,623,334
Use,2013,623,335
Use,2013,623,3361MV
Use,2013,623,3364OT
Use,2013,623,337
Use,2013,623,339
Use,2013,623,311FT
Use,2013,623,313TT
Use,2013,623,315AL
Use,2013,623,322
Use,2013,623,323
Use,2013,623,324
Use,2013,623,325
Use,2013,623,326
Use,2013,623,42
Use,2013,623,441
Use,2013,623,445
Use,2013,623,452
Use,2013,623,4A0
Use,2013,623,481
Use,2013,623,482
Use,2013,623,483
Use,2013,623,484
Use,2013,623,485
Use,2013,623,486
Use,2013,623,487OS
Use,2013,623,493
Use,2013,623,511
Use,2013,623,512
Use,2013,623,513
Use,2013,623,514
Use,2013,623,521CI
Use,2013,623,523
Use,2013,623,524
Use,2013,623,525
Use,2013,623,HS
Use,2013,623,ORE
Use,2013,623,532RL
Use,2013,623,5411
Use,2013,623,5415
Use,2013,623,5412OP
Use,2013,623,55
Use,2013,623,561
Use,2013,623,562
Use,2013,623,61
Use,2013,623,621
Use,2013,623,622
Use,2013,623,623
Use,2013,623,624
Use,2013,623,711AS
Use,2013,623,713
Use,2013,623,721
Use,2013,623,722
Use,2013,623,81
Use,2013,623,GFGD
Use,2013,623,GFE
Use,2013,623,GSLE
Use,2013,623,F02S
Use,2013,623,F02E
Use,2013,623,F02N
Use,2013,623,F02R
Use,2013,623,F030
Use,2013,623,F06C
Use,2013,623,F06S
Use,2013,623,F06E
Use,2013,623,F06N
Use,2013,623,F07C
Use,2013,623,F07S
Use,2013,623,F07E
Use,2013,623,F07N
Use,2013,623,F10C
Use,2013,623,F10S
Use,2013,623,F10E
Use,2013,623,F10N
Use,2013,624,111CA
Use,2013,624,113FF
Use,2013,624,211
Use,2013,624,212
Use,2013,624,213
Use,2013,624,22
Use,2013,624,23
Use,2013,624,321
Use,2013,624,327
Use,2013,624,331
Use,2013,624,332
Use,2013,624,333
Use,2013,624,334
Use,2013,624,335
Use,2013,624,3361MV
Use,2013,624,3364OT
Use,2013,624,337
Use,2013,624,339
Use,2013,624,311FT
Use,2013,624,313TT
Use,2013,624,315AL
Use,2013,624,322
Use,2013,624,323
Use,2013,624,324
Use,2013,624,325
Use,2013,624,326
Use,2013,624,42
Use,2013,624,441
Use,2013,624,445
Use,2013,624,452
Use,2013,624,4A0
Use,2013,624,481
Use,2013,624,482
Use,2013,624,483
Use,2013,624,484
Use,2013,624,485
Use,2013,624,486
Use,2013,624,487OS
Use,2013,624,493
Use,2013,624,511
Use,2013,624,512
Use,2013,624,513
Use,2013,624,514
Use,2013,624,521CI
Use,2013,624,523
Use,2013,624,524
Use,2013,624,525
Use,2013,624,HS
Use,2013,624,ORE
Use,2013,624,532RL
Use,2013,624,5411
Use,2013,624,5415
Use,2013,624,5412OP
Use,2013,624,55
Use,2013,624,561
Use,2013,624,562
Use,2013,624,61
Use,2013,624,621
Use,2013,624,622
Use,2013,624,623
Use,2013,624,624
Use,2013,624,711AS
Use,2013,624,713
Use,2013,624,721
Use,2013,624,722
Use,2013,624,81
Use,2013,624,GFGD
Use,2013,624,GFGN
Use,2013,624,GFE
Use,2013,624,GSLE
Use,2013,624,F02S
Use,2013,624,F02E
Use,2013,624,F02N
Use,2013,624,F02R
Use,2013,624,F030
Use,2013,624,F040
Use,2013,624,F050
Use,2013,624,F06C
Use,2013,624,F06S
Use,2013,624,F06E
Use,2013,624,F06N
Use,2013,624,F07C
Use,2013,624,F07S
Use,2013,624,F07E
Use,2013,624,F07N
Use,2013,624,F10C
Use,2013,624,F10S
Use,2013,624,F10E
Use,2013,624,F10N
Use,2013,711AS,212
Use,2013,711AS,481
Use,2013,711AS,483
Use,2013,711AS,486
Use,2013,711AS,F02S
Use,2013,711AS,F02E
Use,2013,711AS,F02R
Use,2013,711AS,F030
Use,2013,711AS,F06C
Use,2013,711AS,F06S
Use,2013,711AS,F06E
Use,2013,711AS,F06N
Use,2013,711AS,F07C
Use,2013,711AS,F07S
Use,2013,711AS,F07E
Use,2013,711AS,F07N
Use,2013,711AS,F10C
Use,2013,711AS,F10S
Use,2013,711AS,F10E
Use,2013,711AS,F10N
Use,2013,713,211
Use,2013,713,483
Use,2013,713,484
Use,2013,713,485
Use,2013,713,486
Use,2013,713,ORE
Use,2013,713,F02S
Use,2013,713,F02E
Use,2013,713,F02N
Use,2013,713,F02R
Use,2013,713,F030
Use,2013,713,F06C
Use,2013,713,F06S
Use,2013,713,F06E
Use,2013,713,F06N
Use,2013,713,F07C
Use,2013,713,F07S
Use,2013,713,F07E
Use,2013,713,F07N
Use,2013,713,F10C
Use,2013,713,F10S
Use,2013,713,F10E
Use,2013,713,F10N
Use,2013,721,113FF
Use,2013,721,481
Use,2013,721,483
Use,2013,721,484
Use,2013,721,F02S
Use,2013,721,F02E
Use,2013,721,F02N
Use,2013,721,F02R
Use,2013,721,F030
Use,2013,721,F040
Use,2013,721,F050
Use,2013,721,F06C
Use,2013,721,F06S
Use,2013,721,F06E
Use,2013,721,F06N
Use,2013,721,F07C
Use,2013,721,F07S
Use,2013,721,F07E
Use,2013,721,F07N
Use,2013,721,F10C
Use,2013,721,F10S
Use,2013,721,F10E
Use,2013,721,F10N
Use,2013,722,F02S
Use,2013,722,F02E
Use,2013,722,F02N
Use,2013,722,F02R
Use,2013,722,F030
Use,2013,722,F050
Use,2013,722,F06C
Use,2013,722,F06S
Use,2013,722,F06E
Use,2013,722,F06N
Use,2013,722,F07C
Use,2013,722,F07S
Use,2013,722,F07E
Use,2013,722,F07N
Use,2013,722,F10C
Use,2013,722,F10S
Use,2013,722,F10E
Use,2013,722,F10N
Use,2013,81,F02S
Use,2013,81,F02E
Use,2013,81,F02N
Use,2013,81,F02R
Use,2013,81,F030
Use,2013,81,F06C
Use,2013,81,F06S
Use,2013,81,F06E
Use,2013,81,F06N
Use,2013,81,F07C
Use,2013,81,F07S
Use,2013,81,F07E
Use,2013,81,F07N
Use,2013,81,F10C
Use,2013,81,F10S
Use,2013,81,F10E
Use,2013,81,F10N
Use,2013,GFGD,111CA
Use,2013,GFGD,113FF
Use,2013,GFGD,211
Use,2013,GFGD,212
Use,2013,GFGD,213
Use,2013,GFGD,22
Use,2013,GFGD,23
Use,2013,GFGD,321
Use,2013,GFGD,327
Use,2013,GFGD,331
Use,2013,GFGD,332
Use,2013,GFGD,333
Use,2013,GFGD,334
Use,2013,GFGD,335
Use,2013,GFGD,3361MV
Use,2013,GFGD,3364OT
Use,2013,GFGD,337
Use,2013,GFGD,339
Use,2013,GFGD,311FT
Use,2013,GFGD,313TT
Use,2013,GFGD,315AL
Use,2013,GFGD,322
Use,2013,GFGD,323
Use,2013,GFGD,324
Use,2013,GFGD,325
Use,2013,GFGD,326
Use,2013,GFGD,42
Use,2013,GFGD,441
Use,2013,GFGD,445
Use,2013,GFGD,452
Use,2013,GFGD,4A0
Use,2013,GFGD,481
Use,2013,GFGD,482
Use,2013,GFGD,483
Use,2013,GFGD,484
Use,2013,GFGD,485
Use,2013,GFGD,486
Use,2013,GFGD,487OS
Use,2013,GFGD,493
Use,2013,GFGD,511
Use,2013,GFGD,512
Use,2013,GFGD,513
Use,2013,GFGD,514
Use,2013,GFGD,521CI
Use,2013,GFGD,523
Use,2013,GFGD,524
Use,2013,GFGD,525
Use,2013,GFGD,HS
Use,2013,GFGD,ORE
Use,2013,GFGD,532RL
Use,2013,GFGD,5411
Use,2013,GFGD,5415
Use,2013,GFGD,5412OP
Use,2013,GFGD,55
Use,2013,GFGD,561
Use,2013,GFGD,562
Use,2013,GFGD,61
Use,2013,GFGD,621
Use,2013,GFGD,622
Use,2013,GFGD,623
Use,2013,GFGD,624
Use,2013,GFGD,711AS
Use,2013,GFGD,713
Use,2013,GFGD,721
Use,2013,GFGD,722
Use,2013,GFGD,81
Use,2013,GFGD,GFGD
Use,2013,GFGD,GFGN
Use,2013,GFGD,GFE
Use,2013,GFGD,GSLG
Use,2013,GFGD,GSLE
Use,2013,GFGD,TOT_INT
Use,2013,GFGD,F010
Use,2013,GFGD,F02S
Use,2013,GFGD,F02E
Use,2013,GFGD,F02N
Use,2013,GFGD,F02R
Use,2013,GFGD,F030
Use,2013,GFGD,F040
Use,2013,GFGD,F050
Use,2013,GFGD,F06S
Use,2013,GFGD,F06E
Use,2013,GFGD,F06N
Use,2013,GFGD,F07C
Use,2013,GFGD,F07S
Use,2013,GFGD,F07E
Use,2013,GFGD,F07N
Use,2013,GFGD,F10C
Use,2013,GFGD,F10S
Use,2013,GFGD,F10E
Use,2013,GFGD,F10N
Use,2013,GFGN,111CA
Use,2013,GFGN,113FF
Use,2013,GFGN,211
Use,2013,GFGN,212
Use,2013,GFGN,213
Use,2013,GFGN,22
Use,2013,GFGN,23
Use,2013,GFGN,321
Use,2013,GFGN,327
Use,2013,GFGN,331
Use,2013,GFGN,332
Use,2013,GFGN,333
Use,2013,GFGN,334
Use,2013,GFGN,335
Use,2013,GFGN,3361MV
Use,2013,GFGN,3364OT
Use,2013,GFGN,337
Use,2013,GFGN,339
Use,2013,GFGN,311FT
Use,2013,GFGN,313TT
Use,2013,GFGN,315AL
Use,2013,GFGN,322
Use,2013,GFGN,323
Use,2013,GFGN,324
Use,2013,GFGN,325
Use,2013,GFGN,326
Use,2013,GFGN,42
Use,2013,GFGN,441
Use,2013,GFGN,445
Use,2013,GFGN,452
Use,2013,GFGN,4A0
Use,2013,GFGN,481
Use,2013,GFGN,482
Use,2013,GFGN,483
Use,2013,GFGN,484
Use,2013,GFGN,485
Use,2013,GFGN,486
Use,2013,GFGN,487OS
Use,2013,GFGN,493
Use,2013,GFGN,511
Use,2013,GFGN,512
Use,2013,GFGN,513
Use,2013,GFGN,514
Use,2013,GFGN,521CI
Use,2013,GFGN,523
Use,2013,GFGN,524
Use,2013,GFGN,525
Use,2013,GFGN,HS
Use,2013,GFGN,ORE
Use,2013,GFGN,532RL
Use,2013,GFGN,5411
Use,2013,GFGN,5415
Use,2013,GFGN,5412OP
Use,2013,GFGN,55
Use,2013,GFGN,561
Use,2013,GFGN,562
Use,2013,GFGN,61
Use,2013,GFGN,621
Use,2013,GFGN,622
Use,2013,GFGN,623
Use,2013,GFGN,624
Use,2013,GFGN,711AS
Use,2013,GFGN,713
Use,2013,GFGN,721
Use,2013,GFGN,722
Use,2013,GFGN,81
Use,2013,GFGN,GFGD
Use,2013,GFGN,GFGN
Use,2013,GFGN,GFE
Use,2013,GFGN,GSLG
Use,2013,GFGN,GSLE
Use,2013,GFGN,TOT_INT
Use,2013,GFGN,F010
Use,2013,GFGN,F02S
Use,2013,GFGN,F02E
Use,2013,GFGN,F02N
Use,2013,GFGN,F02R
Use,2013,GFGN,F030
Use,2013,GFGN,F040
Use,2013,GFGN,F050
Use,2013,GFGN,F06C
Use,2013,GFGN,F06S
Use,2013,GFGN,F06E
Use,2013,GFGN,F06N
Use,2013,GFGN,F07S
Use,2013,GFGN,F07E
Use,2013,GFGN,F07N
Use,2013,GFGN,F10C
Use,2013,GFGN,F10S
Use,2013,GFGN,F10E
Use,2013,GFGN,F10N
Use,2013,GFE,211
Use,2013,GFE,213
Use,2013,GFE,321
Use,2013,GFE,327
Use,2013,GFE,3361MV
Use,2013,GFE,3364OT
Use,2013,GFE,337
Use,2013,GFE,311FT
Use,2013,GFE,315AL
Use,2013,GFE,322
Use,2013,GFE,326
Use,2013,GFE,482
Use,2013,GFE,525
Use,2013,GFE,F02S
Use,2013,GFE,F02E
Use,2013,GFE,F02N
Use,2013,GFE,F02R
Use,2013,GFE,F030
Use,2013,GFE,F06C
Use,2013,GFE,F06S
Use,2013,GFE,F06E
Use,2013,GFE,F06N
Use,2013,GFE,F07C
Use,2013,GFE,F07S
Use,2013,GFE,F07E
Use,2013,GFE,F07N
Use,2013,GFE,F10C
Use,2013,GFE,F10S
Use,2013,GFE,F10E
Use,2013,GFE,F10N
Use,2013,GSLG,111CA
Use,2013,GSLG,113FF
Use,2013,GSLG,211
Use,2013,GSLG,212
Use,2013,GSLG,213
Use,2013,GSLG,22
Use,2013,GSLG,23
Use,2013,GSLG,321
Use,2013,GSLG,327
Use,2013,GSLG,331
Use,2013,GSLG,332
Use,2013,GSLG,333
Use,2013,GSLG,334
Use,2013,GSLG,335
Use,2013,GSLG,3361MV
Use,2013,GSLG,3364OT
Use,2013,GSLG,337
Use,2013,GSLG,339
Use,2013,GSLG,311FT
Use,2013,GSLG,313TT
Use,2013,GSLG,315AL
Use,2013,GSLG,322
Use,2013,GSLG,323
Use,2013,GSLG,324
Use,2013,GSLG,325
Use,2013,GSLG,326
Use,2013,GSLG,42
Use,2013,GSLG,441
Use,2013,GSLG,445
Use,2013,GSLG,452
Use,2013,GSLG,4A0
Use,2013,GSLG,481
Use,2013,GSLG,482
Use,2013,GSLG,483
Use,2013,GSLG,484
Use,2013,GSLG,485
Use,2013,GSLG,486
Use,2013,GSLG,487OS
Use,2013,GSLG,493
Use,2013,GSLG,511
Use,2013,GSLG,512
Use,2013,GSLG,513
Use,2013,GSLG,514
Use,2013,GSLG,521CI
Use,2013,GSLG,523
Use,2013,GSLG,524
Use,2013,GSLG,525
Use,2013,GSLG,HS
Use,2013,GSLG,ORE
Use,2013,GSLG,532RL
Use,2013,GSLG,5411
Use,2013,GSLG,5415
Use,2013,GSLG,5412OP
Use,2013,GSLG,55
Use,2013,GSLG,561
Use,2013,GSLG,562
Use,2013,GSLG,61
Use,2013,GSLG,621
Use,2013,GSLG,622
Use,2013,GSLG,623
Use,2013,GSLG,624
Use,2013,GSLG,711AS
Use,2013,GSLG,713
Use,2013,GSLG,721
Use,2013,GSLG,722
Use,2013,GSLG,81
Use,2013,GSLG,GFGD
Use,2013,GSLG,GFGN
Use,2013,GSLG,GFE
Use,2013,GSLG,GSLG
Use,2013,GSLG,GSLE
Use,2013,GSLG,TOT_INT
Use,2013,GSLG,F010
Use,2013,GSLG,F02S
Use,2013,GSLG,F02E
Use,2013,GSLG,F02N
Use,2013,GSLG,F02R
Use,2013,GSLG,F030
Use,2013,GSLG,F040
Use,2013,GSLG,F050
Use,2013,GSLG,F06C
Use,2013,GSLG,F06S
Use,2013,GSLG,F06E
Use,2013,GSLG,F06N
Use,2013,GSLG,F07C
Use,2013,GSLG,F07S
Use,2013,GSLG,F07E
Use,2013,GSLG,F07N
Use,2013,GSLG,F10S
Use,2013,GSLG,F10E
Use,2013,GSLG,F10N
Use,2013,GSLE,111CA
Use,2013,GSLE,211
Use,2013,GSLE,212
Use,2013,GSLE,213
Use,2013,GSLE,23
Use,2013,GSLE,482
Use,2013,GSLE,483
Use,2013,GSLE,525
Use,2013,GSLE,HS
Use,2013,GSLE,F02S
Use,2013,GSLE,F02E
Use,2013,GSLE,F02N
Use,2013,GSLE,F02R
Use,2013,GSLE,F030
Use,2013,GSLE,F040
Use,2013,GSLE,F050
Use,2013,GSLE,F06C
Use,2013,GSLE,F06S
Use,2013,GSLE,F06E
Use,2013,GSLE,F06N
Use,2013,GSLE,F07C
Use,2013,GSLE,F07S
Use,2013,GSLE,F07E
Use,2013,GSLE,F07N
Use,2013,GSLE,F10C
Use,2013,GSLE,F10S
Use,2013,GSLE,F10E
Use,2013,GSLE,F10N
Use,2013,Used,211
Use,2013,Used,212
Use,2013,Used,321
Use,2013,Used,334
Use,2013,Used,335
Use,2013,Used,3361MV
Use,2013,Used,3364OT
Use,2013,Used,337
Use,2013,Used,315AL
Use,2013,Used,323
Use,2013,Used,324
Use,2013,Used,42
Use,2013,Used,445
Use,2013,Used,452
Use,2013,Used,482
Use,2013,Used,511
Use,2013,Used,514
Use,2013,Used,521CI
Use,2013,Used,523
Use,2013,Used,524
Use,2013,Used,525
Use,2013,Used,HS
Use,2013,Used,ORE
Use,2013,Used,5411
Use,2013,Used,5415
Use,2013,Used,5412OP
Use,2013,Used,561
Use,2013,Used,562
Use,2013,Used,622
Use,2013,Used,623
Use,2013,Used,624
Use,2013,Used,721
Use,2013,Used,722
Use,2013,Used,GFGN
Use,2013,Used,GFE
Use,2013,Used,GSLG
Use,2013,Used,GSLE
Use,2013,Used,F02N
Use,2013,Used,F06C
Use,2013,Used,F06N
Use,2013,Used,F07C
Use,2013,Used,F07N
Use,2013,Used,F10C
Use,2013,Used,F10N
Use,2013,Other,621
Use,2013,Other,622
Use,2013,Other,624
Use,2013,Other,GSLG
Use,2013,Other,GSLE
Use,2013,Other,F02S
Use,2013,Other,F02E
Use,2013,Other,F02R
Use,2013,Other,F030
Use,2013,Other,F06C
Use,2013,Other,F06S
Use,2013,Other,F06E
Use,2013,Other,F06N
Use,2013,Other,F07C
Use,2013,Other,F07S
Use,2013,Other,F07E
Use,2013,Other,F07N
Use,2013,Other,F10C
Use,2013,Other,F10S
Use,2013,Other,F10E
Use,2013,Other,F10N
Use,2013,TOT_INT,F010
Use,2013,TOT_INT,F02S
Use,2013,TOT_INT,F02E
Use,2013,TOT_INT,F02N
Use,2013,TOT_INT,F02R
Use,2013,TOT_INT,F030
Use,2013,TOT_INT,F040
Use,2013,TOT_INT,F050
Use,2013,TOT_INT,F06C
Use,2013,TOT_INT,F06S
Use,2013,TOT_INT,F06E
Use,2013,TOT_INT,F06N
Use,2013,TOT_INT,F07C
Use,2013,TOT_INT,F07S
Use,2013,TOT_INT,F07E
Use,2013,TOT_INT,F07N
Use,2013,TOT_INT,F10C
Use,2013,TOT_INT,F10S
Use,2013,TOT_INT,F10E
Use,2013,TOT_INT,F10N
Use,2013,TOT_INT,TOT_FIN
Use,2013,TOT_INT,Q
Use,2013,V001,F010
Use,2013,V001,F02S
Use,2013,V001,F02E
Use,2013,V001,F02N
Use,2013,V001,F02R
Use,2013,V001,F030
Use,2013,V001,F040
Use,2013,V001,F050
Use,2013,V001,F06C
Use,2013,V001,F06S
Use,2013,V001,F06E
Use,2013,V001,F06N
Use,2013,V001,F07C
Use,2013,V001,F07S
Use,2013,V001,F07E
Use,2013,V001,F07N
Use,2013,V001,F10C
Use,2013,V001,F10S
Use,2013,V001,F10E
Use,2013,V001,F10N
Use,2013,V001,TOT_FIN
Use,2013,V001,Q
Use,2013,V002,GFGD
Use,2013,V002,GFGN
Use,2013,V002,GSLG
Use,2013,V002,F010
Use,2013,V002,F02S
Use,2013,V002,F02E
Use,2013,V002,F02N
Use,2013,V002,F02R
Use,2013,V002,F030
Use,2013,V002,F040
Use,2013,V002,F050
Use,2013,V002,F06C
Use,2013,V002,F06S
Use,2013,V002,F06E
Use,2013,V002,F06N
Use,2013,V002,F07C
Use,2013,V002,F07S
Use,2013,V002,F07E
Use,2013,V002,F07N
Use,2013,V002,F10C
Use,2013,V002,F10S
Use,2013,V002,F10E
Use,2013,V002,F10N
Use,2013,V002,TOT_FIN
Use,2013,V002,Q
Use,2013,V003,F010
Use,2013,V003,F02S
Use,2013,V003,F02E
Use,2013,V003,F02N
Use,2013,V003,F02R
Use,2013,V003,F030
Use,2013,V003,F040
Use,2013,V003,F050
Use,2013,V003,F06C
Use,2013,V003,F06S
Use,2013,V003,F06E
Use,2013,V003,F06N
Use,2013,V003,F07C
Use,2013,V003,F07S
Use,2013,V003,F07E
Use,2013,V003,F07N
Use,2013,V003,F10C
Use,2013,V003,F10S
Use,2013,V003,F10E
Use,2013,V003,F10N
Use,2013,V003,TOT_FIN
Use,2013,V003,Q
Use,2013,TOT_VA,TOT_INT
Use,2013,TOT_VA,F010
Use,2013,TOT_VA,F02S
Use,2013,TOT_VA,F02E
Use,2013,TOT_VA,F02N
Use,2013,TOT_VA,F02R
Use,2013,TOT_VA,F030
Use,2013,TOT_VA,F040
Use,2013,TOT_VA,F050
Use,2013,TOT_VA,F06C
Use,2013,TOT_VA,F06S
Use,2013,TOT_VA,F06E
Use,2013,TOT_VA,F06N
Use,2013,TOT_VA,F07C
Use,2013,TOT_VA,F07S
Use,2013,TOT_VA,F07E
Use,2013,TOT_VA,F07N
Use,2013,TOT_VA,F10C
Use,2013,TOT_VA,F10S
Use,2013,TOT_VA,F10E
Use,2013,TOT_VA,F10N
Use,2013,TOT_VA,Q
Use,2013,X,TOT_INT
Use,2013,X,TOT_FIN
Make,2013,111CA,211
Make,2013,111CA,212
Make,2013,111CA,213
Make,2013,111CA,22
Make,2013,111CA,23
Make,2013,111CA,327
Make,2013,111CA,331
Make,2013,111CA,332
Make,2013,111CA,333
Make,2013,111CA,334
Make,2013,111CA,335
Make,2013,111CA,3361MV
Make,2013,111CA,3364OT
Make,2013,111CA,337
Make,2013,111CA,339
Make,2013,111CA,311FT
Make,2013,111CA,313TT
Make,2013,111CA,315AL
Make,2013,111CA,322
Make,2013,111CA,323
Make,2013,111CA,324
Make,2013,111CA,325
Make,2013,111CA,326
Make,2013,111CA,42
Make,2013,111CA,441
Make,2013,111CA,445
Make,2013,111CA,452
Make,2013,111CA,4A0
Make,2013,111CA,481
Make,2013,111CA,482
Make,2013,111CA,483
Make,2013,111CA,484
Make,2013,111CA,485
Make,2013,111CA,486
Make,2013,111CA,487OS
Make,2013,111CA,493
Make,2013,111CA,511
Make,2013,111CA,512
Make,2013,111CA,513
Make,2013,111CA,514
Make,2013,111CA,521CI
Make,2013,111CA,523
Make,2013,111CA,524
Make,2013,111CA,525
Make,2013,111CA,HS
Make,2013,111CA,ORE
Make,2013,111CA,532RL
Make,2013,111CA,5411
Make,2013,111CA,5415
Make,2013,111CA,5412OP
Make,2013,111CA,55
Make,2013,111CA,561
Make,2013,111CA,562
Make,2013,111CA,61
Make,2013,111CA,621
Make,2013,111CA,622
Make,2013,111CA,623
Make,2013,111CA,624
Make,2013,111CA,711AS
Make,2013,111CA,721
Make,2013,111CA,722
Make,2013,111CA,81
Make,2013,111CA,GFGD
Make,2013,111CA,GFGN
Make,2013,111CA,GFE
Make,2013,111CA,GSLG
Make,2013,111CA,GSLE
Make,2013,111CA,Used
Make,2013,111CA,Other
Make,2013,113FF,211
Make,2013,113FF,212
Make,2013,113FF,213
Make,2013,113FF,22
Make,2013,113FF,321
Make,2013,113FF,327
Make,2013,113FF,331
Make,2013,113FF,332
Make,2013,113FF,333
Make,2013,113FF,334
Make,2013,113FF,335
Make,2013,113FF,3361MV
Make,2013,113FF,3364OT
Make,2013,113FF,337
Make,2013,113FF,339
Make,2013,113FF,311FT
Make,2013,113FF,313TT
Make,2013,113FF,315AL
Make,2013,113FF,322
Make,2013,113FF,323
Make,2013,113FF,324
Make,2013,113FF,325
Make,2013,113FF,326
Make,2013,113FF,42
Make,2013,113FF,441
Make,2013,113FF,445
Make,2013,113FF,452
Make,2013,113FF,4A0
Make,2013,113FF,481
Make,2013,113FF,482
Make,2013,113FF,483
Make,2013,113FF,484
Make,2013,113FF,485
Make,2013,113FF,486
Make,2013,113FF,487OS
Make,2013,113FF,493
Make,2013,113FF,511
Make,2013,113FF,512
Make,2013,113FF,513
Make,2013,113FF,514
Make,2013,113FF,521CI
Make,2013,113FF,523
Make,2013,113FF,524
Make,2013,113FF,525
Make,2013,113FF,HS
Make,2013,113FF,ORE
Make,2013,113FF,532RL
Make,2013,113FF,5411
Make,2013,113FF,5412OP
Make,2013,113FF,55
Make,2013,113FF,561
Make,2013,113FF,562
Make,2013,113FF,61
Make,2013,113FF,621
Make,2013,113FF,622
Make,2013,113FF,623
Make,2013,113FF,624
Make,2013,113FF,711AS
Make,2013,113FF,713
Make,2013,113FF,721
Make,2013,113FF,722
Make,2013,113FF,81
Make,2013,113FF,GFGD
Make,2013,113FF,GFGN
Make,2013,113FF,GFE
Make,2013,113FF,GSLG
Make,2013,113FF,GSLE
Make,2013,113FF,Used
Make,2013,113FF,Other
Make,2013,211,111CA
Make,2013,211,113FF
Make,2013,211,22
Make,2013,211,321
Make,2013,211,327
Make,2013,211,331
Make,2013,211,334
Make,2013,211,335
Make,2013,211,3361MV
Make,2013,211,3364OT
Make,2013,211,337
Make,2013,211,339
Make,2013,211,311FT
Make,2013,211,313TT
Make,2013,211,315AL
Make,2013,211,322
Make,2013,211,323
Make,2013,211,326
Make,2013,211,441
Make,2013,211,445
Make,2013,211,452
Make,2013,211,4A0
Make,2013,211,481
Make,2013,211,482
Make,2013,211,483
Make,2013,211,484
Make,2013,211,485
Make,2013,211,486
Make,2013,211,487OS
Make,2013,211,493
Make,2013,211,511
Make,2013,211,512
Make,2013,211,513
Make,2013,211,514
Make,2013,211,521CI
Make,2013,211,523
Make,2013,211,524
Make,2013,211,525
Make,2013,211,HS
Make,2013,211,ORE
Make,2013,211,532RL
Make,2013,211,5411
Make,2013,211,55
Make,2013,211,561
Make,2013,211,562
Make,2013,211,61
Make,2013,211,621
Make,2013,211,622
Make,2013,211,623
Make,2013,211,624
Make,2013,211,711AS
Make,2013,211,713
Make,2013,211,721
Make,2013,211,722
Make,2013,211,81
Make,2013,211,GFGD
Make,2013,211,GFGN
Make,2013,211,GFE
Make,2013,211,GSLG
Make,2013,211,GSLE
Make,2013,211,Used
Make,2013,211,Other
Make,2013,212,111CA
Make,2013,212,113FF
Make,2013,212,22
Make,2013,212,321
Make,2013,212,331
Make,2013,212,332
Make,2013,212,333
Make,2013,212,334
Make,2013,212,335
Make,2013,212,3361MV
Make,2013,212,3364OT
Make,2013,212,337
Make,2013,212,339
Make,2013,212,311FT
Make,2013,212,313TT
Make,2013,212,315AL
Make,2013,212,322
Make,2013,212,323
Make,2013,212,326
Make,2013,212,441
Make,2013,212,445
Make,2013,212,452
Make,2013,212,4A0
Make,2013,212,481
Make,2013,212,482
Make,2013,212,483
Make,2013,212,484
Make,2013,212,485
Make,2013,212,486
Make,2013,212,487OS
Make,2013,212,493
Make,2013,212,511
Make,2013,212,512
Make,2013,212,513
Make,2013,212,514
Make,2013,212,521CI
Make,2013,212,523
Make,2013,212,524
Make,2013,212,525
Make,2013,212,HS
Make,2013,212,ORE
Make,2013,212,532RL
Make,2013,212,5411
Make,2013,212,55
Make,2013,212,561
Make,2013,212,562
Make,2013,212,61
Make,2013,212,621
Make,2013,212,622
Make,2013,212,623
Make,2013,212,624
Make,2013,212,711AS
Make,2013,212,713
Make,2013,212,721
Make,2013,212,722
Make,2013,212,81
Make,2013,212,GFGD
Make,2013,212,GFGN
Make,2013,212,GFE
Make,2013,212,GSLG
Make,2013,212,GSLE
Make,2013,212,Used
Make,2013,212,Other
Make,2013,213,111CA
Make,2013,213,113FF
Make,2013,213,22
Make,2013,213,321
Make,2013,213,327
Make,2013,213,331
Make,2013,213,333
Make,2013,213,334
Make,2013,213,335
Make,2013,213,3361MV
Make,2013,213,3364OT
Make,2013,213,337
Make,2013,213,339
Make,2013,213,311FT
Make,2013,213,313TT
Make,2013,213,315AL
Make,2013,213,322
Make,2013,213,323
Make,2013,213,325
Make,2013,213,326
Make,2013,213,441
Make,2013,213,445
Make,2013,213,452
Make,2013,213,4A0
Make,2013,213,481
Make,2013,213,482
Make,2013,213,483
Make,2013,213,484
Make,2013,213,485
Make,2013,213,486
Make,2013,213,487OS
Make,2013,213,493
Make,2013,213,511
Make,2013,213,512
Make,2013,213,513
Make,2013,213,514
Make,2013,213,521CI
Make,2013,213,523
Make,2013,213,524
Make,2013,213,525
Make,2013,213,HS
Make,2013,213,ORE
Make,2013,213,532RL
Make,2013,213,5411
Make,2013,213,55
Make,2013,213,561
Make,2013,213,562
Make,2013,213,61
Make,2013,213,621
Make,2013,213,622
Make,2013,213,623
Make,2013,213,624
Make,2013,213,711AS
Make,2013,213,713
Make,2013,213,721
Make,2013,213,722
Make,2013,213,81
Make,2013,213,GFGD
Make,2013,213,GFGN
Make,2013,213,GFE
Make,2013,213,GSLG
Make,2013,213,GSLE
Make,2013,213,Used
Make,2013,213,Other
Make,2013,22,111CA
Make,2013,22,113FF
Make,2013,22,212
Make,2013,22,213
Make,2013,22,321
Make,2013,22,327
Make,2013,22,331
Make,2013,22,332
Make,2013,22,333
Make,2013,22,334
Make,2013,22,335
Make,2013,22,3361MV
Make,2013,22,3364OT
Make,2013,22,337
Make,2013,22,339
Make,2013,22,311FT
Make,2013,22,313TT
Make,2013,22,315AL
Make,2013,22,322
Make,2013,22,323
Make,2013,22,324
Make,2013,22,325
Make,2013,22,326
Make,2013,22,441
Make,2013,22,445
Make,2013,22,452
Make,2013,22,481
Make,2013,22,482
Make,2013,22,483
Make,2013,22,484
Make,2013,22,485
Make,2013,22,487OS
Make,2013,22,493
Make,2013,22,511
Make,2013,22,512
Make,2013,22,513
Make,2013,22,514
Make,2013,22,521CI
Make,2013,22,523
Make,2013,22,524
Make,2013,22,525
Make,2013,22,HS
Make,2013,22,ORE
Make,2013,22,532RL
Make,2013,22,5411
Make,2013,22,55
Make,2013,22,561
Make,2013,22,61
Make,2013,22,621
Make,2013,22,622
Make,2013,22,623
Make,2013,22,624
Make,2013,22,711AS
Make,2013,22,713
Make,2013,22,721
Make,2013,22,722
Make,2013,22,81
Make,2013,22,GFGD
Make,2013,22,GFGN
Make,2013,22,GFE
Make,2013,22,GSLG
Make,2013,22,Used
Make,2013,22,Other
Make,2013,23,111CA
Make,2013,23,113FF
Make,2013,23,211
Make,2013,23,212
Make,2013,23,213
Make,2013,23,22
Make,2013,23,321
Make,2013,23,327
Make,2013,23,331
Make,2013,23,332
Make,2013,23,333
Make,2013,23,334
Make,2013,23,335
Make,2013,23,3361MV
Make,2013,23,3364OT
Make,2013,23,337
Make,2013,23,339
Make,2013,23,311FT
Make,2013,23,313TT
Make,2013,23,315AL
Make,2013,23,322
Make,2013,23,323
Make,2013,23,324
Make,2013,23,325
Make,2013,23,326
Make,2013,23,42
Make,2013,23,441
Make,2013,23,445
Make,2013,23,452
Make,2013,23,4A0
Make,2013,23,481
Make,2013,23,482
Make,2013,23,483
Make,2013,23,484
Make,2013,23,485
Make,2013,23,486
Make,2013,23,487OS
Make,2013,23,493
Make,2013,23,511
Make,2013,23,512
Make,2013,23,513
Make,2013,23,514
Make,2013,23,521CI
Make,2013,23,523
Make,2013,23,524
Make,2013,23,525
Make,2013,23,HS
Make,2013,23,ORE
Make,2013,23,532RL
Make,2013,23,5411
Make,2013,23,55
Make,2013,23,561
Make,2013,23,562
Make,2013,23,61
Make,2013,23,621
Make,2013,23,622
Make,2013,23,623
Make,2013,23,624
Make,2013,23,711AS
Make,2013,23,713
Make,2013,23,721
Make,2013,23,722
Make,2013,23,81
Make,2013,23,GFGD
Make,2013,23,GFGN
Make,2013,23,GFE
Make,2013,23,GSLG
Make,2013,23,GSLE
Make,2013,23,Used
Make,2013,23,Other
Make,2013,321,111CA
Make,2013,321,113FF
Make,2013,321,211
Make,2013,321,212
Make,2013,321,213
Make,2013,321,22
Make,2013,321,331
Make,2013,321,333
Make,2013,321,335
Make,2013,321,3361MV
Make,2013,321,3364OT
Make,2013,321,311FT
Make,2013,321,315AL
Make,2013,321,323
Make,2013,321,324
Make,2013,321,441
Make,2013,321,445
Make,2013,321,452
Make,2013,321,4A0
Make,2013,321,481
Make,2013,321,482
Make,2013,321,483
Make,2013,321,484
Make,2013,321,485
Make,2013,321,486
Make,2013,321,487OS
Make,2013,321,493
Make,2013,321,511
Make,2013,321,512
Make,2013,321,513
Make,2013,321,514
Make,2013,321,521CI
Make,2013,321,523
Make,2013,321,524
Make,2013,321,525
Make,2013,321,HS
Make,2013,321,ORE
Make,2013,321,532RL
Make,2013,321,5411
Make,2013,321,55
Make,2013,321,561
Make,2013,321,562
Make,2013,321,61
Make,2013,321,621
Make,2013,321,622
Make,2013,321,623
Make,2013,321,624
Make,2013,321,711AS
Make,2013,321,713
Make,2013,321,721
Make,2013,321,722
Make,2013,321,81
Make,2013,321,GFGD
Make,2013,321,GFGN
Make,2013,321,GFE
Make,2013,321,GSLG
Make,2013,321,GSLE
Make,2013,321,Other
Make,2013,327,111CA
Make,2013,327,113FF
Make,2013,327,22
Make,2013,327,311FT
Make,2013,327,323
Make,2013,327,441
Make,2013,327,445
Make,2013,327,452
Make,2013,327,4A0
Make,2013,327,481
Make,2013,327,482
Make,2013,327,483
Make,2013,327,484
Make,2013,327,485
Make,2013,327,486
Make,2013,327,487OS
Make,2013,327,493
Make,2013,327,511
Make,2013,327,512
Make,2013,327,513
Make,2013,327,514
Make,2013,327,521CI
Make,2013,327,523
Make,2013,327,524
Make,2013,327,525
Make,2013,327,HS
Make,2013,327,ORE
Make,2013,327,532RL
Make,2013,327,5411
Make,2013,327,55
Make,2013,327,561
Make,2013,327,562
Make,2013,327,61
Make,2013,327,621
Make,2013,327,622
Make,2013,327,623
Make,2013,327,624
Make,2013,327,711AS
Make,2013,327,713
Make,2013,327,721
Make,2013,327,722
Make,2013,327,81
Make,2013,327,GFGD
Make,2013,327,GFGN
Make,2013,327,GFE
Make,2013,327,GSLG
Make,2013,327,GSLE
Make,2013,327,Other
Make,2013,331,111CA
Make,2013,331,113FF
Make,2013,331,211
Make,2013,331,212
Make,2013,331,213
Make,2013,331,22
Make,2013,331,321
Make,2013,331,3361MV
Make,2013,331,3364OT
Make,2013,331,339
Make,2013,331,311FT
Make,2013,331,315AL
Make,2013,331,323
Make,2013,331,441
Make,2013,331,445
Make,2013,331,452
Make,2013,331,4A0
Make,2013,331,481
Make,2013,331,482
Make,2013,331,483
Make,2013,331,484
Make,2013,331,485
Make,2013,331,486
Make,2013,331,487OS
Make,2013,331,493
Make,2013,331,511
Make,2013,331,512
Make,2013,331,513
Make,2013,331,514
Make,2013,331,521CI
Make,2013,331,523
Make,2013,331,524
Make,2013,331,525
Make,2013,331,HS
Make,2013,331,ORE
Make,2013,331,532RL
Make,2013,331,5411
Make,2013,331,55
Make,2013,331,561
Make,2013,331,562
Make,2013,331,61
Make,2013,331,621
Make,2013,331,622
Make,2013,331,623
Make,2013,331,624
Make,2013,331,711AS
Make,2013,331,713
Make,2013,331,721
Make,2013,331,722
Make,2013,331,81
Make,2013,331,GFGD
Make,2013,331,GFGN
Make,2013,331,GFE
Make,2013,331,GSLG
Make,2013,331,GSLE
Make,2013,331,Other
Make,2013,332,111CA
Make,2013,332,113FF
Make,2013,332,211
Make,2013,332,212
Make,2013,332,213
Make,2013,332,22
Make,2013,332,311FT
Make,2013,332,441
Make,2013,332,445
Make,2013,332,452
Make,2013,332,4A0
Make,2013,332,481
Make,2013,332,482
Make,2013,332,483
Make,2013,332,484
Make,2013,332,485
Make,2013,332,486
Make,2013,332,487OS
Make,2013,332,493
Make,2013,332,511
Make,2013,332,512
Make,2013,332,513
Make,2013,332,514
Make,2013,332,521CI
Make,2013,332,523
Make,2013,332,524
Make,2013,332,525
Make,2013,332,HS
Make,2013,332,ORE
Make,2013,332,532RL
Make,2013,332,5411
Make,2013,332,55
Make,2013,332,561
Make,2013,332,562
Make,2013,332,61
Make,2013,332,621
Make,2013,332,622
Make,2013,332,623
Make,2013,332,624
Make,2013,332,711AS
Make,2013,332,713
Make,2013,332,721
Make,2013,332,722
Make,2013,332,GFGD
Make,2013,332,GFGN
Make,2013,332,GFE
Make,2013,332,GSLG
Make,2013,332,GSLE
Make,2013,332,Other
Make,2013,333,111CA
Make,2013,333,113FF
Make,2013,333,211
Make,2013,333,212
Make,2013,333,22
Make,2013,333,321
Make,2013,333,323
Make,2013,333,441
Make,2013,333,445
Make,2013,333,452
Make,2013,333,4A0
Make,2013,333,481
Make,2013,333,482
Make,2013,333,483
Make,2013,333,484
Make,2013,333,485
Make,2013,333,486
Make,2013,333,487OS
Make,2013,333,493
Make,2013,333,511
Make,2013,333,512
Make,2013,333,513
Make,2013,333,514
Make,2013,333,521CI
Make,2013,333,523
Make,2013,333,524
Make,2013,333,525
Make,2013,333,HS
Make,2013,333,ORE
Make,2013,333,5411
Make,2013,333,55
Make,2013,333,561
Make,2013,333,562
Make,2013,333,61
Make,2013,333,621
Make,2013,333,622
Make,2013,333,623
Make,2013,333,624
Make,2013,333,711AS
Make,2013,333,713
Make,2013,333,721
Make,2013,333,722
Make,2013,333,GFGD
Make,2013,333,GFGN
Make,2013,333,GFE
Make,2013,333,GSLG
Make,2013,333,GSLE
Make,2013,333,Other
Make,2013,334,111CA
Make,2013,334,113FF
Make,2013,334,211
Make,2013,334,212
Make,2013,334,213
Make,2013,334,22
Make,2013,334,311FT
Make,2013,334,315AL
Make,2013,334,324
Make,2013,334,441
Make,2013,334,445
Make,2013,334,452
Make,2013,334,4A0
Make,2013,334,481
Make,2013,334,482
Make,2013,334,483
Make,2013,334,484
Make,2013,334,485
Make,2013,334,486
Make,2013,334,487OS
Make,2013,334,493
Make,2013,334,511
Make,2013,334,512
Make,2013,334,513
Make,2013,334,514
Make,2013,334,521CI
Make,2013,334,523
Make,2013,334,524
Make,2013,334,525
Make,2013,334,HS
Make,2013,334,ORE
Make,2013,334,532RL
Make,2013,334,5411
Make,2013,334,55
Make,2013,334,561
Make,2013,334,562
Make,2013,334,61
Make,2013,334,621
Make,2013,334,622
Make,2013,334,623
Make,2013,334,624
Make,2013,334,711AS
Make,2013,334,713
Make,2013,334,721
Make,2013,334,722
Make,2013,334,81
Make,2013,334,GFGD
Make,2013,334,GFGN
Make,2013,334,GFE
Make,2013,334,GSLG
Make,2013,334,GSLE
Make,2013,334,Other
Make,2013,335,111CA
Make,2013,335,113FF
Make,2013,335,211
Make,2013,335,212
Make,2013,335,213
Make,2013,335,22
Make,2013,335,321
Make,2013,335,311FT
Make,2013,335,315AL
Make,2013,335,323
Make,2013,335,441
Make,2013,335,445
Make,2013,335,452
Make,2013,335,4A0
Make,2013,335,481
Make,2013,335,482
Make,2013,335,483
Make,2013,335,484
Make,2013,335,485
Make,2013,335,486
Make,2013,335,487OS
Make,2013,335,493
Make,2013,335,511
Make,2013,335,512
Make,2013,335,513
Make,2013,335,514
Make,2013,335,521CI
Make,2013,335,523
Make,2013,335,524
Make,2013,335,525
Make,2013,335,HS
Make,2013,335,ORE
Make,2013,335,532RL
Make,2013,335,5411
Make,2013,335,55
Make,2013,335,561
Make,2013,335,562
Make,2013,335,61
Make,2013,335,621
Make,2013,335,622
Make,2013,335,623
Make,2013,335,624
Make,2013,335,711AS
Make,2013,335,713
Make,2013,335,721
Make,2013,335,722
Make,2013,335,81
Make,2013,335,GFGD
Make,2013,335,GFGN
Make,2013,335,GFE
Make,2013,335,GSLG
Make,2013,335,GSLE
Make,2013,335,Other
Make,2013,3361MV,111CA
Make,2013,3361MV,113FF
Make,2013,3361MV,211
Make,2013,3361MV,212
Make,2013,3361MV,213
Make,2013,3361MV,22
Make,2013,3361MV,321
Make,2013,3361MV,311FT
Make,2013,3361MV,315AL
Make,2013,3361MV,322
Make,2013,3361MV,323
Make,2013,3361MV,324
Make,2013,3361MV,441
Make,2013,3361MV,445
Make,2013,3361MV,452
Make,2013,3361MV,4A0
Make,2013,3361MV,481
Make,2013,3361MV,482
Make,2013,3361MV,483
Make,2013,3361MV,484
Make,2013,3361MV,485
Make,2013,3361MV,486
Make,2013,3361MV,487OS
Make,2013,3361MV,493
Make,2013,3361MV,511
Make,2013,3361MV,512
Make,2013,3361MV,513
Make,2013,3361MV,514
Make,2013,3361MV,521CI
Make,2013,3361MV,523
Make,2013,3361MV,524
Make,2013,3361MV,525
Make,2013,3361MV,HS
Make,2013,3361MV,ORE
Make,2013,3361MV,532RL
Make,2013,3361MV,5411
Make,2013,3361MV,55
Make,2013,3361MV,561
Make,2013,3361MV,562
Make,2013,3361MV,61
Make,2013,3361MV,621
Make,2013,3361MV,622
Make,2013,3361MV,623
Make,2013,3361MV,624
Make,2013,3361MV,711AS
Make,2013,3361MV,713
Make,2013,3361MV,721
Make,2013,3361MV,722
Make,2013,3361MV,81
Make,2013,3361MV,GFGD
Make,2013,3361MV,GFGN
Make,2013,3361MV,GFE
Make,2013,3361MV,GSLG
Make,2013,3361MV,GSLE
Make,2013,3361MV,Other
Make,2013,3364OT,111CA
Make,2013,3364OT,113FF
Make,2013,3364OT,211
Make,2013,3364OT,212
Make,2013,3364OT,213
Make,2013,3364OT,22
Make,2013,3364OT,321
Make,2013,3364OT,327
Make,2013,3364OT,337
Make,2013,3364OT,311FT
Make,2013,3364OT,322
Make,2013,3364OT,323
Make,2013,3364OT,324
Make,2013,3364OT,441
Make,2013,3364OT,445
Make,2013,3364OT,452
Make,2013,3364OT,4A0
Make,2013,3364OT,481
Make,2013,3364OT,482
Make,2013,3364OT,483
Make,2013,3364OT,484
Make,2013,3364OT,485
Make,2013,3364OT,486
Make,2013,3364OT,487OS
Make,2013,3364OT,493
Make,2013,3364OT,511
Make,2013,3364OT,512
Make,2013,3364OT,513
Make,2013,3364OT,514
Make,2013,3364OT,521CI
Make,2013,3364OT,523
Make,2013,3364OT,524
Make,2013,3364OT,525
Make,2013,3364OT,HS
Make,2013,3364OT,ORE
Make,2013,3364OT,532RL
Make,2013,3364OT,5411
Make,2013,3364OT,55
Make,2013,3364OT,561
Make,2013,3364OT,562
Make,2013,3364OT,61
Make,2013,3364OT,621
Make,2013,3364OT,622
Make,2013,3364OT,623
Make,2013,3364OT,624
Make,2013,3364OT,711AS
Make,2013,3364OT,713
Make,2013,3364OT,721
Make,2013,3364OT,722
Make,2013,3364OT,81
Make,2013,3364OT,GFGD
Make,2013,3364OT,GFGN
Make,2013,3364OT,GFE
Make,2013,3364OT,GSLG
Make,2013,3364OT,GSLE
Make,2013,3364OT,Other
Make,2013,337,111CA
Make,2013,337,113FF
Make,2013,337,211
Make,2013,337,212
Make,2013,337,213
Make,2013,337,22
Make,2013,337,3364OT
Make,2013,337,311FT
Make,2013,337,324
Make,2013,337,441
Make,2013,337,445
Make,2013,337,452
Make,2013,337,4A0
Make,2013,337,481
Make,2013,337,482
Make,2013,337,483
Make,2013,337,484
Make,2013,337,485
Make,2013,337,486
Make,2013,337,487OS
Make,2013,337,493
Make,2013,337,511
Make,2013,337,512
Make,2013,337,513
Make,2013,337,514
Make,2013,337,521CI
Make,2013,337,523
Make,2013,337,524
Make,2013,337,525
Make,2013,337,HS
Make,2013,337,ORE
Make,2013,337,532RL
Make,2013,337,5411
Make,2013,337,55
Make,2013,337,561
Make,2013,337,562
Make,2013,337,61
Make,2013,337,621
Make,2013,337,622
Make,2013,337,623
Make,2013,337,624
Make,2013,337,711AS
Make,2013,337,713
Make,2013,337,721
Make,2013,337,722
Make,2013,337,81
Make,2013,337,GFGD
Make,2013,337,GFGN
Make,2013,337,GFE
Make,2013,337,GSLG
Make,2013,337,GSLE
Make,2013,337,Used
Make,2013,337,Other
Make,2013,339,111CA
Make,2013,339,113FF
Make,2013,339,211
Make,2013,339,212
Make,2013,339,213
Make,2013,339,22
Make,2013,339,441
Make,2013,339,445
Make,2013,339,452
Make,2013,339,4A0
Make,2013,339,481
Make,2013,339,482
Make,2013,339,483
Make,2013,339,484
Make,2013,339,485
Make,2013,339,486
Make,2013,339,487OS
Make,2013,339,493
Make,2013,339,511
Make,2013,339,512
Make,2013,339,513
Make,2013,339,514
Make,2013,339,521CI
Make,2013,339,523
Make,2013,339,524
Make,2013,339,525
Make,2013,339,HS
Make,2013,339,ORE
Make,2013,339,532RL
Make,2013,339,5411
Make,2013,339,55
Make,2013,339,561
Make,2013,339,562
Make,2013,339,61
Make,2013,339,621
Make,2013,339,622
Make,2013,339,623
Make,2013,339,624
Make,2013,339,711AS
Make,2013,339,713
Make,2013,339,721
Make,2013,339,722
Make,2013,339,81
Make,2013,339,GFGD
Make,2013,339,GFGN
Make,2013,339,GFE
Make,2013,339,GSLG
Make,2013,339,GSLE
Make,2013,339,Other
Make,2013,311FT,111CA
Make,2013,311FT,113FF
Make,2013,311FT,211
Make,2013,311FT,212
Make,2013,311FT,213
Make,2013,311FT,22
Make,2013,311FT,321
Make,2013,311FT,327
Make,2013,311FT,331
Make,2013,311FT,332
Make,2013,311FT,333
Make,2013,311FT,334
Make,2013,311FT,335
Make,2013,311FT,3361MV
Make,2013,311FT,3364OT
Make,2013,311FT,337
Make,2013,311FT,323
Make,2013,311FT,441
Make,2013,311FT,445
Make,2013,311FT,452
Make,2013,311FT,4A0
Make,2013,311FT,481
Make,2013,311FT,482
Make,2013,311FT,483
Make,2013,311FT,484
Make,2013,311FT,485
Make,2013,311FT,486
Make,2013,311FT,487OS
Make,2013,311FT,493
Make,2013,311FT,511
Make,2013,311FT,512
Make,2013,311FT,513
Make,2013,311FT,514
Make,2013,311FT,521CI
Make,2013,311FT,523
Make,2013,311FT,524
Make,2013,311FT,525
Make,2013,311FT,HS
Make,2013,311FT,ORE
Make,2013,311FT,532RL
Make,2013,311FT,5411
Make,2013,311FT,55
Make,2013,311FT,561
Make,2013,311FT,562
Make,2013,311FT,61
Make,2013,311FT,621
Make,2013,311FT,622
Make,2013,311FT,623
Make,2013,311FT,624
Make,2013,311FT,711AS
Make,2013,311FT,713
Make,2013,311FT,721
Make,2013,311FT,722
Make,2013,311FT,81
Make,2013,311FT,GFGD
Make,2013,311FT,GFGN
Make,2013,311FT,GFE
Make,2013,311FT,GSLG
Make,2013,311FT,GSLE
Make,2013,311FT,Other
Make,2013,313TT,111CA
Make,2013,313TT,113FF
Make,2013,313TT,211
Make,2013,313TT,212
Make,2013,313TT,213
Make,2013,313TT,22
Make,2013,313TT,321
Make,2013,313TT,335
Make,2013,313TT,311FT
Make,2013,313TT,324
Make,2013,313TT,441
Make,2013,313TT,445
Make,2013,313TT,452
Make,2013,313TT,4A0
Make,2013,313TT,481
Make,2013,313TT,482
Make,2013,313TT,483
Make,2013,313TT,484
Make,2013,313TT,485
Make,2013,313TT,486
Make,2013,313TT,487OS
Make,2013,313TT,493
Make,2013,313TT,511
Make,2013,313TT,512
Make,2013,313TT,513
Make,2013,313TT,514
Make,2013,313TT,521CI
Make,2013,313TT,523
Make,2013,313TT,524
Make,2013,313TT,525
Make,2013,313TT,HS
Make,2013,313TT,ORE
Make,2013,313TT,532RL
Make,2013,313TT,5411
Make,2013,313TT,55
Make,2013,313TT,561
Make,2013,313TT,562
Make,2013,313TT,61
Make,2013,313TT,621
Make,2013,313TT,622
Make,2013,313TT,623
Make,2013,313TT,624
Make,2013,313TT,711AS
Make,2013,313TT,713
Make,2013,313TT,721
Make,2013,313TT,722
Make,2013,313TT,81
Make,2013,313TT,GFGD
Make,2013,313TT,GFGN
Make,2013,313TT,GFE
Make,2013,313TT,GSLG
Make,2013,313TT,GSLE
Make,2013,313TT,Other
Make,2013,315AL,111CA
Make,2013,315AL,113FF
Make,2013,315AL,211
Make,2013,315AL,212
Make,2013,315AL,213
Make,2013,315AL,22
Make,2013,315AL,321
Make,2013,315AL,331
Make,2013,315AL,332
Make,2013,315AL,333
Make,2013,315AL,334
Make,2013,315AL,335
Make,2013,315AL,3361MV
Make,2013,315AL,3364OT
Make,2013,315AL,337
Make,2013,315AL,322
Make,2013,315AL,324
Make,2013,315AL,441
Make,2013,315AL,445
Make,2013,315AL,452
Make,2013,315AL,4A0
Make,2013,315AL,481
Make,2013,315AL,482
Make,2013,315AL,483
Make,2013,315AL,484
Make,2013,315AL,485
Make,2013,315AL,486
Make,2013,315AL,487OS
Make,2013,315AL,493
Make,2013,315AL,511
Make,2013,315AL,512
Make,2013,315AL,513
Make,2013,315AL,514
Make,2013,315AL,521CI
Make,2013,315AL,523
Make,2013,315AL,524
Make,2013,315AL,525
Make,2013,315AL,HS
Make,2013,315AL,ORE
Make,2013,315AL,532RL
Make,2013,315AL,5411
Make,2013,315AL,55
Make,2013,315AL,561
Make,2013,315AL,562
Make,2013,315AL,61
Make,2013,315AL,621
Make,2013,315AL,622
Make,2013,315AL,623
Make,2013,315AL,624
Make,2013,315AL,711AS
Make,2013,315AL,713
Make,2013,315AL,721
Make,2013,315AL,722
Make,2013,315AL,81
Make,2013,315AL,GFGD
Make,2013,315AL,GFGN
Make,2013,315AL,GFE
Make,2013,315AL,GSLG
Make,2013,315AL,GSLE
Make,2013,315AL,Other
Make,2013,322,111CA
Make,2013,322,113FF
Make,2013,322,211
Make,2013,322,212
Make,2013,322,213
Make,2013,322,22
Make,2013,322,333
Make,2013,322,335
Make,2013,322,3361MV
Make,2013,322,3364OT
Make,2013,322,311FT
Make,2013,322,324
Make,2013,322,441
Make,2013,322,445
Make,2013,322,452
Make,2013,322,4A0
Make,2013,322,481
Make,2013,322,482
Make,2013,322,483
Make,2013,322,484
Make,2013,322,485
Make,2013,322,486
Make,2013,322,487OS
Make,2013,322,493
Make,2013,322,511
Make,2013,322,512
Make,2013,322,513
Make,2013,322,514
Make,2013,322,521CI
Make,2013,322,523
Make,2013,322,524
Make,2013,322,525
Make,2013,322,HS
Make,2013,322,ORE
Make,2013,322,532RL
Make,2013,322,5411
Make,2013,322,55
Make,2013,322,561
Make,2013,322,562
Make,2013,322,61
Make,2013,322,621
Make,2013,322,622
Make,2013,322,623
Make,2013,322,624
Make,2013,322,711AS
Make,2013,322,713
Make,2013,322,721
Make,2013,322,722
Make,2013,322,81
Make,2013,322,GFGD
Make,2013,322,GFGN
Make,2013,322,GFE
Make,2013,322,GSLG
Make,2013,322,GSLE
Make,2013,322,Other
Make,2013,323,111CA
Make,2013,323,113FF
Make,2013,323,211
Make,2013,323,212
Make,2013,323,213
Make,2013,323,22
Make,2013,323,327
Make,2013,323,331
Make,2013,323,3361MV
Make,2013,323,3364OT
Make,2013,323,311FT
Make,2013,323,324
Make,2013,323,325
Make,2013,323,441
Make,2013,323,445
Make,2013,323,452
Make,2013,323,4A0
Make,2013,323,481
Make,2013,323,482
Make,2013,323,483
Make,2013,323,484
Make,2013,323,485
Make,2013,323,486
Make,2013,323,487OS
Make,2013,323,493
Make,2013,323,511
Make,2013,323,512
Make,2013,323,513
Make,2013,323,514
Make,2013,323,521CI
Make,2013,323,523
Make,2013,323,524
Make,2013,323,525
Make,2013,323,HS
Make,2013,323,ORE
Make,2013,323,532RL
Make,2013,323,5411
Make,2013,323,55
Make,2013,323,562
Make,2013,323,61
Make,2013,323,621
Make,2013,323,622
Make,2013,323,623
Make,2013,323,624
Make,2013,323,711AS
Make,2013,323,713
Make,2013,323,721
Make,2013,323,722
Make,2013,323,81
Make,2013,323,GFGD
Make,2013,323,GFGN
Make,2013,323,GFE
Make,2013,323,GSLG
Make,2013,323,GSLE
Make,2013,323,Other
Make,2013,324,111CA
Make,2013,324,113FF
Make,2013,324,213
Make,2013,324,22
Make,2013,324,321
Make,2013,324,334
Make,2013,324,3361MV
Make,2013,324,3364OT
Make,2013,324,337
Make,2013,324,339
Make,2013,324,311FT
Make,2013,324,315AL
Make,2013,324,323
Make,2013,324,441
Make,2013,324,445
Make,2013,324,452
Make,2013,324,4A0
Make,2013,324,481
Make,2013,324,482
Make,2013,324,483
Make,2013,324,484
Make,2013,324,485
Make,2013,324,486
Make,2013,324,487OS
Make,2013,324,493
Make,2013,324,511
Make,2013,324,512
Make,2013,324,513
Make,2013,324,514
Make,2013,324,521CI
Make,2013,324,523
Make,2013,324,524
Make,2013,324,525
Make,2013,324,HS
Make,2013,324,ORE
Make,2013,324,532RL
Make,2013,324,5411
Make,2013,324,55
Make,2013,324,561
Make,2013,324,562
Make,2013,324,61
Make,2013,324,621
Make,2013,324,622
Make,2013,324,623
Make,2013,324,624
Make,2013,324,711AS
Make,2013,324,713
Make,2013,324,721
Make,2013,324,722
Make,2013,324,81
Make,2013,324,GFGD
Make,2013,324,GFGN
Make,2013,324,GFE
Make,2013,324,GSLG
Make,2013,324,GSLE
Make,2013,324,Used
Make,2013,324,Other
Make,2013,325,111CA
Make,2013,325,113FF
Make,2013,325,211
Make,2013,325,213
Make,2013,325,22
Make,2013,325,337
Make,2013,325,441
Make,2013,325,445
Make,2013,325,452
Make,2013,325,4A0
Make,2013,325,481
Make,2013,325,482
Make,2013,325,483
Make,2013,325,484
Make,2013,325,485
Make,2013,325,486
Make,2013,325,487OS
Make,2013,325,493
Make,2013,325,511
Make,2013,325,512
Make,2013,325,513
Make,2013,325,514
Make,2013,325,521CI
Make,2013,325,523
Make,2013,325,524
Make,2013,325,525
Make,2013,325,HS
Make,2013,325,ORE
Make,2013,325,532RL
Make,2013,325,5411
Make,2013,325,55
Make,2013,325,561
Make,2013,325,562
Make,2013,325,61
Make,2013,325,621
Make,2013,325,622
Make,2013,325,623
Make,2013,325,624
Make,2013,325,711AS
Make,2013,325,713
Make,2013,325,721
Make,2013,325,722
Make,2013,325,81
Make,2013,325,GFGD
Make,2013,325,GFGN
Make,2013,325,GFE
Make,2013,325,GSLG
Make,2013,325,GSLE
Make,2013,325,Used
Make,2013,325,Other
Make,2013,326,111CA
Make,2013,326,113FF
Make,2013,326,211
Make,2013,326,212
Make,2013,326,213
Make,2013,326,22
Make,2013,326,311FT
Make,2013,326,441
Make,2013,326,445
Make,2013,326,452
Make,2013,326,4A0
Make,2013,326,481
Make,2013,326,482
Make,2013,326,483
Make,2013,326,484
Make,2013,326,485
Make,2013,326,486
Make,2013,326,487OS
Make,2013,326,493
Make,2013,326,511
Make,2013,326,512
Make,2013,326,513
Make,2013,326,514
Make,2013,326,521CI
Make,2013,326,523
Make,2013,326,524
Make,2013,326,525
Make,2013,326,HS
Make,2013,326,ORE
Make,2013,326,532RL
Make,2013,326,5411
Make,2013,326,55
Make,2013,326,561
Make,2013,326,562
Make,2013,326,61
Make,2013,326,621
Make,2013,326,622
Make,2013,326,623
Make,2013,326,624
Make,2013,326,711AS
Make,2013,326,713
Make,2013,326,721
Make,2013,326,722
Make,2013,326,81
Make,2013,326,GFGD
Make,2013,326,GFGN
Make,2013,326,GFE
Make,2013,326,GSLG
Make,2013,326,GSLE
Make,2013,326,Other
Make,2013,42,111CA
Make,2013,42,211
Make,2013,42,212
Make,2013,42,213
Make,2013,42,22
Make,2013,42,321
Make,2013,42,327
Make,2013,42,331
Make,2013,42,332
Make,2013,42,335
Make,2013,42,337
Make,2013,42,313TT
Make,2013,42,315AL
Make,2013,42,322
Make,2013,42,323
Make,2013,42,324
Make,2013,42,325
Make,2013,42,326
Make,2013,42,441
Make,2013,42,445
Make,2013,42,452
Make,2013,42,4A0
Make,2013,42,481
Make,2013,42,482
Make,2013,42,483
Make,2013,42,484
Make,2013,42,485
Make,2013,42,511
Make,2013,42,512
Make,2013,42,513
Make,2013,42,514
Make,2013,42,521CI
Make,2013,42,523
Make,2013,42,524
Make,2013,42,525
Make,2013,42,HS
Make,2013,42,ORE
Make,2013,42,5411
Make,2013,42,55
Make,2013,42,562
Make,2013,42,621
Make,2013,42,622
Make,2013,42,623
Make,2013,42,624
Make,2013,42,711AS
Make,2013,42,713
Make,2013,42,721
Make,2013,42,722
Make,2013,42,GFGD
Make,2013,42,GFGN
Make,2013,42,GFE
Make,2013,42,GSLG
Make,2013,42,GSLE
Make,2013,42,Used
Make,2013,42,Other
Make,2013,441,111CA
Make,2013,441,113FF
Make,2013,441,211
Make,2013,441,212
Make,2013,441,213
Make,2013,441,22
Make,2013,441,321
Make,2013,441,327
Make,2013,441,331
Make,2013,441,332
Make,2013,441,333
Make,2013,441,334
Make,2013,441,335
Make,2013,441,3361MV
Make,2013,441,3364OT
Make,2013,441,337
Make,2013,441,339
Make,2013,441,311FT
Make,2013,441,313TT
Make,2013,441,315AL
Make,2013,441,322
Make,2013,441,323
Make,2013,441,324
Make,2013,441,325
Make,2013,441,326
Make,2013,441,42
Make,2013,441,445
Make,2013,441,452
Make,2013,441,4A0
Make,2013,441,481
Make,2013,441,482
Make,2013,441,483
Make,2013,441,485
Make,2013,441,486
Make,2013,441,511
Make,2013,441,512
Make,2013,441,513
Make,2013,441,514
Make,2013,441,523
Make,2013,441,525
Make,2013,441,HS
Make,2013,441,ORE
Make,2013,441,5411
Make,2013,441,55
Make,2013,441,561
Make,2013,441,562
Make,2013,441,621
Make,2013,441,622
Make,2013,441,623
Make,2013,441,624
Make,2013,441,711AS
Make,2013,441,721
Make,2013,441,722
Make,2013,441,GFGD
Make,2013,441,GFGN
Make,2013,441,GFE
Make,2013,441,GSLG
Make,2013,441,GSLE
Make,2013,441,Used
Make,2013,441,Other
Make,2013,445,111CA
Make,2013,445,113FF
Make,2013,445,211
Make,2013,445,212
Make,2013,445,213
Make,2013,445,22
Make,2013,445,321
Make,2013,445,327
Make,2013,445,331
Make,2013,445,332
Make,2013,445,333
Make,2013,445,334
Make,2013,445,335
Make,2013,445,3361MV
Make,2013,445,3364OT
Make,2013,445,337
Make,2013,445,339
Make,2013,445,313TT
Make,2013,445,315AL
Make,2013,445,322
Make,2013,445,323
Make,2013,445,324
Make,2013,445,325
Make,2013,445,326
Make,2013,445,42
Make,2013,445,441
Make,2013,445,452
Make,2013,445,4A0
Make,2013,445,481
Make,2013,445,482
Make,2013,445,483
Make,2013,445,484
Make,2013,445,485
Make,2013,445,486
Make,2013,445,487OS
Make,2013,445,511
Make,2013,445,512
Make,2013,445,513
Make,2013,445,514
Make,2013,445,523
Make,2013,445,524
Make,2013,445,525
Make,2013,445,HS
Make,2013,445,ORE
Make,2013,445,5411
Make,2013,445,55
Make,2013,445,562
Make,2013,445,61
Make,2013,445,621
Make,2013,445,622
Make,2013,445,623
Make,2013,445,624
Make,2013,445,711AS
Make,2013,445,721
Make,2013,445,GFGD
Make,2013,445,GFGN
Make,2013,445,GFE
Make,2013,445,GSLG
Make,2013,445,GSLE
Make,2013,445,Used
Make,2013,445,Other
Make,2013,452,111CA
Make,2013,452,113FF
Make,2013,452,211
Make,2013,452,212
Make,2013,452,213
Make,2013,452,22
Make,2013,452,321
Make,2013,452,327
Make,2013,452,331
Make,2013,452,332
Make,2013,452,333
Make,2013,452,334
Make,2013,452,335
Make,2013,452,3361MV
Make,2013,452,3364OT
Make,2013,452,337
Make,2013,452,339
Make,2013,452,313TT
Make,2013,452,322
Make,2013,452,323
Make,2013,452,324
Make,2013,452,325
Make,2013,452,326
Make,2013,452,42
Make,2013,452,441
Make,2013,452,445
Make,2013,452,4A0
Make,2013,452,481
Make,2013,452,482
Make,2013,452,483
Make,2013,452,484
Make,2013,452,485
Make,2013,452,486
Make,2013,452,487OS
Make,2013,452,493
Make,2013,452,511
Make,2013,452,512
Make,2013,452,513
Make,2013,452,514
Make,2013,452,521CI
Make,2013,452,523
Make,2013,452,524
Make,2013,452,525
Make,2013,452,HS
Make,2013,452,ORE
Make,2013,452,5411
Make,2013,452,55
Make,2013,452,562
Make,2013,452,61
Make,2013,452,622
Make,2013,452,623
Make,2013,452,624
Make,2013,452,711AS
Make,2013,452,713
Make,2013,452,721
Make,2013,452,GFGD
Make,2013,452,GFGN
Make,2013,452,GFE
Make,2013,452,GSLG
Make,2013,452,GSLE
Make,2013,452,Used
Make,2013,452,Other
Make,2013,4A0,113FF
Make,2013,4A0,211
Make,2013,4A0,212
Make,2013,4A0,213
Make,2013,4A0,22
Make,2013,4A0,321
Make,2013,4A0,327
Make,2013,4A0,331
Make,2013,4A0,332
Make,2013,4A0,333
Make,2013,4A0,334
Make,2013,4A0,335
Make,2013,4A0,3361MV
Make,2013,4A0,3364OT
Make,2013,4A0,337
Make,2013,4A0,313TT
Make,2013,4A0,322
Make,2013,4A0,324
Make,2013,4A0,325
Make,2013,4A0,326
Make,2013,4A0,42
Make,2013,4A0,441
Make,2013,4A0,445
Make,2013,4A0,452
Make,2013,4A0,481
Make,2013,4A0,482
Make,2013,4A0,483
Make,2013,4A0,484
Make,2013,4A0,485
Make,2013,4A0,486
Make,2013,4A0,511
Make,2013,4A0,514
Make,2013,4A0,523
Make,2013,4A0,525
Make,2013,4A0,ORE
Make,2013,4A0,5411
Make,2013,4A0,55
Make,2013,4A0,562
Make,2013,4A0,622
Make,2013,4A0,623
Make,2013,4A0,624
Make,2013,4A0,711AS
Make,2013,4A0,721
Make,2013,4A0,GFGD
Make,2013,4A0,GFGN
Make,2013,4A0,GFE
Make,2013,4A0,GSLG
Make,2013,4A0,GSLE
Make,2013,4A0,Used
Make,2013,4A0,Other
Make,2013,481,111CA
Make,2013,481,211
Make,2013,481,212
Make,2013,481,213
Make,2013,481,22
Make,2013,481,321
Make,2013,481,327
Make,2013,481,331
Make,2013,481,332
Make,2013,481,333
Make,2013,481,334
Make,2013,481,335
Make,2013,481,3361MV
Make,2013,481,3364OT
Make,2013,481,337
Make,2013,481,339
Make,2013,481,311FT
Make,2013,481,313TT
Make,2013,481,315AL
Make,2013,481,322
Make,2013,481,323
Make,2013,481,324
Make,2013,481,325
Make,2013,481,326
Make,2013,481,441
Make,2013,481,445
Make,2013,481,452
Make,2013,481,4A0
Make,2013,481,482
Make,2013,481,483
Make,2013,481,484
Make,2013,481,485
Make,2013,481,486
Make,2013,481,493
Make,2013,481,511
Make,2013,481,512
Make,2013,481,513
Make,2013,481,514
Make,2013,481,521CI
Make,2013,481,523
Make,2013,481,524
Make,2013,481,525
Make,2013,481,HS
Make,2013,481,ORE
Make,2013,481,5411
Make,2013,481,55
Make,2013,481,561
Make,2013,481,562
Make,2013,481,61
Make,2013,481,622
Make,2013,481,623
Make,2013,481,624
Make,2013,481,711AS
Make,2013,481,713
Make,2013,481,721
Make,2013,481,722
Make,2013,481,81
Make,2013,481,GFGD
Make,2013,481,GFGN
Make,2013,481,GFE
Make,2013,481,GSLG
Make,2013,481,GSLE
Make,2013,481,Used
Make,2013,481,Other
Make,2013,482,111CA
Make,2013,482,113FF
Make,2013,482,211
Make,2013,482,212
Make,2013,482,213
Make,2013,482,22
Make,2013,482,321
Make,2013,482,327
Make,2013,482,331
Make,2013,482,332
Make,2013,482,333
Make,2013,482,334
Make,2013,482,335
Make,2013,482,3361MV
Make,2013,482,3364OT
Make,2013,482,337
Make,2013,482,339
Make,2013,482,311FT
Make,2013,482,313TT
Make,2013,482,315AL
Make,2013,482,322
Make,2013,482,323
Make,2013,482,324
Make,2013,482,325
Make,2013,482,326
Make,2013,482,42
Make,2013,482,441
Make,2013,482,445
Make,2013,482,452
Make,2013,482,4A0
Make,2013,482,481
Make,2013,482,483
Make,2013,482,484
Make,2013,482,485
Make,2013,482,486
Make,2013,482,487OS
Make,2013,482,493
Make,2013,482,511
Make,2013,482,512
Make,2013,482,513
Make,2013,482,514
Make,2013,482,521CI
Make,2013,482,523
Make,2013,482,524
Make,2013,482,525
Make,2013,482,HS
Make,2013,482,ORE
Make,2013,482,5411
Make,2013,482,55
Make,2013,482,561
Make,2013,482,562
Make,2013,482,61
Make,2013,482,621
Make,2013,482,622
Make,2013,482,623
Make,2013,482,624
Make,2013,482,711AS
Make,2013,482,713
Make,2013,482,721
Make,2013,482,722
Make,2013,482,81
Make,2013,482,GFGD
Make,2013,482,GFGN
Make,2013,482,GFE
Make,2013,482,GSLG
Make,2013,482,GSLE
Make,2013,482,Used
Make,2013,482,Other
Make,2013,483,111CA
Make,2013,483,113FF
Make,2013,483,211
Make,2013,483,212
Make,2013,483,213
Make,2013,483,22
Make,2013,483,321
Make,2013,483,327
Make,2013,483,331
Make,2013,483,332
Make,2013,483,333
Make,2013,483,334
Make,2013,483,335
Make,2013,483,3361MV
Make,2013,483,3364OT
Make,2013,483,337
Make,2013,483,339
Make,2013,483,311FT
Make,2013,483,313TT
Make,2013,483,315AL
Make,2013,483,322
Make,2013,483,323
Make,2013,483,324
Make,2013,483,325
Make,2013,483,326
Make,2013,483,42
Make,2013,483,441
Make,2013,483,445
Make,2013,483,452
Make,2013,483,4A0
Make,2013,483,481
Make,2013,483,482
Make,2013,483,484
Make,2013,483,485
Make,2013,483,486
Make,2013,483,493
Make,2013,483,511
Make,2013,483,512
Make,2013,483,513
Make,2013,483,514
Make,2013,483,521CI
Make,2013,483,523
Make,2013,483,524
Make,2013,483,525
Make,2013,483,HS
Make,2013,483,ORE
Make,2013,483,5411
Make,2013,483,55
Make,2013,483,561
Make,2013,483,562
Make,2013,483,61
Make,2013,483,621
Make,2013,483,622
Make,2013,483,623
Make,2013,483,624
Make,2013,483,711AS
Make,2013,483,721
Make,2013,483,722
Make,2013,483,81
Make,2013,483,GFGD
Make,2013,483,GFGN
Make,2013,483,GFE
Make,2013,483,GSLG
Make,2013,483,GSLE
Make,2013,483,Used
Make,2013,483,Other
Make,2013,484,111CA
Make,2013,484,113FF
Make,2013,484,211
Make,2013,484,212
Make,2013,484,213
Make,2013,484,22
Make,2013,484,321
Make,2013,484,327
Make,2013,484,331
Make,2013,484,332
Make,2013,484,333
Make,2013,484,334
Make,2013,484,335
Make,2013,484,3361MV
Make,2013,484,3364OT
Make,2013,484,337
Make,2013,484,339
Make,2013,484,311FT
Make,2013,484,313TT
Make,2013,484,315AL
Make,2013,484,322
Make,2013,484,323
Make,2013,484,324
Make,2013,484,325
Make,2013,484,326
Make,2013,484,42
Make,2013,484,441
Make,2013,484,445
Make,2013,484,452
Make,2013,484,4A0
Make,2013,484,481
Make,2013,484,482
Make,2013,484,483
Make,2013,484,485
Make,2013,484,486
Make,2013,484,511
Make,2013,484,512
Make,2013,484,513
Make,2013,484,514
Make,2013,484,521CI
Make,2013,484,523
Make,2013,484,524
Make,2013,484,525
Make,2013,484,HS
Make,2013,484,ORE
Make,2013,484,5411
Make,2013,484,55
Make,2013,484,561
Make,2013,484,61
Make,2013,484,621
Make,2013,484,622
Make,2013,484,623
Make,2013,484,624
Make,2013,484,711AS
Make,2013,484,713
Make,2013,484,721
Make,2013,484,722
Make,2013,484,81
Make,2013,484,GFGD
Make,2013,484,GFGN
Make,2013,484,GFE
Make,2013,484,GSLG
Make,2013,484,GSLE
Make,2013,484,Used
Make,2013,484,Other
Make,2013,485,111CA
Make,2013,485,113FF
Make,2013,485,211
Make,2013,485,212
Make,2013,485,213
Make,2013,485,22
Make,2013,485,321
Make,2013,485,327
Make,2013,485,331
Make,2013,485,332
Make,2013,485,333
Make,2013,485,334
Make,2013,485,335
Make,2013,485,3361MV
Make,2013,485,3364OT
Make,2013,485,337
Make,2013,485,339
Make,2013,485,311FT
Make,2013,485,313TT
Make,2013,485,315AL
Make,2013,485,322
Make,2013,485,323
Make,2013,485,324
Make,2013,485,325
Make,2013,485,326
Make,2013,485,441
Make,2013,485,452
Make,2013,485,481
Make,2013,485,482
Make,2013,485,483
Make,2013,485,484
Make,2013,485,486
Make,2013,485,493
Make,2013,485,511
Make,2013,485,512
Make,2013,485,513
Make,2013,485,514
Make,2013,485,521CI
Make,2013,485,523
Make,2013,485,524
Make,2013,485,525
Make,2013,485,HS
Make,2013,485,532RL
Make,2013,485,5411
Make,2013,485,55
Make,2013,485,561
Make,2013,485,562
Make,2013,485,61
Make,2013,485,622
Make,2013,485,623
Make,2013,485,624
Make,2013,485,711AS
Make,2013,485,713
Make,2013,485,721
Make,2013,485,722
Make,2013,485,GFGD
Make,2013,485,GFGN
Make,2013,485,GFE
Make,2013,485,GSLG
Make,2013,485,GSLE
Make,2013,485,Used
Make,2013,485,Other
Make,2013,486,111CA
Make,2013,486,113FF
Make,2013,486,211
Make,2013,486,212
Make,2013,486,213
Make,2013,486,321
Make,2013,486,327
Make,2013,486,331
Make,2013,486,332
Make,2013,486,333
Make,2013,486,334
Make,2013,486,335
Make,2013,486,3361MV
Make,2013,486,3364OT
Make,2013,486,337
Make,2013,486,339
Make,2013,486,311FT
Make,2013,486,313TT
Make,2013,486,315AL
Make,2013,486,322
Make,2013,486,323
Make,2013,486,324
Make,2013,486,325
Make,2013,486,326
Make,2013,486,42
Make,2013,486,441
Make,2013,486,445
Make,2013,486,452
Make,2013,486,4A0
Make,2013,486,481
Make,2013,486,482
Make,2013,486,483
Make,2013,486,484
Make,2013,486,485
Make,2013,486,487OS
Make,2013,486,493
Make,2013,486,511
Make,2013,486,512
Make,2013,486,513
Make,2013,486,514
Make,2013,486,521CI
Make,2013,486,523
Make,2013,486,524
Make,2013,486,525
Make,2013,486,HS
Make,2013,486,ORE
Make,2013,486,532RL
Make,2013,486,5411
Make,2013,486,55
Make,2013,486,561
Make,2013,486,562
Make,2013,486,61
Make,2013,486,621
Make,2013,486,622
Make,2013,486,623
Make,2013,486,624
Make,2013,486,711AS
Make,2013,486,713
Make,2013,486,721
Make,2013,486,722
Make,2013,486,81
Make,2013,486,GFGD
Make,2013,486,GFGN
Make,2013,486,GFE
Make,2013,486,GSLG
Make,2013,486,GSLE
Make,2013,486,Used
Make,2013,486,Other
Make,2013,487OS,111CA
Make,2013,487OS,211
Make,2013,487OS,212
Make,2013,487OS,213
Make,2013,487OS,22
Make,2013,487OS,321
Make,2013,487OS,327
Make,2013,487OS,331
Make,2013,487OS,332
Make,2013,487OS,333
Make,2013,487OS,334
Make,2013,487OS,335
Make,2013,487OS,3361MV
Make,2013,487OS,3364OT
Make,2013,487OS,337
Make,2013,487OS,339
Make,2013,487OS,311FT
Make,2013,487OS,313TT
Make,2013,487OS,315AL
Make,2013,487OS,322
Make,2013,487OS,323
Make,2013,487OS,324
Make,2013,487OS,325
Make,2013,487OS,326
Make,2013,487OS,441
Make,2013,487OS,452
Make,2013,487OS,482
Make,2013,487OS,486
Make,2013,487OS,511
Make,2013,487OS,512
Make,2013,487OS,513
Make,2013,487OS,514
Make,2013,487OS,521CI
Make,2013,487OS,523
Make,2013,487OS,525
Make,2013,487OS,HS
Make,2013,487OS,ORE
Make,2013,487OS,5411
Make,2013,487OS,55
Make,2013,487OS,622
Make,2013,487OS,623
Make,2013,487OS,624
Make,2013,487OS,711AS
Make,2013,487OS,721
Make,2013,487OS,GFGD
Make,2013,487OS,GFGN
Make,2013,487OS,GFE
Make,2013,487OS,GSLG
Make,2013,487OS,GSLE
Make,2013,487OS,Used
Make,2013,487OS,Other
Make,2013,493,111CA
Make,2013,493,113FF
Make,2013,493,211
Make,2013,493,212
Make,2013,493,213
Make,2013,493,22
Make,2013,493,321
Make,2013,493,327
Make,2013,493,331
Make,2013,493,332
Make,2013,493,333
Make,2013,493,334
Make,2013,493,335
Make,2013,493,3361MV
Make,2013,493,3364OT
Make,2013,493,337
Make,2013,493,339
Make,2013,493,311FT
Make,2013,493,313TT
Make,2013,493,315AL
Make,2013,493,322
Make,2013,493,323
Make,2013,493,324
Make,2013,493,325
Make,2013,493,326
Make,2013,493,42
Make,2013,493,441
Make,2013,493,445
Make,2013,493,452
Make,2013,493,481
Make,2013,493,482
Make,2013,493,483
Make,2013,493,485
Make,2013,493,486
Make,2013,493,511
Make,2013,493,512
Make,2013,493,513
Make,2013,493,514
Make,2013,493,521CI
Make,2013,493,523
Make,2013,493,524
Make,2013,493,525
Make,2013,493,HS
Make,2013,493,ORE
Make,2013,493,5411
Make,2013,493,55
Make,2013,493,561
Make,2013,493,61
Make,2013,493,621
Make,2013,493,622
Make,2013,493,623
Make,2013,493,624
Make,2013,493,711AS
Make,2013,493,713
Make,2013,493,721
Make,2013,493,722
Make,2013,493,GFGD
Make,2013,493,GFGN
Make,2013,493,GFE
Make,2013,493,GSLG
Make,2013,493,GSLE
Make,2013,493,Used
Make,2013,493,Other
Make,2013,511,111CA
Make,2013,511,113FF
Make,2013,511,211
Make,2013,511,212
Make,2013,511,213
Make,2013,511,22
Make,2013,511,321
Make,2013,511,327
Make,2013,511,331
Make,2013,511,332
Make,2013,511,333
Make,2013,511,334
Make,2013,511,335
Make,2013,511,3361MV
Make,2013,511,3364OT
Make,2013,511,337
Make,2013,511,339
Make,2013,511,311FT
Make,2013,511,313TT
Make,2013,511,315AL
Make,2013,511,322
Make,2013,511,324
Make,2013,511,325
Make,2013,511,326
Make,2013,511,441
Make,2013,511,445
Make,2013,511,452
Make,2013,511,481
Make,2013,511,482
Make,2013,511,483
Make,2013,511,484
Make,2013,511,485
Make,2013,511,486
Make,2013,511,487OS
Make,2013,511,493
Make,2013,511,512
Make,2013,511,521CI
Make,2013,511,523
Make,2013,511,524
Make,2013,511,525
Make,2013,511,HS
Make,2013,511,ORE
Make,2013,511,5411
Make,2013,511,55
Make,2013,511,621
Make,2013,511,622
Make,2013,511,623
Make,2013,511,624
Make,2013,511,711AS
Make,2013,511,713
Make,2013,511,721
Make,2013,511,722
Make,2013,511,GFGD
Make,2013,511,GFGN
Make,2013,511,GFE
Make,2013,511,GSLG
Make,2013,511,GSLE
Make,2013,511,Used
Make,2013,511,Other
Make,2013,512,111CA
Make,2013,512,113FF
Make,2013,512,211
Make,2013,512,212
Make,2013,512,213
Make,2013,512,22
Make,2013,512,321
Make,2013,512,327
Make,2013,512,331
Make,2013,512,332
Make,2013,512,333
Make,2013,512,335
Make,2013,512,3361MV
Make,2013,512,3364OT
Make,2013,512,337
Make,2013,512,339
Make,2013,512,311FT
Make,2013,512,313TT
Make,2013,512,315AL
Make,2013,512,322
Make,2013,512,323
Make,2013,512,324
Make,2013,512,325
Make,2013,512,326
Make,2013,512,441
Make,2013,512,445
Make,2013,512,452
Make,2013,512,481
Make,2013,512,482
Make,2013,512,483
Make,2013,512,484
Make,2013,512,485
Make,2013,512,486
Make,2013,512,487OS
Make,2013,512,493
Make,2013,512,511
Make,2013,512,513
Make,2013,512,514
Make,2013,512,521CI
Make,2013,512,523
Make,2013,512,524
Make,2013,512,525
Make,2013,512,HS
Make,2013,512,5411
Make,2013,512,55
Make,2013,512,561
Make,2013,512,562
Make,2013,512,61
Make,2013,512,621
Make,2013,512,622
Make,2013,512,623
Make,2013,512,624
Make,2013,512,711AS
Make,2013,512,721
Make,2013,512,722
Make,2013,512,81
Make,2013,512,GFGD
Make,2013,512,GFGN
Make,2013,512,GFE
Make,2013,512,GSLG
Make,2013,512,GSLE
Make,2013,512,Used
Make,2013,512,Other
Make,2013,513,111CA
Make,2013,513,113FF
Make,2013,513,211
Make,2013,513,212
Make,2013,513,213
Make,2013,513,22
Make,2013,513,321
Make,2013,513,327
Make,2013,513,331
Make,2013,513,332
Make,2013,513,333
Make,2013,513,334
Make,2013,513,335
Make,2013,513,3361MV
Make,2013,513,3364OT
Make,2013,513,337
Make,2013,513,339
Make,2013,513,311FT
Make,2013,513,313TT
Make,2013,513,315AL
Make,2013,513,322
Make,2013,513,323
Make,2013,513,324
Make,2013,513,325
Make,2013,513,326
Make,2013,513,441
Make,2013,513,445
Make,2013,513,452
Make,2013,513,481
Make,2013,513,482
Make,2013,513,483
Make,2013,513,484
Make,2013,513,485
Make,2013,513,486
Make,2013,513,487OS
Make,2013,513,493
Make,2013,513,511
Make,2013,513,521CI
Make,2013,513,523
Make,2013,513,524
Make,2013,513,525
Make,2013,513,HS
Make,2013,513,ORE
Make,2013,513,5411
Make,2013,513,55
Make,2013,513,561
Make,2013,513,562
Make,2013,513,621
Make,2013,513,622
Make,2013,513,623
Make,2013,513,624
Make,2013,513,711AS
Make,2013,513,713
Make,2013,513,721
Make,2013,513,722
Make,2013,513,GFGD
Make,2013,513,GFGN
Make,2013,513,GFE
Make,2013,513,GSLG
Make,2013,513,GSLE
Make,2013,513,Used
Make,2013,513,Other
Make,2013,514,111CA
Make,2013,514,113FF
Make,2013,514,211
Make,2013,514,212
Make,2013,514,213
Make,2013,514,22
Make,2013,514,321
Make,2013,514,327
Make,2013,514,331
Make,2013,514,332
Make,2013,514,333
Make,2013,514,335
Make,2013,514,3361MV
Make,2013,514,3364OT
Make,2013,514,337
Make,2013,514,339
Make,2013,514,311FT
Make,2013,514,313TT
Make,2013,514,315AL
Make,2013,514,322
Make,2013,514,323
Make,2013,514,324
Make,2013,514,325
Make,2013,514,326
Make,2013,514,441
Make,2013,514,445
Make,2013,514,452
Make,2013,514,481
Make,2013,514,482
Make,2013,514,483
Make,2013,514,484
Make,2013,514,485
Make,2013,514,486
Make,2013,514,487OS
Make,2013,514,493
Make,2013,514,512
Make,2013,514,521CI
Make,2013,514,523
Make,2013,514,524
Make,2013,514,525
Make,2013,514,HS
Make,2013,514,ORE
Make,2013,514,5411
Make,2013,514,55
Make,2013,514,562
Make,2013,514,621
Make,2013,514,622
Make,2013,514,623
Make,2013,514,624
Make,2013,514,711AS
Make,2013,514,713
Make,2013,514,721
Make,2013,514,722
Make,2013,514,GFGD
Make,2013,514,GFGN
Make,2013,514,GFE
Make,2013,514,GSLG
Make,2013,514,GSLE
Make,2013,514,Used
Make,2013,514,Other
Make,2013,521CI,111CA
Make,2013,521CI,113FF
Make,2013,521CI,211
Make,2013,521CI,212
Make,2013,521CI,213
Make,2013,521CI,22
Make,2013,521CI,321
Make,2013,521CI,327
Make,2013,521CI,331
Make,2013,521CI,332
Make,2013,521CI,333
Make,2013,521CI,334
Make,2013,521CI,335
Make,2013,521CI,3361MV
Make,2013,521CI,3364OT
Make,2013,521CI,337
Make,2013,521CI,339
Make,2013,521CI,311FT
Make,2013,521CI,313TT
Make,2013,521CI,315AL
Make,2013,521CI,322
Make,2013,521CI,323
Make,2013,521CI,324
Make,2013,521CI,325
Make,2013,521CI,326
Make,2013,521CI,42
Make,2013,521CI,441
Make,2013,521CI,445
Make,2013,521CI,452
Make,2013,521CI,481
Make,2013,521CI,482
Make,2013,521CI,483
Make,2013,521CI,484
Make,2013,521CI,485
Make,2013,521CI,486
Make,2013,521CI,487OS
Make,2013,521CI,493
Make,2013,521CI,511
Make,2013,521CI,512
Make,2013,521CI,513
Make,2013,521CI,514
Make,2013,521CI,524
Make,2013,521CI,525
Make,2013,521CI,HS
Make,2013,521CI,ORE
Make,2013,521CI,5411
Make,2013,521CI,55
Make,2013,521CI,561
Make,2013,521CI,562
Make,2013,521CI,61
Make,2013,521CI,621
Make,2013,521CI,622
Make,2013,521CI,623
Make,2013,521CI,624
Make,2013,521CI,711AS
Make,2013,521CI,713
Make,2013,521CI,721
Make,2013,521CI,722
Make,2013,521CI,81
Make,2013,521CI,GFGD
Make,2013,521CI,GFGN
Make,2013,521CI,GFE
Make,2013,521CI,GSLG
Make,2013,521CI,GSLE
Make,2013,521CI,Used
Make,2013,521CI,Other
Make,2013,523,111CA
Make,2013,523,113FF
Make,2013,523,211
Make,2013,523,212
Make,2013,523,213
Make,2013,523,22
Make,2013,523,321
Make,2013,523,327
Make,2013,523,331
Make,2013,523,332
Make,2013,523,333
Make,2013,523,334
Make,2013,523,335
Make,2013,523,3361MV
Make,2013,523,3364OT
Make,2013,523,337
Make,2013,523,339
Make,2013,523,311FT
Make,2013,523,313TT
Make,2013,523,315AL
Make,2013,523,322
Make,2013,523,323
Make,2013,523,324
Make,2013,523,325
Make,2013,523,326
Make,2013,523,42
Make,2013,523,441
Make,2013,523,445
Make,2013,523,452
Make,2013,523,4A0
Make,2013,523,481
Make,2013,523,482
Make,2013,523,483
Make,2013,523,484
Make,2013,523,485
Make,2013,523,486
Make,2013,523,487OS
Make,2013,523,493
Make,2013,523,511
Make,2013,523,512
Make,2013,523,513
Make,2013,523,514
Make,2013,523,525
Make,2013,523,HS
Make,2013,523,ORE
Make,2013,523,532RL
Make,2013,523,5411
Make,2013,523,55
Make,2013,523,561
Make,2013,523,562
Make,2013,523,61
Make,2013,523,621
Make,2013,523,622
Make,2013,523,623
Make,2013,523,624
Make,2013,523,711AS
Make,2013,523,713
Make,2013,523,721
Make,2013,523,722
Make,2013,523,81
Make,2013,523,GFGD
Make,2013,523,GFGN
Make,2013,523,GFE
Make,2013,523,GSLG
Make,2013,523,GSLE
Make,2013,523,Used
Make,2013,523,Other
Make,2013,524,111CA
Make,2013,524,113FF
Make,2013,524,211
Make,2013,524,212
Make,2013,524,213
Make,2013,524,22
Make,2013,524,321
Make,2013,524,327
Make,2013,524,331
Make,2013,524,332
Make,2013,524,333
Make,2013,524,334
Make,2013,524,335
Make,2013,524,3361MV
Make,2013,524,3364OT
Make,2013,524,337
Make,2013,524,339
Make,2013,524,311FT
Make,2013,524,313TT
Make,2013,524,315AL
Make,2013,524,322
Make,2013,524,323
Make,2013,524,324
Make,2013,524,325
Make,2013,524,326
Make,2013,524,42
Make,2013,524,441
Make,2013,524,445
Make,2013,524,452
Make,2013,524,4A0
Make,2013,524,481
Make,2013,524,482
Make,2013,524,483
Make,2013,524,484
Make,2013,524,485
Make,2013,524,486
Make,2013,524,487OS
Make,2013,524,493
Make,2013,524,511
Make,2013,524,512
Make,2013,524,513
Make,2013,524,514
Make,2013,524,521CI
Make,2013,524,525
Make,2013,524,HS
Make,2013,524,532RL
Make,2013,524,55
Make,2013,524,561
Make,2013,524,562
Make,2013,524,61
Make,2013,524,621
Make,2013,524,622
Make,2013,524,623
Make,2013,524,624
Make,2013,524,711AS
Make,2013,524,713
Make,2013,524,721
Make,2013,524,722
Make,2013,524,81
Make,2013,524,GFGD
Make,2013,524,GFGN
Make,2013,524,GFE
Make,2013,524,GSLG
Make,2013,524,GSLE
Make,2013,524,Used
Make,2013,524,Other
Make,2013,525,111CA
Make,2013,525,113FF
Make,2013,525,211
Make,2013,525,212
Make,2013,525,213
Make,2013,525,22
Make,2013,525,321
Make,2013,525,327
Make,2013,525,331
Make,2013,525,332
Make,2013,525,333
Make,2013,525,334
Make,2013,525,335
Make,2013,525,3361MV
Make,2013,525,3364OT
Make,2013,525,337
Make,2013,525,339
Make,2013,525,311FT
Make,2013,525,313TT
Make,2013,525,315AL
Make,2013,525,322
Make,2013,525,323
Make,2013,525,324
Make,2013,525,325
Make,2013,525,326
Make,2013,525,42
Make,2013,525,441
Make,2013,525,445
Make,2013,525,452
Make,2013,525,4A0
Make,2013,525,481
Make,2013,525,482
Make,2013,525,483
Make,2013,525,484
Make,2013,525,485
Make,2013,525,486
Make,2013,525,487OS
Make,2013,525,493
Make,2013,525,511
Make,2013,525,512
Make,2013,525,513
Make,2013,525,514
Make,2013,525,521CI
Make,2013,525,523
Make,2013,525,524
Make,2013,525,HS
Make,2013,525,ORE
Make,2013,525,532RL
Make,2013,525,5411
Make,2013,525,55
Make,2013,525,561
Make,2013,525,562
Make,2013,525,61
Make,2013,525,621
Make,2013,525,622
Make,2013,525,623
Make,2013,525,624
Make,2013,525,711AS
Make,2013,525,713
Make,2013,525,721
Make,2013,525,722
Make,2013,525,81
Make,2013,525,GFGD
Make,2013,525,GFGN
Make,2013,525,GFE
Make,2013,525,GSLG
Make,2013,525,GSLE
Make,2013,525,Used
Make,2013,525,Other
Make,2013,HS,111CA
Make,2013,HS,113FF
Make,2013,HS,211
Make,2013,HS,212
Make,2013,HS,213
Make,2013,HS,22
Make,2013,HS,321
Make,2013,HS,327
Make,2013,HS,331
Make,2013,HS,332
Make,2013,HS,333
Make,2013,HS,334
Make,2013,HS,335
Make,2013,HS,3361MV
Make,2013,HS,3364OT
Make,2013,HS,337
Make,2013,HS,339
Make,2013,HS,311FT
Make,2013,HS,313TT
Make,2013,HS,315AL
Make,2013,HS,322
Make,2013,HS,323
Make,2013,HS,324
Make,2013,HS,325
Make,2013,HS,326
Make,2013,HS,42
Make,2013,HS,441
Make,2013,HS,445
Make,2013,HS,452
Make,2013,HS,4A0
Make,2013,HS,481
Make,2013,HS,482
Make,2013,HS,483
Make,2013,HS,484
Make,2013,HS,485
Make,2013,HS,486
Make,2013,HS,487OS
Make,2013,HS,493
Make,2013,HS,511
Make,2013,HS,512
Make,2013,HS,513
Make,2013,HS,514
Make,2013,HS,521CI
Make,2013,HS,523
Make,2013,HS,524
Make,2013,HS,525
Make,2013,HS,ORE
Make,2013,HS,532RL
Make,2013,HS,5411
Make,2013,HS,55
Make,2013,HS,561
Make,2013,HS,562
Make,2013,HS,61
Make,2013,HS,621
Make,2013,HS,622
Make,2013,HS,623
Make,2013,HS,624
Make,2013,HS,711AS
Make,2013,HS,713
Make,2013,HS,721
Make,2013,HS,722
Make,2013,HS,81
Make,2013,HS,GFGD
Make,2013,HS,GFGN
Make,2013,HS,GFE
Make,2013,HS,GSLG
Make,2013,HS,GSLE
Make,2013,HS,Used
Make,2013,HS,Other
Make,2013,ORE,111CA
Make,2013,ORE,113FF
Make,2013,ORE,211
Make,2013,ORE,212
Make,2013,ORE,213
Make,2013,ORE,22
Make,2013,ORE,321
Make,2013,ORE,327
Make,2013,ORE,331
Make,2013,ORE,332
Make,2013,ORE,333
Make,2013,ORE,334
Make,2013,ORE,335
Make,2013,ORE,3361MV
Make,2013,ORE,3364OT
Make,2013,ORE,337
Make,2013,ORE,339
Make,2013,ORE,311FT
Make,2013,ORE,313TT
Make,2013,ORE,315AL
Make,2013,ORE,322
Make,2013,ORE,323
Make,2013,ORE,324
Make,2013,ORE,325
Make,2013,ORE,326
Make,2013,ORE,42
Make,2013,ORE,441
Make,2013,ORE,445
Make,2013,ORE,452
Make,2013,ORE,4A0
Make,2013,ORE,481
Make,2013,ORE,482
Make,2013,ORE,483
Make,2013,ORE,484
Make,2013,ORE,485
Make,2013,ORE,486
Make,2013,ORE,487OS
Make,2013,ORE,493
Make,2013,ORE,511
Make,2013,ORE,512
Make,2013,ORE,513
Make,2013,ORE,514
Make,2013,ORE,523
Make,2013,ORE,525
Make,2013,ORE,HS
Make,2013,ORE,532RL
Make,2013,ORE,5411
Make,2013,ORE,55
Make,2013,ORE,561
Make,2013,ORE,562
Make,2013,ORE,61
Make,2013,ORE,621
Make,2013,ORE,622
Make,2013,ORE,623
Make,2013,ORE,624
Make,2013,ORE,711AS
Make,2013,ORE,722
Make,2013,ORE,GFGD
Make,2013,ORE,GFGN
Make,2013,ORE,GFE
Make,2013,ORE,GSLG
Make,2013,ORE,GSLE
Make,2013,ORE,Used
Make,2013,ORE,Other
Make,2013,532RL,111CA
Make,2013,532RL,113FF
Make,2013,532RL,211
Make,2013,532RL,212
Make,2013,532RL,213
Make,2013,532RL,22
Make,2013,532RL,321
Make,2013,532RL,327
Make,2013,532RL,331
Make,2013,532RL,332
Make,2013,532RL,333
Make,2013,532RL,334
Make,2013,532RL,335
Make,2013,532RL,3361MV
Make,2013,532RL,3364OT
Make,2013,532RL,337
Make,2013,532RL,339
Make,2013,532RL,311FT
Make,2013,532RL,313TT
Make,2013,532RL,315AL
Make,2013,532RL,322
Make,2013,532RL,323
Make,2013,532RL,324
Make,2013,532RL,325
Make,2013,532RL,326
Make,2013,532RL,42
Make,2013,532RL,445
Make,2013,532RL,481
Make,2013,532RL,482
Make,2013,532RL,483
Make,2013,532RL,486
Make,2013,532RL,487OS
Make,2013,532RL,493
Make,2013,532RL,511
Make,2013,532RL,512
Make,2013,532RL,513
Make,2013,532RL,514
Make,2013,532RL,525
Make,2013,532RL,HS
Make,2013,532RL,5411
Make,2013,532RL,55
Make,2013,532RL,561
Make,2013,532RL,562
Make,2013,532RL,621
Make,2013,532RL,622
Make,2013,532RL,623
Make,2013,532RL,624
Make,2013,532RL,711AS
Make,2013,532RL,713
Make,2013,532RL,721
Make,2013,532RL,722
Make,2013,532RL,GFGD
Make,2013,532RL,GFGN
Make,2013,532RL,GFE
Make,2013,532RL,GSLG
Make,2013,532RL,GSLE
Make,2013,532RL,Used
Make,2013,532RL,Other
Make,2013,5411,111CA
Make,2013,5411,113FF
Make,2013,5411,211
Make,2013,5411,212
Make,2013,5411,213
Make,2013,5411,22
Make,2013,5411,321
Make,2013,5411,327
Make,2013,5411,331
Make,2013,5411,332
Make,2013,5411,333
Make,2013,5411,334
Make,2013,5411,335
Make,2013,5411,3361MV
Make,2013,5411,3364OT
Make,2013,5411,337
Make,2013,5411,339
Make,2013,5411,311FT
Make,2013,5411,313TT
Make,2013,5411,315AL
Make,2013,5411,322
Make,2013,5411,323
Make,2013,5411,324
Make,2013,5411,325
Make,2013,5411,326
Make,2013,5411,42
Make,2013,5411,441
Make,2013,5411,445
Make,2013,5411,452
Make,2013,5411,4A0
Make,2013,5411,481
Make,2013,5411,482
Make,2013,5411,483
Make,2013,5411,484
Make,2013,5411,485
Make,2013,5411,486
Make,2013,5411,487OS
Make,2013,5411,493
Make,2013,5411,511
Make,2013,5411,512
Make,2013,5411,513
Make,2013,5411,514
Make,2013,5411,521CI
Make,2013,5411,523
Make,2013,5411,524
Make,2013,5411,525
Make,2013,5411,HS
Make,2013,5411,ORE
Make,2013,5411,532RL
Make,2013,5411,55
Make,2013,5411,561
Make,2013,5411,562
Make,2013,5411,61
Make,2013,5411,621
Make,2013,5411,622
Make,2013,5411,623
Make,2013,5411,624
Make,2013,5411,711AS
Make,2013,5411,713
Make,2013,5411,721
Make,2013,5411,722
Make,2013,5411,81
Make,2013,5411,GFGD
Make,2013,5411,GFGN
Make,2013,5411,GFE
Make,2013,5411,GSLG
Make,2013,5411,GSLE
Make,2013,5411,Used
Make,2013,5411,Other
Make,2013,5415,111CA
Make,2013,5415,113FF
Make,2013,5415,211
Make,2013,5415,212
Make,2013,5415,213
Make,2013,5415,22
Make,2013,5415,321
Make,2013,5415,327
Make,2013,5415,331
Make,2013,5415,332
Make,2013,5415,333
Make,2013,5415,334
Make,2013,5415,335
Make,2013,5415,3361MV
Make,2013,5415,3364OT
Make,2013,5415,337
Make,2013,5415,339
Make,2013,5415,311FT
Make,2013,5415,313TT
Make,2013,5415,315AL
Make,2013,5415,322
Make,2013,5415,323
Make,2013,5415,324
Make,2013,5415,325
Make,2013,5415,326
Make,2013,5415,441
Make,2013,5415,445
Make,2013,5415,452
Make,2013,5415,481
Make,2013,5415,482
Make,2013,5415,483
Make,2013,5415,484
Make,2013,5415,485
Make,2013,5415,486
Make,2013,5415,487OS
Make,2013,5415,493
Make,2013,5415,512
Make,2013,5415,521CI
Make,2013,5415,523
Make,2013,5415,524
Make,2013,5415,525
Make,2013,5415,HS
Make,2013,5415,ORE
Make,2013,5415,5411
Make,2013,5415,55
Make,2013,5415,562
Make,2013,5415,621
Make,2013,5415,622
Make,2013,5415,623
Make,2013,5415,624
Make,2013,5415,711AS
Make,2013,5415,713
Make,2013,5415,721
Make,2013,5415,722
Make,2013,5415,GFGD
Make,2013,5415,GFGN
Make,2013,5415,GFE
Make,2013,5415,GSLG
Make,2013,5415,GSLE
Make,2013,5415,Used
Make,2013,5415,Other
Make,2013,5412OP,111CA
Make,2013,5412OP,113FF
Make,2013,5412OP,211
Make,2013,5412OP,212
Make,2013,5412OP,213
Make,2013,5412OP,22
Make,2013,5412OP,321
Make,2013,5412OP,327
Make,2013,5412OP,331
Make,2013,5412OP,332
Make,2013,5412OP,333
Make,2013,5412OP,334
Make,2013,5412OP,335
Make,2013,5412OP,3361MV
Make,2013,5412OP,3364OT
Make,2013,5412OP,337
Make,2013,5412OP,339
Make,2013,5412OP,311FT
Make,2013,5412OP,313TT
Make,2013,5412OP,315AL
Make,2013,5412OP,322
Make,2013,5412OP,324
Make,2013,5412OP,325
Make,2013,5412OP,326
Make,2013,5412OP,42
Make,2013,5412OP,441
Make,2013,5412OP,445
Make,2013,5412OP,481
Make,2013,5412OP,482
Make,2013,5412OP,483
Make,2013,5412OP,484
Make,2013,5412OP,485
Make,2013,5412OP,486
Make,2013,5412OP,487OS
Make,2013,5412OP,493
Make,2013,5412OP,511
Make,2013,5412OP,512
Make,2013,5412OP,513
Make,2013,5412OP,521CI
Make,2013,5412OP,524
Make,2013,5412OP,525
Make,2013,5412OP,HS
Make,2013,5412OP,ORE
Make,2013,5412OP,5411
Make,2013,5412OP,55
Make,2013,5412OP,562
Make,2013,5412OP,61
Make,2013,5412OP,621
Make,2013,5412OP,622
Make,2013,5412OP,623
Make,2013,5412OP,624
Make,2013,5412OP,713
Make,2013,5412OP,721
Make,2013,5412OP,722
Make,2013,5412OP,GFGD
Make,2013,5412OP,GFGN
Make,2013,5412OP,GFE
Make,2013,5412OP,GSLG
Make,2013,5412OP,GSLE
Make,2013,5412OP,Used
Make,2013,5412OP,Other
Make,2013,55,111CA
Make,2013,55,113FF
Make,2013,55,211
Make,2013,55,212
Make,2013,55,213
Make,2013,55,22
Make,2013,55,321
Make,2013,55,327
Make,2013,55,331
Make,2013,55,332
Make,2013,55,333
Make,2013,55,334
Make,2013,55,335
Make,2013,55,3361MV
Make,2013,55,3364OT
Make,2013,55,337
Make,2013,55,339
Make,2013,55,311FT
Make,2013,55,313TT
Make,2013,55,315AL
Make,2013,55,322
Make,2013,55,323
Make,2013,55,324
Make,2013,55,325
Make,2013,55,326
Make,2013,55,42
Make,2013,55,441
Make,2013,55,445
Make,2013,55,452
Make,2013,55,4A0
Make,2013,55,481
Make,2013,55,482
Make,2013,55,483
Make,2013,55,484
Make,2013,55,485
Make,2013,55,486
Make,2013,55,487OS
Make,2013,55,493
Make,2013,55,511
Make,2013,55,512
Make,2013,55,513
Make,2013,55,514
Make,2013,55,521CI
Make,2013,55,523
Make,2013,55,524
Make,2013,55,525
Make,2013,55,HS
Make,2013,55,ORE
Make,2013,55,532RL
Make,2013,55,5411
Make,2013,55,561
Make,2013,55,562
Make,2013,55,61
Make,2013,55,621
Make,2013,55,622
Make,2013,55,623
Make,2013,55,624
Make,2013,55,711AS
Make,2013,55,713
Make,2013,55,721
Make,2013,55,722
Make,2013,55,81
Make,2013,55,GFGD
Make,2013,55,GFGN
Make,2013,55,GFE
Make,2013,55,GSLG
Make,2013,55,GSLE
Make,2013,55,Used
Make,2013,55,Other
Make,2013,561,111CA
Make,2013,561,113FF
Make,2013,561,211
Make,2013,561,212
Make,2013,561,213
Make,2013,561,22
Make,2013,561,321
Make,2013,561,327
Make,2013,561,331
Make,2013,561,332
Make,2013,561,333
Make,2013,561,334
Make,2013,561,335
Make,2013,561,3361MV
Make,2013,561,3364OT
Make,2013,561,337
Make,2013,561,339
Make,2013,561,311FT
Make,2013,561,313TT
Make,2013,561,315AL
Make,2013,561,322
Make,2013,561,324
Make,2013,561,325
Make,2013,561,326
Make,2013,561,42
Make,2013,561,441
Make,2013,561,445
Make,2013,561,452
Make,2013,561,481
Make,2013,561,482
Make,2013,561,483
Make,2013,561,484
Make,2013,561,485
Make,2013,561,486
Make,2013,561,487OS
Make,2013,561,493
Make,2013,561,511
Make,2013,561,512
Make,2013,561,513
Make,2013,561,514
Make,2013,561,521CI
Make,2013,561,523
Make,2013,561,525
Make,2013,561,HS
Make,2013,561,5411
Make,2013,561,55
Make,2013,561,622
Make,2013,561,623
Make,2013,561,711AS
Make,2013,561,713
Make,2013,561,721
Make,2013,561,722
Make,2013,561,GFGD
Make,2013,561,GFGN
Make,2013,561,GFE
Make,2013,561,GSLG
Make,2013,561,GSLE
Make,2013,561,Used
Make,2013,561,Other
Make,2013,562,111CA
Make,2013,562,113FF
Make,2013,562,212
Make,2013,562,213
Make,2013,562,22
Make,2013,562,321
Make,2013,562,327
Make,2013,562,331
Make,2013,562,332
Make,2013,562,333
Make,2013,562,334
Make,2013,562,335
Make,2013,562,3361MV
Make,2013,562,3364OT
Make,2013,562,337
Make,2013,562,339
Make,2013,562,311FT
Make,2013,562,313TT
Make,2013,562,315AL
Make,2013,562,322
Make,2013,562,323
Make,2013,562,324
Make,2013,562,325
Make,2013,562,326
Make,2013,562,42
Make,2013,562,441
Make,2013,562,445
Make,2013,562,452
Make,2013,562,481
Make,2013,562,482
Make,2013,562,483
Make,2013,562,484
Make,2013,562,485
Make,2013,562,486
Make,2013,562,493
Make,2013,562,511
Make,2013,562,512
Make,2013,562,513
Make,2013,562,514
Make,2013,562,521CI
Make,2013,562,523
Make,2013,562,524
Make,2013,562,525
Make,2013,562,HS
Make,2013,562,ORE
Make,2013,562,5411
Make,2013,562,55
Make,2013,562,561
Make,2013,562,61
Make,2013,562,621
Make,2013,562,622
Make,2013,562,623
Make,2013,562,624
Make,2013,562,711AS
Make,2013,562,713
Make,2013,562,721
Make,2013,562,722
Make,2013,562,81
Make,2013,562,GFGD
Make,2013,562,GFGN
Make,2013,562,GFE
Make,2013,562,GSLG
Make,2013,562,GSLE
Make,2013,562,Other
Make,2013,61,111CA
Make,2013,61,113FF
Make,2013,61,211
Make,2013,61,212
Make,2013,61,213
Make,2013,61,22
Make,2013,61,321
Make,2013,61,327
Make,2013,61,331
Make,2013,61,332
Make,2013,61,333
Make,2013,61,334
Make,2013,61,335
Make,2013,61,3361MV
Make,2013,61,3364OT
Make,2013,61,337
Make,2013,61,339
Make,2013,61,311FT
Make,2013,61,313TT
Make,2013,61,315AL
Make,2013,61,322
Make,2013,61,323
Make,2013,61,324
Make,2013,61,325
Make,2013,61,326
Make,2013,61,42
Make,2013,61,441
Make,2013,61,445
Make,2013,61,452
Make,2013,61,481
Make,2013,61,482
Make,2013,61,483
Make,2013,61,484
Make,2013,61,485
Make,2013,61,486
Make,2013,61,487OS
Make,2013,61,493
Make,2013,61,511
Make,2013,61,512
Make,2013,61,513
Make,2013,61,514
Make,2013,61,521CI
Make,2013,61,523
Make,2013,61,525
Make,2013,61,HS
Make,2013,61,5411
Make,2013,61,55
Make,2013,61,561
Make,2013,61,562
Make,2013,61,621
Make,2013,61,622
Make,2013,61,623
Make,2013,61,624
Make,2013,61,713
Make,2013,61,GFGD
Make,2013,61,GFGN
Make,2013,61,GFE
Make,2013,61,GSLG
Make,2013,61,GSLE
Make,2013,61,Used
Make,2013,61,Other
Make,2013,621,111CA
Make,2013,621,113FF
Make,2013,621,211
Make,2013,621,212
Make,2013,621,213
Make,2013,621,22
Make,2013,621,321
Make,2013,621,327
Make,2013,621,331
Make,2013,621,332
Make,2013,621,333
Make,2013,621,334
Make,2013,621,335
Make,2013,621,3361MV
Make,2013,621,3364OT
Make,2013,621,337
Make,2013,621,339
Make,2013,621,311FT
Make,2013,621,313TT
Make,2013,621,315AL
Make,2013,621,322
Make,2013,621,323
Make,2013,621,324
Make,2013,621,325
Make,2013,621,326
Make,2013,621,42
Make,2013,621,441
Make,2013,621,445
Make,2013,621,452
Make,2013,621,481
Make,2013,621,482
Make,2013,621,483
Make,2013,621,484
Make,2013,621,485
Make,2013,621,486
Make,2013,621,487OS
Make,2013,621,493
Make,2013,621,511
Make,2013,621,512
Make,2013,621,513
Make,2013,621,514
Make,2013,621,521CI
Make,2013,621,523
Make,2013,621,524
Make,2013,621,525
Make,2013,621,HS
Make,2013,621,ORE
Make,2013,621,5411
Make,2013,621,55
Make,2013,621,561
Make,2013,621,562
Make,2013,621,61
Make,2013,621,622
Make,2013,621,624
Make,2013,621,711AS
Make,2013,621,713
Make,2013,621,721
Make,2013,621,81
Make,2013,621,GFGD
Make,2013,621,GFGN
Make,2013,621,GFE
Make,2013,621,GSLG
Make,2013,621,GSLE
Make,2013,621,Used
Make,2013,621,Other
Make,2013,622,111CA
Make,2013,622,113FF
Make,2013,622,211
Make,2013,622,212
Make,2013,622,213
Make,2013,622,22
Make,2013,622,321
Make,2013,622,327
Make,2013,622,331
Make,2013,622,332
Make,2013,622,333
Make,2013,622,334
Make,2013,622,335
Make,2013,622,3361MV
Make,2013,622,3364OT
Make,2013,622,337
Make,2013,622,339
Make,2013,622,311FT
Make,2013,622,313TT
Make,2013,622,315AL
Make,2013,622,322
Make,2013,622,323
Make,2013,622,324
Make,2013,622,325
Make,2013,622,326
Make,2013,622,42
Make,2013,622,441
Make,2013,622,445
Make,2013,622,452
Make,2013,622,481
Make,2013,622,482
Make,2013,622,483
Make,2013,622,484
Make,2013,622,485
Make,2013,622,486
Make,2013,622,487OS
Make,2013,622,493
Make,2013,622,511
Make,2013,622,512
Make,2013,622,513
Make,2013,622,514
Make,2013,622,521CI
Make,2013,622,523
Make,2013,622,524
Make,2013,622,525
Make,2013,622,HS
Make,2013,622,ORE
Make,2013,622,5411
Make,2013,622,55
Make,2013,622,561
Make,2013,622,562
Make,2013,622,61
Make,2013,622,624
Make,2013,622,711AS
Make,2013,622,713
Make,2013,622,721
Make,2013,622,81
Make,2013,622,GFGD
Make,2013,622,GFGN
Make,2013,622,GFE
Make,2013,622,GSLG
Make,2013,622,GSLE
Make,2013,622,Used
Make,2013,622,Other
Make,2013,623,111CA
Make,2013,623,113FF
Make,2013,623,211
Make,2013,623,212
Make,2013,623,213
Make,2013,623,22
Make,2013,623,321
Make,2013,623,327
Make,2013,623,331
Make,2013,623,332
Make,2013,623,333
Make,2013,623,334
Make,2013,623,335
Make,2013,623,3361MV
Make,2013,623,3364OT
Make,2013,623,337
Make,2013,623,339
Make,2013,623,311FT
Make,2013,623,313TT
Make,2013,623,315AL
Make,2013,623,322
Make,2013,623,323
Make,2013,623,324
Make,2013,623,325
Make,2013,623,326
Make,2013,623,42
Make,2013,623,441
Make,2013,623,445
Make,2013,623,452
Make,2013,623,481
Make,2013,623,482
Make,2013,623,483
Make,2013,623,484
Make,2013,623,485
Make,2013,623,486
Make,2013,623,487OS
Make,2013,623,493
Make,2013,623,511
Make,2013,623,512
Make,2013,623,513
Make,2013,623,514
Make,2013,623,521CI
Make,2013,623,523
Make,2013,623,524
Make,2013,623,525
Make,2013,623,HS
Make,2013,623,5411
Make,2013,623,55
Make,2013,623,561
Make,2013,623,562
Make,2013,623,61
Make,2013,623,622
Make,2013,623,711AS
Make,2013,623,713
Make,2013,623,721
Make,2013,623,81
Make,2013,623,GFGD
Make,2013,623,GFGN
Make,2013,623,GFE
Make,2013,623,GSLG
Make,2013,623,GSLE
Make,2013,623,Used
Make,2013,623,Other
Make,2013,624,111CA
Make,2013,624,113FF
Make,2013,624,211
Make,2013,624,212
Make,2013,624,213
Make,2013,624,22
Make,2013,624,321
Make,2013,624,327
Make,2013,624,331
Make,2013,624,332
Make,2013,624,333
Make,2013,624,334
Make,2013,624,335
Make,2013,624,3361MV
Make,2013,624,3364OT
Make,2013,624,337
Make,2013,624,339
Make,2013,624,311FT
Make,2013,624,313TT
Make,2013,624,315AL
Make,2013,624,322
Make,2013,624,323
Make,2013,624,324
Make,2013,624,325
Make,2013,624,326
Make,2013,624,42
Make,2013,624,441
Make,2013,624,445
Make,2013,624,481
Make,2013,624,482
Make,2013,624,483
Make,2013,624,484
Make,2013,624,485
Make,2013,624,486
Make,2013,624,487OS
Make,2013,624,493
Make,2013,624,511
Make,2013,624,512
Make,2013,624,513
Make,2013,624,514
Make,2013,624,521CI
Make,2013,624,523
Make,2013,624,524
Make,2013,624,525
Make,2013,624,HS
Make,2013,624,ORE
Make,2013,624,532RL
Make,2013,624,5411
Make,2013,624,55
Make,2013,624,561
Make,2013,624,562
Make,2013,624,61
Make,2013,624,622
Make,2013,624,711AS
Make,2013,624,713
Make,2013,624,721
Make,2013,624,81
Make,2013,624,GFGD
Make,2013,624,GFGN
Make,2013,624,GFE
Make,2013,624,GSLG
Make,2013,624,GSLE
Make,2013,624,Used
Make,2013,624,Other
Make,2013,711AS,111CA
Make,2013,711AS,113FF
Make,2013,711AS,211
Make,2013,711AS,212
Make,2013,711AS,213
Make,2013,711AS,22
Make,2013,711AS,321
Make,2013,711AS,327
Make,2013,711AS,331
Make,2013,711AS,332
Make,2013,711AS,333
Make,2013,711AS,334
Make,2013,711AS,335
Make,2013,711AS,3361MV
Make,2013,711AS,3364OT
Make,2013,711AS,337
Make,2013,711AS,339
Make,2013,711AS,311FT
Make,2013,711AS,313TT
Make,2013,711AS,315AL
Make,2013,711AS,322
Make,2013,711AS,323
Make,2013,711AS,324
Make,2013,711AS,325
Make,2013,711AS,326
Make,2013,711AS,42
Make,2013,711AS,441
Make,2013,711AS,445
Make,2013,711AS,452
Make,2013,711AS,481
Make,2013,711AS,482
Make,2013,711AS,483
Make,2013,711AS,484
Make,2013,711AS,485
Make,2013,711AS,486
Make,2013,711AS,487OS
Make,2013,711AS,493
Make,2013,711AS,511
Make,2013,711AS,512
Make,2013,711AS,513
Make,2013,711AS,514
Make,2013,711AS,521CI
Make,2013,711AS,523
Make,2013,711AS,524
Make,2013,711AS,525
Make,2013,711AS,HS
Make,2013,711AS,5411
Make,2013,711AS,55
Make,2013,711AS,561
Make,2013,711AS,562
Make,2013,711AS,621
Make,2013,711AS,622
Make,2013,711AS,623
Make,2013,711AS,624
Make,2013,711AS,GFGD
Make,2013,711AS,GFGN
Make,2013,711AS,GFE
Make,2013,711AS,GSLG
Make,2013,711AS,GSLE
Make,2013,711AS,Used
Make,2013,711AS,Other
Make,2013,713,111CA
Make,2013,713,113FF
Make,2013,713,211
Make,2013,713,212
Make,2013,713,213
Make,2013,713,22
Make,2013,713,321
Make,2013,713,327
Make,2013,713,331
Make,2013,713,332
Make,2013,713,333
Make,2013,713,334
Make,2013,713,335
Make,2013,713,3361MV
Make,2013,713,3364OT
Make,2013,713,337
Make,2013,713,339
Make,2013,713,311FT
Make,2013,713,313TT
Make,2013,713,315AL
Make,2013,713,322
Make,2013,713,323
Make,2013,713,324
Make,2013,713,325
Make,2013,713,326
Make,2013,713,42
Make,2013,713,445
Make,2013,713,452
Make,2013,713,481
Make,2013,713,482
Make,2013,713,483
Make,2013,713,484
Make,2013,713,485
Make,2013,713,486
Make,2013,713,487OS
Make,2013,713,493
Make,2013,713,511
Make,2013,713,512
Make,2013,713,513
Make,2013,713,514
Make,2013,713,521CI
Make,2013,713,523
Make,2013,713,524
Make,2013,713,525
Make,2013,713,HS
Make,2013,713,5411
Make,2013,713,55
Make,2013,713,561
Make,2013,713,562
Make,2013,713,621
Make,2013,713,622
Make,2013,713,623
Make,2013,713,GFGD
Make,2013,713,GFGN
Make,2013,713,GFE
Make,2013,713,GSLG
Make,2013,713,GSLE
Make,2013,713,Used
Make,2013,713,Other
Make,2013,721,111CA
Make,2013,721,113FF
Make,2013,721,211
Make,2013,721,212
Make,2013,721,213
Make,2013,721,22
Make,2013,721,321
Make,2013,721,327
Make,2013,721,331
Make,2013,721,332
Make,2013,721,333
Make,2013,721,334
Make,2013,721,335
Make,2013,721,3361MV
Make,2013,721,3364OT
Make,2013,721,337
Make,2013,721,339
Make,2013,721,311FT
Make,2013,721,313TT
Make,2013,721,315AL
Make,2013,721,322
Make,2013,721,323
Make,2013,721,324
Make,2013,721,325
Make,2013,721,326
Make,2013,721,42
Make,2013,721,481
Make,2013,721,482
Make,2013,721,483
Make,2013,721,484
Make,2013,721,485
Make,2013,721,486
Make,2013,721,487OS
Make,2013,721,493
Make,2013,721,511
Make,2013,721,512
Make,2013,721,514
Make,2013,721,521CI
Make,2013,721,523
Make,2013,721,524
Make,2013,721,525
Make,2013,721,5411
Make,2013,721,55
Make,2013,721,562
Make,2013,721,61
Make,2013,721,621
Make,2013,721,622
Make,2013,721,623
Make,2013,721,624
Make,2013,721,GFGD
Make,2013,721,GFGN
Make,2013,721,GFE
Make,2013,721,GSLG
Make,2013,721,GSLE
Make,2013,721,Used
Make,2013,721,Other
Make,2013,722,111CA
Make,2013,722,113FF
Make,2013,722,211
Make,2013,722,212
Make,2013,722,213
Make,2013,722,22
Make,2013,722,321
Make,2013,722,327
Make,2013,722,331
Make,2013,722,332
Make,2013,722,333
Make,2013,722,334
Make,2013,722,335
Make,2013,722,3361MV
Make,2013,722,3364OT
Make,2013,722,337
Make,2013,722,339
Make,2013,722,311FT
Make,2013,722,313TT
Make,2013,722,315AL
Make,2013,722,322
Make,2013,722,323
Make,2013,722,324
Make,2013,722,325
Make,2013,722,326
Make,2013,722,441
Make,2013,722,452
Make,2013,722,481
Make,2013,722,482
Make,2013,722,483
Make,2013,722,484
Make,2013,722,485
Make,2013,722,486
Make,2013,722,487OS
Make,2013,722,493
Make,2013,722,511
Make,2013,722,512
Make,2013,722,514
Make,2013,722,521CI
Make,2013,722,523
Make,2013,722,524
Make,2013,722,525
Make,2013,722,HS
Make,2013,722,ORE
Make,2013,722,532RL
Make,2013,722,5411
Make,2013,722,55
Make,2013,722,561
Make,2013,722,562
Make,2013,722,61
Make,2013,722,621
Make,2013,722,622
Make,2013,722,623
Make,2013,722,624
Make,2013,722,711AS
Make,2013,722,81
Make,2013,722,GFGD
Make,2013,722,GFGN
Make,2013,722,GFE
Make,2013,722,GSLG
Make,2013,722,GSLE
Make,2013,722,Other
Make,2013,81,111CA
Make,2013,81,113FF
Make,2013,81,211
Make,2013,81,212
Make,2013,81,213
Make,2013,81,22
Make,2013,81,321
Make,2013,81,327
Make,2013,81,331
Make,2013,81,332
Make,2013,81,333
Make,2013,81,334
Make,2013,81,335
Make,2013,81,3361MV
Make,2013,81,3364OT
Make,2013,81,337
Make,2013,81,339
Make,2013,81,311FT
Make,2013,81,313TT
Make,2013,81,315AL
Make,2013,81,322
Make,2013,81,323
Make,2013,81,324
Make,2013,81,325
Make,2013,81,326
Make,2013,81,445
Make,2013,81,481
Make,2013,81,482
Make,2013,81,483
Make,2013,81,484
Make,2013,81,485
Make,2013,81,486
Make,2013,81,487OS
Make,2013,81,493
Make,2013,81,511
Make,2013,81,512
Make,2013,81,513
Make,2013,81,521CI
Make,2013,81,523
Make,2013,81,524
Make,2013,81,525
Make,2013,81,HS
Make,2013,81,5411
Make,2013,81,55
Make,2013,81,562
Make,2013,81,621
Make,2013,81,622
Make,2013,81,623
Make,2013,81,624
Make,2013,81,711AS
Make,2013,81,713
Make,2013,81,721
Make,2013,81,GFGD
Make,2013,81,GFGN
Make,2013,81,GFE
Make,2013,81,GSLG
Make,2013,81,GSLE
Make,2013,81,Used
Make,2013,81,Other
Make,2013,GFGD,111CA
Make,2013,GFGD,113FF
Make,2013,GFGD,211
Make,2013,GFGD,212
Make,2013,GFGD,213
Make,2013,GFGD,22
Make,2013,GFGD,321
Make,2013,GFGD,327
Make,2013,GFGD,331
Make,2013,GFGD,332
Make,2013,GFGD,334
Make,2013,GFGD,335
Make,2013,GFGD,3361MV
Make,2013,GFGD,3364OT
Make,2013,GFGD,337
Make,2013,GFGD,311FT
Make,2013,GFGD,313TT
Make,2013,GFGD,315AL
Make,2013,GFGD,322
Make,2013,GFGD,323
Make,2013,GFGD,324
Make,2013,GFGD,325
Make,2013,GFGD,326
Make,2013,GFGD,42
Make,2013,GFGD,441
Make,2013,GFGD,445
Make,2013,GFGD,452
Make,2013,GFGD,4A0
Make,2013,GFGD,481
Make,2013,GFGD,482
Make,2013,GFGD,483
Make,2013,GFGD,484
Make,2013,GFGD,485
Make,2013,GFGD,486
Make,2013,GFGD,487OS
Make,2013,GFGD,493
Make,2013,GFGD,511
Make,2013,GFGD,513
Make,2013,GFGD,521CI
Make,2013,GFGD,523
Make,2013,GFGD,524
Make,2013,GFGD,525
Make,2013,GFGD,HS
Make,2013,GFGD,ORE
Make,2013,GFGD,532RL
Make,2013,GFGD,5411
Make,2013,GFGD,55
Make,2013,GFGD,561
Make,2013,GFGD,562
Make,2013,GFGD,621
Make,2013,GFGD,623
Make,2013,GFGD,624
Make,2013,GFGD,713
Make,2013,GFGD,721
Make,2013,GFGD,722
Make,2013,GFGD,81
Make,2013,GFGD,GFGN
Make,2013,GFGD,GFE
Make,2013,GFGD,GSLG
Make,2013,GFGD,GSLE
Make,2013,GFGD,Used
Make,2013,GFGD,Other
Make,2013,GFGN,111CA
Make,2013,GFGN,211
Make,2013,GFGN,212
Make,2013,GFGN,213
Make,2013,GFGN,321
Make,2013,GFGN,327
Make,2013,GFGN,332
Make,2013,GFGN,333
Make,2013,GFGN,334
Make,2013,GFGN,335
Make,2013,GFGN,3361MV
Make,2013,GFGN,3364OT
Make,2013,GFGN,337
Make,2013,GFGN,311FT
Make,2013,GFGN,313TT
Make,2013,GFGN,315AL
Make,2013,GFGN,322
Make,2013,GFGN,324
Make,2013,GFGN,326
Make,2013,GFGN,42
Make,2013,GFGN,441
Make,2013,GFGN,445
Make,2013,GFGN,452
Make,2013,GFGN,4A0
Make,2013,GFGN,481
Make,2013,GFGN,482
Make,2013,GFGN,483
Make,2013,GFGN,484
Make,2013,GFGN,485
Make,2013,GFGN,486
Make,2013,GFGN,487OS
Make,2013,GFGN,493
Make,2013,GFGN,512
Make,2013,GFGN,513
Make,2013,GFGN,514
Make,2013,GFGN,521CI
Make,2013,GFGN,523
Make,2013,GFGN,524
Make,2013,GFGN,HS
Make,2013,GFGN,ORE
Make,2013,GFGN,532RL
Make,2013,GFGN,5411
Make,2013,GFGN,55
Make,2013,GFGN,561
Make,2013,GFGN,562
Make,2013,GFGN,61
Make,2013,GFGN,621
Make,2013,GFGN,623
Make,2013,GFGN,624
Make,2013,GFGN,711AS
Make,2013,GFGN,713
Make,2013,GFGN,721
Make,2013,GFGN,722
Make,2013,GFGN,81
Make,2013,GFGN,GFGD
Make,2013,GFGN,GSLG
Make,2013,GFGN,GSLE
Make,2013,GFGN,Used
Make,2013,GFE,111CA
Make,2013,GFE,113FF
Make,2013,GFE,211
Make,2013,GFE,212
Make,2013,GFE,213
Make,2013,GFE,23
Make,2013,GFE,321
Make,2013,GFE,327
Make,2013,GFE,331
Make,2013,GFE,332
Make,2013,GFE,333
Make,2013,GFE,334
Make,2013,GFE,335
Make,2013,GFE,3361MV
Make,2013,GFE,3364OT
Make,2013,GFE,337
Make,2013,GFE,339
Make,2013,GFE,311FT
Make,2013,GFE,313TT
Make,2013,GFE,315AL
Make,2013,GFE,322
Make,2013,GFE,323
Make,2013,GFE,324
Make,2013,GFE,325
Make,2013,GFE,326
Make,2013,GFE,42
Make,2013,GFE,445
Make,2013,GFE,481
Make,2013,GFE,482
Make,2013,GFE,483
Make,2013,GFE,484
Make,2013,GFE,485
Make,2013,GFE,486
Make,2013,GFE,487OS
Make,2013,GFE,493
Make,2013,GFE,511
Make,2013,GFE,513
Make,2013,GFE,514
Make,2013,GFE,521CI
Make,2013,GFE,523
Make,2013,GFE,525
Make,2013,GFE,HS
Make,2013,GFE,532RL
Make,2013,GFE,5411
Make,2013,GFE,5412OP
Make,2013,GFE,55
Make,2013,GFE,561
Make,2013,GFE,562
Make,2013,GFE,61
Make,2013,GFE,621
Make,2013,GFE,622
Make,2013,GFE,623
Make,2013,GFE,624
Make,2013,GFE,711AS
Make,2013,GFE,713
Make,2013,GFE,721
Make,2013,GFE,GFGD
Make,2013,GFE,GFGN
Make,2013,GFE,GSLG
Make,2013,GFE,GSLE
Make,2013,GFE,Used
Make,2013,GFE,Other
Make,2013,GSLG,211
Make,2013,GSLG,213
Make,2013,GSLG,327
Make,2013,GSLG,331
Make,2013,GSLG,332
Make,2013,GSLG,333
Make,2013,GSLG,334
Make,2013,GSLG,335
Make,2013,GSLG,3361MV
Make,2013,GSLG,3364OT
Make,2013,GSLG,337
Make,2013,GSLG,313TT
Make,2013,GSLG,324
Make,2013,GSLG,326
Make,2013,GSLG,42
Make,2013,GSLG,441
Make,2013,GSLG,445
Make,2013,GSLG,452
Make,2013,GSLG,4A0
Make,2013,GSLG,481
Make,2013,GSLG,482
Make,2013,GSLG,483
Make,2013,GSLG,484
Make,2013,GSLG,485
Make,2013,GSLG,486
Make,2013,GSLG,487OS
Make,2013,GSLG,493
Make,2013,GSLG,513
Make,2013,GSLG,521CI
Make,2013,GSLG,523
Make,2013,GSLG,524
Make,2013,GSLG,HS
Make,2013,GSLG,ORE
Make,2013,GSLG,532RL
Make,2013,GSLG,5411
Make,2013,GSLG,55
Make,2013,GSLG,623
Make,2013,GSLG,GFGD
Make,2013,GSLG,GFGN
Make,2013,GSLG,GFE
Make,2013,GSLG,GSLE
Make,2013,GSLG,Other
Make,2013,GSLE,111CA
Make,2013,GSLE,113FF
Make,2013,GSLE,211
Make,2013,GSLE,212
Make,2013,GSLE,213
Make,2013,GSLE,23
Make,2013,GSLE,321
Make,2013,GSLE,327
Make,2013,GSLE,331
Make,2013,GSLE,332
Make,2013,GSLE,333
Make,2013,GSLE,334
Make,2013,GSLE,335
Make,2013,GSLE,3361MV
Make,2013,GSLE,3364OT
Make,2013,GSLE,337
Make,2013,GSLE,339
Make,2013,GSLE,311FT
Make,2013,GSLE,313TT
Make,2013,GSLE,315AL
Make,2013,GSLE,322
Make,2013,GSLE,323
Make,2013,GSLE,324
Make,2013,GSLE,325
Make,2013,GSLE,326
Make,2013,GSLE,42
Make,2013,GSLE,441
Make,2013,GSLE,452
Make,2013,GSLE,4A0
Make,2013,GSLE,481
Make,2013,GSLE,484
Make,2013,GSLE,486
Make,2013,GSLE,493
Make,2013,GSLE,511
Make,2013,GSLE,512
Make,2013,GSLE,513
Make,2013,GSLE,514
Make,2013,GSLE,523
Make,2013,GSLE,525
Make,2013,GSLE,532RL
Make,2013,GSLE,5411
Make,2013,GSLE,5415
Make,2013,GSLE,5412OP
Make,2013,GSLE,55
Make,2013,GSLE,561
Make,2013,GSLE,562
Make,2013,GSLE,61
Make,2013,GSLE,621
Make,2013,GSLE,622
Make,2013,GSLE,623
Make,2013,GSLE,624
Make,2013,GSLE,721
Make,2013,GSLE,722
Make,2013,GSLE,GFGD
Make,2013,GSLE,GFGN
Make,2013,GSLE,GFE
Make,2013,GSLE,GSLG
Make,2013,GSLE,Used
Make,2013,GSLE,Other
Use,2014,111CA,211
Use,2014,111CA,22
Use,2014,111CA,321
Use,2014,111CA,327
Use,2014,111CA,331
Use,2014,111CA,332
Use,2014,111CA,333
Use,2014,111CA,334
Use,2014,111CA,335
Use,2014,111CA,3361MV
Use,2014,111CA,3364OT
Use,2014,111CA,337
Use,2014,111CA,315AL
Use,2014,111CA,322
Use,2014,111CA,323
Use,2014,111CA,324
Use,2014,111CA,326
Use,2014,111CA,481
Use,2014,111CA,482
Use,2014,111CA,483
Use,2014,111CA,484
Use,2014,111CA,485
Use,2014,111CA,486
Use,2014,111CA,493
Use,2014,111CA,511
Use,2014,111CA,512
Use,2014,111CA,513
Use,2014,111CA,514
Use,2014,111CA,523
Use,2014,111CA,524
Use,2014,111CA,525
Use,2014,111CA,532RL
Use,2014,111CA,562
Use,2014,111CA,621
Use,2014,111CA,622
Use,2014,111CA,623
Use,2014,111CA,624
Use,2014,111CA,711AS
Use,2014,111CA,GFE
Use,2014,111CA,GSLE
Use,2014,111CA,F02S
Use,2014,111CA,F02E
Use,2014,111CA,F02N
Use,2014,111CA,F02R
Use,2014,111CA,F06C
Use,2014,111CA,F06S
Use,2014,111CA,F06E
Use,2014,111CA,F06N
Use,2014,111CA,F07C
Use,2014,111CA,F07S
Use,2014,111CA,F07E
Use,2014,111CA,F07N
Use,2014,111CA,F10C
Use,2014,111CA,F10S
Use,2014,111CA,F10E
Use,2014,111CA,F10N
Use,2014,113FF,211
Use,2014,113FF,213
Use,2014,113FF,22
Use,2014,113FF,23
Use,2014,113FF,331
Use,2014,113FF,332
Use,2014,113FF,333
Use,2014,113FF,334
Use,2014,113FF,335
Use,2014,113FF,3361MV
Use,2014,113FF,3364OT
Use,2014,113FF,313TT
Use,2014,113FF,324
Use,2014,113FF,42
Use,2014,113FF,441
Use,2014,113FF,452
Use,2014,113FF,481
Use,2014,113FF,482
Use,2014,113FF,483
Use,2014,113FF,484
Use,2014,113FF,485
Use,2014,113FF,486
Use,2014,113FF,493
Use,2014,113FF,511
Use,2014,113FF,512
Use,2014,113FF,513
Use,2014,113FF,514
Use,2014,113FF,521CI
Use,2014,113FF,523
Use,2014,113FF,524
Use,2014,113FF,525
Use,2014,113FF,HS
Use,2014,113FF,ORE
Use,2014,113FF,532RL
Use,2014,113FF,5411
Use,2014,113FF,5415
Use,2014,113FF,562
Use,2014,113FF,621
Use,2014,113FF,622
Use,2014,113FF,623
Use,2014,113FF,624
Use,2014,113FF,711AS
Use,2014,113FF,GFGD
Use,2014,113FF,GSLE
Use,2014,113FF,F02S
Use,2014,113FF,F02E
Use,2014,113FF,F02N
Use,2014,113FF,F02R
Use,2014,113FF,F06C
Use,2014,113FF,F06S
Use,2014,113FF,F06E
Use,2014,113FF,F06N
Use,2014,113FF,F07C
Use,2014,113FF,F07S
Use,2014,113FF,F07E
Use,2014,113FF,F07N
Use,2014,113FF,F10C
Use,2014,113FF,F10S
Use,2014,113FF,F10E
Use,2014,113FF,F10N
Use,2014,211,111CA
Use,2014,211,113FF
Use,2014,211,23
Use,2014,211,333
Use,2014,211,334
Use,2014,211,335
Use,2014,211,3364OT
Use,2014,211,337
Use,2014,211,339
Use,2014,211,313TT
Use,2014,211,315AL
Use,2014,211,481
Use,2014,211,482
Use,2014,211,483
Use,2014,211,484
Use,2014,211,485
Use,2014,211,487OS
Use,2014,211,521CI
Use,2014,211,523
Use,2014,211,524
Use,2014,211,525
Use,2014,211,HS
Use,2014,211,532RL
Use,2014,211,5411
Use,2014,211,GFGD
Use,2014,211,GSLG
Use,2014,211,F010
Use,2014,211,F02S
Use,2014,211,F02E
Use,2014,211,F02N
Use,2014,211,F02R
Use,2014,211,F06C
Use,2014,211,F06S
Use,2014,211,F06E
Use,2014,211,F06N
Use,2014,211,F07C
Use,2014,211,F07S
Use,2014,211,F07E
Use,2014,211,F07N
Use,2014,211,F10C
Use,2014,211,F10S
Use,2014,211,F10E
Use,2014,211,F10N
Use,2014,212,315AL
Use,2014,212,323
Use,2014,212,441
Use,2014,212,445
Use,2014,212,452
Use,2014,212,481
Use,2014,212,486
Use,2014,212,521CI
Use,2014,212,523
Use,2014,212,524
Use,2014,212,525
Use,2014,212,ORE
Use,2014,212,532RL
Use,2014,212,5411
Use,2014,212,5415
Use,2014,212,621
Use,2014,212,GFGD
Use,2014,212,GFE
Use,2014,212,F02S
Use,2014,212,F02N
Use,2014,212,F02R
Use,2014,212,F06C
Use,2014,212,F06S
Use,2014,212,F06E
Use,2014,212,F06N
Use,2014,212,F07C
Use,2014,212,F07S
Use,2014,212,F07E
Use,2014,212,F07N
Use,2014,212,F10C
Use,2014,212,F10S
Use,2014,212,F10E
Use,2014,212,F10N
Use,2014,213,111CA
Use,2014,213,113FF
Use,2014,213,22
Use,2014,213,23
Use,2014,213,321
Use,2014,213,327
Use,2014,213,331
Use,2014,213,332
Use,2014,213,333
Use,2014,213,334
Use,2014,213,335
Use,2014,213,3361MV
Use,2014,213,3364OT
Use,2014,213,337
Use,2014,213,339
Use,2014,213,311FT
Use,2014,213,313TT
Use,2014,213,315AL
Use,2014,213,322
Use,2014,213,323
Use,2014,213,324
Use,2014,213,325
Use,2014,213,326
Use,2014,213,42
Use,2014,213,441
Use,2014,213,445
Use,2014,213,452
Use,2014,213,4A0
Use,2014,213,481
Use,2014,213,482
Use,2014,213,483
Use,2014,213,484
Use,2014,213,485
Use,2014,213,486
Use,2014,213,487OS
Use,2014,213,493
Use,2014,213,511
Use,2014,213,512
Use,2014,213,513
Use,2014,213,514
Use,2014,213,521CI
Use,2014,213,523
Use,2014,213,524
Use,2014,213,525
Use,2014,213,HS
Use,2014,213,ORE
Use,2014,213,532RL
Use,2014,213,5411
Use,2014,213,5415
Use,2014,213,561
Use,2014,213,562
Use,2014,213,61
Use,2014,213,621
Use,2014,213,622
Use,2014,213,623
Use,2014,213,624
Use,2014,213,711AS
Use,2014,213,713
Use,2014,213,721
Use,2014,213,722
Use,2014,213,81
Use,2014,213,GFGD
Use,2014,213,GFGN
Use,2014,213,GFE
Use,2014,213,GSLG
Use,2014,213,GSLE
Use,2014,213,F010
Use,2014,213,F02N
Use,2014,213,F02R
Use,2014,213,F06C
Use,2014,213,F06S
Use,2014,213,F06E
Use,2014,213,F06N
Use,2014,213,F07C
Use,2014,213,F07S
Use,2014,213,F07E
Use,2014,213,F07N
Use,2014,213,F10C
Use,2014,213,F10S
Use,2014,213,F10E
Use,2014,213,F10N
Use,2014,22,F02S
Use,2014,22,F02E
Use,2014,22,F02N
Use,2014,22,F02R
Use,2014,22,F030
Use,2014,22,F06C
Use,2014,22,F06S
Use,2014,22,F06E
Use,2014,22,F06N
Use,2014,22,F07C
Use,2014,22,F07S
Use,2014,22,F07E
Use,2014,22,F07N
Use,2014,22,F10C
Use,2014,22,F10S
Use,2014,22,F10E
Use,2014,22,F10N
Use,2014,23,F010
Use,2014,23,F02E
Use,2014,23,F02N
Use,2014,23,F030
Use,2014,23,F050
Use,2014,23,F06C
Use,2014,23,F06E
Use,2014,23,F06N
Use,2014,23,F07C
Use,2014,23,F07E
Use,2014,23,F07N
Use,2014,23,F10C
Use,2014,23,F10E
Use,2014,23,F10N
Use,2014,321,211
Use,2014,321,324
Use,2014,321,481
Use,2014,321,483
Use,2014,321,485
Use,2014,321,524
Use,2014,321,525
Use,2014,321,F02E
Use,2014,321,F02N
Use,2014,321,F06C
Use,2014,321,F06S
Use,2014,321,F06E
Use,2014,321,F06N
Use,2014,321,F07C
Use,2014,321,F07S
Use,2014,321,F07N
Use,2014,321,F10C
Use,2014,321,F10S
Use,2014,321,F10E
Use,2014,321,F10N
Use,2014,327,315AL
Use,2014,327,481
Use,2014,327,483
Use,2014,327,525
Use,2014,327,GFE
Use,2014,327,F02S
Use,2014,327,F02E
Use,2014,327,F02N
Use,2014,327,F02R
Use,2014,327,F06C
Use,2014,327,F06S
Use,2014,327,F06E
Use,2014,327,F06N
Use,2014,327,F07C
Use,2014,327,F07S
Use,2014,327,F07E
Use,2014,327,F07N
Use,2014,327,F10C
Use,2014,327,F10S
Use,2014,327,F10E
Use,2014,327,F10N
Use,2014,331,113FF
Use,2014,331,315AL
Use,2014,331,445
Use,2014,331,481
Use,2014,331,483
Use,2014,331,484
Use,2014,331,485
Use,2014,331,486
Use,2014,331,493
Use,2014,331,521CI
Use,2014,331,523
Use,2014,331,524
Use,2014,331,525
Use,2014,331,5411
Use,2014,331,GFE
Use,2014,331,F02S
Use,2014,331,F02E
Use,2014,331,F02N
Use,2014,331,F02R
Use,2014,331,F06C
Use,2014,331,F06S
Use,2014,331,F06E
Use,2014,331,F06N
Use,2014,331,F07C
Use,2014,331,F07S
Use,2014,331,F07E
Use,2014,331,F07N
Use,2014,331,F10C
Use,2014,331,F10S
Use,2014,331,F10E
Use,2014,331,F10N
Use,2014,332,524
Use,2014,332,F02S
Use,2014,332,F02N
Use,2014,332,F02R
Use,2014,332,F06C
Use,2014,332,F06S
Use,2014,332,F06N
Use,2014,332,F07C
Use,2014,332,F07S
Use,2014,332,F07N
Use,2014,332,F10C
Use,2014,332,F10S
Use,2014,332,F10N
Use,2014,333,525
Use,2014,333,F02S
Use,2014,333,F02N
Use,2014,333,F02R
Use,2014,333,F06C
Use,2014,333,F06S
Use,2014,333,F06N
Use,2014,333,F07C
Use,2014,333,F07S
Use,2014,333,F07N
Use,2014,333,F10C
Use,2014,333,F10S
Use,2014,333,F10N
Use,2014,334,F02S
Use,2014,334,F02N
Use,2014,334,F06C
Use,2014,334,F06S
Use,2014,334,F06N
Use,2014,334,F07C
Use,2014,334,F07S
Use,2014,334,F07N
Use,2014,334,F10C
Use,2014,334,F10S
Use,2014,334,F10N
Use,2014,335,512
Use,2014,335,525
Use,2014,335,F02S
Use,2014,335,F02N
Use,2014,335,F06C
Use,2014,335,F06S
Use,2014,335,F06N
Use,2014,335,F07C
Use,2014,335,F07S
Use,2014,335,F07N
Use,2014,335,F10C
Use,2014,335,F10S
Use,2014,335,F10N
Use,2014,3361MV,481
Use,2014,3361MV,483
Use,2014,3361MV,524
Use,2014,3361MV,525
Use,2014,3361MV,HS
Use,2014,3361MV,ORE
Use,2014,3361MV,5411
Use,2014,3361MV,F02S
Use,2014,3361MV,F02N
Use,2014,3361MV,F02R
Use,2014,3361MV,F06C
Use,2014,3361MV,F06S
Use,2014,3361MV,F06N
Use,2014,3361MV,F07C
Use,2014,3361MV,F07S
Use,2014,3361MV,F07N
Use,2014,3361MV,F10C
Use,2014,3361MV,F10S
Use,2014,3361MV,F10N
Use,2014,3364OT,111CA
Use,2014,3364OT,211
Use,2014,3364OT,213
Use,2014,3364OT,22
Use,2014,3364OT,327
Use,2014,3364OT,331
Use,2014,3364OT,334
Use,2014,3364OT,335
Use,2014,3364OT,337
Use,2014,3364OT,339
Use,2014,3364OT,311FT
Use,2014,3364OT,313TT
Use,2014,3364OT,315AL
Use,2014,3364OT,322
Use,2014,3364OT,323
Use,2014,3364OT,324
Use,2014,3364OT,325
Use,2014,3364OT,326
Use,2014,3364OT,445
Use,2014,3364OT,452
Use,2014,3364OT,4A0
Use,2014,3364OT,486
Use,2014,3364OT,493
Use,2014,3364OT,511
Use,2014,3364OT,512
Use,2014,3364OT,514
Use,2014,3364OT,521CI
Use,2014,3364OT,523
Use,2014,3364OT,524
Use,2014,3364OT,525
Use,2014,3364OT,HS
Use,2014,3364OT,ORE
Use,2014,3364OT,532RL
Use,2014,3364OT,5411
Use,2014,3364OT,5415
Use,2014,3364OT,61
Use,2014,3364OT,621
Use,2014,3364OT,622
Use,2014,3364OT,623
Use,2014,3364OT,711AS
Use,2014,3364OT,721
Use,2014,3364OT,722
Use,2014,3364OT,F02S
Use,2014,3364OT,F02N
Use,2014,3364OT,F02R
Use,2014,3364OT,F06C
Use,2014,3364OT,F06S
Use,2014,3364OT,F06N
Use,2014,3364OT,F07C
Use,2014,3364OT,F07S
Use,2014,3364OT,F07N
Use,2014,3364OT,F10C
Use,2014,3364OT,F10S
Use,2014,3364OT,F10N
Use,2014,337,113FF
Use,2014,337,211
Use,2014,337,212
Use,2014,337,213
Use,2014,337,22
Use,2014,337,331
Use,2014,337,332
Use,2014,337,311FT
Use,2014,337,313TT
Use,2014,337,315AL
Use,2014,337,323
Use,2014,337,324
Use,2014,337,325
Use,2014,337,445
Use,2014,337,481
Use,2014,337,482
Use,2014,337,484
Use,2014,337,485
Use,2014,337,486
Use,2014,337,493
Use,2014,337,512
Use,2014,337,521CI
Use,2014,337,523
Use,2014,337,524
Use,2014,337,525
Use,2014,337,532RL
Use,2014,337,562
Use,2014,337,61
Use,2014,337,GFGD
Use,2014,337,GFGN
Use,2014,337,F02S
Use,2014,337,F02N
Use,2014,337,F06C
Use,2014,337,F06S
Use,2014,337,F06N
Use,2014,337,F07C
Use,2014,337,F07S
Use,2014,337,F07N
Use,2014,337,F10C
Use,2014,337,F10S
Use,2014,337,F10N
Use,2014,339,22
Use,2014,339,483
Use,2014,339,525
Use,2014,339,GFE
Use,2014,339,F02S
Use,2014,339,F02N
Use,2014,339,F02R
Use,2014,339,F06C
Use,2014,339,F06S
Use,2014,339,F06N
Use,2014,339,F07C
Use,2014,339,F07S
Use,2014,339,F07N
Use,2014,339,F10C
Use,2014,339,F10S
Use,2014,339,F10N
Use,2014,311FT,211
Use,2014,311FT,212
Use,2014,311FT,213
Use,2014,311FT,22
Use,2014,311FT,23
Use,2014,311FT,332
Use,2014,311FT,333
Use,2014,311FT,334
Use,2014,311FT,335
Use,2014,311FT,3361MV
Use,2014,311FT,3364OT
Use,2014,311FT,337
Use,2014,311FT,486
Use,2014,311FT,493
Use,2014,311FT,513
Use,2014,311FT,521CI
Use,2014,311FT,523
Use,2014,311FT,524
Use,2014,311FT,525
Use,2014,311FT,HS
Use,2014,311FT,ORE
Use,2014,311FT,532RL
Use,2014,311FT,5411
Use,2014,311FT,5415
Use,2014,311FT,562
Use,2014,311FT,GSLE
Use,2014,311FT,F02S
Use,2014,311FT,F02E
Use,2014,311FT,F02N
Use,2014,311FT,F02R
Use,2014,311FT,F06C
Use,2014,311FT,F06S
Use,2014,311FT,F06E
Use,2014,311FT,F06N
Use,2014,311FT,F07C
Use,2014,311FT,F07S
Use,2014,311FT,F07E
Use,2014,311FT,F07N
Use,2014,311FT,F10C
Use,2014,311FT,F10S
Use,2014,311FT,F10E
Use,2014,311FT,F10N
Use,2014,313TT,211
Use,2014,313TT,213
Use,2014,313TT,22
Use,2014,313TT,331
Use,2014,313TT,481
Use,2014,313TT,482
Use,2014,313TT,485
Use,2014,313TT,521CI
Use,2014,313TT,523
Use,2014,313TT,524
Use,2014,313TT,525
Use,2014,313TT,5411
Use,2014,313TT,5415
Use,2014,313TT,F02S
Use,2014,313TT,F02N
Use,2014,313TT,F06C
Use,2014,313TT,F06S
Use,2014,313TT,F06E
Use,2014,313TT,F06N
Use,2014,313TT,F07C
Use,2014,313TT,F07S
Use,2014,313TT,F07N
Use,2014,313TT,F10C
Use,2014,313TT,F10S
Use,2014,313TT,F10N
Use,2014,315AL,113FF
Use,2014,315AL,211
Use,2014,315AL,212
Use,2014,315AL,213
Use,2014,315AL,23
Use,2014,315AL,321
Use,2014,315AL,331
Use,2014,315AL,332
Use,2014,315AL,333
Use,2014,315AL,334
Use,2014,315AL,335
Use,2014,315AL,3364OT
Use,2014,315AL,337
Use,2014,315AL,322
Use,2014,315AL,325
Use,2014,315AL,481
Use,2014,315AL,482
Use,2014,315AL,483
Use,2014,315AL,484
Use,2014,315AL,485
Use,2014,315AL,486
Use,2014,315AL,487OS
Use,2014,315AL,493
Use,2014,315AL,521CI
Use,2014,315AL,523
Use,2014,315AL,524
Use,2014,315AL,525
Use,2014,315AL,HS
Use,2014,315AL,ORE
Use,2014,315AL,5411
Use,2014,315AL,5415
Use,2014,315AL,623
Use,2014,315AL,F02S
Use,2014,315AL,F02E
Use,2014,315AL,F02N
Use,2014,315AL,F02R
Use,2014,315AL,F06C
Use,2014,315AL,F06S
Use,2014,315AL,F06E
Use,2014,315AL,F06N
Use,2014,315AL,F07C
Use,2014,315AL,F07S
Use,2014,315AL,F07E
Use,2014,315AL,F07N
Use,2014,315AL,F10C
Use,2014,315AL,F10S
Use,2014,315AL,F10E
Use,2014,315AL,F10N
Use,2014,322,F02S
Use,2014,322,F02E
Use,2014,322,F02N
Use,2014,322,F02R
Use,2014,322,F06C
Use,2014,322,F06S
Use,2014,322,F06E
Use,2014,322,F06N
Use,2014,322,F07C
Use,2014,322,F07S
Use,2014,322,F07E
Use,2014,322,F07N
Use,2014,322,F10C
Use,2014,322,F10S
Use,2014,322,F10E
Use,2014,322,F10N
Use,2014,323,113FF
Use,2014,323,213
Use,2014,323,327
Use,2014,323,331
Use,2014,323,334
Use,2014,323,3364OT
Use,2014,323,337
Use,2014,323,339
Use,2014,323,313TT
Use,2014,323,322
Use,2014,323,326
Use,2014,323,483
Use,2014,323,525
Use,2014,323,HS
Use,2014,323,F02S
Use,2014,323,F02E
Use,2014,323,F02N
Use,2014,323,F02R
Use,2014,323,F06C
Use,2014,323,F06S
Use,2014,323,F06E
Use,2014,323,F06N
Use,2014,323,F07C
Use,2014,323,F07S
Use,2014,323,F07E
Use,2014,323,F07N
Use,2014,323,F10C
Use,2014,323,F10S
Use,2014,323,F10E
Use,2014,323,F10N
Use,2014,324,F02S
Use,2014,324,F02E
Use,2014,324,F02N
Use,2014,324,F02R
Use,2014,324,F06C
Use,2014,324,F06S
Use,2014,324,F06E
Use,2014,324,F06N
Use,2014,324,F07C
Use,2014,324,F07S
Use,2014,324,F07E
Use,2014,324,F07N
Use,2014,324,F10C
Use,2014,324,F10S
Use,2014,324,F10E
Use,2014,324,F10N
Use,2014,325,525
Use,2014,325,F02S
Use,2014,325,F02N
Use,2014,325,F02R
Use,2014,325,F06C
Use,2014,325,F06S
Use,2014,325,F06E
Use,2014,325,F06N
Use,2014,325,F07C
Use,2014,325,F07S
Use,2014,325,F07E
Use,2014,325,F07N
Use,2014,325,F10C
Use,2014,325,F10S
Use,2014,325,F10E
Use,2014,325,F10N
Use,2014,326,F02S
Use,2014,326,F02N
Use,2014,326,F06C
Use,2014,326,F06S
Use,2014,326,F06E
Use,2014,326,F06N
Use,2014,326,F07C
Use,2014,326,F07S
Use,2014,326,F07N
Use,2014,326,F10C
Use,2014,326,F10S
Use,2014,326,F10E
Use,2014,326,F10N
Use,2014,42,F06C
Use,2014,42,F06S
Use,2014,42,F07C
Use,2014,42,F07S
Use,2014,42,F10C
Use,2014,42,F10S
Use,2014,441,525
Use,2014,441,55
Use,2014,441,621
Use,2014,441,F02S
Use,2014,441,F02N
Use,2014,441,F030
Use,2014,441,F040
Use,2014,441,F050
Use,2014,441,F06C
Use,2014,441,F06S
Use,2014,441,F06E
Use,2014,441,F06N
Use,2014,441,F07C
Use,2014,441,F07S
Use,2014,441,F07E
Use,2014,441,F07N
Use,2014,441,F10C
Use,2014,441,F10S
Use,2014,441,F10E
Use,2014,441,F10N
Use,2014,445,213
Use,2014,445,525
Use,2014,445,55
Use,2014,445,GSLE
Use,2014,445,F02S
Use,2014,445,F030
Use,2014,445,F040
Use,2014,445,F050
Use,2014,445,F06C
Use,2014,445,F06S
Use,2014,445,F06E
Use,2014,445,F06N
Use,2014,445,F07C
Use,2014,445,F07S
Use,2014,445,F07E
Use,2014,445,F07N
Use,2014,445,F10C
Use,2014,445,F10S
Use,2014,445,F10E
Use,2014,445,F10N
Use,2014,452,525
Use,2014,452,55
Use,2014,452,F02S
Use,2014,452,F030
Use,2014,452,F040
Use,2014,452,F050
Use,2014,452,F06C
Use,2014,452,F06S
Use,2014,452,F06E
Use,2014,452,F06N
Use,2014,452,F07C
Use,2014,452,F07S
Use,2014,452,F07E
Use,2014,452,F07N
Use,2014,452,F10C
Use,2014,452,F10S
Use,2014,452,F10E
Use,2014,452,F10N
Use,2014,4A0,525
Use,2014,4A0,55
Use,2014,4A0,F02S
Use,2014,4A0,F030
Use,2014,4A0,F040
Use,2014,4A0,F050
Use,2014,4A0,F06C
Use,2014,4A0,F06S
Use,2014,4A0,F06E
Use,2014,4A0,F06N
Use,2014,4A0,F07C
Use,2014,4A0,F07S
Use,2014,4A0,F07E
Use,2014,4A0,F07N
Use,2014,4A0,F10C
Use,2014,4A0,F10S
Use,2014,4A0,F10E
Use,2014,4A0,F10N
Use,2014,481,F02S
Use,2014,481,F06C
Use,2014,481,F06S
Use,2014,481,F07C
Use,2014,481,F07S
Use,2014,481,F10C
Use,2014,481,F10S
Use,2014,482,F02S
Use,2014,482,F02N
Use,2014,482,F06C
Use,2014,482,F06S
Use,2014,482,F06N
Use,2014,482,F07C
Use,2014,482,F07S
Use,2014,482,F07N
Use,2014,482,F10C
Use,2014,482,F10S
Use,2014,482,F10N
Use,2014,483,F02S
Use,2014,483,F06C
Use,2014,483,F06S
Use,2014,483,F07C
Use,2014,483,F07S
Use,2014,483,F10C
Use,2014,483,F10S
Use,2014,484,F06C
Use,2014,484,F06S
Use,2014,484,F07C
Use,2014,484,F07S
Use,2014,484,F10C
Use,2014,484,F10S
Use,2014,485,111CA
Use,2014,485,483
Use,2014,485,484
Use,2014,485,485
Use,2014,485,F02S
Use,2014,485,F02E
Use,2014,485,F02N
Use,2014,485,F02R
Use,2014,485,F030
Use,2014,485,F040
Use,2014,485,F050
Use,2014,485,F06C
Use,2014,485,F06S
Use,2014,485,F06E
Use,2014,485,F06N
Use,2014,485,F07C
Use,2014,485,F07S
Use,2014,485,F07E
Use,2014,485,F07N
Use,2014,485,F10C
Use,2014,485,F10S
Use,2014,485,F10E
Use,2014,485,F10N
Use,2014,486,F02S
Use,2014,486,F02E
Use,2014,486,F02N
Use,2014,486,F02R
Use,2014,486,F050
Use,2014,486,F06C
Use,2014,486,F06S
Use,2014,486,F06E
Use,2014,486,F06N
Use,2014,486,F07C
Use,2014,486,F07S
Use,2014,486,F07E
Use,2014,486,F07N
Use,2014,486,F10C
Use,2014,486,F10S
Use,2014,486,F10E
Use,2014,486,F10N
Use,2014,487OS,111CA
Use,2014,487OS,23
Use,2014,487OS,3364OT
Use,2014,487OS,315AL
Use,2014,487OS,525
Use,2014,487OS,HS
Use,2014,487OS,ORE
Use,2014,487OS,F02S
Use,2014,487OS,F02E
Use,2014,487OS,F02N
Use,2014,487OS,F02R
Use,2014,487OS,F030
Use,2014,487OS,F06C
Use,2014,487OS,F06S
Use,2014,487OS,F06E
Use,2014,487OS,F06N
Use,2014,487OS,F07C
Use,2014,487OS,F07S
Use,2014,487OS,F07E
Use,2014,487OS,F07N
Use,2014,487OS,F10C
Use,2014,487OS,F10S
Use,2014,487OS,F10E
Use,2014,487OS,F10N
Use,2014,493,113FF
Use,2014,493,213
Use,2014,493,23
Use,2014,493,521CI
Use,2014,493,523
Use,2014,493,525
Use,2014,493,GFE
Use,2014,493,F02S
Use,2014,493,F02E
Use,2014,493,F02N
Use,2014,493,F02R
Use,2014,493,F030
Use,2014,493,F050
Use,2014,493,F06C
Use,2014,493,F06S
Use,2014,493,F06E
Use,2014,493,F06N
Use,2014,493,F07C
Use,2014,493,F07S
Use,2014,493,F07E
Use,2014,493,F07N
Use,2014,493,F10C
Use,2014,493,F10S
Use,2014,493,F10E
Use,2014,493,F10N
Use,2014,511,313TT
Use,2014,511,483
Use,2014,511,486
Use,2014,511,F02S
Use,2014,511,F02E
Use,2014,511,F02R
Use,2014,511,F06C
Use,2014,511,F06S
Use,2014,511,F06E
Use,2014,511,F07C
Use,2014,511,F07S
Use,2014,511,F07E
Use,2014,511,F10C
Use,2014,511,F10S
Use,2014,511,F10E
Use,2014,512,111CA
Use,2014,512,113FF
Use,2014,512,211
Use,2014,512,212
Use,2014,512,213
Use,2014,512,22
Use,2014,512,23
Use,2014,512,321
Use,2014,512,327
Use,2014,512,331
Use,2014,512,332
Use,2014,512,333
Use,2014,512,334
Use,2014,512,335
Use,2014,512,3361MV
Use,2014,512,3364OT
Use,2014,512,337
Use,2014,512,339
Use,2014,512,311FT
Use,2014,512,313TT
Use,2014,512,315AL
Use,2014,512,322
Use,2014,512,323
Use,2014,512,324
Use,2014,512,325
Use,2014,512,326
Use,2014,512,452
Use,2014,512,482
Use,2014,512,483
Use,2014,512,485
Use,2014,512,493
Use,2014,512,524
Use,2014,512,525
Use,2014,512,HS
Use,2014,512,562
Use,2014,512,GSLE
Use,2014,512,F02S
Use,2014,512,F02E
Use,2014,512,F02R
Use,2014,512,F06C
Use,2014,512,F06S
Use,2014,512,F06E
Use,2014,512,F06N
Use,2014,512,F07C
Use,2014,512,F07S
Use,2014,512,F07E
Use,2014,512,F07N
Use,2014,512,F10C
Use,2014,512,F10S
Use,2014,512,F10E
Use,2014,512,F10N
Use,2014,513,F02S
Use,2014,513,F02R
Use,2014,513,F030
Use,2014,513,F06C
Use,2014,513,F06S
Use,2014,513,F06E
Use,2014,513,F06N
Use,2014,513,F07C
Use,2014,513,F07S
Use,2014,513,F07E
Use,2014,513,F07N
Use,2014,513,F10C
Use,2014,513,F10S
Use,2014,513,F10E
Use,2014,513,F10N
Use,2014,514,111CA
Use,2014,514,483
Use,2014,514,F02S
Use,2014,514,F02E
Use,2014,514,F02R
Use,2014,514,F030
Use,2014,514,F06C
Use,2014,514,F06S
Use,2014,514,F06E
Use,2014,514,F07C
Use,2014,514,F07S
Use,2014,514,F07E
Use,2014,514,F10C
Use,2014,514,F10S
Use,2014,514,F10E
Use,2014,521CI,F02S
Use,2014,521CI,F02E
Use,2014,521CI,F02N
Use,2014,521CI,F02R
Use,2014,521CI,F030
Use,2014,521CI,F06C
Use,2014,521CI,F06S
Use,2014,521CI,F06E
Use,2014,521CI,F06N
Use,2014,521CI,F07C
Use,2014,521CI,F07S
Use,2014,521CI,F07E
Use,2014,521CI,F07N
Use,2014,521CI,F10C
Use,2014,521CI,F10S
Use,2014,521CI,F10E
Use,2014,521CI,F10N
Use,2014,523,F02S
Use,2014,523,F02E
Use,2014,523,F02N
Use,2014,523,F02R
Use,2014,523,F030
Use,2014,523,F06C
Use,2014,523,F06S
Use,2014,523,F06E
Use,2014,523,F06N
Use,2014,523,F07C
Use,2014,523,F07S
Use,2014,523,F07E
Use,2014,523,F07N
Use,2014,523,F10C
Use,2014,523,F10S
Use,2014,523,F10E
Use,2014,523,F10N
Use,2014,524,F02S
Use,2014,524,F02E
Use,2014,524,F02N
Use,2014,524,F030
Use,2014,524,F06C
Use,2014,524,F06S
Use,2014,524,F06E
Use,2014,524,F06N
Use,2014,524,F07C
Use,2014,524,F07S
Use,2014,524,F07E
Use,2014,524,F07N
Use,2014,524,F10C
Use,2014,524,F10S
Use,2014,524,F10E
Use,2014,524,F10N
Use,2014,525,111CA
Use,2014,525,113FF
Use,2014,525,211
Use,2014,525,212
Use,2014,525,213
Use,2014,525,22
Use,2014,525,23
Use,2014,525,321
Use,2014,525,327
Use,2014,525,331
Use,2014,525,332
Use,2014,525,333
Use,2014,525,334
Use,2014,525,335
Use,2014,525,3361MV
Use,2014,525,3364OT
Use,2014,525,337
Use,2014,525,339
Use,2014,525,311FT
Use,2014,525,313TT
Use,2014,525,315AL
Use,2014,525,322
Use,2014,525,323
Use,2014,525,324
Use,2014,525,325
Use,2014,525,326
Use,2014,525,42
Use,2014,525,441
Use,2014,525,445
Use,2014,525,452
Use,2014,525,4A0
Use,2014,525,481
Use,2014,525,482
Use,2014,525,483
Use,2014,525,484
Use,2014,525,485
Use,2014,525,486
Use,2014,525,487OS
Use,2014,525,493
Use,2014,525,511
Use,2014,525,512
Use,2014,525,513
Use,2014,525,514
Use,2014,525,521CI
Use,2014,525,523
Use,2014,525,HS
Use,2014,525,ORE
Use,2014,525,532RL
Use,2014,525,5411
Use,2014,525,5415
Use,2014,525,5412OP
Use,2014,525,561
Use,2014,525,562
Use,2014,525,61
Use,2014,525,621
Use,2014,525,622
Use,2014,525,623
Use,2014,525,624
Use,2014,525,711AS
Use,2014,525,713
Use,2014,525,721
Use,2014,525,722
Use,2014,525,81
Use,2014,525,GFGD
Use,2014,525,GFE
Use,2014,525,GSLE
Use,2014,525,F02S
Use,2014,525,F02E
Use,2014,525,F02N
Use,2014,525,F02R
Use,2014,525,F030
Use,2014,525,F040
Use,2014,525,F050
Use,2014,525,F06C
Use,2014,525,F06S
Use,2014,525,F06E
Use,2014,525,F06N
Use,2014,525,F07C
Use,2014,525,F07S
Use,2014,525,F07E
Use,2014,525,F07N
Use,2014,525,F10C
Use,2014,525,F10S
Use,2014,525,F10E
Use,2014,525,F10N
Use,2014,HS,111CA
Use,2014,HS,113FF
Use,2014,HS,211
Use,2014,HS,212
Use,2014,HS,213
Use,2014,HS,22
Use,2014,HS,23
Use,2014,HS,321
Use,2014,HS,327
Use,2014,HS,331
Use,2014,HS,332
Use,2014,HS,333
Use,2014,HS,334
Use,2014,HS,335
Use,2014,HS,3361MV
Use,2014,HS,3364OT
Use,2014,HS,337
Use,2014,HS,339
Use,2014,HS,311FT
Use,2014,HS,313TT
Use,2014,HS,315AL
Use,2014,HS,322
Use,2014,HS,323
Use,2014,HS,324
Use,2014,HS,325
Use,2014,HS,326
Use,2014,HS,42
Use,2014,HS,441
Use,2014,HS,445
Use,2014,HS,452
Use,2014,HS,4A0
Use,2014,HS,481
Use,2014,HS,482
Use,2014,HS,483
Use,2014,HS,484
Use,2014,HS,485
Use,2014,HS,486
Use,2014,HS,487OS
Use,2014,HS,493
Use,2014,HS,511
Use,2014,HS,512
Use,2014,HS,513
Use,2014,HS,514
Use,2014,HS,521CI
Use,2014,HS,523
Use,2014,HS,524
Use,2014,HS,525
Use,2014,HS,HS
Use,2014,HS,ORE
Use,2014,HS,532RL
Use,2014,HS,5411
Use,2014,HS,5415
Use,2014,HS,5412OP
Use,2014,HS,55
Use,2014,HS,561
Use,2014,HS,562
Use,2014,HS,61
Use,2014,HS,621
Use,2014,HS,622
Use,2014,HS,623
Use,2014,HS,624
Use,2014,HS,711AS
Use,2014,HS,713
Use,2014,HS,721
Use,2014,HS,722
Use,2014,HS,81
Use,2014,HS,GFGD
Use,2014,HS,GFGN
Use,2014,HS,GFE
Use,2014,HS,GSLG
Use,2014,HS,GSLE
Use,2014,HS,TOT_INT
Use,2014,HS,F02S
Use,2014,HS,F02E
Use,2014,HS,F02N
Use,2014,HS,F02R
Use,2014,HS,F030
Use,2014,HS,F040
Use,2014,HS,F050
Use,2014,HS,F06C
Use,2014,HS,F06S
Use,2014,HS,F06E
Use,2014,HS,F06N
Use,2014,HS,F07C
Use,2014,HS,F07S
Use,2014,HS,F07E
Use,2014,HS,F07N
Use,2014,HS,F10C
Use,2014,HS,F10S
Use,2014,HS,F10E
Use,2014,HS,F10N
Use,2014,ORE,F02E
Use,2014,ORE,F02N
Use,2014,ORE,F030
Use,2014,ORE,F050
Use,2014,ORE,F06C
Use,2014,ORE,F06S
Use,2014,ORE,F06E
Use,2014,ORE,F06N
Use,2014,ORE,F07C
Use,2014,ORE,F07S
Use,2014,ORE,F07E
Use,2014,ORE,F07N
Use,2014,ORE,F10C
Use,2014,ORE,F10S
Use,2014,ORE,F10E
Use,2014,ORE,F10N
Use,2014,532RL,F02S
Use,2014,532RL,F02E
Use,2014,532RL,F02N
Use,2014,532RL,F02R
Use,2014,532RL,F030
Use,2014,532RL,F050
Use,2014,532RL,F06C
Use,2014,532RL,F06S
Use,2014,532RL,F06E
Use,2014,532RL,F06N
Use,2014,532RL,F07C
Use,2014,532RL,F07S
Use,2014,532RL,F07E
Use,2014,532RL,F07N
Use,2014,532RL,F10C
Use,2014,532RL,F10S
Use,2014,532RL,F10E
Use,2014,532RL,F10N
Use,2014,5411,F02S
Use,2014,5411,F02E
Use,2014,5411,F02N
Use,2014,5411,F030
Use,2014,5411,F06C
Use,2014,5411,F06S
Use,2014,5411,F06E
Use,2014,5411,F06N
Use,2014,5411,F07C
Use,2014,5411,F07S
Use,2014,5411,F07E
Use,2014,5411,F07N
Use,2014,5411,F10C
Use,2014,5411,F10S
Use,2014,5411,F10E
Use,2014,5411,F10N
Use,2014,5415,F010
Use,2014,5415,F02S
Use,2014,5415,F02R
Use,2014,5415,F030
Use,2014,5415,F06C
Use,2014,5415,F06S
Use,2014,5415,F07C
Use,2014,5415,F07S
Use,2014,5415,F07E
Use,2014,5415,F10C
Use,2014,5415,F10S
Use,2014,5412OP,F02S
Use,2014,5412OP,F030
Use,2014,5412OP,F06C
Use,2014,5412OP,F06S
Use,2014,5412OP,F06E
Use,2014,5412OP,F07C
Use,2014,5412OP,F07S
Use,2014,5412OP,F07E
Use,2014,5412OP,F10C
Use,2014,5412OP,F10S
Use,2014,5412OP,F10E
Use,2014,55,111CA
Use,2014,55,113FF
Use,2014,55,GFGN
Use,2014,55,GSLE
Use,2014,55,F010
Use,2014,55,F02S
Use,2014,55,F02E
Use,2014,55,F02N
Use,2014,55,F02R
Use,2014,55,F030
Use,2014,55,F050
Use,2014,55,F06C
Use,2014,55,F06S
Use,2014,55,F06E
Use,2014,55,F06N
Use,2014,55,F07C
Use,2014,55,F07S
Use,2014,55,F07E
Use,2014,55,F07N
Use,2014,55,F10C
Use,2014,55,F10S
Use,2014,55,F10E
Use,2014,55,F10N
Use,2014,561,F02S
Use,2014,561,F02E
Use,2014,561,F02N
Use,2014,561,F02R
Use,2014,561,F030
Use,2014,561,F06C
Use,2014,561,F06S
Use,2014,561,F06E
Use,2014,561,F06N
Use,2014,561,F07C
Use,2014,561,F07S
Use,2014,561,F07E
Use,2014,561,F07N
Use,2014,561,F10C
Use,2014,561,F10S
Use,2014,561,F10E
Use,2014,561,F10N
Use,2014,562,F02S
Use,2014,562,F02E
Use,2014,562,F02N
Use,2014,562,F02R
Use,2014,562,F030
Use,2014,562,F06C
Use,2014,562,F06S
Use,2014,562,F06E
Use,2014,562,F06N
Use,2014,562,F07C
Use,2014,562,F07S
Use,2014,562,F07E
Use,2014,562,F07N
Use,2014,562,F10C
Use,2014,562,F10S
Use,2014,562,F10E
Use,2014,562,F10N
Use,2014,61,211
Use,2014,61,212
Use,2014,61,213
Use,2014,61,321
Use,2014,61,327
Use,2014,61,331
Use,2014,61,332
Use,2014,61,333
Use,2014,61,334
Use,2014,61,335
Use,2014,61,3361MV
Use,2014,61,3364OT
Use,2014,61,337
Use,2014,61,339
Use,2014,61,311FT
Use,2014,61,313TT
Use,2014,61,315AL
Use,2014,61,322
Use,2014,61,325
Use,2014,61,452
Use,2014,61,483
Use,2014,61,484
Use,2014,61,485
Use,2014,61,493
Use,2014,61,512
Use,2014,61,524
Use,2014,61,525
Use,2014,61,HS
Use,2014,61,ORE
Use,2014,61,532RL
Use,2014,61,5411
Use,2014,61,55
Use,2014,61,562
Use,2014,61,623
Use,2014,61,624
Use,2014,61,721
Use,2014,61,722
Use,2014,61,F02S
Use,2014,61,F02E
Use,2014,61,F02N
Use,2014,61,F02R
Use,2014,61,F030
Use,2014,61,F06C
Use,2014,61,F06S
Use,2014,61,F06E
Use,2014,61,F06N
Use,2014,61,F07C
Use,2014,61,F07S
Use,2014,61,F07E
Use,2014,61,F07N
Use,2014,61,F10C
Use,2014,61,F10S
Use,2014,61,F10E
Use,2014,61,F10N
Use,2014,621,111CA
Use,2014,621,113FF
Use,2014,621,211
Use,2014,621,212
Use,2014,621,213
Use,2014,621,22
Use,2014,621,23
Use,2014,621,321
Use,2014,621,327
Use,2014,621,331
Use,2014,621,332
Use,2014,621,333
Use,2014,621,334
Use,2014,621,335
Use,2014,621,3361MV
Use,2014,621,3364OT
Use,2014,621,337
Use,2014,621,339
Use,2014,621,311FT
Use,2014,621,313TT
Use,2014,621,315AL
Use,2014,621,322
Use,2014,621,323
Use,2014,621,324
Use,2014,621,325
Use,2014,621,326
Use,2014,621,42
Use,2014,621,441
Use,2014,621,445
Use,2014,621,452
Use,2014,621,4A0
Use,2014,621,481
Use,2014,621,482
Use,2014,621,483
Use,2014,621,484
Use,2014,621,485
Use,2014,621,486
Use,2014,621,487OS
Use,2014,621,493
Use,2014,621,511
Use,2014,621,512
Use,2014,621,513
Use,2014,621,514
Use,2014,621,521CI
Use,2014,621,523
Use,2014,621,524
Use,2014,621,525
Use,2014,621,HS
Use,2014,621,ORE
Use,2014,621,532RL
Use,2014,621,5411
Use,2014,621,5415
Use,2014,621,55
Use,2014,621,562
Use,2014,621,61
Use,2014,621,721
Use,2014,621,722
Use,2014,621,GFGD
Use,2014,621,GFE
Use,2014,621,GSLE
Use,2014,621,F02S
Use,2014,621,F02E
Use,2014,621,F02N
Use,2014,621,F02R
Use,2014,621,F030
Use,2014,621,F06C
Use,2014,621,F06S
Use,2014,621,F06E
Use,2014,621,F06N
Use,2014,621,F07C
Use,2014,621,F07S
Use,2014,621,F07E
Use,2014,621,F07N
Use,2014,621,F10C
Use,2014,621,F10S
Use,2014,621,F10E
Use,2014,621,F10N
Use,2014,622,111CA
Use,2014,622,113FF
Use,2014,622,211
Use,2014,622,212
Use,2014,622,213
Use,2014,622,22
Use,2014,622,23
Use,2014,622,321
Use,2014,622,327
Use,2014,622,331
Use,2014,622,332
Use,2014,622,333
Use,2014,622,334
Use,2014,622,335
Use,2014,622,3361MV
Use,2014,622,3364OT
Use,2014,622,337
Use,2014,622,339
Use,2014,622,311FT
Use,2014,622,313TT
Use,2014,622,315AL
Use,2014,622,322
Use,2014,622,323
Use,2014,622,324
Use,2014,622,325
Use,2014,622,326
Use,2014,622,42
Use,2014,622,441
Use,2014,622,445
Use,2014,622,452
Use,2014,622,4A0
Use,2014,622,481
Use,2014,622,482
Use,2014,622,483
Use,2014,622,484
Use,2014,622,485
Use,2014,622,486
Use,2014,622,487OS
Use,2014,622,493
Use,2014,622,511
Use,2014,622,512
Use,2014,622,513
Use,2014,622,514
Use,2014,622,521CI
Use,2014,622,523
Use,2014,622,524
Use,2014,622,525
Use,2014,622,HS
Use,2014,622,ORE
Use,2014,622,532RL
Use,2014,622,5411
Use,2014,622,5415
Use,2014,622,5412OP
Use,2014,622,55
Use,2014,622,561
Use,2014,622,562
Use,2014,622,61
Use,2014,622,621
Use,2014,622,623
Use,2014,622,624
Use,2014,622,711AS
Use,2014,622,713
Use,2014,622,721
Use,2014,622,722
Use,2014,622,81
Use,2014,622,GFGD
Use,2014,622,GFGN
Use,2014,622,GFE
Use,2014,622,GSLG
Use,2014,622,GSLE
Use,2014,622,F02S
Use,2014,622,F02E
Use,2014,622,F02N
Use,2014,622,F02R
Use,2014,622,F030
Use,2014,622,F06C
Use,2014,622,F06S
Use,2014,622,F06E
Use,2014,622,F06N
Use,2014,622,F07C
Use,2014,622,F07S
Use,2014,622,F07E
Use,2014,622,F07N
Use,2014,622,F10C
Use,2014,622,F10S
Use,2014,622,F10E
Use,2014,622,F10N
Use,2014,623,111CA
Use,2014,623,113FF
Use,2014,623,211
Use,2014,623,212
Use,2014,623,213
Use,2014,623,22
Use,2014,623,23
Use,2014,623,321
Use,2014,623,327
Use,2014,623,331
Use,2014,623,332
Use,2014,623,333
Use,2014,623,334
Use,2014,623,335
Use,2014,623,3361MV
Use,2014,623,3364OT
Use,2014,623,337
Use,2014,623,339
Use,2014,623,311FT
Use,2014,623,313TT
Use,2014,623,315AL
Use,2014,623,322
Use,2014,623,323
Use,2014,623,324
Use,2014,623,325
Use,2014,623,326
Use,2014,623,42
Use,2014,623,441
Use,2014,623,445
Use,2014,623,452
Use,2014,623,4A0
Use,2014,623,481
Use,2014,623,482
Use,2014,623,483
Use,2014,623,484
Use,2014,623,485
Use,2014,623,486
Use,2014,623,487OS
Use,2014,623,493
Use,2014,623,511
Use,2014,623,512
Use,2014,623,513
Use,2014,623,514
Use,2014,623,521CI
Use,2014,623,523
Use,2014,623,524
Use,2014,623,525
Use,2014,623,HS
Use,2014,623,ORE
Use,2014,623,532RL
Use,2014,623,5411
Use,2014,623,5415
Use,2014,623,5412OP
Use,2014,623,55
Use,2014,623,561
Use,2014,623,562
Use,2014,623,61
Use,2014,623,621
Use,2014,623,622
Use,2014,623,623
Use,2014,623,624
Use,2014,623,711AS
Use,2014,623,713
Use,2014,623,721
Use,2014,623,722
Use,2014,623,81
Use,2014,623,GFGD
Use,2014,623,GFE
Use,2014,623,GSLE
Use,2014,623,F02S
Use,2014,623,F02E
Use,2014,623,F02N
Use,2014,623,F02R
Use,2014,623,F030
Use,2014,623,F06C
Use,2014,623,F06S
Use,2014,623,F06E
Use,2014,623,F06N
Use,2014,623,F07C
Use,2014,623,F07S
Use,2014,623,F07E
Use,2014,623,F07N
Use,2014,623,F10C
Use,2014,623,F10S
Use,2014,623,F10E
Use,2014,623,F10N
Use,2014,624,111CA
Use,2014,624,113FF
Use,2014,624,211
Use,2014,624,212
Use,2014,624,213
Use,2014,624,22
Use,2014,624,23
Use,2014,624,321
Use,2014,624,327
Use,2014,624,331
Use,2014,624,332
Use,2014,624,333
Use,2014,624,334
Use,2014,624,335
Use,2014,624,3361MV
Use,2014,624,3364OT
Use,2014,624,337
Use,2014,624,339
Use,2014,624,311FT
Use,2014,624,313TT
Use,2014,624,315AL
Use,2014,624,322
Use,2014,624,323
Use,2014,624,324
Use,2014,624,325
Use,2014,624,326
Use,2014,624,42
Use,2014,624,441
Use,2014,624,445
Use,2014,624,452
Use,2014,624,4A0
Use,2014,624,481
Use,2014,624,482
Use,2014,624,483
Use,2014,624,484
Use,2014,624,485
Use,2014,624,486
Use,2014,624,487OS
Use,2014,624,493
Use,2014,624,511
Use,2014,624,512
Use,2014,624,513
Use,2014,624,514
Use,2014,624,521CI
Use,2014,624,523
Use,2014,624,524
Use,2014,624,525
Use,2014,624,HS
Use,2014,624,ORE
Use,2014,624,532RL
Use,2014,624,5411
Use,2014,624,5415
Use,2014,624,5412OP
Use,2014,624,55
Use,2014,624,561
Use,2014,624,562
Use,2014,624,61
Use,2014,624,621
Use,2014,624,622
Use,2014,624,623
Use,2014,624,624
Use,2014,624,711AS
Use,2014,624,713
Use,2014,624,721
Use,2014,624,722
Use,2014,624,81
Use,2014,624,GFGD
Use,2014,624,GFGN
Use,2014,624,GFE
Use,2014,624,GSLE
Use,2014,624,F02S
Use,2014,624,F02E
Use,2014,624,F02N
Use,2014,624,F02R
Use,2014,624,F030
Use,2014,624,F040
Use,2014,624,F050
Use,2014,624,F06C
Use,2014,624,F06S
Use,2014,624,F06E
Use,2014,624,F06N
Use,2014,624,F07C
Use,2014,624,F07S
Use,2014,624,F07E
Use,2014,624,F07N
Use,2014,624,F10C
Use,2014,624,F10S
Use,2014,624,F10E
Use,2014,624,F10N
Use,2014,711AS,212
Use,2014,711AS,481
Use,2014,711AS,483
Use,2014,711AS,486
Use,2014,711AS,F02S
Use,2014,711AS,F02E
Use,2014,711AS,F02R
Use,2014,711AS,F030
Use,2014,711AS,F06C
Use,2014,711AS,F06S
Use,2014,711AS,F06E
Use,2014,711AS,F06N
Use,2014,711AS,F07C
Use,2014,711AS,F07S
Use,2014,711AS,F07E
Use,2014,711AS,F07N
Use,2014,711AS,F10C
Use,2014,711AS,F10S
Use,2014,711AS,F10E
Use,2014,711AS,F10N
Use,2014,713,211
Use,2014,713,483
Use,2014,713,484
Use,2014,713,485
Use,2014,713,486
Use,2014,713,ORE
Use,2014,713,F02S
Use,2014,713,F02E
Use,2014,713,F02N
Use,2014,713,F02R
Use,2014,713,F030
Use,2014,713,F06C
Use,2014,713,F06S
Use,2014,713,F06E
Use,2014,713,F06N
Use,2014,713,F07C
Use,2014,713,F07S
Use,2014,713,F07E
Use,2014,713,F07N
Use,2014,713,F10C
Use,2014,713,F10S
Use,2014,713,F10E
Use,2014,713,F10N
Use,2014,721,113FF
Use,2014,721,481
Use,2014,721,483
Use,2014,721,484
Use,2014,721,F02S
Use,2014,721,F02E
Use,2014,721,F02N
Use,2014,721,F02R
Use,2014,721,F030
Use,2014,721,F040
Use,2014,721,F050
Use,2014,721,F06C
Use,2014,721,F06S
Use,2014,721,F06E
Use,2014,721,F06N
Use,2014,721,F07C
Use,2014,721,F07S
Use,2014,721,F07E
Use,2014,721,F07N
Use,2014,721,F10C
Use,2014,721,F10S
Use,2014,721,F10E
Use,2014,721,F10N
Use,2014,722,F02S
Use,2014,722,F02E
Use,2014,722,F02N
Use,2014,722,F02R
Use,2014,722,F030
Use,2014,722,F050
Use,2014,722,F06C
Use,2014,722,F06S
Use,2014,722,F06E
Use,2014,722,F06N
Use,2014,722,F07C
Use,2014,722,F07S
Use,2014,722,F07E
Use,2014,722,F07N
Use,2014,722,F10C
Use,2014,722,F10S
Use,2014,722,F10E
Use,2014,722,F10N
Use,2014,81,F02S
Use,2014,81,F02E
Use,2014,81,F02N
Use,2014,81,F02R
Use,2014,81,F030
Use,2014,81,F06C
Use,2014,81,F06S
Use,2014,81,F06E
Use,2014,81,F06N
Use,2014,81,F07C
Use,2014,81,F07S
Use,2014,81,F07E
Use,2014,81,F07N
Use,2014,81,F10C
Use,2014,81,F10S
Use,2014,81,F10E
Use,2014,81,F10N
Use,2014,GFGD,111CA
Use,2014,GFGD,113FF
Use,2014,GFGD,211
Use,2014,GFGD,212
Use,2014,GFGD,213
Use,2014,GFGD,22
Use,2014,GFGD,23
Use,2014,GFGD,321
Use,2014,GFGD,327
Use,2014,GFGD,331
Use,2014,GFGD,332
Use,2014,GFGD,333
Use,2014,GFGD,334
Use,2014,GFGD,335
Use,2014,GFGD,3361MV
Use,2014,GFGD,3364OT
Use,2014,GFGD,337
Use,2014,GFGD,339
Use,2014,GFGD,311FT
Use,2014,GFGD,313TT
Use,2014,GFGD,315AL
Use,2014,GFGD,322
Use,2014,GFGD,323
Use,2014,GFGD,324
Use,2014,GFGD,325
Use,2014,GFGD,326
Use,2014,GFGD,42
Use,2014,GFGD,441
Use,2014,GFGD,445
Use,2014,GFGD,452
Use,2014,GFGD,4A0
Use,2014,GFGD,481
Use,2014,GFGD,482
Use,2014,GFGD,483
Use,2014,GFGD,484
Use,2014,GFGD,485
Use,2014,GFGD,486
Use,2014,GFGD,487OS
Use,2014,GFGD,493
Use,2014,GFGD,511
Use,2014,GFGD,512
Use,2014,GFGD,513
Use,2014,GFGD,514
Use,2014,GFGD,521CI
Use,2014,GFGD,523
Use,2014,GFGD,524
Use,2014,GFGD,525
Use,2014,GFGD,HS
Use,2014,GFGD,ORE
Use,2014,GFGD,532RL
Use,2014,GFGD,5411
Use,2014,GFGD,5415
Use,2014,GFGD,5412OP
Use,2014,GFGD,55
Use,2014,GFGD,561
Use,2014,GFGD,562
Use,2014,GFGD,61
Use,2014,GFGD,621
Use,2014,GFGD,622
Use,2014,GFGD,623
Use,2014,GFGD,624
Use,2014,GFGD,711AS
Use,2014,GFGD,713
Use,2014,GFGD,721
Use,2014,GFGD,722
Use,2014,GFGD,81
Use,2014,GFGD,GFGD
Use,2014,GFGD,GFGN
Use,2014,GFGD,GFE
Use,2014,GFGD,GSLG
Use,2014,GFGD,GSLE
Use,2014,GFGD,TOT_INT
Use,2014,GFGD,F010
Use,2014,GFGD,F02S
Use,2014,GFGD,F02E
Use,2014,GFGD,F02N
Use,2014,GFGD,F02R
Use,2014,GFGD,F030
Use,2014,GFGD,F040
Use,2014,GFGD,F050
Use,2014,GFGD,F06S
Use,2014,GFGD,F06E
Use,2014,GFGD,F06N
Use,2014,GFGD,F07C
Use,2014,GFGD,F07S
Use,2014,GFGD,F07E
Use,2014,GFGD,F07N
Use,2014,GFGD,F10C
Use,2014,GFGD,F10S
Use,2014,GFGD,F10E
Use,2014,GFGD,F10N
Use,2014,GFGN,111CA
Use,2014,GFGN,113FF
Use,2014,GFGN,211
Use,2014,GFGN,212
Use,2014,GFGN,213
Use,2014,GFGN,22
Use,2014,GFGN,23
Use,2014,GFGN,321
Use,2014,GFGN,327
Use,2014,GFGN,331
Use,2014,GFGN,332
Use,2014,GFGN,333
Use,2014,GFGN,334
Use,2014,GFGN,335
Use,2014,GFGN,3361MV
Use,2014,GFGN,3364OT
Use,2014,GFGN,337
Use,2014,GFGN,339
Use,2014,GFGN,311FT
Use,2014,GFGN,313TT
Use,2014,GFGN,315AL
Use,2014,GFGN,322
Use,2014,GFGN,323
Use,2014,GFGN,324
Use,2014,GFGN,325
Use,2014,GFGN,326
Use,2014,GFGN,42
Use,2014,GFGN,441
Use,2014,GFGN,445
Use,2014,GFGN,452
Use,2014,GFGN,4A0
Use,2014,GFGN,481
Use,2014,GFGN,482
Use,2014,GFGN,483
Use,2014,GFGN,484
Use,2014,GFGN,485
Use,2014,GFGN,486
Use,2014,GFGN,487OS
Use,2014,GFGN,493
Use,2014,GFGN,511
Use,2014,GFGN,512
Use,2014,GFGN,513
Use,2014,GFGN,514
Use,2014,GFGN,521CI
Use,2014,GFGN,523
Use,2014,GFGN,524
Use,2014,GFGN,525
Use,2014,GFGN,HS
Use,2014,GFGN,ORE
Use,2014,GFGN,532RL
Use,2014,GFGN,5411
Use,2014,GFGN,5415
Use,2014,GFGN,5412OP
Use,2014,GFGN,55
Use,2014,GFGN,561
Use,2014,GFGN,562
Use,2014,GFGN,61
Use,2014,GFGN,621
Use,2014,GFGN,622
Use,2014,GFGN,623
Use,2014,GFGN,624
Use,2014,GFGN,711AS
Use,2014,GFGN,713
Use,2014,GFGN,721
Use,2014,GFGN,722
Use,2014,GFGN,81
Use,2014,GFGN,GFGD
Use,2014,GFGN,GFGN
Use,2014,GFGN,GFE
Use,2014,GFGN,GSLG
Use,2014,GFGN,GSLE
Use,2014,GFGN,TOT_INT
Use,2014,GFGN,F010
Use,2014,GFGN,F02S
Use,2014,GFGN,F02E
Use,2014,GFGN,F02N
Use,2014,GFGN,F02R
Use,2014,GFGN,F030
Use,2014,GFGN,F040
Use,2014,GFGN,F050
Use,2014,GFGN,F06C
Use,2014,GFGN,F06S
Use,2014,GFGN,F06E
Use,2014,GFGN,F06N
Use,2014,GFGN,F07S
Use,2014,GFGN,F07E
Use,2014,GFGN,F07N
Use,2014,GFGN,F10C
Use,2014,GFGN,F10S
Use,2014,GFGN,F10E
Use,2014,GFGN,F10N
Use,2014,GFE,211
Use,2014,GFE,213
Use,2014,GFE,321
Use,2014,GFE,327
Use,2014,GFE,3361MV
Use,2014,GFE,3364OT
Use,2014,GFE,337
Use,2014,GFE,311FT
Use,2014,GFE,315AL
Use,2014,GFE,322
Use,2014,GFE,326
Use,2014,GFE,482
Use,2014,GFE,525
Use,2014,GFE,F02S
Use,2014,GFE,F02E
Use,2014,GFE,F02N
Use,2014,GFE,F02R
Use,2014,GFE,F030
Use,2014,GFE,F06C
Use,2014,GFE,F06S
Use,2014,GFE,F06E
Use,2014,GFE,F06N
Use,2014,GFE,F07C
Use,2014,GFE,F07S
Use,2014,GFE,F07E
Use,2014,GFE,F07N
Use,2014,GFE,F10C
Use,2014,GFE,F10S
Use,2014,GFE,F10E
Use,2014,GFE,F10N
Use,2014,GSLG,111CA
Use,2014,GSLG,113FF
Use,2014,GSLG,211
Use,2014,GSLG,212
Use,2014,GSLG,213
Use,2014,GSLG,22
Use,2014,GSLG,23
Use,2014,GSLG,321
Use,2014,GSLG,327
Use,2014,GSLG,331
Use,2014,GSLG,332
Use,2014,GSLG,333
Use,2014,GSLG,334
Use,2014,GSLG,335
Use,2014,GSLG,3361MV
Use,2014,GSLG,3364OT
Use,2014,GSLG,337
Use,2014,GSLG,339
Use,2014,GSLG,311FT
Use,2014,GSLG,313TT
Use,2014,GSLG,315AL
Use,2014,GSLG,322
Use,2014,GSLG,323
Use,2014,GSLG,324
Use,2014,GSLG,325
Use,2014,GSLG,326
Use,2014,GSLG,42
Use,2014,GSLG,441
Use,2014,GSLG,445
Use,2014,GSLG,452
Use,2014,GSLG,4A0
Use,2014,GSLG,481
Use,2014,GSLG,482
Use,2014,GSLG,483
Use,2014,GSLG,484
Use,2014,GSLG,485
Use,2014,GSLG,486
Use,2014,GSLG,487OS
Use,2014,GSLG,493
Use,2014,GSLG,511
Use,2014,GSLG,512
Use,2014,GSLG,513
Use,2014,GSLG,514
Use,2014,GSLG,521CI
Use,2014,GSLG,523
Use,2014,GSLG,524
Use,2014,GSLG,525
Use,2014,GSLG,HS
Use,2014,GSLG,ORE
Use,2014,GSLG,532RL
Use,2014,GSLG,5411
Use,2014,GSLG,5415
Use,2014,GSLG,5412OP
Use,2014,GSLG,55
Use,2014,GSLG,561
Use,2014,GSLG,562
Use,2014,GSLG,61
Use,2014,GSLG,621
Use,2014,GSLG,622
Use,2014,GSLG,623
Use,2014,GSLG,624
Use,2014,GSLG,711AS
Use,2014,GSLG,713
Use,2014,GSLG,721
Use,2014,GSLG,722
Use,2014,GSLG,81
Use,2014,GSLG,GFGD
Use,2014,GSLG,GFGN
Use,2014,GSLG,GFE
Use,2014,GSLG,GSLG
Use,2014,GSLG,GSLE
Use,2014,GSLG,TOT_INT
Use,2014,GSLG,F010
Use,2014,GSLG,F02S
Use,2014,GSLG,F02E
Use,2014,GSLG,F02N
Use,2014,GSLG,F02R
Use,2014,GSLG,F030
Use,2014,GSLG,F040
Use,2014,GSLG,F050
Use,2014,GSLG,F06C
Use,2014,GSLG,F06S
Use,2014,GSLG,F06E
Use,2014,GSLG,F06N
Use,2014,GSLG,F07C
Use,2014,GSLG,F07S
Use,2014,GSLG,F07E
Use,2014,GSLG,F07N
Use,2014,GSLG,F10S
Use,2014,GSLG,F10E
Use,2014,GSLG,F10N
Use,2014,GSLE,111CA
Use,2014,GSLE,211
Use,2014,GSLE,212
Use,2014,GSLE,213
Use,2014,GSLE,23
Use,2014,GSLE,482
Use,2014,GSLE,483
Use,2014,GSLE,525
Use,2014,GSLE,HS
Use,2014,GSLE,F02S
Use,2014,GSLE,F02E
Use,2014,GSLE,F02N
Use,2014,GSLE,F02R
Use,2014,GSLE,F030
Use,2014,GSLE,F040
Use,2014,GSLE,F050
Use,2014,GSLE,F06C
Use,2014,GSLE,F06S
Use,2014,GSLE,F06E
Use,2014,GSLE,F06N
Use,2014,GSLE,F07C
Use,2014,GSLE,F07S
Use,2014,GSLE,F07E
Use,2014,GSLE,F07N
Use,2014,GSLE,F10C
Use,2014,GSLE,F10S
Use,2014,GSLE,F10E
Use,2014,GSLE,F10N
Use,2014,Used,211
Use,2014,Used,212
Use,2014,Used,321
Use,2014,Used,334
Use,2014,Used,335
Use,2014,Used,3361MV
Use,2014,Used,3364OT
Use,2014,Used,337
Use,2014,Used,315AL
Use,2014,Used,323
Use,2014,Used,324
Use,2014,Used,42
Use,2014,Used,445
Use,2014,Used,452
Use,2014,Used,482
Use,2014,Used,511
Use,2014,Used,514
Use,2014,Used,521CI
Use,2014,Used,523
Use,2014,Used,524
Use,2014,Used,525
Use,2014,Used,HS
Use,2014,Used,ORE
Use,2014,Used,5411
Use,2014,Used,5415
Use,2014,Used,5412OP
Use,2014,Used,561
Use,2014,Used,562
Use,2014,Used,622
Use,2014,Used,623
Use,2014,Used,624
Use,2014,Used,721
Use,2014,Used,722
Use,2014,Used,GFGN
Use,2014,Used,GFE
Use,2014,Used,GSLG
Use,2014,Used,GSLE
Use,2014,Used,F02N
Use,2014,Used,F06C
Use,2014,Used,F06N
Use,2014,Used,F07C
Use,2014,Used,F07N
Use,2014,Used,F10C
Use,2014,Used,F10N
Use,2014,Other,621
Use,2014,Other,622
Use,2014,Other,624
Use,2014,Other,GSLG
Use,2014,Other,GSLE
Use,2014,Other,F02S
Use,2014,Other,F02E
Use,2014,Other,F02R
Use,2014,Other,F030
Use,2014,Other,F06C
Use,2014,Other,F06S
Use,2014,Other,F06E
Use,2014,Other,F06N
Use,2014,Other,F07C
Use,2014,Other,F07S
Use,2014,Other,F07E
Use,2014,Other,F07N
Use,2014,Other,F10C
Use,2014,Other,F10S
Use,2014,Other,F10E
Use,2014,Other,F10N
Use,2014,TOT_INT,F010
Use,2014,TOT_INT,F02S
Use,2014,TOT_INT,F02E
Use,2014,TOT_INT,F02N
Use,2014,TOT_INT,F02R
Use,2014,TOT_INT,F030
Use,2014,TOT_INT,F040
Use,2014,TOT_INT,F050
Use,2014,TOT_INT,F06C
Use,2014,TOT_INT,F06S
Use,2014,TOT_INT,F06E
Use,2014,TOT_INT,F06N
Use,2014,TOT_INT,F07C
Use,2014,TOT_INT,F07S
Use,2014,TOT_INT,F07E
Use,2014,TOT_INT,F07N
Use,2014,TOT_INT,F10C
Use,2014,TOT_INT,F10S
Use,2014,TOT_INT,F10E
Use,2014,TOT_INT,F10N
Use,2014,TOT_INT,TOT_FIN
Use,2014,TOT_INT,Q
Use,2014,V001,F010
Use,2014,V001,F02S
Use,2014,V001,F02E
Use,2014,V001,F02N
Use,2014,V001,F02R
Use,2014,V001,F030
Use,2014,V001,F040
Use,2014,V001,F050
Use,2014,V001,F06C
Use,2014,V001,F06S
Use,2014,V001,F06E
Use,2014,V001,F06N
Use,2014,V001,F07C
Use,2014,V001,F07S
Use,2014,V001,F07E
Use,2014,V001,F07N
Use,2014,V001,F10C
Use,2014,V001,F10S
Use,2014,V001,F10E
Use,2014,V001,F10N
Use,2014,V001,TOT_FIN
Use,2014,V001,Q
Use,2014,V002,GFGD
Use,2014,V002,GFGN
Use,2014,V002,GSLG
Use,2014,V002,F010
Use,2014,V002,F02S
Use,2014,V002,F02E
Use,2014,V002,F02N
Use,2014,V002,F02R
Use,2014,V002,F030
Use,2014,V002,F040
Use,2014,V002,F050
Use,2014,V002,F06C
Use,2014,V002,F06S
Use,2014,V002,F06E
Use,2014,V002,F06N
Use,2014,V002,F07C
Use,2014,V002,F07S
Use,2014,V002,F07E
Use,2014,V002,F07N
Use,2014,V002,F10C
Use,2014,V002,F10S
Use,2014,V002,F10E
Use,2014,V002,F10N
Use,2014,V002,TOT_FIN
Use,2014,V002,Q
Use,2014,V003,F010
Use,2014,V003,F02S
Use,2014,V003,F02E
Use,2014,V003,F02N
Use,2014,V003,F02R
Use,2014,V003,F030
Use,2014,V003,F040
Use,2014,V003,F050
Use,2014,V003,F06C
Use,2014,V003,F06S
Use,2014,V003,F06E
Use,2014,V003,F06N
Use,2014,V003,F07C
Use,2014,V003,F07S
Use,2014,V003,F07E
Use,2014,V003,F07N
Use,2014,V003,F10C
Use,2014,V003,F10S
Use,2014,V003,F10E
Use,2014,V003,F10N
Use,2014,V003,TOT_FIN
Use,2014,V003,Q
Use,2014,TOT_VA,TOT_INT
Use,2014,TOT_VA,F010
Use,2014,TOT_VA,F02S
Use,2014,TOT_VA,F02E
Use,2014,TOT_VA,F02N
Use,2014,TOT_VA,F02R
Use,2014,TOT_VA,F030
Use,2014,TOT_VA,F040
Use,2014,TOT_VA,F050
Use,2014,TOT_VA,F06C
Use,2014,TOT_VA,F06S
Use,2014,TOT_VA,F06E
Use,2014,TOT_VA,F06N
Use,2014,TOT_VA,F07C
Use,2014,TOT_VA,F07S
Use,2014,TOT_VA,F07E
Use,2014,TOT_VA,F07N
Use,2014,TOT_VA,F10C
Use,2014,TOT_VA,F10S
Use,2014,TOT_VA,F10E
Use,2014,TOT_VA,F10N
Use,2014,TOT_VA,Q
Use,2014,X,TOT_INT
Use,2014,X,TOT_FIN
Make,2014,111CA,211
Make,2014,111CA,212
Make,2014,111CA,213
Make,2014,111CA,22
Make,2014,111CA,23
Make,2014,111CA,327
Make,2014,111CA,331
Make,2014,111CA,332
Make,2014,111CA,333
Make,2014,111CA,334
Make,2014,111CA,335
Make,2014,111CA,3361MV
Make,2014,111CA,3364OT
Make,2014,111CA,337
Make,2014,111CA,339
Make,2014,111CA,311FT
Make,2014,111CA,313TT
Make,2014,111CA,315AL
Make,2014,111CA,322
Make,2014,111CA,323
Make,2014,111CA,324
Make,2014,111CA,325
Make,2014,111CA,326
Make,2014,111CA,42
Make,2014,111CA,441
Make,2014,111CA,445
Make,2014,111CA,452
Make,2014,111CA,4A0
Make,2014,111CA,481
Make,2014,111CA,482
Make,2014,111CA,483
Make,2014,111CA,484
Make,2014,111CA,485
Make,2014,111CA,486
Make,2014,111CA,487OS
Make,2014,111CA,493
Make,2014,111CA,511
Make,2014,111CA,512
Make,2014,111CA,513
Make,2014,111CA,514
Make,2014,111CA,521CI
Make,2014,111CA,523
Make,2014,111CA,524
Make,2014,111CA,525
Make,2014,111CA,HS
Make,2014,111CA,ORE
Make,2014,111CA,532RL
Make,2014,111CA,5411
Make,2014,111CA,5415
Make,2014,111CA,5412OP
Make,2014,111CA,55
Make,2014,111CA,561
Make,2014,111CA,562
Make,2014,111CA,61
Make,2014,111CA,621
Make,2014,111CA,622
Make,2014,111CA,623
Make,2014,111CA,624
Make,2014,111CA,711AS
Make,2014,111CA,721
Make,2014,111CA,722
Make,2014,111CA,81
Make,2014,111CA,GFGD
Make,2014,111CA,GFGN
Make,2014,111CA,GFE
Make,2014,111CA,GSLG
Make,2014,111CA,GSLE
Make,2014,111CA,Used
Make,2014,111CA,Other
Make,2014,113FF,211
Make,2014,113FF,212
Make,2014,113FF,213
Make,2014,113FF,22
Make,2014,113FF,321
Make,2014,113FF,327
Make,2014,113FF,331
Make,2014,113FF,332
Make,2014,113FF,333
Make,2014,113FF,334
Make,2014,113FF,335
Make,2014,113FF,3361MV
Make,2014,113FF,3364OT
Make,2014,113FF,337
Make,2014,113FF,339
Make,2014,113FF,311FT
Make,2014,113FF,313TT
Make,2014,113FF,315AL
Make,2014,113FF,322
Make,2014,113FF,323
Make,2014,113FF,324
Make,2014,113FF,325
Make,2014,113FF,326
Make,2014,113FF,42
Make,2014,113FF,441
Make,2014,113FF,445
Make,2014,113FF,452
Make,2014,113FF,4A0
Make,2014,113FF,481
Make,2014,113FF,482
Make,2014,113FF,483
Make,2014,113FF,484
Make,2014,113FF,485
Make,2014,113FF,486
Make,2014,113FF,487OS
Make,2014,113FF,493
Make,2014,113FF,511
Make,2014,113FF,512
Make,2014,113FF,513
Make,2014,113FF,514
Make,2014,113FF,521CI
Make,2014,113FF,523
Make,2014,113FF,524
Make,2014,113FF,525
Make,2014,113FF,HS
Make,2014,113FF,ORE
Make,2014,113FF,532RL
Make,2014,113FF,5411
Make,2014,113FF,5412OP
Make,2014,113FF,55
Make,2014,113FF,561
Make,2014,113FF,562
Make,2014,113FF,61
Make,2014,113FF,621
Make,2014,113FF,622
Make,2014,113FF,623
Make,2014,113FF,624
Make,2014,113FF,711AS
Make,2014,113FF,713
Make,2014,113FF,721
Make,2014,113FF,722
Make,2014,113FF,81
Make,2014,113FF,GFGD
Make,2014,113FF,GFGN
Make,2014,113FF,GFE
Make,2014,113FF,GSLG
Make,2014,113FF,GSLE
Make,2014,113FF,Used
Make,2014,113FF,Other
Make,2014,211,111CA
Make,2014,211,113FF
Make,2014,211,22
Make,2014,211,321
Make,2014,211,327
Make,2014,211,331
Make,2014,211,334
Make,2014,211,335
Make,2014,211,3361MV
Make,2014,211,3364OT
Make,2014,211,337
Make,2014,211,339
Make,2014,211,311FT
Make,2014,211,313TT
Make,2014,211,315AL
Make,2014,211,322
Make,2014,211,323
Make,2014,211,326
Make,2014,211,441
Make,2014,211,445
Make,2014,211,452
Make,2014,211,4A0
Make,2014,211,481
Make,2014,211,482
Make,2014,211,483
Make,2014,211,484
Make,2014,211,485
Make,2014,211,486
Make,2014,211,487OS
Make,2014,211,493
Make,2014,211,511
Make,2014,211,512
Make,2014,211,513
Make,2014,211,514
Make,2014,211,521CI
Make,2014,211,523
Make,2014,211,524
Make,2014,211,525
Make,2014,211,HS
Make,2014,211,ORE
Make,2014,211,532RL
Make,2014,211,5411
Make,2014,211,55
Make,2014,211,561
Make,2014,211,562
Make,2014,211,61
Make,2014,211,621
Make,2014,211,622
Make,2014,211,623
Make,2014,211,624
Make,2014,211,711AS
Make,2014,211,713
Make,2014,211,721
Make,2014,211,722
Make,2014,211,81
Make,2014,211,GFGD
Make,2014,211,GFGN
Make,2014,211,GFE
Make,2014,211,GSLG
Make,2014,211,GSLE
Make,2014,211,Used
Make,2014,211,Other
Make,2014,212,111CA
Make,2014,212,113FF
Make,2014,212,22
Make,2014,212,321
Make,2014,212,331
Make,2014,212,332
Make,2014,212,333
Make,2014,212,334
Make,2014,212,335
Make,2014,212,3361MV
Make,2014,212,3364OT
Make,2014,212,337
Make,2014,212,339
Make,2014,212,311FT
Make,2014,212,313TT
Make,2014,212,315AL
Make,2014,212,322
Make,2014,212,323
Make,2014,212,326
Make,2014,212,441
Make,2014,212,445
Make,2014,212,452
Make,2014,212,4A0
Make,2014,212,481
Make,2014,212,482
Make,2014,212,483
Make,2014,212,484
Make,2014,212,485
Make,2014,212,486
Make,2014,212,487OS
Make,2014,212,493
Make,2014,212,511
Make,2014,212,512
Make,2014,212,513
Make,2014,212,514
Make,2014,212,521CI
Make,2014,212,523
Make,2014,212,524
Make,2014,212,525
Make,2014,212,HS
Make,2014,212,ORE
Make,2014,212,532RL
Make,2014,212,5411
Make,2014,212,55
Make,2014,212,561
Make,2014,212,562
Make,2014,212,61
Make,2014,212,621
Make,2014,212,622
Make,2014,212,623
Make,2014,212,624
Make,2014,212,711AS
Make,2014,212,713
Make,2014,212,721
Make,2014,212,722
Make,2014,212,81
Make,2014,212,GFGD
Make,2014,212,GFGN
Make,2014,212,GFE
Make,2014,212,GSLG
Make,2014,212,GSLE
Make,2014,212,Used
Make,2014,212,Other
Make,2014,213,111CA
Make,2014,213,113FF
Make,2014,213,22
Make,2014,213,321
Make,2014,213,327
Make,2014,213,331
Make,2014,213,333
Make,2014,213,334
Make,2014,213,335
Make,2014,213,3361MV
Make,2014,213,3364OT
Make,2014,213,337
Make,2014,213,339
Make,2014,213,311FT
Make,2014,213,313TT
Make,2014,213,315AL
Make,2014,213,322
Make,2014,213,323
Make,2014,213,325
Make,2014,213,326
Make,2014,213,441
Make,2014,213,445
Make,2014,213,452
Make,2014,213,4A0
Make,2014,213,481
Make,2014,213,482
Make,2014,213,483
Make,2014,213,484
Make,2014,213,485
Make,2014,213,486
Make,2014,213,487OS
Make,2014,213,493
Make,2014,213,511
Make,2014,213,512
Make,2014,213,513
Make,2014,213,514
Make,2014,213,521CI
Make,2014,213,523
Make,2014,213,524
Make,2014,213,525
Make,2014,213,HS
Make,2014,213,ORE
Make,2014,213,532RL
Make,2014,213,5411
Make,2014,213,55
Make,2014,213,561
Make,2014,213,562
Make,2014,213,61
Make,2014,213,621
Make,2014,213,622
Make,2014,213,623
Make,2014,213,624
Make,2014,213,711AS
Make,2014,213,713
Make,2014,213,721
Make,2014,213,722
Make,2014,213,81
Make,2014,213,GFGD
Make,2014,213,GFGN
Make,2014,213,GFE
Make,2014,213,GSLG
Make,2014,213,GSLE
Make,2014,213,Used
Make,2014,213,Other
Make,2014,22,111CA
Make,2014,22,113FF
Make,2014,22,212
Make,2014,22,213
Make,2014,22,321
Make,2014,22,327
Make,2014,22,331
Make,2014,22,332
Make,2014,22,333
Make,2014,22,334
Make,2014,22,335
Make,2014,22,3361MV
Make,2014,22,3364OT
Make,2014,22,337
Make,2014,22,339
Make,2014,22,311FT
Make,2014,22,313TT
Make,2014,22,315AL
Make,2014,22,322
Make,2014,22,323
Make,2014,22,324
Make,2014,22,325
Make,2014,22,326
Make,2014,22,441
Make,2014,22,445
Make,2014,22,452
Make,2014,22,481
Make,2014,22,482
Make,2014,22,483
Make,2014,22,484
Make,2014,22,485
Make,2014,22,487OS
Make,2014,22,493
Make,2014,22,511
Make,2014,22,512
Make,2014,22,513
Make,2014,22,514
Make,2014,22,521CI
Make,2014,22,523
Make,2014,22,524
Make,2014,22,525
Make,2014,22,HS
Make,2014,22,ORE
Make,2014,22,532RL
Make,2014,22,5411
Make,2014,22,55
Make,2014,22,561
Make,2014,22,61
Make,2014,22,621
Make,2014,22,622
Make,2014,22,623
Make,2014,22,624
Make,2014,22,711AS
Make,2014,22,713
Make,2014,22,721
Make,2014,22,722
Make,2014,22,81
Make,2014,22,GFGD
Make,2014,22,GFGN
Make,2014,22,GFE
Make,2014,22,GSLG
Make,2014,22,Used
Make,2014,22,Other
Make,2014,23,111CA
Make,2014,23,113FF
Make,2014,23,211
Make,2014,23,212
Make,2014,23,213
Make,2014,23,22
Make,2014,23,321
Make,2014,23,327
Make,2014,23,331
Make,2014,23,332
Make,2014,23,333
Make,2014,23,334
Make,2014,23,335
Make,2014,23,3361MV
Make,2014,23,3364OT
Make,2014,23,337
Make,2014,23,339
Make,2014,23,311FT
Make,2014,23,313TT
Make,2014,23,315AL
Make,2014,23,322
Make,2014,23,323
Make,2014,23,324
Make,2014,23,325
Make,2014,23,326
Make,2014,23,42
Make,2014,23,441
Make,2014,23,445
Make,2014,23,452
Make,2014,23,4A0
Make,2014,23,481
Make,2014,23,482
Make,2014,23,483
Make,2014,23,484
Make,2014,23,485
Make,2014,23,486
Make,2014,23,487OS
Make,2014,23,493
Make,2014,23,511
Make,2014,23,512
Make,2014,23,513
Make,2014,23,514
Make,2014,23,521CI
Make,2014,23,523
Make,2014,23,524
Make,2014,23,525
Make,2014,23,HS
Make,2014,23,ORE
Make,2014,23,532RL
Make,2014,23,5411
Make,2014,23,55
Make,2014,23,561
Make,2014,23,562
Make,2014,23,61
Make,2014,23,621
Make,2014,23,622
Make,2014,23,623
Make,2014,23,624
Make,2014,23,711AS
Make,2014,23,713
Make,2014,23,721
Make,2014,23,722
Make,2014,23,81
Make,2014,23,GFGD
Make,2014,23,GFGN
Make,2014,23,GFE
Make,2014,23,GSLG
Make,2014,23,GSLE
Make,2014,23,Used
Make,2014,23,Other
Make,2014,321,111CA
Make,2014,321,113FF
Make,2014,321,211
Make,2014,321,212
Make,2014,321,213
Make,2014,321,22
Make,2014,321,331
Make,2014,321,333
Make,2014,321,335
Make,2014,321,3361MV
Make,2014,321,3364OT
Make,2014,321,311FT
Make,2014,321,315AL
Make,2014,321,323
Make,2014,321,324
Make,2014,321,441
Make,2014,321,445
Make,2014,321,452
Make,2014,321,4A0
Make,2014,321,481
Make,2014,321,482
Make,2014,321,483
Make,2014,321,484
Make,2014,321,485
Make,2014,321,486
Make,2014,321,487OS
Make,2014,321,493
Make,2014,321,511
Make,2014,321,512
Make,2014,321,513
Make,2014,321,514
Make,2014,321,521CI
Make,2014,321,523
Make,2014,321,524
Make,2014,321,525
Make,2014,321,HS
Make,2014,321,ORE
Make,2014,321,532RL
Make,2014,321,5411
Make,2014,321,55
Make,2014,321,561
Make,2014,321,562
Make,2014,321,61
Make,2014,321,621
Make,2014,321,622
Make,2014,321,623
Make,2014,321,624
Make,2014,321,711AS
Make,2014,321,713
Make,2014,321,721
Make,2014,321,722
Make,2014,321,81
Make,2014,321,GFGD
Make,2014,321,GFGN
Make,2014,321,GFE
Make,2014,321,GSLG
Make,2014,321,GSLE
Make,2014,321,Other
Make,2014,327,111CA
Make,2014,327,113FF
Make,2014,327,22
Make,2014,327,311FT
Make,2014,327,323
Make,2014,327,441
Make,2014,327,445
Make,2014,327,452
Make,2014,327,4A0
Make,2014,327,481
Make,2014,327,482
Make,2014,327,483
Make,2014,327,484
Make,2014,327,485
Make,2014,327,486
Make,2014,327,487OS
Make,2014,327,493
Make,2014,327,511
Make,2014,327,512
Make,2014,327,513
Make,2014,327,514
Make,2014,327,521CI
Make,2014,327,523
Make,2014,327,524
Make,2014,327,525
Make,2014,327,HS
Make,2014,327,ORE
Make,2014,327,532RL
Make,2014,327,5411
Make,2014,327,55
Make,2014,327,561
Make,2014,327,562
Make,2014,327,61
Make,2014,327,621
Make,2014,327,622
Make,2014,327,623
Make,2014,327,624
Make,2014,327,711AS
Make,2014,327,713
Make,2014,327,721
Make,2014,327,722
Make,2014,327,81
Make,2014,327,GFGD
Make,2014,327,GFGN
Make,2014,327,GFE
Make,2014,327,GSLG
Make,2014,327,GSLE
Make,2014,327,Other
Make,2014,331,111CA
Make,2014,331,113FF
Make,2014,331,211
Make,2014,331,212
Make,2014,331,213
Make,2014,331,22
Make,2014,331,321
Make,2014,331,3361MV
Make,2014,331,3364OT
Make,2014,331,339
Make,2014,331,311FT
Make,2014,331,315AL
Make,2014,331,323
Make,2014,331,441
Make,2014,331,445
Make,2014,331,452
Make,2014,331,4A0
Make,2014,331,481
Make,2014,331,482
Make,2014,331,483
Make,2014,331,484
Make,2014,331,485
Make,2014,331,486
Make,2014,331,487OS
Make,2014,331,493
Make,2014,331,511
Make,2014,331,512
Make,2014,331,513
Make,2014,331,514
Make,2014,331,521CI
Make,2014,331,523
Make,2014,331,524
Make,2014,331,525
Make,2014,331,HS
Make,2014,331,ORE
Make,2014,331,532RL
Make,2014,331,5411
Make,2014,331,55
Make,2014,331,561
Make,2014,331,562
Make,2014,331,61
Make,2014,331,621
Make,2014,331,622
Make,2014,331,623
Make,2014,331,624
Make,2014,331,711AS
Make,2014,331,713
Make,2014,331,721
Make,2014,331,722
Make,2014,331,81
Make,2014,331,GFGD
Make,2014,331,GFGN
Make,2014,331,GFE
Make,2014,331,GSLG
Make,2014,331,GSLE
Make,2014,331,Other
Make,2014,332,111CA
Make,2014,332,113FF
Make,2014,332,211
Make,2014,332,212
Make,2014,332,213
Make,2014,332,22
Make,2014,332,311FT
Make,2014,332,441
Make,2014,332,445
Make,2014,332,452
Make,2014,332,4A0
Make,2014,332,481
Make,2014,332,482
Make,2014,332,483
Make,2014,332,484
Make,2014,332,485
Make,2014,332,486
Make,2014,332,487OS
Make,2014,332,493
Make,2014,332,511
Make,2014,332,512
Make,2014,332,513
Make,2014,332,514
Make,2014,332,521CI
Make,2014,332,523
Make,2014,332,524
Make,2014,332,525
Make,2014,332,HS
Make,2014,332,ORE
Make,2014,332,532RL
Make,2014,332,5411
Make,2014,332,55
Make,2014,332,561
Make,2014,332,562
Make,2014,332,61
Make,2014,332,621
Make,2014,332,622
Make,2014,332,623
Make,2014,332,624
Make,2014,332,711AS
Make,2014,332,713
Make,2014,332,721
Make,2014,332,722
Make,2014,332,GFGD
Make,2014,332,GFGN
Make,2014,332,GFE
Make,2014,332,GSLG
Make,2014,332,GSLE
Make,2014,332,Other
Make,2014,333,111CA
Make,2014,333,113FF
Make,2014,333,211
Make,2014,333,212
Make,2014,333,22
Make,2014,333,321
Make,2014,333,323
Make,2014,333,441
Make,2014,333,445
Make,2014,333,452
Make,2014,333,4A0
Make,2014,333,481
Make,2014,333,482
Make,2014,333,483
Make,2014,333,484
Make,2014,333,485
Make,2014,333,486
Make,2014,333,487OS
Make,2014,333,493
Make,2014,333,511
Make,2014,333,512
Make,2014,333,513
Make,2014,333,514
Make,2014,333,521CI
Make,2014,333,523
Make,2014,333,524
Make,2014,333,525
Make,2014,333,HS
Make,2014,333,ORE
Make,2014,333,5411
Make,2014,333,55
Make,2014,333,561
Make,2014,333,562
Make,2014,333,61
Make,2014,333,621
Make,2014,333,622
Make,2014,333,623
Make,2014,333,624
Make,2014,333,711AS
Make,2014,333,713
Make,2014,333,721
Make,2014,333,722
Make,2014,333,GFGD
Make,2014,333,GFGN
Make,2014,333,GFE
Make,2014,333,GSLG
Make,2014,333,GSLE
Make,2014,333,Other
Make,2014,334,111CA
Make,2014,334,113FF
Make,2014,334,211
Make,2014,334,212
Make,2014,334,213
Make,2014,334,22
Make,2014,334,311FT
Make,2014,334,315AL
Make,2014,334,324
Make,2014,334,441
Make,2014,334,445
Make,2014,334,452
Make,2014,334,4A0
Make,2014,334,481
Make,2014,334,482
Make,2014,334,483
Make,2014,334,484
Make,2014,334,485
Make,2014,334,486
Make,2014,334,487OS
Make,2014,334,493
Make,2014,334,511
Make,2014,334,512
Make,2014,334,513
Make,2014,334,514
Make,2014,334,521CI
Make,2014,334,523
Make,2014,334,524
Make,2014,334,525
Make,2014,334,HS
Make,2014,334,ORE
Make,2014,334,532RL
Make,2014,334,5411
Make,2014,334,55
Make,2014,334,561
Make,2014,334,562
Make,2014,334,61
Make,2014,334,621
Make,2014,334,622
Make,2014,334,623
Make,2014,334,624
Make,2014,334,711AS
Make,2014,334,713
Make,2014,334,721
Make,2014,334,722
Make,2014,334,81
Make,2014,334,GFGD
Make,2014,334,GFGN
Make,2014,334,GFE
Make,2014,334,GSLG
Make,2014,334,GSLE
Make,2014,334,Other
Make,2014,335,111CA
Make,2014,335,113FF
Make,2014,335,211
Make,2014,335,212
Make,2014,335,213
Make,2014,335,22
Make,2014,335,321
Make,2014,335,311FT
Make,2014,335,315AL
Make,2014,335,323
Make,2014,335,441
Make,2014,335,445
Make,2014,335,452
Make,2014,335,4A0
Make,2014,335,481
Make,2014,335,482
Make,2014,335,483
Make,2014,335,484
Make,2014,335,485
Make,2014,335,486
Make,2014,335,487OS
Make,2014,335,493
Make,2014,335,511
Make,2014,335,512
Make,2014,335,513
Make,2014,335,514
Make,2014,335,521CI
Make,2014,335,523
Make,2014,335,524
Make,2014,335,525
Make,2014,335,HS
Make,2014,335,ORE
Make,2014,335,532RL
Make,2014,335,5411
Make,2014,335,55
Make,2014,335,561
Make,2014,335,562
Make,2014,335,61
Make,2014,335,621
Make,2014,335,622
Make,2014,335,623
Make,2014,335,624
Make,2014,335,711AS
Make,2014,335,713
Make,2014,335,721
Make,2014,335,722
Make,2014,335,81
Make,2014,335,GFGD
Make,2014,335,GFGN
Make,2014,335,GFE
Make,2014,335,GSLG
Make,2014,335,GSLE
Make,2014,335,Other
Make,2014,3361MV,111CA
Make,2014,3361MV,113FF
Make,2014,3361MV,211
Make,2014,3361MV,212
Make,2014,3361MV,213
Make,2014,3361MV,22
Make,2014,3361MV,321
Make,2014,3361MV,311FT
Make,2014,3361MV,315AL
Make,2014,3361MV,322
Make,2014,3361MV,323
Make,2014,3361MV,324
Make,2014,3361MV,441
Make,2014,3361MV,445
Make,2014,3361MV,452
Make,2014,3361MV,4A0
Make,2014,3361MV,481
Make,2014,3361MV,482
Make,2014,3361MV,483
Make,2014,3361MV,484
Make,2014,3361MV,485
Make,2014,3361MV,486
Make,2014,3361MV,487OS
Make,2014,3361MV,493
Make,2014,3361MV,511
Make,2014,3361MV,512
Make,2014,3361MV,513
Make,2014,3361MV,514
Make,2014,3361MV,521CI
Make,2014,3361MV,523
Make,2014,3361MV,524
Make,2014,3361MV,525
Make,2014,3361MV,HS
Make,2014,3361MV,ORE
Make,2014,3361MV,532RL
Make,2014,3361MV,5411
Make,2014,3361MV,55
Make,2014,3361MV,561
Make,2014,3361MV,562
Make,2014,3361MV,61
Make,2014,3361MV,621
Make,2014,3361MV,622
Make,2014,3361MV,623
Make,2014,3361MV,624
Make,2014,3361MV,711AS
Make,2014,3361MV,713
Make,2014,3361MV,721
Make,2014,3361MV,722
Make,2014,3361MV,81
Make,2014,3361MV,GFGD
Make,2014,3361MV,GFGN
Make,2014,3361MV,GFE
Make,2014,3361MV,GSLG
Make,2014,3361MV,GSLE
Make,2014,3361MV,Other
Make,2014,3364OT,111CA
Make,2014,3364OT,113FF
Make,2014,3364OT,211
Make,2014,3364OT,212
Make,2014,3364OT,213
Make,2014,3364OT,22
Make,2014,3364OT,321
Make,2014,3364OT,327
Make,2014,3364OT,337
Make,2014,3364OT,311FT
Make,2014,3364OT,322
Make,2014,3364OT,323
Make,2014,3364OT,324
Make,2014,3364OT,441
Make,2014,3364OT,445
Make,2014,3364OT,452
Make,2014,3364OT,4A0
Make,2014,3364OT,481
Make,2014,3364OT,482
Make,2014,3364OT,483
Make,2014,3364OT,484
Make,2014,3364OT,485
Make,2014,3364OT,486
Make,2014,3364OT,487OS
Make,2014,3364OT,493
Make,2014,3364OT,511
Make,2014,3364OT,512
Make,2014,3364OT,513
Make,2014,3364OT,514
Make,2014,3364OT,521CI
Make,2014,3364OT,523
Make,2014,3364OT,524
Make,2014,3364OT,525
Make,2014,3364OT,HS
Make,2014,3364OT,ORE
Make,2014,3364OT,532RL
Make,2014,3364OT,5411
Make,2014,3364OT,55
Make,2014,3364OT,561
Make,2014,3364OT,562
Make,2014,3364OT,61
Make,2014,3364OT,621
Make,2014,3364OT,622
Make,2014,3364OT,623
Make,2014,3364OT,624
Make,2014,3364OT,711AS
Make,2014,3364OT,713
Make,2014,3364OT,721
Make,2014,3364OT,722
Make,2014,3364OT,81
Make,2014,3364OT,GFGD
Make,2014,3364OT,GFGN
Make,2014,3364OT,GFE
Make,2014,3364OT,GSLG
Make,2014,3364OT,GSLE
Make,2014,3364OT,Other
Make,2014,337,111CA
Make,2014,337,113FF
Make,2014,337,211
Make,2014,337,212
Make,2014,337,213
Make,2014,337,22
Make,2014,337,3364OT
Make,2014,337,311FT
Make,2014,337,324
Make,2014,337,441
Make,2014,337,445
Make,2014,337,452
Make,2014,337,4A0
Make,2014,337,481
Make,2014,337,482
Make,2014,337,483
Make,2014,337,484
Make,2014,337,485
Make,2014,337,486
Make,2014,337,487OS
Make,2014,337,493
Make,2014,337,511
Make,2014,337,512
Make,2014,337,513
Make,2014,337,514
Make,2014,337,521CI
Make,2014,337,523
Make,2014,337,524
Make,2014,337,525
Make,2014,337,HS
Make,2014,337,ORE
Make,2014,337,532RL
Make,2014,337,5411
Make,2014,337,55
Make,2014,337,561
Make,2014,337,562
Make,2014,337,61
Make,2014,337,621
Make,2014,337,622
Make,2014,337,623
Make,2014,337,624
Make,2014,337,711AS
Make,2014,337,713
Make,2014,337,721
Make,2014,337,722
Make,2014,337,81
Make,2014,337,GFGD
Make,2014,337,GFGN
Make,2014,337,GFE
Make,2014,337,GSLG
Make,2014,337,GSLE
Make,2014,337,Used
Make,2014,337,Other
Make,2014,339,111CA
Make,2014,339,113FF
Make,2014,339,211
Make,2014,339,212
Make,2014,339,213
Make,2014,339,22
Make,2014,339,441
Make,2014,339,445
Make,2014,339,452
Make,2014,339,4A0
Make,2014,339,481
Make,2014,339,482
Make,2014,339,483
Make,2014,339,484
Make,2014,339,485
Make,2014,339,486
Make,2014,339,487OS
Make,2014,339,493
Make,2014,339,511
Make,2014,339,512
Make,2014,339,513
Make,2014,339,514
Make,2014,339,521CI
Make,2014,339,523
Make,2014,339,524
Make,2014,339,525
Make,2014,339,HS
Make,2014,339,ORE
Make,2014,339,532RL
Make,2014,339,5411
Make,2014,339,55
Make,2014,339,561
Make,2014,339,562
Make,2014,339,61
Make,2014,339,621
Make,2014,339,622
Make,2014,339,623
Make,2014,339,624
Make,2014,339,711AS
Make,2014,339,713
Make,2014,339,721
Make,2014,339,722
Make,2014,339,81
Make,2014,339,GFGD
Make,2014,339,GFGN
Make,2014,339,GFE
Make,2014,339,GSLG
Make,2014,339,GSLE
Make,2014,339,Other
Make,2014,311FT,111CA
Make,2014,311FT,113FF
Make,2014,311FT,211
Make,2014,311FT,212
Make,2014,311FT,213
Make,2014,311FT,22
Make,2014,311FT,321
Make,2014,311FT,327
Make,2014,311FT,331
Make,2014,311FT,332
Make,2014,311FT,333
Make,2014,311FT,334
Make,2014,311FT,335
Make,2014,311FT,3361MV
Make,2014,311FT,3364OT
Make,2014,311FT,337
Make,2014,311FT,323
Make,2014,311FT,441
Make,2014,311FT,445
Make,2014,311FT,452
Make,2014,311FT,4A0
Make,2014,311FT,481
Make,2014,311FT,482
Make,2014,311FT,483
Make,2014,311FT,484
Make,2014,311FT,485
Make,2014,311FT,486
Make,2014,311FT,487OS
Make,2014,311FT,493
Make,2014,311FT,511
Make,2014,311FT,512
Make,2014,311FT,513
Make,2014,311FT,514
Make,2014,311FT,521CI
Make,2014,311FT,523
Make,2014,311FT,524
Make,2014,311FT,525
Make,2014,311FT,HS
Make,2014,311FT,ORE
Make,2014,311FT,532RL
Make,2014,311FT,5411
Make,2014,311FT,55
Make,2014,311FT,561
Make,2014,311FT,562
Make,2014,311FT,61
Make,2014,311FT,621
Make,2014,311FT,622
Make,2014,311FT,623
Make,2014,311FT,624
Make,2014,311FT,711AS
Make,2014,311FT,713
Make,2014,311FT,721
Make,2014,311FT,722
Make,2014,311FT,81
Make,2014,311FT,GFGD
Make,2014,311FT,GFGN
Make,2014,311FT,GFE
Make,2014,311FT,GSLG
Make,2014,311FT,GSLE
Make,2014,311FT,Other
Make,2014,313TT,111CA
Make,2014,313TT,113FF
Make,2014,313TT,211
Make,2014,313TT,212
Make,2014,313TT,213
Make,2014,313TT,22
Make,2014,313TT,321
Make,2014,313TT,335
Make,2014,313TT,311FT
Make,2014,313TT,324
Make,2014,313TT,441
Make,2014,313TT,445
Make,2014,313TT,452
Make,2014,313TT,4A0
Make,2014,313TT,481
Make,2014,313TT,482
Make,2014,313TT,483
Make,2014,313TT,484
Make,2014,313TT,485
Make,2014,313TT,486
Make,2014,313TT,487OS
Make,2014,313TT,493
Make,2014,313TT,511
Make,2014,313TT,512
Make,2014,313TT,513
Make,2014,313TT,514
Make,2014,313TT,521CI
Make,2014,313TT,523
Make,2014,313TT,524
Make,2014,313TT,525
Make,2014,313TT,HS
Make,2014,313TT,ORE
Make,2014,313TT,532RL
Make,2014,313TT,5411
Make,2014,313TT,55
Make,2014,313TT,561
Make,2014,313TT,562
Make,2014,313TT,61
Make,2014,313TT,621
Make,2014,313TT,622
Make,2014,313TT,623
Make,2014,313TT,624
Make,2014,313TT,711AS
Make,2014,313TT,713
Make,2014,313TT,721
Make,2014,313TT,722
Make,2014,313TT,81
Make,2014,313TT,GFGD
Make,2014,313TT,GFGN
Make,2014,313TT,GFE
Make,2014,313TT,GSLG
Make,2014,313TT,GSLE
Make,2014,313TT,Other
Make,2014,315AL,111CA
Make,2014,315AL,113FF
Make,2014,315AL,211
Make,2014,315AL,212
Make,2014,315AL,213
Make,2014,315AL,22
Make,2014,315AL,321
Make,2014,315AL,331
Make,2014,315AL,332
Make,2014,315AL,333
Make,2014,315AL,334
Make,2014,315AL,335
Make,2014,315AL,3361MV
Make,2014,315AL,3364OT
Make,2014,315AL,337
Make,2014,315AL,322
Make,2014,315AL,324
Make,2014,315AL,441
Make,2014,315AL,445
Make,2014,315AL,452
Make,2014,315AL,4A0
Make,2014,315AL,481
Make,2014,315AL,482
Make,2014,315AL,483
Make,2014,315AL,484
Make,2014,315AL,485
Make,2014,315AL,486
Make,2014,315AL,487OS
Make,2014,315AL,493
Make,2014,315AL,511
Make,2014,315AL,512
Make,2014,315AL,513
Make,2014,315AL,514
Make,2014,315AL,521CI
Make,2014,315AL,523
Make,2014,315AL,524
Make,2014,315AL,525
Make,2014,315AL,HS
Make,2014,315AL,ORE
Make,2014,315AL,532RL
Make,2014,315AL,5411
Make,2014,315AL,55
Make,2014,315AL,561
Make,2014,315AL,562
Make,2014,315AL,61
Make,2014,315AL,621
Make,2014,315AL,622
Make,2014,315AL,623
Make,2014,315AL,624
Make,2014,315AL,711AS
Make,2014,315AL,713
Make,2014,315AL,721
Make,2014,315AL,722
Make,2014,315AL,81
Make,2014,315AL,GFGD
Make,2014,315AL,GFGN
Make,2014,315AL,GFE
Make,2014,315AL,GSLG
Make,2014,315AL,GSLE
Make,2014,315AL,Other
Make,2014,322,111CA
Make,2014,322,113FF
Make,2014,322,211
Make,2014,322,212
Make,2014,322,213
Make,2014,322,22
Make,2014,322,333
Make,2014,322,335
Make,2014,322,3361MV
Make,2014,322,3364OT
Make,2014,322,311FT
Make,2014,322,324
Make,2014,322,441
Make,2014,322,445
Make,2014,322,452
Make,2014,322,4A0
Make,2014,322,481
Make,2014,322,482
Make,2014,322,483
Make,2014,322,484
Make,2014,322,485
Make,2014,322,486
Make,2014,322,487OS
Make,2014,322,493
Make,2014,322,511
Make,2014,322,512
Make,2014,322,513
Make,2014,322,514
Make,2014,322,521CI
Make,2014,322,523
Make,2014,322,524
Make,2014,322,525
Make,2014,322,HS
Make,2014,322,ORE
Make,2014,322,532RL
Make,2014,322,5411
Make,2014,322,55
Make,2014,322,561
Make,2014,322,562
Make,2014,322,61
Make,2014,322,621
Make,2014,322,622
Make,2014,322,623
Make,2014,322,624
Make,2014,322,711AS
Make,2014,322,713
Make,2014,322,721
Make,2014,322,722
Make,2014,322,81
Make,2014,322,GFGD
Make,2014,322,GFGN
Make,2014,322,GFE
Make,2014,322,GSLG
Make,2014,322,GSLE
Make,2014,322,Other
Make,2014,323,111CA
Make,2014,323,113FF
Make,2014,323,211
Make,2014,323,212
Make,2014,323,213
Make,2014,323,22
Make,2014,323,327
Make,2014,323,331
Make,2014,323,3361MV
Make,2014,323,3364OT
Make,2014,323,311FT
Make,2014,323,324
Make,2014,323,325
Make,2014,323,441
Make,2014,323,445
Make,2014,323,452
Make,2014,323,4A0
Make,2014,323,481
Make,2014,323,482
Make,2014,323,483
Make,2014,323,484
Make,2014,323,485
Make,2014,323,486
Make,2014,323,487OS
Make,2014,323,493
Make,2014,323,511
Make,2014,323,512
Make,2014,323,513
Make,2014,323,514
Make,2014,323,521CI
Make,2014,323,523
Make,2014,323,524
Make,2014,323,525
Make,2014,323,HS
Make,2014,323,ORE
Make,2014,323,532RL
Make,2014,323,5411
Make,2014,323,55
Make,2014,323,562
Make,2014,323,61
Make,2014,323,621
Make,2014,323,622
Make,2014,323,623
Make,2014,323,624
Make,2014,323,711AS
Make,2014,323,713
Make,2014,323,721
Make,2014,323,722
Make,2014,323,81
Make,2014,323,GFGD
Make,2014,323,GFGN
Make,2014,323,GFE
Make,2014,323,GSLG
Make,2014,323,GSLE
Make,2014,323,Other
Make,2014,324,111CA
Make,2014,324,113FF
Make,2014,324,213
Make,2014,324,22
Make,2014,324,321
Make,2014,324,334
Make,2014,324,3361MV
Make,2014,324,3364OT
Make,2014,324,337
Make,2014,324,339
Make,2014,324,311FT
Make,2014,324,315AL
Make,2014,324,323
Make,2014,324,441
Make,2014,324,445
Make,2014,324,452
Make,2014,324,4A0
Make,2014,324,481
Make,2014,324,482
Make,2014,324,483
Make,2014,324,484
Make,2014,324,485
Make,2014,324,486
Make,2014,324,487OS
Make,2014,324,493
Make,2014,324,511
Make,2014,324,512
Make,2014,324,513
Make,2014,324,514
Make,2014,324,521CI
Make,2014,324,523
Make,2014,324,524
Make,2014,324,525
Make,2014,324,HS
Make,2014,324,ORE
Make,2014,324,532RL
Make,2014,324,5411
Make,2014,324,55
Make,2014,324,561
Make,2014,324,562
Make,2014,324,61
Make,2014,324,621
Make,2014,324,622
Make,2014,324,623
Make,2014,324,624
Make,2014,324,711AS
Make,2014,324,713
Make,2014,324,721
Make,2014,324,722
Make,2014,324,81
Make,2014,324,GFGD
Make,2014,324,GFGN
Make,2014,324,GFE
Make,2014,324,GSLG
Make,2014,324,GSLE
Make,2014,324,Used
Make,2014,324,Other
Make,2014,325,111CA
Make,2014,325,113FF
Make,2014,325,211
Make,2014,325,213
Make,2014,325,22
Make,2014,325,337
Make,2014,325,441
Make,2014,325,445
Make,2014,325,452
Make,2014,325,4A0
Make,2014,325,481
Make,2014,325,482
Make,2014,325,483
Make,2014,325,484
Make,2014,325,485
Make,2014,325,486
Make,2014,325,487OS
Make,2014,325,493
Make,2014,325,511
Make,2014,325,512
Make,2014,325,513
Make,2014,325,514
Make,2014,325,521CI
Make,2014,325,523
Make,2014,325,524
Make,2014,325,525
Make,2014,325,HS
Make,2014,325,ORE
Make,2014,325,532RL
Make,2014,325,5411
Make,2014,325,55
Make,2014,325,561
Make,2014,325,562
Make,2014,325,61
Make,2014,325,621
Make,2014,325,622
Make,2014,325,623
Make,2014,325,624
Make,2014,325,711AS
Make,2014,325,713
Make,2014,325,721
Make,2014,325,722
Make,2014,325,81
Make,2014,325,GFGD
Make,2014,325,GFGN
Make,2014,325,GFE
Make,2014,325,GSLG
Make,2014,325,GSLE
Make,2014,325,Used
Make,2014,325,Other
Make,2014,326,111CA
Make,2014,326,113FF
Make,2014,326,211
Make,2014,326,212
Make,2014,326,213
Make,2014,326,22
Make,2014,326,311FT
Make,2014,326,441
Make,2014,326,445
Make,2014,326,452
Make,2014,326,4A0
Make,2014,326,481
Make,2014,326,482
Make,2014,326,483
Make,2014,326,484
Make,2014,326,485
Make,2014,326,486
Make,2014,326,487OS
Make,2014,326,493
Make,2014,326,511
Make,2014,326,512
Make,2014,326,513
Make,2014,326,514
Make,2014,326,521CI
Make,2014,326,523
Make,2014,326,524
Make,2014,326,525
Make,2014,326,HS
Make,2014,326,ORE
Make,2014,326,532RL
Make,2014,326,5411
Make,2014,326,55
Make,2014,326,561
Make,2014,326,562
Make,2014,326,61
Make,2014,326,621
Make,2014,326,622
Make,2014,326,623
Make,2014,326,624
Make,2014,326,711AS
Make,2014,326,713
Make,2014,326,721
Make,2014,326,722
Make,2014,326,81
Make,2014,326,GFGD
Make,2014,326,GFGN
Make,2014,326,GFE
Make,2014,326,GSLG
Make,2014,326,GSLE
Make,2014,326,Other
Make,2014,42,111CA
Make,2014,42,211
Make,2014,42,212
Make,2014,42,213
Make,2014,42,22
Make,2014,42,321
Make,2014,42,327
Make,2014,42,331
Make,2014,42,332
Make,2014,42,335
Make,2014,42,337
Make,2014,42,313TT
Make,2014,42,315AL
Make,2014,42,322
Make,2014,42,323
Make,2014,42,324
Make,2014,42,325
Make,2014,42,326
Make,2014,42,441
Make,2014,42,445
Make,2014,42,452
Make,2014,42,4A0
Make,2014,42,481
Make,2014,42,482
Make,2014,42,483
Make,2014,42,484
Make,2014,42,485
Make,2014,42,511
Make,2014,42,512
Make,2014,42,513
Make,2014,42,514
Make,2014,42,521CI
Make,2014,42,523
Make,2014,42,524
Make,2014,42,525
Make,2014,42,HS
Make,2014,42,ORE
Make,2014,42,5411
Make,2014,42,55
Make,2014,42,562
Make,2014,42,621
Make,2014,42,622
Make,2014,42,623
Make,2014,42,624
Make,2014,42,711AS
Make,2014,42,713
Make,2014,42,721
Make,2014,42,722
Make,2014,42,GFGD
Make,2014,42,GFGN
Make,2014,42,GFE
Make,2014,42,GSLG
Make,2014,42,GSLE
Make,2014,42,Used
Make,2014,42,Other
Make,2014,441,111CA
Make,2014,441,113FF
Make,2014,441,211
Make,2014,441,212
Make,2014,441,213
Make,2014,441,22
Make,2014,441,321
Make,2014,441,327
Make,2014,441,331
Make,2014,441,332
Make,2014,441,333
Make,2014,441,334
Make,2014,441,335
Make,2014,441,3361MV
Make,2014,441,3364OT
Make,2014,441,337
Make,2014,441,339
Make,2014,441,311FT
Make,2014,441,313TT
Make,2014,441,315AL
Make,2014,441,322
Make,2014,441,323
Make,2014,441,324
Make,2014,441,325
Make,2014,441,326
Make,2014,441,42
Make,2014,441,445
Make,2014,441,452
Make,2014,441,4A0
Make,2014,441,481
Make,2014,441,482
Make,2014,441,483
Make,2014,441,485
Make,2014,441,486
Make,2014,441,511
Make,2014,441,512
Make,2014,441,513
Make,2014,441,514
Make,2014,441,523
Make,2014,441,525
Make,2014,441,HS
Make,2014,441,ORE
Make,2014,441,5411
Make,2014,441,55
Make,2014,441,561
Make,2014,441,562
Make,2014,441,621
Make,2014,441,622
Make,2014,441,623
Make,2014,441,624
Make,2014,441,711AS
Make,2014,441,721
Make,2014,441,722
Make,2014,441,GFGD
Make,2014,441,GFGN
Make,2014,441,GFE
Make,2014,441,GSLG
Make,2014,441,GSLE
Make,2014,441,Used
Make,2014,441,Other
Make,2014,445,111CA
Make,2014,445,113FF
Make,2014,445,211
Make,2014,445,212
Make,2014,445,213
Make,2014,445,22
Make,2014,445,321
Make,2014,445,327
Make,2014,445,331
Make,2014,445,332
Make,2014,445,333
Make,2014,445,334
Make,2014,445,335
Make,2014,445,3361MV
Make,2014,445,3364OT
Make,2014,445,337
Make,2014,445,339
Make,2014,445,313TT
Make,2014,445,315AL
Make,2014,445,322
Make,2014,445,323
Make,2014,445,324
Make,2014,445,325
Make,2014,445,326
Make,2014,445,42
Make,2014,445,441
Make,2014,445,452
Make,2014,445,4A0
Make,2014,445,481
Make,2014,445,482
Make,2014,445,483
Make,2014,445,484
Make,2014,445,485
Make,2014,445,486
Make,2014,445,487OS
Make,2014,445,511
Make,2014,445,512
Make,2014,445,513
Make,2014,445,514
Make,2014,445,523
Make,2014,445,524
Make,2014,445,525
Make,2014,445,HS
Make,2014,445,ORE
Make,2014,445,5411
Make,2014,445,55
Make,2014,445,562
Make,2014,445,61
Make,2014,445,621
Make,2014,445,622
Make,2014,445,623
Make,2014,445,624
Make,2014,445,711AS
Make,2014,445,721
Make,2014,445,GFGD
Make,2014,445,GFGN
Make,2014,445,GFE
Make,2014,445,GSLG
Make,2014,445,GSLE
Make,2014,445,Used
Make,2014,445,Other
Make,2014,452,111CA
Make,2014,452,113FF
Make,2014,452,211
Make,2014,452,212
Make,2014,452,213
Make,2014,452,22
Make,2014,452,321
Make,2014,452,327
Make,2014,452,331
Make,2014,452,332
Make,2014,452,333
Make,2014,452,334
Make,2014,452,335
Make,2014,452,3361MV
Make,2014,452,3364OT
Make,2014,452,337
Make,2014,452,339
Make,2014,452,313TT
Make,2014,452,322
Make,2014,452,323
Make,2014,452,324
Make,2014,452,325
Make,2014,452,326
Make,2014,452,42
Make,2014,452,441
Make,2014,452,445
Make,2014,452,4A0
Make,2014,452,481
Make,2014,452,482
Make,2014,452,483
Make,2014,452,484
Make,2014,452,485
Make,2014,452,486
Make,2014,452,487OS
Make,2014,452,493
Make,2014,452,511
Make,2014,452,512
Make,2014,452,513
Make,2014,452,514
Make,2014,452,521CI
Make,2014,452,523
Make,2014,452,524
Make,2014,452,525
Make,2014,452,HS
Make,2014,452,ORE
Make,2014,452,5411
Make,2014,452,55
Make,2014,452,562
Make,2014,452,61
Make,2014,452,622
Make,2014,452,623
Make,2014,452,624
Make,2014,452,711AS
Make,2014,452,713
Make,2014,452,721
Make,2014,452,GFGD
Make,2014,452,GFGN
Make,2014,452,GFE
Make,2014,452,GSLG
Make,2014,452,GSLE
Make,2014,452,Used
Make,2014,452,Other
Make,2014,4A0,113FF
Make,2014,4A0,211
Make,2014,4A0,212
Make,2014,4A0,213
Make,2014,4A0,22
Make,2014,4A0,321
Make,2014,4A0,327
Make,2014,4A0,331
Make,2014,4A0,332
Make,2014,4A0,333
Make,2014,4A0,334
Make,2014,4A0,335
Make,2014,4A0,3361MV
Make,2014,4A0,3364OT
Make,2014,4A0,337
Make,2014,4A0,313TT
Make,2014,4A0,322
Make,2014,4A0,324
Make,2014,4A0,325
Make,2014,4A0,326
Make,2014,4A0,42
Make,2014,4A0,441
Make,2014,4A0,445
Make,2014,4A0,452
Make,2014,4A0,481
Make,2014,4A0,482
Make,2014,4A0,483
Make,2014,4A0,484
Make,2014,4A0,485
Make,2014,4A0,486
Make,2014,4A0,511
Make,2014,4A0,514
Make,2014,4A0,523
Make,2014,4A0,525
Make,2014,4A0,ORE
Make,2014,4A0,5411
Make,2014,4A0,55
Make,2014,4A0,562
Make,2014,4A0,622
Make,2014,4A0,623
Make,2014,4A0,624
Make,2014,4A0,711AS
Make,2014,4A0,721
Make,2014,4A0,GFGD
Make,2014,4A0,GFGN
Make,2014,4A0,GFE
Make,2014,4A0,GSLG
Make,2014,4A0,GSLE
Make,2014,4A0,Used
Make,2014,4A0,Other
Make,2014,481,111CA
Make,2014,481,211
Make,2014,481,212
Make,2014,481,213
Make,2014,481,22
Make,2014,481,321
Make,2014,481,327
Make,2014,481,331
Make,2014,481,332
Make,2014,481,333
Make,2014,481,334
Make,2014,481,335
Make,2014,481,3361MV
Make,2014,481,3364OT
Make,2014,481,337
Make,2014,481,339
Make,2014,481,311FT
Make,2014,481,313TT
Make,2014,481,315AL
Make,2014,481,322
Make,2014,481,323
Make,2014,481,324
Make,2014,481,325
Make,2014,481,326
Make,2014,481,441
Make,2014,481,445
Make,2014,481,452
Make,2014,481,4A0
Make,2014,481,482
Make,2014,481,483
Make,2014,481,484
Make,2014,481,485
Make,2014,481,486
Make,2014,481,493
Make,2014,481,511
Make,2014,481,512
Make,2014,481,513
Make,2014,481,514
Make,2014,481,521CI
Make,2014,481,523
Make,2014,481,524
Make,2014,481,525
Make,2014,481,HS
Make,2014,481,ORE
Make,2014,481,5411
Make,2014,481,55
Make,2014,481,561
Make,2014,481,562
Make,2014,481,61
Make,2014,481,622
Make,2014,481,623
Make,2014,481,624
Make,2014,481,711AS
Make,2014,481,713
Make,2014,481,721
Make,2014,481,722
Make,2014,481,81
Make,2014,481,GFGD
Make,2014,481,GFGN
Make,2014,481,GFE
Make,2014,481,GSLG
Make,2014,481,GSLE
Make,2014,481,Used
Make,2014,481,Other
Make,2014,482,111CA
Make,2014,482,113FF
Make,2014,482,211
Make,2014,482,212
Make,2014,482,213
Make,2014,482,22
Make,2014,482,321
Make,2014,482,327
Make,2014,482,331
Make,2014,482,332
Make,2014,482,333
Make,2014,482,334
Make,2014,482,335
Make,2014,482,3361MV
Make,2014,482,3364OT
Make,2014,482,337
Make,2014,482,339
Make,2014,482,311FT
Make,2014,482,313TT
Make,2014,482,315AL
Make,2014,482,322
Make,2014,482,323
Make,2014,482,324
Make,2014,482,325
Make,2014,482,326
Make,2014,482,42
Make,2014,482,441
Make,2014,482,445
Make,2014,482,452
Make,2014,482,4A0
Make,2014,482,481
Make,2014,482,483
Make,2014,482,484
Make,2014,482,485
Make,2014,482,486
Make,2014,482,487OS
Make,2014,482,493
Make,2014,482,511
Make,2014,482,512
Make,2014,482,513
Make,2014,482,514
Make,2014,482,521CI
Make,2014,482,523
Make,2014,482,524
Make,2014,482,525
Make,2014,482,HS
Make,2014,482,ORE
Make,2014,482,5411
Make,2014,482,55
Make,2014,482,561
Make,2014,482,562
Make,2014,482,61
Make,2014,482,621
Make,2014,482,622
Make,2014,482,623
Make,2014,482,624
Make,2014,482,711AS
Make,2014,482,713
Make,2014,482,721
Make,2014,482,722
Make,2014,482,81
Make,2014,482,GFGD
Make,2014,482,GFGN
Make,2014,482,GFE
Make,2014,482,GSLG
Make,2014,482,GSLE
Make,2014,482,Used
Make,2014,482,Other
Make,2014,483,111CA
Make,2014,483,113FF
Make,2014,483,211
Make,2014,483,212
Make,2014,483,213
Make,2014,483,22
Make,2014,483,321
Make,2014,483,327
Make,2014,483,331
Make,2014,483,332
Make,2014,483,333
Make,2014,483,334
Make,2014,483,335
Make,2014,483,3361MV
Make,2014,483,3364OT
Make,2014,483,337
Make,2014,483,339
Make,2014,483,311FT
Make,2014,483,313TT
Make,2014,483,315AL
Make,2014,483,322
Make,2014,483,323
Make,2014,483,324
Make,2014,483,325
Make,2014,483,326
Make,2014,483,42
Make,2014,483,441
Make,2014,483,445
Make,2014,483,452
Make,2014,483,4A0
Make,2014,483,481
Make,2014,483,482
Make,2014,483,484
Make,2014,483,485
Make,2014,483,486
Make,2014,483,493
Make,2014,483,511
Make,2014,483,512
Make,2014,483,513
Make,2014,483,514
Make,2014,483,521CI
Make,2014,483,523
Make,2014,483,524
Make,2014,483,525
Make,2014,483,HS
Make,2014,483,ORE
Make,2014,483,5411
Make,2014,483,55
Make,2014,483,561
Make,2014,483,562
Make,2014,483,61
Make,2014,483,621
Make,2014,483,622
Make,2014,483,623
Make,2014,483,624
Make,2014,483,711AS
Make,2014,483,721
Make,2014,483,722
Make,2014,483,81
Make,2014,483,GFGD
Make,2014,483,GFGN
Make,2014,483,GFE
Make,2014,483,GSLG
Make,2014,483,GSLE
Make,2014,483,Used
Make,2014,483,Other
Make,2014,484,111CA
Make,2014,484,113FF
Make,2014,484,211
Make,2014,484,212
Make,2014,484,213
Make,2014,484,22
Make,2014,484,321
Make,2014,484,327
Make,2014,484,331
Make,2014,484,332
Make,2014,484,333
Make,2014,484,334
Make,2014,484,335
Make,2014,484,3361MV
Make,2014,484,3364OT
Make,2014,484,337
Make,2014,484,339
Make,2014,484,311FT
Make,2014,484,313TT
Make,2014,484,315AL
Make,2014,484,322
Make,2014,484,323
Make,2014,484,324
Make,2014,484,325
Make,2014,484,326
Make,2014,484,42
Make,2014,484,441
Make,2014,484,445
Make,2014,484,452
Make,2014,484,4A0
Make,2014,484,481
Make,2014,484,482
Make,2014,484,483
Make,2014,484,485
Make,2014,484,486
Make,2014,484,511
Make,2014,484,512
Make,2014,484,513
Make,2014,484,514
Make,2014,484,521CI
Make,2014,484,523
Make,2014,484,524
Make,2014,484,525
Make,2014,484,HS
Make,2014,484,ORE
Make,2014,484,5411
Make,2014,484,55
Make,2014,484,561
Make,2014,484,61
Make,2014,484,621
Make,2014,484,622
Make,2014,484,623
Make,2014,484,624
Make,2014,484,711AS
Make,2014,484,713
Make,2014,484,721
Make,2014,484,722
Make,2014,484,81
Make,2014,484,GFGD
Make,2014,484,GFGN
Make,2014,484,GFE
Make,2014,484,GSLG
Make,2014,484,GSLE
Make,2014,484,Used
Make,2014,484,Other
Make,2014,485,111CA
Make,2014,485,113FF
Make,2014,485,211
Make,2014,485,212
Make,2014,485,213
Make,2014,485,22
Make,2014,485,321
Make,2014,485,327
Make,2014,485,331
Make,2014,485,332
Make,2014,485,333
Make,2014,485,334
Make,2014,485,335
Make,2014,485,3361MV
Make,2014,485,3364OT
Make,2014,485,337
Make,2014,485,339
Make,2014,485,311FT
Make,2014,485,313TT
Make,2014,485,315AL
Make,2014,485,322
Make,2014,485,323
Make,2014,485,324
Make,2014,485,325
Make,2014,485,326
Make,2014,485,441
Make,2014,485,452
Make,2014,485,481
Make,2014,485,482
Make,2014,485,483
Make,2014,485,484
Make,2014,485,486
Make,2014,485,493
Make,2014,485,511
Make,2014,485,512
Make,2014,485,513
Make,2014,485,514
Make,2014,485,521CI
Make,2014,485,523
Make,2014,485,524
Make,2014,485,525
Make,2014,485,HS
Make,2014,485,532RL
Make,2014,485,5411
Make,2014,485,55
Make,2014,485,561
Make,2014,485,562
Make,2014,485,61
Make,2014,485,622
Make,2014,485,623
Make,2014,485,624
Make,2014,485,711AS
Make,2014,485,713
Make,2014,485,721
Make,2014,485,722
Make,2014,485,GFGD
Make,2014,485,GFGN
Make,2014,485,GFE
Make,2014,485,GSLG
Make,2014,485,GSLE
Make,2014,485,Used
Make,2014,485,Other
Make,2014,486,111CA
Make,2014,486,113FF
Make,2014,486,211
Make,2014,486,212
Make,2014,486,213
Make,2014,486,321
Make,2014,486,327
Make,2014,486,331
Make,2014,486,332
Make,2014,486,333
Make,2014,486,334
Make,2014,486,335
Make,2014,486,3361MV
Make,2014,486,3364OT
Make,2014,486,337
Make,2014,486,339
Make,2014,486,311FT
Make,2014,486,313TT
Make,2014,486,315AL
Make,2014,486,322
Make,2014,486,323
Make,2014,486,324
Make,2014,486,325
Make,2014,486,326
Make,2014,486,42
Make,2014,486,441
Make,2014,486,445
Make,2014,486,452
Make,2014,486,4A0
Make,2014,486,481
Make,2014,486,482
Make,2014,486,483
Make,2014,486,484
Make,2014,486,485
Make,2014,486,487OS
Make,2014,486,493
Make,2014,486,511
Make,2014,486,512
Make,2014,486,513
Make,2014,486,514
Make,2014,486,521CI
Make,2014,486,523
Make,2014,486,524
Make,2014,486,525
Make,2014,486,HS
Make,2014,486,ORE
Make,2014,486,532RL
Make,2014,486,5411
Make,2014,486,55
Make,2014,486,561
Make,2014,486,562
Make,2014,486,61
Make,2014,486,621
Make,2014,486,622
Make,2014,486,623
Make,2014,486,624
Make,2014,486,711AS
Make,2014,486,713
Make,2014,486,721
Make,2014,486,722
Make,2014,486,81
Make,2014,486,GFGD
Make,2014,486,GFGN
Make,2014,486,GFE
Make,2014,486,GSLG
Make,2014,486,GSLE
Make,2014,486,Used
Make,2014,486,Other
Make,2014,487OS,111CA
Make,2014,487OS,211
Make,2014,487OS,212
Make,2014,487OS,213
Make,2014,487OS,22
Make,2014,487OS,321
Make,2014,487OS,327
Make,2014,487OS,331
Make,2014,487OS,332
Make,2014,487OS,333
Make,2014,487OS,334
Make,2014,487OS,335
Make,2014,487OS,3361MV
Make,2014,487OS,3364OT
Make,2014,487OS,337
Make,2014,487OS,339
Make,2014,487OS,311FT
Make,2014,487OS,313TT
Make,2014,487OS,315AL
Make,2014,487OS,322
Make,2014,487OS,323
Make,2014,487OS,324
Make,2014,487OS,325
Make,2014,487OS,326
Make,2014,487OS,441
Make,2014,487OS,452
Make,2014,487OS,482
Make,2014,487OS,486
Make,2014,487OS,511
Make,2014,487OS,512
Make,2014,487OS,513
Make,2014,487OS,514
Make,2014,487OS,521CI
Make,2014,487OS,523
Make,2014,487OS,525
Make,2014,487OS,HS
Make,2014,487OS,ORE
Make,2014,487OS,5411
Make,2014,487OS,55
Make,2014,487OS,622
Make,2014,487OS,623
Make,2014,487OS,624
Make,2014,487OS,711AS
Make,2014,487OS,721
Make,2014,487OS,GFGD
Make,2014,487OS,GFGN
Make,2014,487OS,GFE
Make,2014,487OS,GSLG
Make,2014,487OS,GSLE
Make,2014,487OS,Used
Make,2014,487OS,Other
Make,2014,493,111CA
Make,2014,493,113FF
Make,2014,493,211
Make,2014,493,212
Make,2014,493,213
Make,2014,493,22
Make,2014,493,321
Make,2014,493,327
Make,2014,493,331
Make,2014,493,332
Make,2014,493,333
Make,2014,493,334
Make,2014,493,335
Make,2014,493,3361MV
Make,2014,493,3364OT
Make,2014,493,337
Make,2014,493,339
Make,2014,493,311FT
Make,2014,493,313TT
Make,2014,493,315AL
Make,2014,493,322
Make,2014,493,323
Make,2014,493,324
Make,2014,493,325
Make,2014,493,326
Make,2014,493,42
Make,2014,493,441
Make,2014,493,445
Make,2014,493,452
Make,2014,493,481
Make,2014,493,482
Make,2014,493,483
Make,2014,493,485
Make,2014,493,486
Make,2014,493,511
Make,2014,493,512
Make,2014,493,513
Make,2014,493,514
Make,2014,493,521CI
Make,2014,493,523
Make,2014,493,524
Make,2014,493,525
Make,2014,493,HS
Make,2014,493,ORE
Make,2014,493,5411
Make,2014,493,55
Make,2014,493,561
Make,2014,493,61
Make,2014,493,621
Make,2014,493,622
Make,2014,493,623
Make,2014,493,624
Make,2014,493,711AS
Make,2014,493,713
Make,2014,493,721
Make,2014,493,722
Make,2014,493,GFGD
Make,2014,493,GFGN
Make,2014,493,GFE
Make,2014,493,GSLG
Make,2014,493,GSLE
Make,2014,493,Used
Make,2014,493,Other
Make,2014,511,111CA
Make,2014,511,113FF
Make,2014,511,211
Make,2014,511,212
Make,2014,511,213
Make,2014,511,22
Make,2014,511,321
Make,2014,511,327
Make,2014,511,331
Make,2014,511,332
Make,2014,511,333
Make,2014,511,334
Make,2014,511,335
Make,2014,511,3361MV
Make,2014,511,3364OT
Make,2014,511,337
Make,2014,511,339
Make,2014,511,311FT
Make,2014,511,313TT
Make,2014,511,315AL
Make,2014,511,322
Make,2014,511,324
Make,2014,511,325
Make,2014,511,326
Make,2014,511,441
Make,2014,511,445
Make,2014,511,452
Make,2014,511,481
Make,2014,511,482
Make,2014,511,483
Make,2014,511,484
Make,2014,511,485
Make,2014,511,486
Make,2014,511,487OS
Make,2014,511,493
Make,2014,511,512
Make,2014,511,521CI
Make,2014,511,523
Make,2014,511,524
Make,2014,511,525
Make,2014,511,HS
Make,2014,511,ORE
Make,2014,511,5411
Make,2014,511,55
Make,2014,511,621
Make,2014,511,622
Make,2014,511,623
Make,2014,511,624
Make,2014,511,711AS
Make,2014,511,713
Make,2014,511,721
Make,2014,511,722
Make,2014,511,GFGD
Make,2014,511,GFGN
Make,2014,511,GFE
Make,2014,511,GSLG
Make,2014,511,GSLE
Make,2014,511,Used
Make,2014,511,Other
Make,2014,512,111CA
Make,2014,512,113FF
Make,2014,512,211
Make,2014,512,212
Make,2014,512,213
Make,2014,512,22
Make,2014,512,321
Make,2014,512,327
Make,2014,512,331
Make,2014,512,332
Make,2014,512,333
Make,2014,512,335
Make,2014,512,3361MV
Make,2014,512,3364OT
Make,2014,512,337
Make,2014,512,339
Make,2014,512,311FT
Make,2014,512,313TT
Make,2014,512,315AL
Make,2014,512,322
Make,2014,512,323
Make,2014,512,324
Make,2014,512,325
Make,2014,512,326
Make,2014,512,441
Make,2014,512,445
Make,2014,512,452
Make,2014,512,481
Make,2014,512,482
Make,2014,512,483
Make,2014,512,484
Make,2014,512,485
Make,2014,512,486
Make,2014,512,487OS
Make,2014,512,493
Make,2014,512,511
Make,2014,512,513
Make,2014,512,514
Make,2014,512,521CI
Make,2014,512,523
Make,2014,512,524
Make,2014,512,525
Make,2014,512,HS
Make,2014,512,5411
Make,2014,512,55
Make,2014,512,561
Make,2014,512,562
Make,2014,512,61
Make,2014,512,621
Make,2014,512,622
Make,2014,512,623
Make,2014,512,624
Make,2014,512,711AS
Make,2014,512,721
Make,2014,512,722
Make,2014,512,81
Make,2014,512,GFGD
Make,2014,512,GFGN
Make,2014,512,GFE
Make,2014,512,GSLG
Make,2014,512,GSLE
Make,2014,512,Used
Make,2014,512,Other
Make,2014,513,111CA
Make,2014,513,113FF
Make,2014,513,211
Make,2014,513,212
Make,2014,513,213
Make,2014,513,22
Make,2014,513,321
Make,2014,513,327
Make,2014,513,331
Make,2014,513,332
Make,2014,513,333
Make,2014,513,334
Make,2014,513,335
Make,2014,513,3361MV
Make,2014,513,3364OT
Make,2014,513,337
Make,2014,513,339
Make,2014,513,311FT
Make,2014,513,313TT
Make,2014,513,315AL
Make,2014,513,322
Make,2014,513,323
Make,2014,513,324
Make,2014,513,325
Make,2014,513,326
Make,2014,513,441
Make,2014,513,445
Make,2014,513,452
Make,2014,513,481
Make,2014,513,482
Make,2014,513,483
Make,2014,513,484
Make,2014,513,485
Make,2014,513,486
Make,2014,513,487OS
Make,2014,513,493
Make,2014,513,511
Make,2014,513,521CI
Make,2014,513,523
Make,2014,513,524
Make,2014,513,525
Make,2014,513,HS
Make,2014,513,ORE
Make,2014,513,5411
Make,2014,513,55
Make,2014,513,561
Make,2014,513,562
Make,2014,513,621
Make,2014,513,622
Make,2014,513,623
Make,2014,513,624
Make,2014,513,711AS
Make,2014,513,713
Make,2014,513,721
Make,2014,513,722
Make,2014,513,GFGD
Make,2014,513,GFGN
Make,2014,513,GFE
Make,2014,513,GSLG
Make,2014,513,GSLE
Make,2014,513,Used
Make,2014,513,Other
Make,2014,514,111CA
Make,2014,514,113FF
Make,2014,514,211
Make,2014,514,212
Make,2014,514,213
Make,2014,514,22
Make,2014,514,321
Make,2014,514,327
Make,2014,514,331
Make,2014,514,332
Make,2014,514,333
Make,2014,514,335
Make,2014,514,3361MV
Make,2014,514,3364OT
Make,2014,514,337
Make,2014,514,339
Make,2014,514,311FT
Make,2014,514,313TT
Make,2014,514,315AL
Make,2014,514,322
Make,2014,514,323
Make,2014,514,324
Make,2014,514,325
Make,2014,514,326
Make,2014,514,441
Make,2014,514,445
Make,2014,514,452
Make,2014,514,481
Make,2014,514,482
Make,2014,514,483
Make,2014,514,484
Make,2014,514,485
Make,2014,514,486
Make,2014,514,487OS
Make,2014,514,493
Make,2014,514,512
Make,2014,514,521CI
Make,2014,514,523
Make,2014,514,524
Make,2014,514,525
Make,2014,514,HS
Make,2014,514,ORE
Make,2014,514,5411
Make,2014,514,55
Make,2014,514,562
Make,2014,514,621
Make,2014,514,622
Make,2014,514,623
Make,2014,514,624
Make,2014,514,711AS
Make,2014,514,713
Make,2014,514,721
Make,2014,514,722
Make,2014,514,GFGD
Make,2014,514,GFGN
Make,2014,514,GFE
Make,2014,514,GSLG
Make,2014,514,GSLE
Make,2014,514,Used
Make,2014,514,Other
Make,2014,521CI,111CA
Make,2014,521CI,113FF
Make,2014,521CI,211
Make,2014,521CI,212
Make,2014,521CI,213
Make,2014,521CI,22
Make,2014,521CI,321
Make,2014,521CI,327
Make,2014,521CI,331
Make,2014,521CI,332
Make,2014,521CI,333
Make,2014,521CI,334
Make,2014,521CI,335
Make,2014,521CI,3361MV
Make,2014,521CI,3364OT
Make,2014,521CI,337
Make,2014,521CI,339
Make,2014,521CI,311FT
Make,2014,521CI,313TT
Make,2014,521CI,315AL
Make,2014,521CI,322
Make,2014,521CI,323
Make,2014,521CI,324
Make,2014,521CI,325
Make,2014,521CI,326
Make,2014,521CI,42
Make,2014,521CI,441
Make,2014,521CI,445
Make,2014,521CI,452
Make,2014,521CI,481
Make,2014,521CI,482
Make,2014,521CI,483
Make,2014,521CI,484
Make,2014,521CI,485
Make,2014,521CI,486
Make,2014,521CI,487OS
Make,2014,521CI,493
Make,2014,521CI,511
Make,2014,521CI,512
Make,2014,521CI,513
Make,2014,521CI,514
Make,2014,521CI,524
Make,2014,521CI,525
Make,2014,521CI,HS
Make,2014,521CI,ORE
Make,2014,521CI,5411
Make,2014,521CI,55
Make,2014,521CI,561
Make,2014,521CI,562
Make,2014,521CI,61
Make,2014,521CI,621
Make,2014,521CI,622
Make,2014,521CI,623
Make,2014,521CI,624
Make,2014,521CI,711AS
Make,2014,521CI,713
Make,2014,521CI,721
Make,2014,521CI,722
Make,2014,521CI,81
Make,2014,521CI,GFGD
Make,2014,521CI,GFGN
Make,2014,521CI,GFE
Make,2014,521CI,GSLG
Make,2014,521CI,GSLE
Make,2014,521CI,Used
Make,2014,521CI,Other
Make,2014,523,111CA
Make,2014,523,113FF
Make,2014,523,211
Make,2014,523,212
Make,2014,523,213
Make,2014,523,22
Make,2014,523,321
Make,2014,523,327
Make,2014,523,331
Make,2014,523,332
Make,2014,523,333
Make,2014,523,334
Make,2014,523,335
Make,2014,523,3361MV
Make,2014,523,3364OT
Make,2014,523,337
Make,2014,523,339
Make,2014,523,311FT
Make,2014,523,313TT
Make,2014,523,315AL
Make,2014,523,322
Make,2014,523,323
Make,2014,523,324
Make,2014,523,325
Make,2014,523,326
Make,2014,523,42
Make,2014,523,441
Make,2014,523,445
Make,2014,523,452
Make,2014,523,4A0
Make,2014,523,481
Make,2014,523,482
Make,2014,523,483
Make,2014,523,484
Make,2014,523,485
Make,2014,523,486
Make,2014,523,487OS
Make,2014,523,493
Make,2014,523,511
Make,2014,523,512
Make,2014,523,513
Make,2014,523,514
Make,2014,523,525
Make,2014,523,HS
Make,2014,523,ORE
Make,2014,523,532RL
Make,2014,523,5411
Make,2014,523,55
Make,2014,523,561
Make,2014,523,562
Make,2014,523,61
Make,2014,523,621
Make,2014,523,622
Make,2014,523,623
Make,2014,523,624
Make,2014,523,711AS
Make,2014,523,713
Make,2014,523,721
Make,2014,523,722
Make,2014,523,81
Make,2014,523,GFGD
Make,2014,523,GFGN
Make,2014,523,GFE
Make,2014,523,GSLG
Make,2014,523,GSLE
Make,2014,523,Used
Make,2014,523,Other
Make,2014,524,111CA
Make,2014,524,113FF
Make,2014,524,211
Make,2014,524,212
Make,2014,524,213
Make,2014,524,22
Make,2014,524,321
Make,2014,524,327
Make,2014,524,331
Make,2014,524,332
Make,2014,524,333
Make,2014,524,334
Make,2014,524,335
Make,2014,524,3361MV
Make,2014,524,3364OT
Make,2014,524,337
Make,2014,524,339
Make,2014,524,311FT
Make,2014,524,313TT
Make,2014,524,315AL
Make,2014,524,322
Make,2014,524,323
Make,2014,524,324
Make,2014,524,325
Make,2014,524,326
Make,2014,524,42
Make,2014,524,441
Make,2014,524,445
Make,2014,524,452
Make,2014,524,4A0
Make,2014,524,481
Make,2014,524,482
Make,2014,524,483
Make,2014,524,484
Make,2014,524,485
Make,2014,524,486
Make,2014,524,487OS
Make,2014,524,493
Make,2014,524,511
Make,2014,524,512
Make,2014,524,513
Make,2014,524,514
Make,2014,524,521CI
Make,2014,524,525
Make,2014,524,HS
Make,2014,524,532RL
Make,2014,524,55
Make,2014,524,561
Make,2014,524,562
Make,2014,524,61
Make,2014,524,621
Make,2014,524,622
Make,2014,524,623
Make,2014,524,624
Make,2014,524,711AS
Make,2014,524,713
Make,2014,524,721
Make,2014,524,722
Make,2014,524,81
Make,2014,524,GFGD
Make,2014,524,GFGN
Make,2014,524,GFE
Make,2014,524,GSLG
Make,2014,524,GSLE
Make,2014,524,Used
Make,2014,524,Other
Make,2014,525,111CA
Make,2014,525,113FF
Make,2014,525,211
Make,2014,525,212
Make,2014,525,213
Make,2014,525,22
Make,2014,525,321
Make,2014,525,327
Make,2014,525,331
Make,2014,525,332
Make,2014,525,333
Make,2014,525,334
Make,2014,525,335
Make,2014,525,3361MV
Make,2014,525,3364OT
Make,2014,525,337
Make,2014,525,339
Make,2014,525,311FT
Make,2014,525,313TT
Make,2014,525,315AL
Make,2014,525,322
Make,2014,525,323
Make,2014,525,324
Make,2014,525,325
Make,2014,525,326
Make,2014,525,42
Make,2014,525,441
Make,2014,525,445
Make,2014,525,452
Make,2014,525,4A0
Make,2014,525,481
Make,2014,525,482
Make,2014,525,483
Make,2014,525,484
Make,2014,525,485
Make,2014,525,486
Make,2014,525,487OS
Make,2014,525,493
Make,2014,525,511
Make,2014,525,512
Make,2014,525,513
Make,2014,525,514
Make,2014,525,521CI
Make,2014,525,523
Make,2014,525,524
Make,2014,525,HS
Make,2014,525,ORE
Make,2014,525,532RL
Make,2014,525,5411
Make,2014,525,55
Make,2014,525,561
Make,2014,525,562
Make,2014,525,61
Make,2014,525,621
Make,2014,525,622
Make,2014,525,623
Make,2014,525,624
Make,2014,525,711AS
Make,2014,525,713
Make,2014,525,721
Make,2014,525,722
Make,2014,525,81
Make,2014,525,GFGD
Make,2014,525,GFGN
Make,2014,525,GFE
Make,2014,525,GSLG
Make,2014,525,GSLE
Make,2014,525,Used
Make,2014,525,Other
Make,2014,HS,111CA
Make,2014,HS,113FF
Make,2014,HS,211
Make,2014,HS,212
Make,2014,HS,213
Make,2014,HS,22
Make,2014,HS,321
Make,2014,HS,327
Make,2014,HS,331
Make,2014,HS,332
Make,2014,HS,333
Make,2014,HS,334
Make,2014,HS,335
Make,2014,HS,3361MV
Make,2014,HS,3364OT
Make,2014,HS,337
Make,2014,HS,339
Make,2014,HS,311FT
Make,2014,HS,313TT
Make,2014,HS,315AL
Make,2014,HS,322
Make,2014,HS,323
Make,2014,HS,324
Make,2014,HS,325
Make,2014,HS,326
Make,2014,HS,42
Make,2014,HS,441
Make,2014,HS,445
Make,2014,HS,452
Make,2014,HS,4A0
Make,2014,HS,481
Make,2014,HS,482
Make,2014,HS,483
Make,2014,HS,484
Make,2014,HS,485
Make,2014,HS,486
Make,2014,HS,487OS
Make,2014,HS,493
Make,2014,HS,511
Make,2014,HS,512
Make,2014,HS,513
Make,2014,HS,514
Make,2014,HS,521CI
Make,2014,HS,523
Make,2014,HS,524
Make,2014,HS,525
Make,2014,HS,ORE
Make,2014,HS,532RL
Make,2014,HS,5411
Make,2014,HS,55
Make,2014,HS,561
Make,2014,HS,562
Make,2014,HS,61
Make,2014,HS,621
Make,2014,HS,622
Make,2014,HS,623
Make,2014,HS,624
Make,2014,HS,711AS
Make,2014,HS,713
Make,2014,HS,721
Make,2014,HS,722
Make,2014,HS,81
Make,2014,HS,GFGD
Make,2014,HS,GFGN
Make,2014,HS,GFE
Make,2014,HS,GSLG
Make,2014,HS,GSLE
Make,2014,HS,Used
Make,2014,HS,Other
Make,2014,ORE,111CA
Make,2014,ORE,113FF
Make,2014,ORE,211
Make,2014,ORE,212
Make,2014,ORE,213
Make,2014,ORE,22
Make,2014,ORE,321
Make,2014,ORE,327
Make,2014,ORE,331
Make,2014,ORE,332
Make,2014,ORE,333
Make,2014,ORE,334
Make,2014,ORE,335
Make,2014,ORE,3361MV
Make,2014,ORE,3364OT
Make,2014,ORE,337
Make,2014,ORE,339
Make,2014,ORE,311FT
Make,2014,ORE,313TT
Make,2014,ORE,315AL
Make,2014,ORE,322
Make,2014,ORE,323
Make,2014,ORE,324
Make,2014,ORE,325
Make,2014,ORE,326
Make,2014,ORE,42
Make,2014,ORE,441
Make,2014,ORE,445
Make,2014,ORE,452
Make,2014,ORE,4A0
Make,2014,ORE,481
Make,2014,ORE,482
Make,2014,ORE,483
Make,2014,ORE,484
Make,2014,ORE,485
Make,2014,ORE,486
Make,2014,ORE,487OS
Make,2014,ORE,493
Make,2014,ORE,511
Make,2014,ORE,512
Make,2014,ORE,513
Make,2014,ORE,514
Make,2014,ORE,523
Make,2014,ORE,525
Make,2014,ORE,HS
Make,2014,ORE,532RL
Make,2014,ORE,5411
Make,2014,ORE,55
Make,2014,ORE,561
Make,2014,ORE,562
Make,2014,ORE,61
Make,2014,ORE,621
Make,2014,ORE,622
Make,2014,ORE,623
Make,2014,ORE,624
Make,2014,ORE,711AS
Make,2014,ORE,722
Make,2014,ORE,GFGD
Make,2014,ORE,GFGN
Make,2014,ORE,GFE
Make,2014,ORE,GSLG
Make,2014,ORE,GSLE
Make,2014,ORE,Used
Make,2014,ORE,Other
Make,2014,532RL,111CA
Make,2014,532RL,113FF
Make,2014,532RL,211
Make,2014,532RL,212
Make,2014,532RL,213
Make,2014,532RL,22
Make,2014,532RL,321
Make,2014,532RL,327
Make,2014,532RL,331
Make,2014,532RL,332
Make,2014,532RL,333
Make,2014,532RL,334
Make,2014,532RL,335
Make,2014,532RL,3361MV
Make,2014,532RL,3364OT
Make,2014,532RL,337
Make,2014,532RL,339
Make,2014,532RL,311FT
Make,2014,532RL,313TT
Make,2014,532RL,315AL
Make,2014,532RL,322
Make,2014,532RL,323
Make,2014,532RL,324
Make,2014,532RL,325
Make,2014,532RL,326
Make,2014,532RL,42
Make,2014,532RL,445
Make,2014,532RL,481
Make,2014,532RL,482
Make,2014,532RL,483
Make,2014,532RL,486
Make,2014,532RL,487OS
Make,2014,532RL,493
Make,2014,532RL,511
Make,2014,532RL,512
Make,2014,532RL,513
Make,2014,532RL,514
Make,2014,532RL,525
Make,2014,532RL,HS
Make,2014,532RL,5411
Make,2014,532RL,55
Make,2014,532RL,561
Make,2014,532RL,562
Make,2014,532RL,621
Make,2014,532RL,622
Make,2014,532RL,623
Make,2014,532RL,624
Make,2014,532RL,711AS
Make,2014,532RL,713
Make,2014,532RL,721
Make,2014,532RL,722
Make,2014,532RL,GFGD
Make,2014,532RL,GFGN
Make,2014,532RL,GFE
Make,2014,532RL,GSLG
Make,2014,532RL,GSLE
Make,2014,532RL,Used
Make,2014,532RL,Other
Make,2014,5411,111CA
Make,2014,5411,113FF
Make,2014,5411,211
Make,2014,5411,212
Make,2014,5411,213
Make,2014,5411,22
Make,2014,5411,321
Make,2014,5411,327
Make,2014,5411,331
Make,2014,5411,332
Make,2014,5411,333
Make,2014,5411,334
Make,2014,5411,335
Make,2014,5411,3361MV
Make,2014,5411,3364OT
Make,2014,5411,337
Make,2014,5411,339
Make,2014,5411,311FT
Make,2014,5411,313TT
Make,2014,5411,315AL
Make,2014,5411,322
Make,2014,5411,323
Make,2014,5411,324
Make,2014,5411,325
Make,2014,5411,326
Make,2014,5411,42
Make,2014,5411,441
Make,2014,5411,445
Make,2014,5411,452
Make,2014,5411,4A0
Make,2014,5411,481
Make,2014,5411,482
Make,2014,5411,483
Make,2014,5411,484
Make,2014,5411,485
Make,2014,5411,486
Make,2014,5411,487OS
Make,2014,5411,493
Make,2014,5411,511
Make,2014,5411,512
Make,2014,5411,513
Make,2014,5411,514
Make,2014,5411,521CI
Make,2014,5411,523
Make,2014,5411,524
Make,2014,5411,525
Make,2014,5411,HS
Make,2014,5411,ORE
Make,2014,5411,532RL
Make,2014,5411,55
Make,2014,5411,561
Make,2014,5411,562
Make,2014,5411,61
Make,2014,5411,621
Make,2014,5411,622
Make,2014,5411,623
Make,2014,5411,624
Make,2014,5411,711AS
Make,2014,5411,713
Make,2014,5411,721
Make,2014,5411,722
Make,2014,5411,81
Make,2014,5411,GFGD
Make,2014,5411,GFGN
Make,2014,5411,GFE
Make,2014,5411,GSLG
Make,2014,5411,GSLE
Make,2014,5411,Used
Make,2014,5411,Other
Make,2014,5415,111CA
Make,2014,5415,113FF
Make,2014,5415,211
Make,2014,5415,212
Make,2014,5415,213
Make,2014,5415,22
Make,2014,5415,321
Make,2014,5415,327
Make,2014,5415,331
Make,2014,5415,332
Make,2014,5415,333
Make,2014,5415,334
Make,2014,5415,335
Make,2014,5415,3361MV
Make,2014,5415,3364OT
Make,2014,5415,337
Make,2014,5415,339
Make,2014,5415,311FT
Make,2014,5415,313TT
Make,2014,5415,315AL
Make,2014,5415,322
Make,2014,5415,323
Make,2014,5415,324
Make,2014,5415,325
Make,2014,5415,326
Make,2014,5415,441
Make,2014,5415,445
Make,2014,5415,452
Make,2014,5415,481
Make,2014,5415,482
Make,2014,5415,483
Make,2014,5415,484
Make,2014,5415,485
Make,2014,5415,486
Make,2014,5415,487OS
Make,2014,5415,493
Make,2014,5415,512
Make,2014,5415,521CI
Make,2014,5415,523
Make,2014,5415,524
Make,2014,5415,525
Make,2014,5415,HS
Make,2014,5415,ORE
Make,2014,5415,5411
Make,2014,5415,55
Make,2014,5415,562
Make,2014,5415,621
Make,2014,5415,622
Make,2014,5415,623
Make,2014,5415,624
Make,2014,5415,711AS
Make,2014,5415,713
Make,2014,5415,721
Make,2014,5415,722
Make,2014,5415,GFGD
Make,2014,5415,GFGN
Make,2014,5415,GFE
Make,2014,5415,GSLG
Make,2014,5415,GSLE
Make,2014,5415,Used
Make,2014,5415,Other
Make,2014,5412OP,111CA
Make,2014,5412OP,113FF
Make,2014,5412OP,211
Make,2014,5412OP,212
Make,2014,5412OP,213
Make,2014,5412OP,22
Make,2014,5412OP,321
Make,2014,5412OP,327
Make,2014,5412OP,331
Make,2014,5412OP,332
Make,2014,5412OP,333
Make,2014,5412OP,334
Make,2014,5412OP,335
Make,2014,5412OP,3361MV
Make,2014,5412OP,3364OT
Make,2014,5412OP,337
Make,2014,5412OP,339
Make,2014,5412OP,311FT
Make,2014,5412OP,313TT
Make,2014,5412OP,315AL
Make,2014,5412OP,322
Make,2014,5412OP,324
Make,2014,5412OP,325
Make,2014,5412OP,326
Make,2014,5412OP,42
Make,2014,5412OP,441
Make,2014,5412OP,445
Make,2014,5412OP,481
Make,2014,5412OP,482
Make,2014,5412OP,483
Make,2014,5412OP,484
Make,2014,5412OP,485
Make,2014,5412OP,486
Make,2014,5412OP,487OS
Make,2014,5412OP,493
Make,2014,5412OP,511
Make,2014,5412OP,512
Make,2014,5412OP,513
Make,2014,5412OP,521CI
Make,2014,5412OP,524
Make,2014,5412OP,525
Make,2014,5412OP,HS
Make,2014,5412OP,ORE
Make,2014,5412OP,5411
Make,2014,5412OP,55
Make,2014,5412OP,562
Make,2014,5412OP,61
Make,2014,5412OP,621
Make,2014,5412OP,622
Make,2014,5412OP,623
Make,2014,5412OP,624
Make,2014,5412OP,713
Make,2014,5412OP,721
Make,2014,5412OP,722
Make,2014,5412OP,GFGD
Make,2014,5412OP,GFGN
Make,2014,5412OP,GFE
Make,2014,5412OP,GSLG
Make,2014,5412OP,GSLE
Make,2014,5412OP,Used
Make,2014,5412OP,Other
Make,2014,55,111CA
Make,2014,55,113FF
Make,2014,55,211
Make,2014,55,212
Make,2014,55,213
Make,2014,55,22
Make,2014,55,321
Make,2014,55,327
Make,2014,55,331
Make,2014,55,332
Make,2014,55,333
Make,2014,55,334
Make,2014,55,335
Make,2014,55,3361MV
Make,2014,55,3364OT
Make,2014,55,337
Make,2014,55,339
Make,2014,55,311FT
Make,2014,55,313TT
Make,2014,55,315AL
Make,2014,55,322
Make,2014,55,323
Make,2014,55,324
Make,2014,55,325
Make,2014,55,326
Make,2014,55,42
Make,2014,55,441
Make,2014,55,445
Make,2014,55,452
Make,2014,55,4A0
Make,2014,55,481
Make,2014,55,482
Make,2014,55,483
Make,2014,55,484
Make,2014,55,485
Make,2014,55,486
Make,2014,55,487OS
Make,2014,55,493
Make,2014,55,511
Make,2014,55,512
Make,2014,55,513
Make,2014,55,514
Make,2014,55,521CI
Make,2014,55,523
Make,2014,55,524
Make,2014,55,525
Make,2014,55,HS
Make,2014,55,ORE
Make,2014,55,532RL
Make,2014,55,5411
Make,2014,55,561
Make,2014,55,562
Make,2014,55,61
Make,2014,55,621
Make,2014,55,622
Make,2014,55,623
Make,2014,55,624
Make,2014,55,711AS
Make,2014,55,713
Make,2014,55,721
Make,2014,55,722
Make,2014,55,81
Make,2014,55,GFGD
Make,2014,55,GFGN
Make,2014,55,GFE
Make,2014,55,GSLG
Make,2014,55,GSLE
Make,2014,55,Used
Make,2014,55,Other
Make,2014,561,111CA
Make,2014,561,113FF
Make,2014,561,211
Make,2014,561,212
Make,2014,561,213
Make,2014,561,22
Make,2014,561,321
Make,2014,561,327
Make,2014,561,331
Make,2014,561,332
Make,2014,561,333
Make,2014,561,334
Make,2014,561,335
Make,2014,561,3361MV
Make,2014,561,3364OT
Make,2014,561,337
Make,2014,561,339
Make,2014,561,311FT
Make,2014,561,313TT
Make,2014,561,315AL
Make,2014,561,322
Make,2014,561,324
Make,2014,561,325
Make,2014,561,326
Make,2014,561,42
Make,2014,561,441
Make,2014,561,445
Make,2014,561,452
Make,2014,561,481
Make,2014,561,482
Make,2014,561,483
Make,2014,561,484
Make,2014,561,485
Make,2014,561,486
Make,2014,561,487OS
Make,2014,561,493
Make,2014,561,511
Make,2014,561,512
Make,2014,561,513
Make,2014,561,514
Make,2014,561,521CI
Make,2014,561,523
Make,2014,561,525
Make,2014,561,HS
Make,2014,561,5411
Make,2014,561,55
Make,2014,561,622
Make,2014,561,623
Make,2014,561,711AS
Make,2014,561,713
Make,2014,561,721
Make,2014,561,722
Make,2014,561,GFGD
Make,2014,561,GFGN
Make,2014,561,GFE
Make,2014,561,GSLG
Make,2014,561,GSLE
Make,2014,561,Used
Make,2014,561,Other
Make,2014,562,111CA
Make,2014,562,113FF
Make,2014,562,212
Make,2014,562,213
Make,2014,562,22
Make,2014,562,321
Make,2014,562,327
Make,2014,562,331
Make,2014,562,332
Make,2014,562,333
Make,2014,562,334
Make,2014,562,335
Make,2014,562,3361MV
Make,2014,562,3364OT
Make,2014,562,337
Make,2014,562,339
Make,2014,562,311FT
Make,2014,562,313TT
Make,2014,562,315AL
Make,2014,562,322
Make,2014,562,323
Make,2014,562,324
Make,2014,562,325
Make,2014,562,326
Make,2014,562,42
Make,2014,562,441
Make,2014,562,445
Make,2014,562,452
Make,2014,562,481
Make,2014,562,482
Make,2014,562,483
Make,2014,562,484
Make,2014,562,485
Make,2014,562,486
Make,2014,562,493
Make,2014,562,511
Make,2014,562,512
Make,2014,562,513
Make,2014,562,514
Make,2014,562,521CI
Make,2014,562,523
Make,2014,562,524
Make,2014,562,525
Make,2014,562,HS
Make,2014,562,ORE
Make,2014,562,5411
Make,2014,562,55
Make,2014,562,561
Make,2014,562,61
Make,2014,562,621
Make,2014,562,622
Make,2014,562,623
Make,2014,562,624
Make,2014,562,711AS
Make,2014,562,713
Make,2014,562,721
Make,2014,562,722
Make,2014,562,81
Make,2014,562,GFGD
Make,2014,562,GFGN
Make,2014,562,GFE
Make,2014,562,GSLG
Make,2014,562,GSLE
Make,2014,562,Other
Make,2014,61,111CA
Make,2014,61,113FF
Make,2014,61,211
Make,2014,61,212
Make,2014,61,213
Make,2014,61,22
Make,2014,61,321
Make,2014,61,327
Make,2014,61,331
Make,2014,61,332
Make,2014,61,333
Make,2014,61,334
Make,2014,61,335
Make,2014,61,3361MV
Make,2014,61,3364OT
Make,2014,61,337
Make,2014,61,339
Make,2014,61,311FT
Make,2014,61,313TT
Make,2014,61,315AL
Make,2014,61,322
Make,2014,61,323
Make,2014,61,324
Make,2014,61,325
Make,2014,61,326
Make,2014,61,42
Make,2014,61,441
Make,2014,61,445
Make,2014,61,452
Make,2014,61,481
Make,2014,61,482
Make,2014,61,483
Make,2014,61,484
Make,2014,61,485
Make,2014,61,486
Make,2014,61,487OS
Make,2014,61,493
Make,2014,61,511
Make,2014,61,512
Make,2014,61,513
Make,2014,61,514
Make,2014,61,521CI
Make,2014,61,523
Make,2014,61,525
Make,2014,61,HS
Make,2014,61,5411
Make,2014,61,55
Make,2014,61,561
Make,2014,61,562
Make,2014,61,621
Make,2014,61,622
Make,2014,61,623
Make,2014,61,624
Make,2014,61,713
Make,2014,61,GFGD
Make,2014,61,GFGN
Make,2014,61,GFE
Make,2014,61,GSLG
Make,2014,61,GSLE
Make,2014,61,Used
Make,2014,61,Other
Make,2014,621,111CA
Make,2014,621,113FF
Make,2014,621,211
Make,2014,621,212
Make,2014,621,213
Make,2014,621,22
Make,2014,621,321
Make,2014,621,327
Make,2014,621,331
Make,2014,621,332
Make,2014,621,333
Make,2014,621,334
Make,2014,621,335
Make,2014,621,3361MV
Make,2014,621,3364OT
Make,2014,621,337
Make,2014,621,339
Make,2014,621,311FT
Make,2014,621,313TT
Make,2014,621,315AL
Make,2014,621,322
Make,2014,621,323
Make,2014,621,324
Make,2014,621,325
Make,2014,621,326
Make,2014,621,42
Make,2014,621,441
Make,2014,621,445
Make,2014,621,452
Make,2014,621,481
Make,2014,621,482
Make,2014,621,483
Make,2014,621,484
Make,2014,621,485
Make,2014,621,486
Make,2014,621,487OS
Make,2014,621,493
Make,2014,621,511
Make,2014,621,512
Make,2014,621,513
Make,2014,621,514
Make,2014,621,521CI
Make,2014,621,523
Make,2014,621,524
Make,2014,621,525
Make,2014,621,HS
Make,2014,621,ORE
Make,2014,621,5411
Make,2014,621,55
Make,2014,621,561
Make,2014,621,562
Make,2014,621,61
Make,2014,621,622
Make,2014,621,624
Make,2014,621,711AS
Make,2014,621,713
Make,2014,621,721
Make,2014,621,81
Make,2014,621,GFGD
Make,2014,621,GFGN
Make,2014,621,GFE
Make,2014,621,GSLG
Make,2014,621,GSLE
Make,2014,621,Used
Make,2014,621,Other
Make,2014,622,111CA
Make,2014,622,113FF
Make,2014,622,211
Make,2014,622,212
Make,2014,622,213
Make,2014,622,22
Make,2014,622,321
Make,2014,622,327
Make,2014,622,331
Make,2014,622,332
Make,2014,622,333
Make,2014,622,334
Make,2014,622,335
Make,2014,622,3361MV
Make,2014,622,3364OT
Make,2014,622,337
Make,2014,622,339
Make,2014,622,311FT
Make,2014,622,313TT
Make,2014,622,315AL
Make,2014,622,322
Make,2014,622,323
Make,2014,622,324
Make,2014,622,325
Make,2014,622,326
Make,2014,622,42
Make,2014,622,441
Make,2014,622,445
Make,2014,622,452
Make,2014,622,481
Make,2014,622,482
Make,2014,622,483
Make,2014,622,484
Make,2014,622,485
Make,2014,622,486
Make,2014,622,487OS
Make,2014,622,493
Make,2014,622,511
Make,2014,622,512
Make,2014,622,513
Make,2014,622,514
Make,2014,622,521CI
Make,2014,622,523
Make,2014,622,524
Make,2014,622,525
Make,2014,622,HS
Make,2014,622,ORE
Make,2014,622,5411
Make,2014,622,55
Make,2014,622,561
Make,2014,622,562
Make,2014,622,61
Make,2014,622,624
Make,2014,622,711AS
Make,2014,622,713
Make,2014,622,721
Make,2014,622,81
Make,2014,622,GFGD
Make,2014,622,GFGN
Make,2014,622,GFE
Make,2014,622,GSLG
Make,2014,622,GSLE
Make,2014,622,Used
Make,2014,622,Other
Make,2014,623,111CA
Make,2014,623,113FF
Make,2014,623,211
Make,2014,623,212
Make,2014,623,213
Make,2014,623,22
Make,2014,623,321
Make,2014,623,327
Make,2014,623,331
Make,2014,623,332
Make,2014,623,333
Make,2014,623,334
Make,2014,623,335
Make,2014,623,3361MV
Make,2014,623,3364OT
Make,2014,623,337
Make,2014,623,339
Make,2014,623,311FT
Make,2014,623,313TT
Make,2014,623,315AL
Make,2014,623,322
Make,2014,623,323
Make,2014,623,324
Make,2014,623,325
Make,2014,623,326
Make,2014,623,42
Make,2014,623,441
Make,2014,623,445
Make,2014,623,452
Make,2014,623,481
Make,2014,623,482
Make,2014,623,483
Make,2014,623,484
Make,2014,623,485
Make,2014,623,486
Make,2014,623,487OS
Make,2014,623,493
Make,2014,623,511
Make,2014,623,512
Make,2014,623,513
Make,2014,623,514
Make,2014,623,521CI
Make,2014,623,523
Make,2014,623,524
Make,2014,623,525
Make,2014,623,HS
Make,2014,623,5411
Make,2014,623,55
Make,2014,623,561
Make,2014,623,562
Make,2014,623,61
Make,2014,623,622
Make,2014,623,711AS
Make,2014,623,713
Make,2014,623,721
Make,2014,623,81
Make,2014,623,GFGD
Make,2014,623,GFGN
Make,2014,623,GFE
Make,2014,623,GSLG
Make,2014,623,GSLE
Make,2014,623,Used
Make,2014,623,Other
Make,2014,624,111CA
Make,2014,624,113FF
Make,2014,624,211
Make,2014,624,212
Make,2014,624,213
Make,2014,624,22
Make,2014,624,321
Make,2014,624,327
Make,2014,624,331
Make,2014,624,332
Make,2014,624,333
Make,2014,624,334
Make,2014,624,335
Make,2014,624,3361MV
Make,2014,624,3364OT
Make,2014,624,337
Make,2014,624,339
Make,2014,624,311FT
Make,2014,624,313TT
Make,2014,624,315AL
Make,2014,624,322
Make,2014,624,323
Make,2014,624,324
Make,2014,624,325
Make,2014,624,326
Make,2014,624,42
Make,2014,624,441
Make,2014,624,445
Make,2014,624,481
Make,2014,624,482
Make,2014,624,483
Make,2014,624,484
Make,2014,624,485
Make,2014,624,486
Make,2014,624,487OS
Make,2014,624,493
Make,2014,624,511
Make,2014,624,512
Make,2014,624,513
Make,2014,624,514
Make,2014,624,521CI
Make,2014,624,523
Make,2014,624,524
Make,2014,624,525
Make,2014,624,HS
Make,2014,624,ORE
Make,2014,624,532RL
Make,2014,624,5411
Make,2014,624,55
Make,2014,624,561
Make,2014,624,562
Make,2014,624,61
Make,2014,624,622
Make,2014,624,711AS
Make,2014,624,713
Make,2014,624,721
Make,2014,624,81
Make,2014,624,GFGD
Make,2014,624,GFGN
Make,2014,624,GFE
Make,2014,624,GSLG
Make,2014,624,GSLE
Make,2014,624,Used
Make,2014,624,Other
Make,2014,711AS,111CA
Make,2014,711AS,113FF
Make,2014,711AS,211
Make,2014,711AS,212
Make,2014,711AS,213
Make,2014,711AS,22
Make,2014,711AS,321
Make,2014,711AS,327
Make,2014,711AS,331
Make,2014,711AS,332
Make,2014,711AS,333
Make,2014,711AS,334
Make,2014,711AS,335
Make,2014,711AS,3361MV
Make,2014,711AS,3364OT
Make,2014,711AS,337
Make,2014,711AS,339
Make,2014,711AS,311FT
Make,2014,711AS,313TT
Make,2014,711AS,315AL
Make,2014,711AS,322
Make,2014,711AS,323
Make,2014,711AS,324
Make,2014,711AS,325
Make,2014,711AS,326
Make,2014,711AS,42
Make,2014,711AS,441
Make,2014,711AS,445
Make,2014,711AS,452
Make,2014,711AS,481
Make,2014,711AS,482
Make,2014,711AS,483
Make,2014,711AS,484
Make,2014,711AS,485
Make,2014,711AS,486
Make,2014,711AS,487OS
Make,2014,711AS,493
Make,2014,711AS,511
Make,2014,711AS,512
Make,2014,711AS,513
Make,2014,711AS,514
Make,2014,711AS,521CI
Make,2014,711AS,523
Make,2014,711AS,524
Make,2014,711AS,525
Make,2014,711AS,HS
Make,2014,711AS,5411
Make,2014,711AS,55
Make,2014,711AS,561
Make,2014,711AS,562
Make,2014,711AS,621
Make,2014,711AS,622
Make,2014,711AS,623
Make,2014,711AS,624
Make,2014,711AS,GFGD
Make,2014,711AS,GFGN
Make,2014,711AS,GFE
Make,2014,711AS,GSLG
Make,2014,711AS,GSLE
Make,2014,711AS,Used
Make,2014,711AS,Other
Make,2014,713,111CA
Make,2014,713,113FF
Make,2014,713,211
Make,2014,713,212
Make,2014,713,213
Make,2014,713,22
Make,2014,713,321
Make,2014,713,327
Make,2014,713,331
Make,2014,713,332
Make,2014,713,333
Make,2014,713,334
Make,2014,713,335
Make,2014,713,3361MV
Make,2014,713,3364OT
Make,2014,713,337
Make,2014,713,339
Make,2014,713,311FT
Make,2014,713,313TT
Make,2014,713,315AL
Make,2014,713,322
Make,2014,713,323
Make,2014,713,324
Make,2014,713,325
Make,2014,713,326
Make,2014,713,42
Make,2014,713,445
Make,2014,713,452
Make,2014,713,481
Make,2014,713,482
Make,2014,713,483
Make,2014,713,484
Make,2014,713,485
Make,2014,713,486
Make,2014,713,487OS
Make,2014,713,493
Make,2014,713,511
Make,2014,713,512
Make,2014,713,513
Make,2014,713,514
Make,2014,713,521CI
Make,2014,713,523
Make,2014,713,524
Make,2014,713,525
Make,2014,713,HS
Make,2014,713,5411
Make,2014,713,55
Make,2014,713,561
Make,2014,713,562
Make,2014,713,621
Make,2014,713,622
Make,2014,713,623
Make,2014,713,GFGD
Make,2014,713,GFGN
Make,2014,713,GFE
Make,2014,713,GSLG
Make,2014,713,GSLE
Make,2014,713,Used
Make,2014,713,Other
Make,2014,721,111CA
Make,2014,721,113FF
Make,2014,721,211
Make,2014,721,212
Make,2014,721,213
Make,2014,721,22
Make,2014,721,321
Make,2014,721,327
Make,2014,721,331
Make,2014,721,332
Make,2014,721,333
Make,2014,721,334
Make,2014,721,335
Make,2014,721,3361MV
Make,2014,721,3364OT
Make,2014,721,337
Make,2014,721,339
Make,2014,721,311FT
Make,2014,721,313TT
Make,2014,721,315AL
Make,2014,721,322
Make,2014,721,323
Make,2014,721,324
Make,2014,721,325
Make,2014,721,326
Make,2014,721,42
Make,2014,721,481
Make,2014,721,482
Make,2014,721,483
Make,2014,721,484
Make,2014,721,485
Make,2014,721,486
Make,2014,721,487OS
Make,2014,721,493
Make,2014,721,511
Make,2014,721,512
Make,2014,721,514
Make,2014,721,521CI
Make,2014,721,523
Make,2014,721,524
Make,2014,721,525
Make,2014,721,5411
Make,2014,721,55
Make,2014,721,562
Make,2014,721,61
Make,2014,721,621
Make,2014,721,622
Make,2014,721,623
Make,2014,721,624
Make,2014,721,GFGD
Make,2014,721,GFGN
Make,2014,721,GFE
Make,2014,721,GSLG
Make,2014,721,GSLE
Make,2014,721,Used
Make,2014,721,Other
Make,2014,722,111CA
Make,2014,722,113FF
Make,2014,722,211
Make,2014,722,212
Make,2014,722,213
Make,2014,722,22
Make,2014,722,321
Make,2014,722,327
Make,2014,722,331
Make,2014,722,332
Make,2014,722,333
Make,2014,722,334
Make,2014,722,335
Make,2014,722,3361MV
Make,2014,722,3364OT
Make,2014,722,337
Make,2014,722,339
Make,2014,722,311FT
Make,2014,722,313TT
Make,2014,722,315AL
Make,2014,722,322
Make,2014,722,323
Make,2014,722,324
Make,2014,722,325
Make,2014,722,326
Make,2014,722,441
Make,2014,722,452
Make,2014,722,481
Make,2014,722,482
Make,2014,722,483
Make,2014,722,484
Make,2014,722,485
Make,2014,722,486
Make,2014,722,487OS
Make,2014,722,493
Make,2014,722,511
Make,2014,722,512
Make,2014,722,514
Make,2014,722,521CI
Make,2014,722,523
Make,2014,722,524
Make,2014,722,525
Make,2014,722,HS
Make,2014,722,ORE
Make,2014,722,532RL
Make,2014,722,5411
Make,2014,722,55
Make,2014,722,561
Make,2014,722,562
Make,2014,722,61
Make,2014,722,621
Make,2014,722,622
Make,2014,722,623
Make,2014,722,624
Make,2014,722,711AS
Make,2014,722,81
Make,2014,722,GFGD
Make,2014,722,GFGN
Make,2014,722,GFE
Make,2014,722,GSLG
Make,2014,722,GSLE
Make,2014,722,Other
Make,2014,81,111CA
Make,2014,81,113FF
Make,2014,81,211
Make,2014,81,212
Make,2014,81,213
Make,2014,81,22
Make,2014,81,321
Make,2014,81,327
Make,2014,81,331
Make,2014,81,332
Make,2014,81,333
Make,2014,81,334
Make,2014,81,335
Make,2014,81,3361MV
Make,2014,81,3364OT
Make,2014,81,337
Make,2014,81,339
Make,2014,81,311FT
Make,2014,81,313TT
Make,2014,81,315AL
Make,2014,81,322
Make,2014,81,323
Make,2014,81,324
Make,2014,81,325
Make,2014,81,326
Make,2014,81,445
Make,2014,81,481
Make,2014,81,482
Make,2014,81,483
Make,2014,81,484
Make,2014,81,485
Make,2014,81,486
Make,2014,81,487OS
Make,2014,81,493
Make,2014,81,511
Make,2014,81,512
Make,2014,81,513
Make,2014,81,521CI
Make,2014,81,523
Make,2014,81,524
Make,2014,81,525
Make,2014,81,HS
Make,2014,81,5411
Make,2014,81,55
Make,2014,81,562
Make,2014,81,621
Make,2014,81,622
Make,2014,81,623
Make,2014,81,624
Make,2014,81,711AS
Make,2014,81,713
Make,2014,81,721
Make,2014,81,GFGD
Make,2014,81,GFGN
Make,2014,81,GFE
Make,2014,81,GSLG
Make,2014,81,GSLE
Make,2014,81,Used
Make,2014,81,Other
Make,2014,GFGD,111CA
Make,2014,GFGD,113FF
Make,2014,GFGD,211
Make,2014,GFGD,212
Make,2014,GFGD,213
Make,2014,GFGD,22
Make,2014,GFGD,321
Make,2014,GFGD,327
Make,2014,GFGD,331
Make,2014,GFGD,332
Make,2014,GFGD,334
Make,2014,GFGD,335
Make,2014,GFGD,3361MV
Make,2014,GFGD,3364OT
Make,2014,GFGD,337
Make,2014,GFGD,311FT
Make,2014,GFGD,313TT
Make,2014,GFGD,315AL
Make,2014,GFGD,322
Make,2014,GFGD,323
Make,2014,GFGD,324
Make,2014,GFGD,325
Make,2014,GFGD,326
Make,2014,GFGD,42
Make,2014,GFGD,441
Make,2014,GFGD,445
Make,2014,GFGD,452
Make,2014,GFGD,4A0
Make,2014,GFGD,481
Make,2014,GFGD,482
Make,2014,GFGD,483
Make,2014,GFGD,484
Make,2014,GFGD,485
Make,2014,GFGD,486
Make,2014,GFGD,487OS
Make,2014,GFGD,493
Make,2014,GFGD,511
Make,2014,GFGD,513
Make,2014,GFGD,521CI
Make,2014,GFGD,523
Make,2014,GFGD,524
Make,2014,GFGD,525
Make,2014,GFGD,HS
Make,2014,GFGD,ORE
Make,2014,GFGD,532RL
Make,2014,GFGD,5411
Make,2014,GFGD,55
Make,2014,GFGD,561
Make,2014,GFGD,562
Make,2014,GFGD,621
Make,2014,GFGD,623
Make,2014,GFGD,624
Make,2014,GFGD,713
Make,2014,GFGD,721
Make,2014,GFGD,722
Make,2014,GFGD,81
Make,2014,GFGD,GFGN
Make,2014,GFGD,GFE
Make,2014,GFGD,GSLG
Make,2014,GFGD,GSLE
Make,2014,GFGD,Used
Make,2014,GFGD,Other
Make,2014,GFGN,111CA
Make,2014,GFGN,211
Make,2014,GFGN,212
Make,2014,GFGN,213
Make,2014,GFGN,321
Make,2014,GFGN,327
Make,2014,GFGN,332
Make,2014,GFGN,333
Make,2014,GFGN,334
Make,2014,GFGN,335
Make,2014,GFGN,3361MV
Make,2014,GFGN,3364OT
Make,2014,GFGN,337
Make,2014,GFGN,311FT
Make,2014,GFGN,313TT
Make,2014,GFGN,315AL
Make,2014,GFGN,322
Make,2014,GFGN,324
Make,2014,GFGN,326
Make,2014,GFGN,42
Make,2014,GFGN,441
Make,2014,GFGN,445
Make,2014,GFGN,452
Make,2014,GFGN,4A0
Make,2014,GFGN,481
Make,2014,GFGN,482
Make,2014,GFGN,483
Make,2014,GFGN,484
Make,2014,GFGN,485
Make,2014,GFGN,486
Make,2014,GFGN,487OS
Make,2014,GFGN,493
Make,2014,GFGN,512
Make,2014,GFGN,513
Make,2014,GFGN,514
Make,2014,GFGN,521CI
Make,2014,GFGN,523
Make,2014,GFGN,524
Make,2014,GFGN,HS
Make,2014,GFGN,ORE
Make,2014,GFGN,532RL
Make,2014,GFGN,5411
Make,2014,GFGN,55
Make,2014,GFGN,561
Make,2014,GFGN,562
Make,2014,GFGN,61
Make,2014,GFGN,621
Make,2014,GFGN,623
Make,2014,GFGN,624
Make,2014,GFGN,711AS
Make,2014,GFGN,713
Make,2014,GFGN,721
Make,2014,GFGN,722
Make,2014,GFGN,81
Make,2014,GFGN,GFGD
Make,2014,GFGN,GSLG
Make,2014,GFGN,GSLE
Make,2014,GFGN,Used
Make,2014,GFE,111CA
Make,2014,GFE,113FF
Make,2014,GFE,211
Make,2014,GFE,212
Make,2014,GFE,213
Make,2014,GFE,23
Make,2014,GFE,321
Make,2014,GFE,327
Make,2014,GFE,331
Make,2014,GFE,332
Make,2014,GFE,333
Make,2014,GFE,334
Make,2014,GFE,335
Make,2014,GFE,3361MV
Make,2014,GFE,3364OT
Make,2014,GFE,337
Make,2014,GFE,339
Make,2014,GFE,311FT
Make,2014,GFE,313TT
Make,2014,GFE,315AL
Make,2014,GFE,322
Make,2014,GFE,323
Make,2014,GFE,324
Make,2014,GFE,325
Make,2014,GFE,326
Make,2014,GFE,42
Make,2014,GFE,445
Make,2014,GFE,481
Make,2014,GFE,482
Make,2014,GFE,483
Make,2014,GFE,484
Make,2014,GFE,485
Make,2014,GFE,486
Make,2014,GFE,487OS
Make,2014,GFE,493
Make,2014,GFE,511
Make,2014,GFE,513
Make,2014,GFE,514
Make,2014,GFE,521CI
Make,2014,GFE,523
Make,2014,GFE,525
Make,2014,GFE,HS
Make,2014,GFE,532RL
Make,2014,GFE,5411
Make,2014,GFE,5412OP
Make,2014,GFE,55
Make,2014,GFE,561
Make,2014,GFE,562
Make,2014,GFE,61
Make,2014,GFE,621
Make,2014,GFE,622
Make,2014,GFE,623
Make,2014,GFE,624
Make,2014,GFE,711AS
Make,2014,GFE,713
Make,2014,GFE,721
Make,2014,GFE,GFGD
Make,2014,GFE,GFGN
Make,2014,GFE,GSLG
Make,2014,GFE,GSLE
Make,2014,GFE,Used
Make,2014,GFE,Other
Make,2014,GSLG,211
Make,2014,GSLG,213
Make,2014,GSLG,327
Make,2014,GSLG,331
Make,2014,GSLG,332
Make,2014,GSLG,333
Make,2014,GSLG,334
Make,2014,GSLG,335
Make,2014,GSLG,3361MV
Make,2014,GSLG,3364OT
Make,2014,GSLG,337
Make,2014,GSLG,313TT
Make,2014,GSLG,324
Make,2014,GSLG,326
Make,2014,GSLG,42
Make,2014,GSLG,441
Make,2014,GSLG,445
Make,2014,GSLG,452
Make,2014,GSLG,4A0
Make,2014,GSLG,481
Make,2014,GSLG,482
Make,2014,GSLG,483
Make,2014,GSLG,484
Make,2014,GSLG,485
Make,2014,GSLG,486
Make,2014,GSLG,487OS
Make,2014,GSLG,493
Make,2014,GSLG,513
Make,2014,GSLG,521CI
Make,2014,GSLG,523
Make,2014,GSLG,524
Make,2014,GSLG,HS
Make,2014,GSLG,ORE
Make,2014,GSLG,532RL
Make,2014,GSLG,5411
Make,2014,GSLG,55
Make,2014,GSLG,623
Make,2014,GSLG,GFGD
Make,2014,GSLG,GFGN
Make,2014,GSLG,GFE
Make,2014,GSLG,GSLE
Make,2014,GSLG,Other
Make,2014,GSLE,111CA
Make,2014,GSLE,113FF
Make,2014,GSLE,211
Make,2014,GSLE,212
Make,2014,GSLE,213
Make,2014,GSLE,23
Make,2014,GSLE,321
Make,2014,GSLE,327
Make,2014,GSLE,331
Make,2014,GSLE,332
Make,2014,GSLE,333
Make,2014,GSLE,334
Make,2014,GSLE,335
Make,2014,GSLE,3361MV
Make,2014,GSLE,3364OT
Make,2014,GSLE,337
Make,2014,GSLE,339
Make,2014,GSLE,311FT
Make,2014,GSLE,313TT
Make,2014,GSLE,315AL
Make,2014,GSLE,322
Make,2014,GSLE,323
Make,2014,GSLE,324
Make,2014,GSLE,325
Make,2014,GSLE,326
Make,2014,GSLE,42
Make,2014,GSLE,441
Make,2014,GSLE,452
Make,2014,GSLE,4A0
Make,2014,GSLE,481
Make,2014,GSLE,484
Make,2014,GSLE,486
Make,2014,GSLE,493
Make,2014,GSLE,511
Make,2014,GSLE,512
Make,2014,GSLE,513
Make,2014,GSLE,514
Make,2014,GSLE,523
Make,2014,GSLE,525
Make,2014,GSLE,532RL
Make,2014,GSLE,5411
Make,2014,GSLE,5415
Make,2014,GSLE,5412OP
Make,2014,GSLE,55
Make,2014,GSLE,561
Make,2014,GSLE,562
Make,2014,GSLE,61
Make,2014,GSLE,621
Make,2014,GSLE,622
Make,2014,GSLE,623
Make,2014,GSLE,624
Make,2014,GSLE,721
Make,2014,GSLE,722
Make,2014,GSLE,GFGD
Make,2014,GSLE,GFGN
Make,2014,GSLE,GFE
Make,2014,GSLE,GSLG
Make,2014,GSLE,Used
Make,2014,GSLE,Other
Use,2015,111CA,211
Use,2015,111CA,22
Use,2015,111CA,321
Use,2015,111CA,327
Use,2015,111CA,331
Use,2015,111CA,332
Use,2015,111CA,333
Use,2015,111CA,334
Use,2015,111CA,335
Use,2015,111CA,3361MV
Use,2015,111CA,3364OT
Use,2015,111CA,337
Use,2015,111CA,315AL
Use,2015,111CA,322
Use,2015,111CA,323
Use,2015,111CA,324
Use,2015,111CA,326
Use,2015,111CA,481
Use,2015,111CA,482
Use,2015,111CA,483
Use,2015,111CA,484
Use,2015,111CA,485
Use,2015,111CA,486
Use,2015,111CA,493
Use,2015,111CA,511
Use,2015,111CA,512
Use,2015,111CA,513
Use,2015,111CA,514
Use,2015,111CA,523
Use,2015,111CA,524
Use,2015,111CA,525
Use,2015,111CA,532RL
Use,2015,111CA,562
Use,2015,111CA,621
Use,2015,111CA,622
Use,2015,111CA,623
Use,2015,111CA,624
Use,2015,111CA,711AS
Use,2015,111CA,GFE
Use,2015,111CA,GSLE
Use,2015,111CA,F02S
Use,2015,111CA,F02E
Use,2015,111CA,F02N
Use,2015,111CA,F02R
Use,2015,111CA,F06C
Use,2015,111CA,F06S
Use,2015,111CA,F06E
Use,2015,111CA,F06N
Use,2015,111CA,F07C
Use,2015,111CA,F07S
Use,2015,111CA,F07E
Use,2015,111CA,F07N
Use,2015,111CA,F10C
Use,2015,111CA,F10S
Use,2015,111CA,F10E
Use,2015,111CA,F10N
Use,2015,113FF,211
Use,2015,113FF,213
Use,2015,113FF,22
Use,2015,113FF,23
Use,2015,113FF,331
Use,2015,113FF,332
Use,2015,113FF,333
Use,2015,113FF,334
Use,2015,113FF,335
Use,2015,113FF,3361MV
Use,2015,113FF,3364OT
Use,2015,113FF,313TT
Use,2015,113FF,324
Use,2015,113FF,42
Use,2015,113FF,441
Use,2015,113FF,452
Use,2015,113FF,481
Use,2015,113FF,482
Use,2015,113FF,483
Use,2015,113FF,484
Use,2015,113FF,485
Use,2015,113FF,486
Use,2015,113FF,493
Use,2015,113FF,511
Use,2015,113FF,512
Use,2015,113FF,513
Use,2015,113FF,514
Use,2015,113FF,521CI
Use,2015,113FF,523
Use,2015,113FF,524
Use,2015,113FF,525
Use,2015,113FF,HS
Use,2015,113FF,ORE
Use,2015,113FF,532RL
Use,2015,113FF,5411
Use,2015,113FF,5415
Use,2015,113FF,562
Use,2015,113FF,621
Use,2015,113FF,622
Use,2015,113FF,623
Use,2015,113FF,624
Use,2015,113FF,711AS
Use,2015,113FF,GFGD
Use,2015,113FF,GSLE
Use,2015,113FF,F02S
Use,2015,113FF,F02E
Use,2015,113FF,F02N
Use,2015,113FF,F02R
Use,2015,113FF,F06C
Use,2015,113FF,F06S
Use,2015,113FF,F06E
Use,2015,113FF,F06N
Use,2015,113FF,F07C
Use,2015,113FF,F07S
Use,2015,113FF,F07E
Use,2015,113FF,F07N
Use,2015,113FF,F10C
Use,2015,113FF,F10S
Use,2015,113FF,F10E
Use,2015,113FF,F10N
Use,2015,211,111CA
Use,2015,211,113FF
Use,2015,211,23
Use,2015,211,333
Use,2015,211,334
Use,2015,211,335
Use,2015,211,3364OT
Use,2015,211,337
Use,2015,211,339
Use,2015,211,313TT
Use,2015,211,315AL
Use,2015,211,481
Use,2015,211,482
Use,2015,211,483
Use,2015,211,484
Use,2015,211,485
Use,2015,211,487OS
Use,2015,211,521CI
Use,2015,211,523
Use,2015,211,524
Use,2015,211,525
Use,2015,211,HS
Use,2015,211,532RL
Use,2015,211,5411
Use,2015,211,GFGD
Use,2015,211,GSLG
Use,2015,211,F010
Use,2015,211,F02S
Use,2015,211,F02E
Use,2015,211,F02N
Use,2015,211,F02R
Use,2015,211,F06C
Use,2015,211,F06S
Use,2015,211,F06E
Use,2015,211,F06N
Use,2015,211,F07C
Use,2015,211,F07S
Use,2015,211,F07E
Use,2015,211,F07N
Use,2015,211,F10C
Use,2015,211,F10S
Use,2015,211,F10E
Use,2015,211,F10N
Use,2015,212,315AL
Use,2015,212,323
Use,2015,212,441
Use,2015,212,445
Use,2015,212,452
Use,2015,212,481
Use,2015,212,486
Use,2015,212,521CI
Use,2015,212,523
Use,2015,212,524
Use,2015,212,525
Use,2015,212,ORE
Use,2015,212,532RL
Use,2015,212,5411
Use,2015,212,5415
Use,2015,212,621
Use,2015,212,GFGD
Use,2015,212,GFE
Use,2015,212,F02S
Use,2015,212,F02N
Use,2015,212,F02R
Use,2015,212,F06C
Use,2015,212,F06S
Use,2015,212,F06E
Use,2015,212,F06N
Use,2015,212,F07C
Use,2015,212,F07S
Use,2015,212,F07E
Use,2015,212,F07N
Use,2015,212,F10C
Use,2015,212,F10S
Use,2015,212,F10E
Use,2015,212,F10N
Use,2015,213,111CA
Use,2015,213,113FF
Use,2015,213,22
Use,2015,213,23
Use,2015,213,321
Use,2015,213,327
Use,2015,213,331
Use,2015,213,332
Use,2015,213,333
Use,2015,213,334
Use,2015,213,335
Use,2015,213,3361MV
Use,2015,213,3364OT
Use,2015,213,337
Use,2015,213,339
Use,2015,213,311FT
Use,2015,213,313TT
Use,2015,213,315AL
Use,2015,213,322
Use,2015,213,323
Use,2015,213,324
Use,2015,213,325
Use,2015,213,326
Use,2015,213,42
Use,2015,213,441
Use,2015,213,445
Use,2015,213,452
Use,2015,213,4A0
Use,2015,213,481
Use,2015,213,482
Use,2015,213,483
Use,2015,213,484
Use,2015,213,485
Use,2015,213,486
Use,2015,213,487OS
Use,2015,213,493
Use,2015,213,511
Use,2015,213,512
Use,2015,213,513
Use,2015,213,514
Use,2015,213,521CI
Use,2015,213,523
Use,2015,213,524
Use,2015,213,525
Use,2015,213,HS
Use,2015,213,ORE
Use,2015,213,532RL
Use,2015,213,5411
Use,2015,213,5415
Use,2015,213,561
Use,2015,213,562
Use,2015,213,61
Use,2015,213,621
Use,2015,213,622
Use,2015,213,623
Use,2015,213,624
Use,2015,213,711AS
Use,2015,213,713
Use,2015,213,721
Use,2015,213,722
Use,2015,213,81
Use,2015,213,GFGD
Use,2015,213,GFGN
Use,2015,213,GFE
Use,2015,213,GSLG
Use,2015,213,GSLE
Use,2015,213,F010
Use,2015,213,F02N
Use,2015,213,F02R
Use,2015,213,F06C
Use,2015,213,F06S
Use,2015,213,F06E
Use,2015,213,F06N
Use,2015,213,F07C
Use,2015,213,F07S
Use,2015,213,F07E
Use,2015,213,F07N
Use,2015,213,F10C
Use,2015,213,F10S
Use,2015,213,F10E
Use,2015,213,F10N
Use,2015,22,F02S
Use,2015,22,F02E
Use,2015,22,F02N
Use,2015,22,F02R
Use,2015,22,F030
Use,2015,22,F06C
Use,2015,22,F06S
Use,2015,22,F06E
Use,2015,22,F06N
Use,2015,22,F07C
Use,2015,22,F07S
Use,2015,22,F07E
Use,2015,22,F07N
Use,2015,22,F10C
Use,2015,22,F10S
Use,2015,22,F10E
Use,2015,22,F10N
Use,2015,23,F010
Use,2015,23,F02E
Use,2015,23,F02N
Use,2015,23,F030
Use,2015,23,F050
Use,2015,23,F06C
Use,2015,23,F06E
Use,2015,23,F06N
Use,2015,23,F07C
Use,2015,23,F07E
Use,2015,23,F07N
Use,2015,23,F10C
Use,2015,23,F10E
Use,2015,23,F10N
Use,2015,321,211
Use,2015,321,324
Use,2015,321,481
Use,2015,321,483
Use,2015,321,485
Use,2015,321,524
Use,2015,321,525
Use,2015,321,F02E
Use,2015,321,F02N
Use,2015,321,F06C
Use,2015,321,F06S
Use,2015,321,F06E
Use,2015,321,F06N
Use,2015,321,F07C
Use,2015,321,F07S
Use,2015,321,F07N
Use,2015,321,F10C
Use,2015,321,F10S
Use,2015,321,F10E
Use,2015,321,F10N
Use,2015,327,315AL
Use,2015,327,481
Use,2015,327,483
Use,2015,327,525
Use,2015,327,GFE
Use,2015,327,F02S
Use,2015,327,F02E
Use,2015,327,F02N
Use,2015,327,F02R
Use,2015,327,F06C
Use,2015,327,F06S
Use,2015,327,F06E
Use,2015,327,F06N
Use,2015,327,F07C
Use,2015,327,F07S
Use,2015,327,F07E
Use,2015,327,F07N
Use,2015,327,F10C
Use,2015,327,F10S
Use,2015,327,F10E
Use,2015,327,F10N
Use,2015,331,113FF
Use,2015,331,315AL
Use,2015,331,445
Use,2015,331,481
Use,2015,331,483
Use,2015,331,484
Use,2015,331,485
Use,2015,331,486
Use,2015,331,493
Use,2015,331,521CI
Use,2015,331,523
Use,2015,331,524
Use,2015,331,525
Use,2015,331,5411
Use,2015,331,GFE
Use,2015,331,F02S
Use,2015,331,F02E
Use,2015,331,F02N
Use,2015,331,F02R
Use,2015,331,F06C
Use,2015,331,F06S
Use,2015,331,F06E
Use,2015,331,F06N
Use,2015,331,F07C
Use,2015,331,F07S
Use,2015,331,F07E
Use,2015,331,F07N
Use,2015,331,F10C
Use,2015,331,F10S
Use,2015,331,F10E
Use,2015,331,F10N
Use,2015,332,524
Use,2015,332,F02S
Use,2015,332,F02N
Use,2015,332,F02R
Use,2015,332,F06C
Use,2015,332,F06S
Use,2015,332,F06N
Use,2015,332,F07C
Use,2015,332,F07S
Use,2015,332,F07N
Use,2015,332,F10C
Use,2015,332,F10S
Use,2015,332,F10N
Use,2015,333,525
Use,2015,333,F02S
Use,2015,333,F02N
Use,2015,333,F02R
Use,2015,333,F06C
Use,2015,333,F06S
Use,2015,333,F06N
Use,2015,333,F07C
Use,2015,333,F07S
Use,2015,333,F07N
Use,2015,333,F10C
Use,2015,333,F10S
Use,2015,333,F10N
Use,2015,334,F02S
Use,2015,334,F02N
Use,2015,334,F06C
Use,2015,334,F06S
Use,2015,334,F06N
Use,2015,334,F07C
Use,2015,334,F07S
Use,2015,334,F07N
Use,2015,334,F10C
Use,2015,334,F10S
Use,2015,334,F10N
Use,2015,335,512
Use,2015,335,525
Use,2015,335,F02S
Use,2015,335,F02N
Use,2015,335,F06C
Use,2015,335,F06S
Use,2015,335,F06N
Use,2015,335,F07C
Use,2015,335,F07S
Use,2015,335,F07N
Use,2015,335,F10C
Use,2015,335,F10S
Use,2015,335,F10N
Use,2015,3361MV,481
Use,2015,3361MV,483
Use,2015,3361MV,524
Use,2015,3361MV,525
Use,2015,3361MV,HS
Use,2015,3361MV,ORE
Use,2015,3361MV,5411
Use,2015,3361MV,F02S
Use,2015,3361MV,F02N
Use,2015,3361MV,F02R
Use,2015,3361MV,F06C
Use,2015,3361MV,F06S
Use,2015,3361MV,F06N
Use,2015,3361MV,F07C
Use,2015,3361MV,F07S
Use,2015,3361MV,F07N
Use,2015,3361MV,F10C
Use,2015,3361MV,F10S
Use,2015,3361MV,F10N
Use,2015,3364OT,111CA
Use,2015,3364OT,211
Use,2015,3364OT,213
Use,2015,3364OT,22
Use,2015,3364OT,327
Use,2015,3364OT,331
Use,2015,3364OT,334
Use,2015,3364OT,335
Use,2015,3364OT,337
Use,2015,3364OT,339
Use,2015,3364OT,311FT
Use,2015,3364OT,313TT
Use,2015,3364OT,315AL
Use,2015,3364OT,322
Use,2015,3364OT,323
Use,2015,3364OT,324
Use,2015,3364OT,325
Use,2015,3364OT,326
Use,2015,3364OT,445
Use,2015,3364OT,452
Use,2015,3364OT,4A0
Use,2015,3364OT,486
Use,2015,3364OT,493
Use,2015,3364OT,511
Use,2015,3364OT,512
Use,2015,3364OT,514
Use,2015,3364OT,521CI
Use,2015,3364OT,523
Use,2015,3364OT,524
Use,2015,3364OT,525
Use,2015,3364OT,HS
Use,2015,3364OT,ORE
Use,2015,3364OT,532RL
Use,2015,3364OT,5411
Use,2015,3364OT,5415
Use,2015,3364OT,61
Use,2015,3364OT,621
Use,2015,3364OT,622
Use,2015,3364OT,623
Use,2015,3364OT,711AS
Use,2015,3364OT,721
Use,2015,3364OT,722
Use,2015,3364OT,F02S
Use,2015,3364OT,F02N
Use,2015,3364OT,F02R
Use,2015,3364OT,F06C
Use,2015,3364OT,F06S
Use,2015,3364OT,F06N
Use,2015,3364OT,F07C
Use,2015,3364OT,F07S
Use,2015,3364OT,F07N
Use,2015,3364OT,F10C
Use,2015,3364OT,F10S
Use,2015,3364OT,F10N
Use,2015,337,113FF
Use,2015,337,211
Use,2015,337,212
Use,2015,337,213
Use,2015,337,22
Use,2015,337,331
Use,2015,337,332
Use,2015,337,311FT
Use,2015,337,313TT
Use,2015,337,315AL
Use,2015,337,323
Use,2015,337,324
Use,2015,337,325
Use,2015,337,445
Use,2015,337,481
Use,2015,337,482
Use,2015,337,484
Use,2015,337,485
Use,2015,337,486
Use,2015,337,493
Use,2015,337,512
Use,2015,337,521CI
Use,2015,337,523
Use,2015,337,524
Use,2015,337,525
Use,2015,337,532RL
Use,2015,337,562
Use,2015,337,61
Use,2015,337,GFGD
Use,2015,337,GFGN
Use,2015,337,F02S
Use,2015,337,F02N
Use,2015,337,F06C
Use,2015,337,F06S
Use,2015,337,F06N
Use,2015,337,F07C
Use,2015,337,F07S
Use,2015,337,F07N
Use,2015,337,F10C
Use,2015,337,F10S
Use,2015,337,F10N
Use,2015,339,22
Use,2015,339,483
Use,2015,339,525
Use,2015,339,GFE
Use,2015,339,F02S
Use,2015,339,F02N
Use,2015,339,F02R
Use,2015,339,F06C
Use,2015,339,F06S
Use,2015,339,F06N
Use,2015,339,F07C
Use,2015,339,F07S
Use,2015,339,F07N
Use,2015,339,F10C
Use,2015,339,F10S
Use,2015,339,F10N
Use,2015,311FT,211
Use,2015,311FT,212
Use,2015,311FT,213
Use,2015,311FT,22
Use,2015,311FT,23
Use,2015,311FT,332
Use,2015,311FT,333
Use,2015,311FT,334
Use,2015,311FT,335
Use,2015,311FT,3361MV
Use,2015,311FT,3364OT
Use,2015,311FT,337
Use,2015,311FT,486
Use,2015,311FT,493
Use,2015,311FT,513
Use,2015,311FT,521CI
Use,2015,311FT,523
Use,2015,311FT,524
Use,2015,311FT,525
Use,2015,311FT,HS
Use,2015,311FT,ORE
Use,2015,311FT,532RL
Use,2015,311FT,5411
Use,2015,311FT,5415
Use,2015,311FT,562
Use,2015,311FT,GSLE
Use,2015,311FT,F02S
Use,2015,311FT,F02E
Use,2015,311FT,F02N
Use,2015,311FT,F02R
Use,2015,311FT,F06C
Use,2015,311FT,F06S
Use,2015,311FT,F06E
Use,2015,311FT,F06N
Use,2015,311FT,F07C
Use,2015,311FT,F07S
Use,2015,311FT,F07E
Use,2015,311FT,F07N
Use,2015,311FT,F10C
Use,2015,311FT,F10S
Use,2015,311FT,F10E
Use,2015,311FT,F10N
Use,2015,313TT,211
Use,2015,313TT,213
Use,2015,313TT,22
Use,2015,313TT,331
Use,2015,313TT,481
Use,2015,313TT,482
Use,2015,313TT,485
Use,2015,313TT,521CI
Use,2015,313TT,523
Use,2015,313TT,524
Use,2015,313TT,525
Use,2015,313TT,5411
Use,2015,313TT,5415
Use,2015,313TT,F02S
Use,2015,313TT,F02N
Use,2015,313TT,F06C
Use,2015,313TT,F06S
Use,2015,313TT,F06E
Use,2015,313TT,F06N
Use,2015,313TT,F07C
Use,2015,313TT,F07S
Use,2015,313TT,F07N
Use,2015,313TT,F10C
Use,2015,313TT,F10S
Use,2015,313TT,F10N
Use,2015,315AL,113FF
Use,2015,315AL,211
Use,2015,315AL,212
Use,2015,315AL,213
Use,2015,315AL,23
Use,2015,315AL,321
Use,2015,315AL,331
Use,2015,315AL,332
Use,2015,315AL,333
Use,2015,315AL,334
Use,2015,315AL,335
Use,2015,315AL,3364OT
Use,2015,315AL,337
Use,2015,315AL,322
Use,2015,315AL,325
Use,2015,315AL,481
Use,2015,315AL,482
Use,2015,315AL,483
Use,2015,315AL,484
Use,2015,315AL,485
Use,2015,315AL,486
Use,2015,315AL,487OS
Use,2015,315AL,493
Use,2015,315AL,521CI
Use,2015,315AL,523
Use,2015,315AL,524
Use,2015,315AL,525
Use,2015,315AL,HS
Use,2015,315AL,ORE
Use,2015,315AL,5411
Use,2015,315AL,5415
Use,2015,315AL,623
Use,2015,315AL,F02S
Use,2015,315AL,F02E
Use,2015,315AL,F02N
Use,2015,315AL,F02R
Use,2015,315AL,F06C
Use,2015,315AL,F06S
Use,2015,315AL,F06E
Use,2015,315AL,F06N
Use,2015,315AL,F07C
Use,2015,315AL,F07S
Use,2015,315AL,F07E
Use,2015,315AL,F07N
Use,2015,315AL,F10C
Use,2015,315AL,F10S
Use,2015,315AL,F10E
Use,2015,315AL,F10N
Use,2015,322,F02S
Use,2015,322,F02E
Use,2015,322,F02N
Use,2015,322,F02R
Use,2015,322,F06C
Use,2015,322,F06S
Use,2015,322,F06E
Use,2015,322,F06N
Use,2015,322,F07C
Use,2015,322,F07S
Use,2015,322,F07E
Use,2015,322,F07N
Use,2015,322,F10C
Use,2015,322,F10S
Use,2015,322,F10E
Use,2015,322,F10N
Use,2015,323,113FF
Use,2015,323,213
Use,2015,323,327
Use,2015,323,331
Use,2015,323,334
Use,2015,323,3364OT
Use,2015,323,337
Use,2015,323,339
Use,2015,323,313TT
Use,2015,323,322
Use,2015,323,326
Use,2015,323,483
Use,2015,323,525
Use,2015,323,HS
Use,2015,323,F02S
Use,2015,323,F02E
Use,2015,323,F02N
Use,2015,323,F02R
Use,2015,323,F06C
Use,2015,323,F06S
Use,2015,323,F06E
Use,2015,323,F06N
Use,2015,323,F07C
Use,2015,323,F07S
Use,2015,323,F07E
Use,2015,323,F07N
Use,2015,323,F10C
Use,2015,323,F10S
Use,2015,323,F10E
Use,2015,323,F10N
Use,2015,324,F02S
Use,2015,324,F02E
Use,2015,324,F02N
Use,2015,324,F02R
Use,2015,324,F06C
Use,2015,324,F06S
Use,2015,324,F06E
Use,2015,324,F06N
Use,2015,324,F07C
Use,2015,324,F07S
Use,2015,324,F07E
Use,2015,324,F07N
Use,2015,324,F10C
Use,2015,324,F10S
Use,2015,324,F10E
Use,2015,324,F10N
Use,2015,325,525
Use,2015,325,F02S
Use,2015,325,F02N
Use,2015,325,F02R
Use,2015,325,F06C
Use,2015,325,F06S
Use,2015,325,F06E
Use,2015,325,F06N
Use,2015,325,F07C
Use,2015,325,F07S
Use,2015,325,F07E
Use,2015,325,F07N
Use,2015,325,F10C
Use,2015,325,F10S
Use,2015,325,F10E
Use,2015,325,F10N
Use,2015,326,F02S
Use,2015,326,F02N
Use,2015,326,F06C
Use,2015,326,F06S
Use,2015,326,F06E
Use,2015,326,F06N
Use,2015,326,F07C
Use,2015,326,F07S
Use,2015,326,F07N
Use,2015,326,F10C
Use,2015,326,F10S
Use,2015,326,F10E
Use,2015,326,F10N
Use,2015,42,F06C
Use,2015,42,F06S
Use,2015,42,F07C
Use,2015,42,F07S
Use,2015,42,F10C
Use,2015,42,F10S
Use,2015,441,525
Use,2015,441,55
Use,2015,441,621
Use,2015,441,F02S
Use,2015,441,F02N
Use,2015,441,F030
Use,2015,441,F040
Use,2015,441,F050
Use,2015,441,F06C
Use,2015,441,F06S
Use,2015,441,F06E
Use,2015,441,F06N
Use,2015,441,F07C
Use,2015,441,F07S
Use,2015,441,F07E
Use,2015,441,F07N
Use,2015,441,F10C
Use,2015,441,F10S
Use,2015,441,F10E
Use,2015,441,F10N
Use,2015,445,213
Use,2015,445,525
Use,2015,445,55
Use,2015,445,GSLE
Use,2015,445,F02S
Use,2015,445,F030
Use,2015,445,F040
Use,2015,445,F050
Use,2015,445,F06C
Use,2015,445,F06S
Use,2015,445,F06E
Use,2015,445,F06N
Use,2015,445,F07C
Use,2015,445,F07S
Use,2015,445,F07E
Use,2015,445,F07N
Use,2015,445,F10C
Use,2015,445,F10S
Use,2015,445,F10E
Use,2015,445,F10N
Use,2015,452,525
Use,2015,452,55
Use,2015,452,F02S
Use,2015,452,F030
Use,2015,452,F040
Use,2015,452,F050
Use,2015,452,F06C
Use,2015,452,F06S
Use,2015,452,F06E
Use,2015,452,F06N
Use,2015,452,F07C
Use,2015,452,F07S
Use,2015,452,F07E
Use,2015,452,F07N
Use,2015,452,F10C
Use,2015,452,F10S
Use,2015,452,F10E
Use,2015,452,F10N
Use,2015,4A0,525
Use,2015,4A0,55
Use,2015,4A0,F02S
Use,2015,4A0,F030
Use,2015,4A0,F040
Use,2015,4A0,F050
Use,2015,4A0,F06C
Use,2015,4A0,F06S
Use,2015,4A0,F06E
Use,2015,4A0,F06N
Use,2015,4A0,F07C
Use,2015,4A0,F07S
Use,2015,4A0,F07E
Use,2015,4A0,F07N
Use,2015,4A0,F10C
Use,2015,4A0,F10S
Use,2015,4A0,F10E
Use,2015,4A0,F10N
Use,2015,481,F02S
Use,2015,481,F06C
Use,2015,481,F06S
Use,2015,481,F07C
Use,2015,481,F07S
Use,2015,481,F10C
Use,2015,481,F10S
Use,2015,482,F02S
Use,2015,482,F02N
Use,2015,482,F06C
Use,2015,482,F06S
Use,2015,482,F06N
Use,2015,482,F07C
Use,2015,482,F07S
Use,2015,482,F07N
Use,2015,482,F10C
Use,2015,482,F10S
Use,2015,482,F10N
Use,2015,483,F02S
Use,2015,483,F06C
Use,2015,483,F06S
Use,2015,483,F07C
Use,2015,483,F07S
Use,2015,483,F10C
Use,2015,483,F10S
Use,2015,484,F06C
Use,2015,484,F06S
Use,2015,484,F07C
Use,2015,484,F07S
Use,2015,484,F10C
Use,2015,484,F10S
Use,2015,485,111CA
Use,2015,485,483
Use,2015,485,484
Use,2015,485,485
Use,2015,485,F02S
Use,2015,485,F02E
Use,2015,485,F02N
Use,2015,485,F02R
Use,2015,485,F030
Use,2015,485,F040
Use,2015,485,F050
Use,2015,485,F06C
Use,2015,485,F06S
Use,2015,485,F06E
Use,2015,485,F06N
Use,2015,485,F07C
Use,2015,485,F07S
Use,2015,485,F07E
Use,2015,485,F07N
Use,2015,485,F10C
Use,2015,485,F10S
Use,2015,485,F10E
Use,2015,485,F10N
Use,2015,486,F02S
Use,2015,486,F02E
Use,2015,486,F02N
Use,2015,486,F02R
Use,2015,486,F050
Use,2015,486,F06C
Use,2015,486,F06S
Use,2015,486,F06E
Use,2015,486,F06N
Use,2015,486,F07C
Use,2015,486,F07S
Use,2015,486,F07E
Use,2015,486,F07N
Use,2015,486,F10C
Use,2015,486,F10S
Use,2015,486,F10E
Use,2015,486,F10N
Use,2015,487OS,111CA
Use,2015,487OS,23
Use,2015,487OS,3364OT
Use,2015,487OS,315AL
Use,2015,487OS,525
Use,2015,487OS,HS
Use,2015,487OS,ORE
Use,2015,487OS,F02S
Use,2015,487OS,F02E
Use,2015,487OS,F02N
Use,2015,487OS,F02R
Use,2015,487OS,F030
Use,2015,487OS,F06C
Use,2015,487OS,F06S
Use,2015,487OS,F06E
Use,2015,487OS,F06N
Use,2015,487OS,F07C
Use,2015,487OS,F07S
Use,2015,487OS,F07E
Use,2015,487OS,F07N
Use,2015,487OS,F10C
Use,2015,487OS,F10S
Use,2015,487OS,F10E
Use,2015,487OS,F10N
Use,2015,493,113FF
Use,2015,493,213
Use,2015,493,23
Use,2015,493,521CI
Use,2015,493,523
Use,2015,493,525
Use,2015,493,GFE
Use,2015,493,F02S
Use,2015,493,F02E
Use,2015,493,F02N
Use,2015,493,F02R
Use,2015,493,F030
Use,2015,493,F050
Use,2015,493,F06C
Use,2015,493,F06S
Use,2015,493,F06E
Use,2015,493,F06N
Use,2015,493,F07C
Use,2015,493,F07S
Use,2015,493,F07E
Use,2015,493,F07N
Use,2015,493,F10C
Use,2015,493,F10S
Use,2015,493,F10E
Use,2015,493,F10N
Use,2015,511,313TT
Use,2015,511,483
Use,2015,511,486
Use,2015,511,F02S
Use,2015,511,F02E
Use,2015,511,F02R
Use,2015,511,F06C
Use,2015,511,F06S
Use,2015,511,F06E
Use,2015,511,F07C
Use,2015,511,F07S
Use,2015,511,F07E
Use,2015,511,F10C
Use,2015,511,F10S
Use,2015,511,F10E
Use,2015,512,111CA
Use,2015,512,113FF
Use,2015,512,211
Use,2015,512,212
Use,2015,512,213
Use,2015,512,22
Use,2015,512,23
Use,2015,512,321
Use,2015,512,327
Use,2015,512,331
Use,2015,512,332
Use,2015,512,333
Use,2015,512,334
Use,2015,512,335
Use,2015,512,3361MV
Use,2015,512,3364OT
Use,2015,512,337
Use,2015,512,339
Use,2015,512,311FT
Use,2015,512,313TT
Use,2015,512,315AL
Use,2015,512,322
Use,2015,512,323
Use,2015,512,324
Use,2015,512,325
Use,2015,512,326
Use,2015,512,452
Use,2015,512,482
Use,2015,512,483
Use,2015,512,485
Use,2015,512,493
Use,2015,512,524
Use,2015,512,525
Use,2015,512,HS
Use,2015,512,562
Use,2015,512,GSLE
Use,2015,512,F02S
Use,2015,512,F02E
Use,2015,512,F02R
Use,2015,512,F06C
Use,2015,512,F06S
Use,2015,512,F06E
Use,2015,512,F06N
Use,2015,512,F07C
Use,2015,512,F07S
Use,2015,512,F07E
Use,2015,512,F07N
Use,2015,512,F10C
Use,2015,512,F10S
Use,2015,512,F10E
Use,2015,512,F10N
Use,2015,513,F02S
Use,2015,513,F02R
Use,2015,513,F030
Use,2015,513,F06C
Use,2015,513,F06S
Use,2015,513,F06E
Use,2015,513,F06N
Use,2015,513,F07C
Use,2015,513,F07S
Use,2015,513,F07E
Use,2015,513,F07N
Use,2015,513,F10C
Use,2015,513,F10S
Use,2015,513,F10E
Use,2015,513,F10N
Use,2015,514,111CA
Use,2015,514,483
Use,2015,514,F02S
Use,2015,514,F02E
Use,2015,514,F02R
Use,2015,514,F030
Use,2015,514,F06C
Use,2015,514,F06S
Use,2015,514,F06E
Use,2015,514,F07C
Use,2015,514,F07S
Use,2015,514,F07E
Use,2015,514,F10C
Use,2015,514,F10S
Use,2015,514,F10E
Use,2015,521CI,F02S
Use,2015,521CI,F02E
Use,2015,521CI,F02N
Use,2015,521CI,F02R
Use,2015,521CI,F030
Use,2015,521CI,F06C
Use,2015,521CI,F06S
Use,2015,521CI,F06E
Use,2015,521CI,F06N
Use,2015,521CI,F07C
Use,2015,521CI,F07S
Use,2015,521CI,F07E
Use,2015,521CI,F07N
Use,2015,521CI,F10C
Use,2015,521CI,F10S
Use,2015,521CI,F10E
Use,2015,521CI,F10N
Use,2015,523,F02S
Use,2015,523,F02E
Use,2015,523,F02N
Use,2015,523,F02R
Use,2015,523,F030
Use,2015,523,F06C
Use,2015,523,F06S
Use,2015,523,F06E
Use,2015,523,F06N
Use,2015,523,F07C
Use,2015,523,F07S
Use,2015,523,F07E
Use,2015,523,F07N
Use,2015,523,F10C
Use,2015,523,F10S
Use,2015,523,F10E
Use,2015,523,F10N
Use,2015,524,F02S
Use,2015,524,F02E
Use,2015,524,F02N
Use,2015,524,F030
Use,2015,524,F06C
Use,2015,524,F06S
Use,2015,524,F06E
Use,2015,524,F06N
Use,2015,524,F07C
Use,2015,524,F07S
Use,2015,524,F07E
Use,2015,524,F07N
Use,2015,524,F10C
Use,2015,524,F10S
Use,2015,524,F10E
Use,2015,524,F10N
Use,2015,525,111CA
Use,2015,525,113FF
Use,2015,525,211
Use,2015,525,212
Use,2015,525,213
Use,2015,525,22
Use,2015,525,23
Use,2015,525,321
Use,2015,525,327
Use,2015,525,331
Use,2015,525,332
Use,2015,525,333
Use,2015,525,334
Use,2015,525,335
Use,2015,525,3361MV
Use,2015,525,3364OT
Use,2015,525,337
Use,2015,525,339
Use,2015,525,311FT
Use,2015,525,313TT
Use,2015,525,315AL
Use,2015,525,322
Use,2015,525,323
Use,2015,525,324
Use,2015,525,325
Use,2015,525,326
Use,2015,525,42
Use,2015,525,441
Use,2015,525,445
Use,2015,525,452
Use,2015,525,4A0
Use,2015,525,481
Use,2015,525,482
Use,2015,525,483
Use,2015,525,484
Use,2015,525,485
Use,2015,525,486
Use,2015,525,487OS
Use,2015,525,493
Use,2015,525,511
Use,2015,525,512
Use,2015,525,513
Use,2015,525,514
Use,2015,525,521CI
Use,2015,525,523
Use,2015,525,HS
Use,2015,525,ORE
Use,2015,525,532RL
Use,2015,525,5411
Use,2015,525,5415
Use,2015,525,5412OP
Use,2015,525,561
Use,2015,525,562
Use,2015,525,61
Use,2015,525,621
Use,2015,525,622
Use,2015,525,623
Use,2015,525,624
Use,2015,525,711AS
Use,2015,525,713
Use,2015,525,721
Use,2015,525,722
Use,2015,525,81
Use,2015,525,GFGD
Use,2015,525,GFE
Use,2015,525,GSLE
Use,2015,525,F02S
Use,2015,525,F02E
Use,2015,525,F02N
Use,2015,525,F02R
Use,2015,525,F030
Use,2015,525,F040
Use,2015,525,F050
Use,2015,525,F06C
Use,2015,525,F06S
Use,2015,525,F06E
Use,2015,525,F06N
Use,2015,525,F07C
Use,2015,525,F07S
Use,2015,525,F07E
Use,2015,525,F07N
Use,2015,525,F10C
Use,2015,525,F10S
Use,2015,525,F10E
Use,2015,525,F10N
Use,2015,HS,111CA
Use,2015,HS,113FF
Use,2015,HS,211
Use,2015,HS,212
Use,2015,HS,213
Use,2015,HS,22
Use,2015,HS,23
Use,2015,HS,321
Use,2015,HS,327
Use,2015,HS,331
Use,2015,HS,332
Use,2015,HS,333
Use,2015,HS,334
Use,2015,HS,335
Use,2015,HS,3361MV
Use,2015,HS,3364OT
Use,2015,HS,337
Use,2015,HS,339
Use,2015,HS,311FT
Use,2015,HS,313TT
Use,2015,HS,315AL
Use,2015,HS,322
Use,2015,HS,323
Use,2015,HS,324
Use,2015,HS,325
Use,2015,HS,326
Use,2015,HS,42
Use,2015,HS,441
Use,2015,HS,445
Use,2015,HS,452
Use,2015,HS,4A0
Use,2015,HS,481
Use,2015,HS,482
Use,2015,HS,483
Use,2015,HS,484
Use,2015,HS,485
Use,2015,HS,486
Use,2015,HS,487OS
Use,2015,HS,493
Use,2015,HS,511
Use,2015,HS,512
Use,2015,HS,513
Use,2015,HS,514
Use,2015,HS,521CI
Use,2015,HS,523
Use,2015,HS,524
Use,2015,HS,525
Use,2015,HS,HS
Use,2015,HS,ORE
Use,2015,HS,532RL
Use,2015,HS,5411
Use,2015,HS,5415
Use,2015,HS,5412OP
Use,2015,HS,55
Use,2015,HS,561
Use,2015,HS,562
Use,2015,HS,61
Use,2015,HS,621
Use,2015,HS,622
Use,2015,HS,623
Use,2015,HS,624
Use,2015,HS,711AS
Use,2015,HS,713
Use,2015,HS,721
Use,2015,HS,722
Use,2015,HS,81
Use,2015,HS,GFGD
Use,2015,HS,GFGN
Use,2015,HS,GFE
Use,2015,HS,GSLG
Use,2015,HS,GSLE
Use,2015,HS,TOT_INT
Use,2015,HS,F02S
Use,2015,HS,F02E
Use,2015,HS,F02N
Use,2015,HS,F02R
Use,2015,HS,F030
Use,2015,HS,F040
Use,2015,HS,F050
Use,2015,HS,F06C
Use,2015,HS,F06S
Use,2015,HS,F06E
Use,2015,HS,F06N
Use,2015,HS,F07C
Use,2015,HS,F07S
Use,2015,HS,F07E
Use,2015,HS,F07N
Use,2015,HS,F10C
Use,2015,HS,F10S
Use,2015,HS,F10E
Use,2015,HS,F10N
Use,2015,ORE,F02E
Use,2015,ORE,F02N
Use,2015,ORE,F030
Use,2015,ORE,F050
Use,2015,ORE,F06C
Use,2015,ORE,F06S
Use,2015,ORE,F06E
Use,2015,ORE,F06N
Use,2015,ORE,F07C
Use,2015,ORE,F07S
Use,2015,ORE,F07E
Use,2015,ORE,F07N
Use,2015,ORE,F10C
Use,2015,ORE,F10S
Use,2015,ORE,F10E
Use,2015,ORE,F10N
Use,2015,532RL,F02S
Use,2015,532RL,F02E
Use,2015,532RL,F02N
Use,2015,532RL,F02R
Use,2015,532RL,F030
Use,2015,532RL,F050
Use,2015,532RL,F06C
Use,2015,532RL,F06S
Use,2015,532RL,F06E
Use,2015,532RL,F06N
Use,2015,532RL,F07C
Use,2015,532RL,F07S
Use,2015,532RL,F07E
Use,2015,532RL,F07N
Use,2015,532RL,F10C
Use,2015,532RL,F10S
Use,2015,532RL,F10E
Use,2015,532RL,F10N
Use,2015,5411,F02S
Use,2015,5411,F02E
Use,2015,5411,F02N
Use,2015,5411,F030
Use,2015,5411,F06C
Use,2015,5411,F06S
Use,2015,5411,F06E
Use,2015,5411,F06N
Use,2015,5411,F07C
Use,2015,5411,F07S
Use,2015,5411,F07E
Use,2015,5411,F07N
Use,2015,5411,F10C
Use,2015,5411,F10S
Use,2015,5411,F10E
Use,2015,5411,F10N
Use,2015,5415,F010
Use,2015,5415,F02S
Use,2015,5415,F02R
Use,2015,5415,F030
Use,2015,5415,F06C
Use,2015,5415,F06S
Use,2015,5415,F07C
Use,2015,5415,F07S
Use,2015,5415,F07E
Use,2015,5415,F10C
Use,2015,5415,F10S
Use,2015,5412OP,F02S
Use,2015,5412OP,F030
Use,2015,5412OP,F06C
Use,2015,5412OP,F06S
Use,2015,5412OP,F06E
Use,2015,5412OP,F07C
Use,2015,5412OP,F07S
Use,2015,5412OP,F07E
Use,2015,5412OP,F10C
Use,2015,5412OP,F10S
Use,2015,5412OP,F10E
Use,2015,55,111CA
Use,2015,55,113FF
Use,2015,55,GFGN
Use,2015,55,GSLE
Use,2015,55,F010
Use,2015,55,F02S
Use,2015,55,F02E
Use,2015,55,F02N
Use,2015,55,F02R
Use,2015,55,F030
Use,2015,55,F050
Use,2015,55,F06C
Use,2015,55,F06S
Use,2015,55,F06E
Use,2015,55,F06N
Use,2015,55,F07C
Use,2015,55,F07S
Use,2015,55,F07E
Use,2015,55,F07N
Use,2015,55,F10C
Use,2015,55,F10S
Use,2015,55,F10E
Use,2015,55,F10N
Use,2015,561,F02S
Use,2015,561,F02E
Use,2015,561,F02N
Use,2015,561,F02R
Use,2015,561,F030
Use,2015,561,F06C
Use,2015,561,F06S
Use,2015,561,F06E
Use,2015,561,F06N
Use,2015,561,F07C
Use,2015,561,F07S
Use,2015,561,F07E
Use,2015,561,F07N
Use,2015,561,F10C
Use,2015,561,F10S
Use,2015,561,F10E
Use,2015,561,F10N
Use,2015,562,F02S
Use,2015,562,F02E
Use,2015,562,F02N
Use,2015,562,F02R
Use,2015,562,F030
Use,2015,562,F06C
Use,2015,562,F06S
Use,2015,562,F06E
Use,2015,562,F06N
Use,2015,562,F07C
Use,2015,562,F07S
Use,2015,562,F07E
Use,2015,562,F07N
Use,2015,562,F10C
Use,2015,562,F10S
Use,2015,562,F10E
Use,2015,562,F10N
Use,2015,61,211
Use,2015,61,212
Use,2015,61,213
Use,2015,61,321
Use,2015,61,327
Use,2015,61,331
Use,2015,61,332
Use,2015,61,333
Use,2015,61,334
Use,2015,61,335
Use,2015,61,3361MV
Use,2015,61,3364OT
Use,2015,61,337
Use,2015,61,339
Use,2015,61,311FT
Use,2015,61,313TT
Use,2015,61,315AL
Use,2015,61,322
Use,2015,61,325
Use,2015,61,452
Use,2015,61,483
Use,2015,61,484
Use,2015,61,485
Use,2015,61,493
Use,2015,61,512
Use,2015,61,524
Use,2015,61,525
Use,2015,61,HS
Use,2015,61,ORE
Use,2015,61,532RL
Use,2015,61,5411
Use,2015,61,55
Use,2015,61,562
Use,2015,61,623
Use,2015,61,624
Use,2015,61,721
Use,2015,61,722
Use,2015,61,F02S
Use,2015,61,F02E
Use,2015,61,F02N
Use,2015,61,F02R
Use,2015,61,F030
Use,2015,61,F06C
Use,2015,61,F06S
Use,2015,61,F06E
Use,2015,61,F06N
Use,2015,61,F07C
Use,2015,61,F07S
Use,2015,61,F07E
Use,2015,61,F07N
Use,2015,61,F10C
Use,2015,61,F10S
Use,2015,61,F10E
Use,2015,61,F10N
Use,2015,621,111CA
Use,2015,621,113FF
Use,2015,621,211
Use,2015,621,212
Use,2015,621,213
Use,2015,621,22
Use,2015,621,23
Use,2015,621,321
Use,2015,621,327
Use,2015,621,331
Use,2015,621,332
Use,2015,621,333
Use,2015,621,334
Use,2015,621,335
Use,2015,621,3361MV
Use,2015,621,3364OT
Use,2015,621,337
Use,2015,621,339
Use,2015,621,311FT
Use,2015,621,313TT
Use,2015,621,315AL
Use,2015,621,322
Use,2015,621,323
Use,2015,621,324
Use,2015,621,325
Use,2015,621,326
Use,2015,621,42
Use,2015,621,441
Use,2015,621,445
Use,2015,621,452
Use,2015,621,4A0
Use,2015,621,481
Use,2015,621,482
Use,2015,621,483
Use,2015,621,484
Use,2015,621,485
Use,2015,621,486
Use,2015,621,487OS
Use,2015,621,493
Use,2015,621,511
Use,2015,621,512
Use,2015,621,513
Use,2015,621,514
Use,2015,621,521CI
Use,2015,621,523
Use,2015,621,524
Use,2015,621,525
Use,2015,621,HS
Use,2015,621,ORE
Use,2015,621,532RL
Use,2015,621,5411
Use,2015,621,5415
Use,2015,621,55
Use,2015,621,562
Use,2015,621,61
Use,2015,621,721
Use,2015,621,722
Use,2015,621,GFGD
Use,2015,621,GFE
Use,2015,621,GSLE
Use,2015,621,F02S
Use,2015,621,F02E
Use,2015,621,F02N
Use,2015,621,F02R
Use,2015,621,F030
Use,2015,621,F06C
Use,2015,621,F06S
Use,2015,621,F06E
Use,2015,621,F06N
Use,2015,621,F07C
Use,2015,621,F07S
Use,2015,621,F07E
Use,2015,621,F07N
Use,2015,621,F10C
Use,2015,621,F10S
Use,2015,621,F10E
Use,2015,621,F10N
Use,2015,622,111CA
Use,2015,622,113FF
Use,2015,622,211
Use,2015,622,212
Use,2015,622,213
Use,2015,622,22
Use,2015,622,23
Use,2015,622,321
Use,2015,622,327
Use,2015,622,331
Use,2015,622,332
Use,2015,622,333
Use,2015,622,334
Use,2015,622,335
Use,2015,622,3361MV
Use,2015,622,3364OT
Use,2015,622,337
Use,2015,622,339
Use,2015,622,311FT
Use,2015,622,313TT
Use,2015,622,315AL
Use,2015,622,322
Use,2015,622,323
Use,2015,622,324
Use,2015,622,325
Use,2015,622,326
Use,2015,622,42
Use,2015,622,441
Use,2015,622,445
Use,2015,622,452
Use,2015,622,4A0
Use,2015,622,481
Use,2015,622,482
Use,2015,622,483
Use,2015,622,484
Use,2015,622,485
Use,2015,622,486
Use,2015,622,487OS
Use,2015,622,493
Use,2015,622,511
Use,2015,622,512
Use,2015,622,513
Use,2015,622,514
Use,2015,622,521CI
Use,2015,622,523
Use,2015,622,524
Use,2015,622,525
Use,2015,622,HS
Use,2015,622,ORE
Use,2015,622,532RL
Use,2015,622,5411
Use,2015,622,5415
Use,2015,622,5412OP
Use,2015,622,55
Use,2015,622,561
Use,2015,622,562
Use,2015,622,61
Use,2015,622,621
Use,2015,622,623
Use,2015,622,624
Use,2015,622,711AS
Use,2015,622,713
Use,2015,622,721
Use,2015,622,722
Use,2015,622,81
Use,2015,622,GFGD
Use,2015,622,GFGN
Use,2015,622,GFE
Use,2015,622,GSLG
Use,2015,622,GSLE
Use,2015,622,F02S
Use,2015,622,F02E
Use,2015,622,F02N
Use,2015,622,F02R
Use,2015,622,F030
Use,2015,622,F06C
Use,2015,622,F06S
Use,2015,622,F06E
Use,2015,622,F06N
Use,2015,622,F07C
Use,2015,622,F07S
Use,2015,622,F07E
Use,2015,622,F07N
Use,2015,622,F10C
Use,2015,622,F10S
Use,2015,622,F10E
Use,2015,622,F10N
Use,2015,623,111CA
Use,2015,623,113FF
Use,2015,623,211
Use,2015,623,212
Use,2015,623,213
Use,2015,623,22
Use,2015,623,23
Use,2015,623,321
Use,2015,623,327
Use,2015,623,331
Use,2015,623,332
Use,2015,623,333
Use,2015,623,334
Use,2015,623,335
Use,2015,623,3361MV
Use,2015,623,3364OT
Use,2015,623,337
Use,2015,623,339
Use,2015,623,311FT
Use,2015,623,313TT
Use,2015,623,315AL
Use,2015,623,322
Use,2015,623,323
Use,2015,623,324
Use,2015,623,325
Use,2015,623,326
Use,2015,623,42
Use,2015,623,441
Use,2015,623,445
Use,2015,623,452
Use,2015,623,4A0
Use,2015,623,481
Use,2015,623,482
Use,2015,623,483
Use,2015,623,484
Use,2015,623,485
Use,2015,623,486
Use,2015,623,487OS
Use,2015,623,493
Use,2015,623,511
Use,2015,623,512
Use,2015,623,513
Use,2015,623,514
Use,2015,623,521CI
Use,2015,623,523
Use,2015,623,524
Use,2015,623,525
Use,2015,623,HS
Use,2015,623,ORE
Use,2015,623,532RL
Use,2015,623,5411
Use,2015,623,5415
Use,2015,623,5412OP
Use,2015,623,55
Use,2015,623,561
Use,2015,623,562
Use,2015,623,61
Use,2015,623,621
Use,2015,623,622
Use,2015,623,623
Use,2015,623,624
Use,2015,623,711AS
Use,2015,623,713
Use,2015,623,721
Use,2015,623,722
Use,2015,623,81
Use,2015,623,GFGD
Use,2015,623,GFE
Use,2015,623,GSLE
Use,2015,623,F02S
Use,2015,623,F02E
Use,2015,623,F02N
Use,2015,623,F02R
Use,2015,623,F030
Use,2015,623,F06C
Use,2015,623,F06S
Use,2015,623,F06E
Use,2015,623,F06N
Use,2015,623,F07C
Use,2015,623,F07S
Use,2015,623,F07E
Use,2015,623,F07N
Use,2015,623,F10C
Use,2015,623,F10S
Use,2015,623,F10E
Use,2015,623,F10N
Use,2015,624,111CA
Use,2015,624,113FF
Use,2015,624,211
Use,2015,624,212
Use,2015,624,213
Use,2015,624,22
Use,2015,624,23
Use,2015,624,321
Use,2015,624,327
Use,2015,624,331
Use,2015,624,332
Use,2015,624,333
Use,2015,624,334
Use,2015,624,335
Use,2015,624,3361MV
Use,2015,624,3364OT
Use,2015,624,337
Use,2015,624,339
Use,2015,624,311FT
Use,2015,624,313TT
Use,2015,624,315AL
Use,2015,624,322
Use,2015,624,323
Use,2015,624,324
Use,2015,624,325
Use,2015,624,326
Use,2015,624,42
Use,2015,624,441
Use,2015,624,445
Use,2015,624,452
Use,2015,624,4A0
Use,2015,624,481
Use,2015,624,482
Use,2015,624,483
Use,2015,624,484
Use,2015,624,485
Use,2015,624,486
Use,2015,624,487OS
Use,2015,624,493
Use,2015,624,511
Use,2015,624,512
Use,2015,624,513
Use,2015,624,514
Use,2015,624,521CI
Use,2015,624,523
Use,2015,624,524
Use,2015,624,525
Use,2015,624,HS
Use,2015,624,ORE
Use,2015,624,532RL
Use,2015,624,5411
Use,2015,624,5415
Use,2015,624,5412OP
Use,2015,624,55
Use,2015,624,561
Use,2015,624,562
Use,2015,624,61
Use,2015,624,621
Use,2015,624,622
Use,2015,624,623
Use,2015,624,624
Use,2015,624,711AS
Use,2015,624,713
Use,2015,624,721
Use,2015,624,722
Use,2015,624,81
Use,2015,624,GFGD
Use,2015,624,GFGN
Use,2015,624,GFE
Use,2015,624,GSLE
Use,2015,624,F02S
Use,2015,624,F02E
Use,2015,624,F02N
Use,2015,624,F02R
Use,2015,624,F030
Use,2015,624,F040
Use,2015,624,F050
Use,2015,624,F06C
Use,2015,624,F06S
Use,2015,624,F06E
Use,2015,624,F06N
Use,2015,624,F07C
Use,2015,624,F07S
Use,2015,624,F07E
Use,2015,624,F07N
Use,2015,624,F10C
Use,2015,624,F10S
Use,2015,624,F10E
Use,2015,624,F10N
Use,2015,711AS,212
Use,2015,711AS,481
Use,2015,711AS,483
Use,2015,711AS,486
Use,2015,711AS,F02S
Use,2015,711AS,F02E
Use,2015,711AS,F02R
Use,2015,711AS,F030
Use,2015,711AS,F06C
Use,2015,711AS,F06S
Use,2015,711AS,F06E
Use,2015,711AS,F06N
Use,2015,711AS,F07C
Use,2015,711AS,F07S
Use,2015,711AS,F07E
Use,2015,711AS,F07N
Use,2015,711AS,F10C
Use,2015,711AS,F10S
Use,2015,711AS,F10E
Use,2015,711AS,F10N
Use,2015,713,211
Use,2015,713,483
Use,2015,713,484
Use,2015,713,485
Use,2015,713,486
Use,2015,713,ORE
Use,2015,713,F02S
Use,2015,713,F02E
Use,2015,713,F02N
Use,2015,713,F02R
Use,2015,713,F030
Use,2015,713,F06C
Use,2015,713,F06S
Use,2015,713,F06E
Use,2015,713,F06N
Use,2015,713,F07C
Use,2015,713,F07S
Use,2015,713,F07E
Use,2015,713,F07N
Use,2015,713,F10C
Use,2015,713,F10S
Use,2015,713,F10E
Use,2015,713,F10N
Use,2015,721,113FF
Use,2015,721,481
Use,2015,721,483
Use,2015,721,484
Use,2015,721,F02S
Use,2015,721,F02E
Use,2015,721,F02N
Use,2015,721,F02R
Use,2015,721,F030
Use,2015,721,F040
Use,2015,721,F050
Use,2015,721,F06C
Use,2015,721,F06S
Use,2015,721,F06E
Use,2015,721,F06N
Use,2015,721,F07C
Use,2015,721,F07S
Use,2015,721,F07E
Use,2015,721,F07N
Use,2015,721,F10C
Use,2015,721,F10S
Use,2015,721,F10E
Use,2015,721,F10N
Use,2015,722,F02S
Use,2015,722,F02E
Use,2015,722,F02N
Use,2015,722,F02R
Use,2015,722,F030
Use,2015,722,F050
Use,2015,722,F06C
Use,2015,722,F06S
Use,2015,722,F06E
Use,2015,722,F06N
Use,2015,722,F07C
Use,2015,722,F07S
Use,2015,722,F07E
Use,2015,722,F07N
Use,2015,722,F10C
Use,2015,722,F10S
Use,2015,722,F10E
Use,2015,722,F10N
Use,2015,81,F02S
Use,2015,81,F02E
Use,2015,81,F02N
Use,2015,81,F02R
Use,2015,81,F030
Use,2015,81,F06C
Use,2015,81,F06S
Use,2015,81,F06E
Use,2015,81,F06N
Use,2015,81,F07C
Use,2015,81,F07S
Use,2015,81,F07E
Use,2015,81,F07N
Use,2015,81,F10C
Use,2015,81,F10S
Use,2015,81,F10E
Use,2015,81,F10N
Use,2015,GFGD,111CA
Use,2015,GFGD,113FF
Use,2015,GFGD,211
Use,2015,GFGD,212
Use,2015,GFGD,213
Use,2015,GFGD,22
Use,2015,GFGD,23
Use,2015,GFGD,321
Use,2015,GFGD,327
Use,2015,GFGD,331
Use,2015,GFGD,332
Use,2015,GFGD,333
Use,2015,GFGD,334
Use,2015,GFGD,335
Use,2015,GFGD,3361MV
Use,2015,GFGD,3364OT
Use,2015,GFGD,337
Use,2015,GFGD,339
Use,2015,GFGD,311FT
Use,2015,GFGD,313TT
Use,2015,GFGD,315AL
Use,2015,GFGD,322
Use,2015,GFGD,323
Use,2015,GFGD,324
Use,2015,GFGD,325
Use,2015,GFGD,326
Use,2015,GFGD,42
Use,2015,GFGD,441
Use,2015,GFGD,445
Use,2015,GFGD,452
Use,2015,GFGD,4A0
Use,2015,GFGD,481
Use,2015,GFGD,482
Use,2015,GFGD,483
Use,2015,GFGD,484
Use,2015,GFGD,485
Use,2015,GFGD,486
Use,2015,GFGD,487OS
Use,2015,GFGD,493
Use,2015,GFGD,511
Use,2015,GFGD,512
Use,2015,GFGD,513
Use,2015,GFGD,514
Use,2015,GFGD,521CI
Use,2015,GFGD,523
Use,2015,GFGD,524
Use,2015,GFGD,525
Use,2015,GFGD,HS
Use,2015,GFGD,ORE
Use,2015,GFGD,532RL
Use,2015,GFGD,5411
Use,2015,GFGD,5415
Use,2015,GFGD,5412OP
Use,2015,GFGD,55
Use,2015,GFGD,561
Use,2015,GFGD,562
Use,2015,GFGD,61
Use,2015,GFGD,621
Use,2015,GFGD,622
Use,2015,GFGD,623
Use,2015,GFGD,624
Use,2015,GFGD,711AS
Use,2015,GFGD,713
Use,2015,GFGD,721
Use,2015,GFGD,722
Use,2015,GFGD,81
Use,2015,GFGD,GFGD
Use,2015,GFGD,GFGN
Use,2015,GFGD,GFE
Use,2015,GFGD,GSLG
Use,2015,GFGD,GSLE
Use,2015,GFGD,TOT_INT
Use,2015,GFGD,F010
Use,2015,GFGD,F02S
Use,2015,GFGD,F02E
Use,2015,GFGD,F02N
Use,2015,GFGD,F02R
Use,2015,GFGD,F030
Use,2015,GFGD,F040
Use,2015,GFGD,F050
Use,2015,GFGD,F06S
Use,2015,GFGD,F06E
Use,2015,GFGD,F06N
Use,2015,GFGD,F07C
Use,2015,GFGD,F07S
Use,2015,GFGD,F07E
Use,2015,GFGD,F07N
Use,2015,GFGD,F10C
Use,2015,GFGD,F10S
Use,2015,GFGD,F10E
Use,2015,GFGD,F10N
Use,2015,GFGN,111CA
Use,2015,GFGN,113FF
Use,2015,GFGN,211
Use,2015,GFGN,212
Use,2015,GFGN,213
Use,2015,GFGN,22
Use,2015,GFGN,23
Use,2015,GFGN,321
Use,2015,GFGN,327
Use,2015,GFGN,331
Use,2015,GFGN,332
Use,2015,GFGN,333
Use,2015,GFGN,334
Use,2015,GFGN,335
Use,2015,GFGN,3361MV
Use,2015,GFGN,3364OT
Use,2015,GFGN,337
Use,2015,GFGN,339
Use,2015,GFGN,311FT
Use,2015,GFGN,313TT
Use,2015,GFGN,315AL
Use,2015,GFGN,322
Use,2015,GFGN,323
Use,2015,GFGN,324
Use,2015,GFGN,325
Use,2015,GFGN,326
Use,2015,GFGN,42
Use,2015,GFGN,441
Use,2015,GFGN,445
Use,2015,GFGN,452
Use,2015,GFGN,4A0
Use,2015,GFGN,481
Use,2015,GFGN,482
Use,2015,GFGN,483
Use,2015,GFGN,484
Use,2015,GFGN,485
Use,2015,GFGN,486
Use,2015,GFGN,487OS
Use,2015,GFGN,493
Use,2015,GFGN,511
Use,2015,GFGN,512
Use,2015,GFGN,513
Use,2015,GFGN,514
Use,2015,GFGN,521CI
Use,2015,GFGN,523
Use,2015,GFGN,524
Use,2015,GFGN,525
Use,2015,GFGN,HS
Use,2015,GFGN,ORE
Use,2015,GFGN,532RL
Use,2015,GFGN,5411
Use,2015,GFGN,5415
Use,2015,GFGN,5412OP
Use,2015,GFGN,55
Use,2015,GFGN,561
Use,2015,GFGN,562
Use,2015,GFGN,61
Use,2015,GFGN,621
Use,2015,GFGN,622
Use,2015,GFGN,623
Use,2015,GFGN,624
Use,2015,GFGN,711AS
Use,2015,GFGN,713
Use,2015,GFGN,721
Use,2015,GFGN,722
Use,2015,GFGN,81
Use,2015,GFGN,GFGD
Use,2015,GFGN,GFGN
Use,2015,GFGN,GFE
Use,2015,GFGN,GSLG
Use,2015,GFGN,GSLE
Use,2015,GFGN,TOT_INT
Use,2015,GFGN,F010
Use,2015,GFGN,F02S
Use,2015,GFGN,F02E
Use,2015,GFGN,F02N
Use,2015,GFGN,F02R
Use,2015,GFGN,F030
Use,2015,GFGN,F040
Use,2015,GFGN,F050
Use,2015,GFGN,F06C
Use,2015,GFGN,F06S
Use,2015,GFGN,F06E
Use,2015,GFGN,F06N
Use,2015,GFGN,F07S
Use,2015,GFGN,F07E
Use,2015,GFGN,F07N
Use,2015,GFGN,F10C
Use,2015,GFGN,F10S
Use,2015,GFGN,F10E
Use,2015,GFGN,F10N
Use,2015,GFE,211
Use,2015,GFE,213
Use,2015,GFE,321
Use,2015,GFE,327
Use,2015,GFE,3361MV
Use,2015,GFE,3364OT
Use,2015,GFE,337
Use,2015,GFE,311FT
Use,2015,GFE,315AL
Use,2015,GFE,322
Use,2015,GFE,326
Use,2015,GFE,482
Use,2015,GFE,525
Use,2015,GFE,F02S
Use,2015,GFE,F02E
Use,2015,GFE,F02N
Use,2015,GFE,F02R
Use,2015,GFE,F030
Use,2015,GFE,F06C
Use,2015,GFE,F06S
Use,2015,GFE,F06E
Use,2015,GFE,F06N
Use,2015,GFE,F07C
Use,2015,GFE,F07S
Use,2015,GFE,F07E
Use,2015,GFE,F07N
Use,2015,GFE,F10C
Use,2015,GFE,F10S
Use,2015,GFE,F10E
Use,2015,GFE,F10N
Use,2015,GSLG,111CA
Use,2015,GSLG,113FF
Use,2015,GSLG,211
Use,2015,GSLG,212
Use,2015,GSLG,213
Use,2015,GSLG,22
Use,2015,GSLG,23
Use,2015,GSLG,321
Use,2015,GSLG,327
Use,2015,GSLG,331
Use,2015,GSLG,332
Use,2015,GSLG,333
Use,2015,GSLG,334
Use,2015,GSLG,335
Use,2015,GSLG,3361MV
Use,2015,GSLG,3364OT
Use,2015,GSLG,337
Use,2015,GSLG,339
Use,2015,GSLG,311FT
Use,2015,GSLG,313TT
Use,2015,GSLG,315AL
Use,2015,GSLG,322
Use,2015,GSLG,323
Use,2015,GSLG,324
Use,2015,GSLG,325
Use,2015,GSLG,326
Use,2015,GSLG,42
Use,2015,GSLG,441
Use,2015,GSLG,445
Use,2015,GSLG,452
Use,2015,GSLG,4A0
Use,2015,GSLG,481
Use,2015,GSLG,482
Use,2015,GSLG,483
Use,2015,GSLG,484
Use,2015,GSLG,485
Use,2015,GSLG,486
Use,2015,GSLG,487OS
Use,2015,GSLG,493
Use,2015,GSLG,511
Use,2015,GSLG,512
Use,2015,GSLG,513
Use,2015,GSLG,514
Use,2015,GSLG,521CI
Use,2015,GSLG,523
Use,2015,GSLG,524
Use,2015,GSLG,525
Use,2015,GSLG,HS
Use,2015,GSLG,ORE
Use,2015,GSLG,532RL
Use,2015,GSLG,5411
Use,2015,GSLG,5415
Use,2015,GSLG,5412OP
Use,2015,GSLG,55
Use,2015,GSLG,561
Use,2015,GSLG,562
Use,2015,GSLG,61
Use,2015,GSLG,621
Use,2015,GSLG,622
Use,2015,GSLG,623
Use,2015,GSLG,624
Use,2015,GSLG,711AS
Use,2015,GSLG,713
Use,2015,GSLG,721
Use,2015,GSLG,722
Use,2015,GSLG,81
Use,2015,GSLG,GFGD
Use,2015,GSLG,GFGN
Use,2015,GSLG,GFE
Use,2015,GSLG,GSLG
Use,2015,GSLG,GSLE
Use,2015,GSLG,TOT_INT
Use,2015,GSLG,F010
Use,2015,GSLG,F02S
Use,2015,GSLG,F02E
Use,2015,GSLG,F02N
Use,2015,GSLG,F02R
Use,2015,GSLG,F030
Use,2015,GSLG,F040
Use,2015,GSLG,F050
Use,2015,GSLG,F06C
Use,2015,GSLG,F06S
Use,2015,GSLG,F06E
Use,2015,GSLG,F06N
Use,2015,GSLG,F07C
Use,2015,GSLG,F07S
Use,2015,GSLG,F07E
Use,2015,GSLG,F07N
Use,2015,GSLG,F10S
Use,2015,GSLG,F10E
Use,2015,GSLG,F10N
Use,2015,GSLE,111CA
Use,2015,GSLE,211
Use,2015,GSLE,212
Use,2015,GSLE,213
Use,2015,GSLE,23
Use,2015,GSLE,482
Use,2015,GSLE,483
Use,2015,GSLE,525
Use,2015,GSLE,HS
Use,2015,GSLE,F02S
Use,2015,GSLE,F02E
Use,2015,GSLE,F02N
Use,2015,GSLE,F02R
Use,2015,GSLE,F030
Use,2015,GSLE,F040
Use,2015,GSLE,F050
Use,2015,GSLE,F06C
Use,2015,GSLE,F06S
Use,2015,GSLE,F06E
Use,2015,GSLE,F06N
Use,2015,GSLE,F07C
Use,2015,GSLE,F07S
Use,2015,GSLE,F07E
Use,2015,GSLE,F07N
Use,2015,GSLE,F10C
Use,2015,GSLE,F10S
Use,2015,GSLE,F10E
Use,2015,GSLE,F10N
Use,2015,Used,211
Use,2015,Used,212
Use,2015,Used,321
Use,2015,Used,334
Use,2015,Used,335
Use,2015,Used,3361MV
Use,2015,Used,3364OT
Use,2015,Used,337
Use,2015,Used,315AL
Use,2015,Used,323
Use,2015,Used,324
Use,2015,Used,42
Use,2015,Used,445
Use,2015,Used,452
Use,2015,Used,482
Use,2015,Used,511
Use,2015,Used,514
Use,2015,Used,521CI
Use,2015,Used,523
Use,2015,Used,524
Use,2015,Used,525
Use,2015,Used,HS
Use,2015,Used,ORE
Use,2015,Used,5411
Use,2015,Used,5415
Use,2015,Used,5412OP
Use,2015,Used,561
Use,2015,Used,562
Use,2015,Used,622
Use,2015,Used,623
Use,2015,Used,624
Use,2015,Used,721
Use,2015,Used,722
Use,2015,Used,GFGN
Use,2015,Used,GFE
Use,2015,Used,GSLG
Use,2015,Used,GSLE
Use,2015,Used,F02N
Use,2015,Used,F06C
Use,2015,Used,F06N
Use,2015,Used,F07C
Use,2015,Used,F07N
Use,2015,Used,F10C
Use,2015,Used,F10N
Use,2015,Other,621
Use,2015,Other,622
Use,2015,Other,624
Use,2015,Other,GSLG
Use,2015,Other,GSLE
Use,2015,Other,F02S
Use,2015,Other,F02E
Use,2015,Other,F02R
Use,2015,Other,F030
Use,2015,Other,F06C
Use,2015,Other,F06S
Use,2015,Other,F06E
Use,2015,Other,F06N
Use,2015,Other,F07C
Use,2015,Other,F07S
Use,2015,Other,F07E
Use,2015,Other,F07N
Use,2015,Other,F10C
Use,2015,Other,F10S
Use,2015,Other,F10E
Use,2015,Other,F10N
Use,2015,TOT_INT,F010
Use,2015,TOT_INT,F02S
Use,2015,TOT_INT,F02E
Use,2015,TOT_INT,F02N
Use,2015,TOT_INT,F02R
Use,2015,TOT_INT,F030
Use,2015,TOT_INT,F040
Use,2015,TOT_INT,F050
Use,2015,TOT_INT,F06C
Use,2015,TOT_INT,F06S
Use,2015,TOT_INT,F06E
Use,2015,TOT_INT,F06N
Use,2015,TOT_INT,F07C
Use,2015,TOT_INT,F07S
Use,2015,TOT_INT,F07E
Use,2015,TOT_INT,F07N
Use,2015,TOT_INT,F10C
Use,2015,TOT_INT,F10S
Use,2015,TOT_INT,F10E
Use,2015,TOT_INT,F10N
Use,2015,TOT_INT,TOT_FIN
Use,2015,TOT_INT,Q
Use,2015,V001,F010
Use,2015,V001,F02S
Use,2015,V001,F02E
Use,2015,V001,F02N
Use,2015,V001,F02R
Use,2015,V001,F030
Use,2015,V001,F040
Use,2015,V001,F050
Use,2015,V001,F06C
Use,2015,V001,F06S
Use,2015,V001,F06E
Use,2015,V001,F06N
Use,2015,V001,F07C
Use,2015,V001,F07S
Use,2015,V001,F07E
Use,2015,V001,F07N
Use,2015,V001,F10C
Use,2015,V001,F10S
Use,2015,V001,F10E
Use,2015,V001,F10N
Use,2015,V001,TOT_FIN
Use,2015,V001,Q
Use,2015,V002,GFGD
Use,2015,V002,GFGN
Use,2015,V002,GSLG
Use,2015,V002,F010
Use,2015,V002,F02S
Use,2015,V002,F02E
Use,2015,V002,F02N
Use,2015,V002,F02R
Use,2015,V002,F030
Use,2015,V002,F040
Use,2015,V002,F050
Use,2015,V002,F06C
Use,2015,V002,F06S
Use,2015,V002,F06E
Use,2015,V002,F06N
Use,2015,V002,F07C
Use,2015,V002,F07S
Use,2015,V002,F07E
Use,2015,V002,F07N
Use,2015,V002,F10C
Use,2015,V002,F10S
Use,2015,V002,F10E
Use,2015,V002,F10N
Use,2015,V002,TOT_FIN
Use,2015,V002,Q
Use,2015,V003,F010
Use,2015,V003,F02S
Use,2015,V003,F02E
Use,2015,V003,F02N
Use,2015,V003,F02R
Use,2015,V003,F030
Use,2015,V003,F040
Use,2015,V003,F050
Use,2015,V003,F06C
Use,2015,V003,F06S
Use,2015,V003,F06E
Use,2015,V003,F06N
Use,2015,V003,F07C
Use,2015,V003,F07S
Use,2015,V003,F07E
Use,2015,V003,F07N
Use,2015,V003,F10C
Use,2015,V003,F10S
Use,2015,V003,F10E
Use,2015,V003,F10N
Use,2015,V003,TOT_FIN
Use,2015,V003,Q
Use,2015,TOT_VA,TOT_INT
Use,2015,TOT_VA,F010
Use,2015,TOT_VA,F02S
Use,2015,TOT_VA,F02E
Use,2015,TOT_VA,F02N
Use,2015,TOT_VA,F02R
Use,2015,TOT_VA,F030
Use,2015,TOT_VA,F040
Use,2015,TOT_VA,F050
Use,2015,TOT_VA,F06C
Use,2015,TOT_VA,F06S
Use,2015,TOT_VA,F06E
Use,2015,TOT_VA,F06N
Use,2015,TOT_VA,F07C
Use,2015,TOT_VA,F07S
Use,2015,TOT_VA,F07E
Use,2015,TOT_VA,F07N
Use,2015,TOT_VA,F10C
Use,2015,TOT_VA,F10S
Use,2015,TOT_VA,F10E
Use,2015,TOT_VA,F10N
Use,2015,TOT_VA,Q
Use,2015,X,TOT_INT
Use,2015,X,TOT_FIN
Make,2015,111CA,211
Make,2015,111CA,212
Make,2015,111CA,213
Make,2015,111CA,22
Make,2015,111CA,23
Make,2015,111CA,327
Make,2015,111CA,331
Make,2015,111CA,332
Make,2015,111CA,333
Make,2015,111CA,334
Make,2015,111CA,335
Make,2015,111CA,3361MV
Make,2015,111CA,3364OT
Make,2015,111CA,337
Make,2015,111CA,339
Make,2015,111CA,311FT
Make,2015,111CA,313TT
Make,2015,111CA,315AL
Make,2015,111CA,322
Make,2015,111CA,323
Make,2015,111CA,324
Make,2015,111CA,325
Make,2015,111CA,326
Make,2015,111CA,42
Make,2015,111CA,441
Make,2015,111CA,445
Make,2015,111CA,452
Make,2015,111CA,4A0
Make,2015,111CA,481
Make,2015,111CA,482
Make,2015,111CA,483
Make,2015,111CA,484
Make,2015,111CA,485
Make,2015,111CA,486
Make,2015,111CA,487OS
Make,2015,111CA,493
Make,2015,111CA,511
Make,2015,111CA,512
Make,2015,111CA,513
Make,2015,111CA,514
Make,2015,111CA,521CI
Make,2015,111CA,523
Make,2015,111CA,524
Make,2015,111CA,525
Make,2015,111CA,HS
Make,2015,111CA,ORE
Make,2015,111CA,532RL
Make,2015,111CA,5411
Make,2015,111CA,5415
Make,2015,111CA,5412OP
Make,2015,111CA,55
Make,2015,111CA,561
Make,2015,111CA,562
Make,2015,111CA,61
Make,2015,111CA,621
Make,2015,111CA,622
Make,2015,111CA,623
Make,2015,111CA,624
Make,2015,111CA,711AS
Make,2015,111CA,721
Make,2015,111CA,722
Make,2015,111CA,81
Make,2015,111CA,GFGD
Make,2015,111CA,GFGN
Make,2015,111CA,GFE
Make,2015,111CA,GSLG
Make,2015,111CA,GSLE
Make,2015,111CA,Used
Make,2015,111CA,Other
Make,2015,113FF,211
Make,2015,113FF,212
Make,2015,113FF,213
Make,2015,113FF,22
Make,2015,113FF,321
Make,2015,113FF,327
Make,2015,113FF,331
Make,2015,113FF,332
Make,2015,113FF,333
Make,2015,113FF,334
Make,2015,113FF,335
Make,2015,113FF,3361MV
Make,2015,113FF,3364OT
Make,2015,113FF,337
Make,2015,113FF,339
Make,2015,113FF,311FT
Make,2015,113FF,313TT
Make,2015,113FF,315AL
Make,2015,113FF,322
Make,2015,113FF,323
Make,2015,113FF,324
Make,2015,113FF,325
Make,2015,113FF,326
Make,2015,113FF,42
Make,2015,113FF,441
Make,2015,113FF,445
Make,2015,113FF,452
Make,2015,113FF,4A0
Make,2015,113FF,481
Make,2015,113FF,482
Make,2015,113FF,483
Make,2015,113FF,484
Make,2015,113FF,485
Make,2015,113FF,486
Make,2015,113FF,487OS
Make,2015,113FF,493
Make,2015,113FF,511
Make,2015,113FF,512
Make,2015,113FF,513
Make,2015,113FF,514
Make,2015,113FF,521CI
Make,2015,113FF,523
Make,2015,113FF,524
Make,2015,113FF,525
Make,2015,113FF,HS
Make,2015,113FF,ORE
Make,2015,113FF,532RL
Make,2015,113FF,5411
Make,2015,113FF,5412OP
Make,2015,113FF,55
Make,2015,113FF,561
Make,2015,113FF,562
Make,2015,113FF,61
Make,2015,113FF,621
Make,2015,113FF,622
Make,2015,113FF,623
Make,2015,113FF,624
Make,2015,113FF,711AS
Make,2015,113FF,713
Make,2015,113FF,721
Make,2015,113FF,722
Make,2015,113FF,81
Make,2015,113FF,GFGD
Make,2015,113FF,GFGN
Make,2015,113FF,GFE
Make,2015,113FF,GSLG
Make,2015,113FF,GSLE
Make,2015,113FF,Used
Make,2015,113FF,Other
Make,2015,211,111CA
Make,2015,211,113FF
Make,2015,211,22
Make,2015,211,321
Make,2015,211,327
Make,2015,211,331
Make,2015,211,334
Make,2015,211,335
Make,2015,211,3361MV
Make,2015,211,3364OT
Make,2015,211,337
Make,2015,211,339
Make,2015,211,311FT
Make,2015,211,313TT
Make,2015,211,315AL
Make,2015,211,322
Make,2015,211,323
Make,2015,211,326
Make,2015,211,441
Make,2015,211,445
Make,2015,211,452
Make,2015,211,4A0
Make,2015,211,481
Make,2015,211,482
Make,2015,211,483
Make,2015,211,484
Make,2015,211,485
Make,2015,211,486
Make,2015,211,487OS
Make,2015,211,493
Make,2015,211,511
Make,2015,211,512
Make,2015,211,513
Make,2015,211,514
Make,2015,211,521CI
Make,2015,211,523
Make,2015,211,524
Make,2015,211,525
Make,2015,211,HS
Make,2015,211,ORE
Make,2015,211,532RL
Make,2015,211,5411
Make,2015,211,55
Make,2015,211,561
Make,2015,211,562
Make,2015,211,61
Make,2015,211,621
Make,2015,211,622
Make,2015,211,623
Make,2015,211,624
Make,2015,211,711AS
Make,2015,211,713
Make,2015,211,721
Make,2015,211,722
Make,2015,211,81
Make,2015,211,GFGD
Make,2015,211,GFGN
Make,2015,211,GFE
Make,2015,211,GSLG
Make,2015,211,GSLE
Make,2015,211,Used
Make,2015,211,Other
Make,2015,212,111CA
Make,2015,212,113FF
Make,2015,212,22
Make,2015,212,321
Make,2015,212,331
Make,2015,212,332
Make,2015,212,333
Make,2015,212,334
Make,2015,212,335
Make,2015,212,3361MV
Make,2015,212,3364OT
Make,2015,212,337
Make,2015,212,339
Make,2015,212,311FT
Make,2015,212,313TT
Make,2015,212,315AL
Make,2015,212,322
Make,2015,212,323
Make,2015,212,326
Make,2015,212,441
Make,2015,212,445
Make,2015,212,452
Make,2015,212,4A0
Make,2015,212,481
Make,2015,212,482
Make,2015,212,483
Make,2015,212,484
Make,2015,212,485
Make,2015,212,486
Make,2015,212,487OS
Make,2015,212,493
Make,2015,212,511
Make,2015,212,512
Make,2015,212,513
Make,2015,212,514
Make,2015,212,521CI
Make,2015,212,523
Make,2015,212,524
Make,2015,212,525
Make,2015,212,HS
Make,2015,212,ORE
Make,2015,212,532RL
Make,2015,212,5411
Make,2015,212,55
Make,2015,212,561
Make,2015,212,562
Make,2015,212,61
Make,2015,212,621
Make,2015,212,622
Make,2015,212,623
Make,2015,212,624
Make,2015,212,711AS
Make,2015,212,713
Make,2015,212,721
Make,2015,212,722
Make,2015,212,81
Make,2015,212,GFGD
Make,2015,212,GFGN
Make,2015,212,GFE
Make,2015,212,GSLG
Make,2015,212,GSLE
Make,2015,212,Used
Make,2015,212,Other
Make,2015,213,111CA
Make,2015,213,113FF
Make,2015,213,22
Make,2015,213,321
Make,2015,213,327
Make,2015,213,331
Make,2015,213,333
Make,2015,213,334
Make,2015,213,335
Make,2015,213,3361MV
Make,2015,213,3364OT
Make,2015,213,337
Make,2015,213,339
Make,2015,213,311FT
Make,2015,213,313TT
Make,2015,213,315AL
Make,2015,213,322
Make,2015,213,323
Make,2015,213,325
Make,2015,213,326
Make,2015,213,441
Make,2015,213,445
Make,2015,213,452
Make,2015,213,4A0
Make,2015,213,481
Make,2015,213,482
Make,2015,213,483
Make,2015,213,484
Make,2015,213,485
Make,2015,213,486
Make,2015,213,487OS
Make,2015,213,493
Make,2015,213,511
Make,2015,213,512
Make,2015,213,513
Make,2015,213,514
Make,2015,213,521CI
Make,2015,213,523
Make,2015,213,524
Make,2015,213,525
Make,2015,213,HS
Make,2015,213,ORE
Make,2015,213,532RL
Make,2015,213,5411
Make,2015,213,55
Make,2015,213,561
Make,2015,213,562
Make,2015,213,61
Make,2015,213,621
Make,2015,213,622
Make,2015,213,623
Make,2015,213,624
Make,2015,213,711AS
Make,2015,213,713
Make,2015,213,721
Make,2015,213,722
Make,2015,213,81
Make,2015,213,GFGD
Make,2015,213,GFGN
Make,2015,213,GFE
Make,2015,213,GSLG
Make,2015,213,GSLE
Make,2015,213,Used
Make,2015,213,Other
Make,2015,22,111CA
Make,2015,22,113FF
Make,2015,22,212
Make,2015,22,213
Make,2015,22,321
Make,2015,22,327
Make,2015,22,331
Make,2015,22,332
Make,2015,22,333
Make,2015,22,334
Make,2015,22,335
Make,2015,22,3361MV
Make,2015,22,3364OT
Make,2015,22,337
Make,2015,22,339
Make,2015,22,311FT
Make,2015,22,313TT
Make,2015,22,315AL
Make,2015,22,322
Make,2015,22,323
Make,2015,22,324
Make,2015,22,325
Make,2015,22,326
Make,2015,22,441
Make,2015,22,445
Make,2015,22,452
Make,2015,22,481
Make,2015,22,482
Make,2015,22,483
Make,2015,22,484
Make,2015,22,485
Make,2015,22,487OS
Make,2015,22,493
Make,2015,22,511
Make,2015,22,512
Make,2015,22,513
Make,2015,22,514
Make,2015,22,521CI
Make,2015,22,523
Make,2015,22,524
Make,2015,22,525
Make,2015,22,HS
Make,2015,22,ORE
Make,2015,22,532RL
Make,2015,22,5411
Make,2015,22,55
Make,2015,22,561
Make,2015,22,61
Make,2015,22,621
Make,2015,22,622
Make,2015,22,623
Make,2015,22,624
Make,2015,22,711AS
Make,2015,22,713
Make,2015,22,721
Make,2015,22,722
Make,2015,22,81
Make,2015,22,GFGD
Make,2015,22,GFGN
Make,2015,22,GFE
Make,2015,22,GSLG
Make,2015,22,Used
Make,2015,22,Other
Make,2015,23,111CA
Make,2015,23,113FF
Make,2015,23,211
Make,2015,23,212
Make,2015,23,213
Make,2015,23,22
Make,2015,23,321
Make,2015,23,327
Make,2015,23,331
Make,2015,23,332
Make,2015,23,333
Make,2015,23,334
Make,2015,23,335
Make,2015,23,3361MV
Make,2015,23,3364OT
Make,2015,23,337
Make,2015,23,339
Make,2015,23,311FT
Make,2015,23,313TT
Make,2015,23,315AL
Make,2015,23,322
Make,2015,23,323
Make,2015,23,324
Make,2015,23,325
Make,2015,23,326
Make,2015,23,42
Make,2015,23,441
Make,2015,23,445
Make,2015,23,452
Make,2015,23,4A0
Make,2015,23,481
Make,2015,23,482
Make,2015,23,483
Make,2015,23,484
Make,2015,23,485
Make,2015,23,486
Make,2015,23,487OS
Make,2015,23,493
Make,2015,23,511
Make,2015,23,512
Make,2015,23,513
Make,2015,23,514
Make,2015,23,521CI
Make,2015,23,523
Make,2015,23,524
Make,2015,23,525
Make,2015,23,HS
Make,2015,23,ORE
Make,2015,23,532RL
Make,2015,23,5411
Make,2015,23,55
Make,2015,23,561
Make,2015,23,562
Make,2015,23,61
Make,2015,23,621
Make,2015,23,622
Make,2015,23,623
Make,2015,23,624
Make,2015,23,711AS
Make,2015,23,713
Make,2015,23,721
Make,2015,23,722
Make,2015,23,81
Make,2015,23,GFGD
Make,2015,23,GFGN
Make,2015,23,GFE
Make,2015,23,GSLG
Make,2015,23,GSLE
Make,2015,23,Used
Make,2015,23,Other
Make,2015,321,111CA
Make,2015,321,113FF
Make,2015,321,211
Make,2015,321,212
Make,2015,321,213
Make,2015,321,22
Make,2015,321,331
Make,2015,321,333
Make,2015,321,335
Make,2015,321,3361MV
Make,2015,321,3364OT
Make,2015,321,311FT
Make,2015,321,315AL
Make,2015,321,323
Make,2015,321,324
Make,2015,321,441
Make,2015,321,445
Make,2015,321,452
Make,2015,321,4A0
Make,2015,321,481
Make,2015,321,482
Make,2015,321,483
Make,2015,321,484
Make,2015,321,485
Make,2015,321,486
Make,2015,321,487OS
Make,2015,321,493
Make,2015,321,511
Make,2015,321,512
Make,2015,321,513
Make,2015,321,514
Make,2015,321,521CI
Make,2015,321,523
Make,2015,321,524
Make,2015,321,525
Make,2015,321,HS
Make,2015,321,ORE
Make,2015,321,532RL
Make,2015,321,5411
Make,2015,321,55
Make,2015,321,561
Make,2015,321,562
Make,2015,321,61
Make,2015,321,621
Make,2015,321,622
Make,2015,321,623
Make,2015,321,624
Make,2015,321,711AS
Make,2015,321,713
Make,2015,321,721
Make,2015,321,722
Make,2015,321,81
Make,2015,321,GFGD
Make,2015,321,GFGN
Make,2015,321,GFE
Make,2015,321,GSLG
Make,2015,321,GSLE
Make,2015,321,Other
Make,2015,327,111CA
Make,2015,327,113FF
Make,2015,327,22
Make,2015,327,311FT
Make,2015,327,323
Make,2015,327,441
Make,2015,327,445
Make,2015,327,452
Make,2015,327,4A0
Make,2015,327,481
Make,2015,327,482
Make,2015,327,483
Make,2015,327,484
Make,2015,327,485
Make,2015,327,486
Make,2015,327,487OS
Make,2015,327,493
Make,2015,327,511
Make,2015,327,512
Make,2015,327,513
Make,2015,327,514
Make,2015,327,521CI
Make,2015,327,523
Make,2015,327,524
Make,2015,327,525
Make,2015,327,HS
Make,2015,327,ORE
Make,2015,327,532RL
Make,2015,327,5411
Make,2015,327,55
Make,2015,327,561
Make,2015,327,562
Make,2015,327,61
Make,2015,327,621
Make,2015,327,622
Make,2015,327,623
Make,2015,327,624
Make,2015,327,711AS
Make,2015,327,713
Make,2015,327,721
Make,2015,327,722
Make,2015,327,81
Make,2015,327,GFGD
Make,2015,327,GFGN
Make,2015,327,GFE
Make,2015,327,GSLG
Make,2015,327,GSLE
Make,2015,327,Other
Make,2015,331,111CA
Make,2015,331,113FF
Make,2015,331,211
Make,2015,331,212
Make,2015,331,213
Make,2015,331,22
Make,2015,331,321
Make,2015,331,3361MV
Make,2015,331,3364OT
Make,2015,331,339
Make,2015,331,311FT
Make,2015,331,315AL
Make,2015,331,323
Make,2015,331,441
Make,2015,331,445
Make,2015,331,452
Make,2015,331,4A0
Make,2015,331,481
Make,2015,331,482
Make,2015,331,483
Make,2015,331,484
Make,2015,331,485
Make,2015,331,486
Make,2015,331,487OS
Make,2015,331,493
Make,2015,331,511
Make,2015,331,512
Make,2015,331,513
Make,2015,331,514
Make,2015,331,521CI
Make,2015,331,523
Make,2015,331,524
Make,2015,331,525
Make,2015,331,HS
Make,2015,331,ORE
Make,2015,331,532RL
Make,2015,331,5411
Make,2015,331,55
Make,2015,331,561
Make,2015,331,562
Make,2015,331,61
Make,2015,331,621
Make,2015,331,622
Make,2015,331,623
Make,2015,331,624
Make,2015,331,711AS
Make,2015,331,713
Make,2015,331,721
Make,2015,331,722
Make,2015,331,81
Make,2015,331,GFGD
Make,2015,331,GFGN
Make,2015,331,GFE
Make,2015,331,GSLG
Make,2015,331,GSLE
Make,2015,331,Other
Make,2015,332,111CA
Make,2015,332,113FF
Make,2015,332,211
Make,2015,332,212
Make,2015,332,213
Make,2015,332,22
Make,2015,332,311FT
Make,2015,332,441
Make,2015,332,445
Make,2015,332,452
Make,2015,332,4A0
Make,2015,332,481
Make,2015,332,482
Make,2015,332,483
Make,2015,332,484
Make,2015,332,485
Make,2015,332,486
Make,2015,332,487OS
Make,2015,332,493
Make,2015,332,511
Make,2015,332,512
Make,2015,332,513
Make,2015,332,514
Make,2015,332,521CI
Make,2015,332,523
Make,2015,332,524
Make,2015,332,525
Make,2015,332,HS
Make,2015,332,ORE
Make,2015,332,532RL
Make,2015,332,5411
Make,2015,332,55
Make,2015,332,561
Make,2015,332,562
Make,2015,332,61
Make,2015,332,621
Make,2015,332,622
Make,2015,332,623
Make,2015,332,624
Make,2015,332,711AS
Make,2015,332,713
Make,2015,332,721
Make,2015,332,722
Make,2015,332,GFGD
Make,2015,332,GFGN
Make,2015,332,GFE
Make,2015,332,GSLG
Make,2015,332,GSLE
Make,2015,332,Other
Make,2015,333,111CA
Make,2015,333,113FF
Make,2015,333,211
Make,2015,333,212
Make,2015,333,22
Make,2015,333,321
Make,2015,333,323
Make,2015,333,441
Make,2015,333,445
Make,2015,333,452
Make,2015,333,4A0
Make,2015,333,481
Make,2015,333,482
Make,2015,333,483
Make,2015,333,484
Make,2015,333,485
Make,2015,333,486
Make,2015,333,487OS
Make,2015,333,493
Make,2015,333,511
Make,2015,333,512
Make,2015,333,513
Make,2015,333,514
Make,2015,333,521CI
Make,2015,333,523
Make,2015,333,524
Make,2015,333,525
Make,2015,333,HS
Make,2015,333,ORE
Make,2015,333,5411
Make,2015,333,55
Make,2015,333,561
Make,2015,333,562
Make,2015,333,61
Make,2015,333,621
Make,2015,333,622
Make,2015,333,623
Make,2015,333,624
Make,2015,333,711AS
Make,2015,333,713
Make,2015,333,721
Make,2015,333,722
Make,2015,333,GFGD
Make,2015,333,GFGN
Make,2015,333,GFE
Make,2015,333,GSLG
Make,2015,333,GSLE
Make,2015,333,Other
Make,2015,334,111CA
Make,2015,334,113FF
Make,2015,334,211
Make,2015,334,212
Make,2015,334,213
Make,2015,334,22
Make,2015,334,311FT
Make,2015,334,315AL
Make,2015,334,324
Make,2015,334,441
Make,2015,334,445
Make,2015,334,452
Make,2015,334,4A0
Make,2015,334,481
Make,2015,334,482
Make,2015,334,483
Make,2015,334,484
Make,2015,334,485
Make,2015,334,486
Make,2015,334,487OS
Make,2015,334,493
Make,2015,334,511
Make,2015,334,512
Make,2015,334,513
Make,2015,334,514
Make,2015,334,521CI
Make,2015,334,523
Make,2015,334,524
Make,2015,334,525
Make,2015,334,HS
Make,2015,334,ORE
Make,2015,334,532RL
Make,2015,334,5411
Make,2015,334,55
Make,2015,334,561
Make,2015,334,562
Make,2015,334,61
Make,2015,334,621
Make,2015,334,622
Make,2015,334,623
Make,2015,334,624
Make,2015,334,711AS
Make,2015,334,713
Make,2015,334,721
Make,2015,334,722
Make,2015,334,81
Make,2015,334,GFGD
Make,2015,334,GFGN
Make,2015,334,GFE
Make,2015,334,GSLG
Make,2015,334,GSLE
Make,2015,334,Other
Make,2015,335,111CA
Make,2015,335,113FF
Make,2015,335,211
Make,2015,335,212
Make,2015,335,213
Make,2015,335,22
Make,2015,335,321
Make,2015,335,311FT
Make,2015,335,315AL
Make,2015,335,323
Make,2015,335,441
Make,2015,335,445
Make,2015,335,452
Make,2015,335,4A0
Make,2015,335,481
Make,2015,335,482
Make,2015,335,483
Make,2015,335,484
Make,2015,335,485
Make,2015,335,486
Make,2015,335,487OS
Make,2015,335,493
Make,2015,335,511
Make,2015,335,512
Make,2015,335,513
Make,2015,335,514
Make,2015,335,521CI
Make,2015,335,523
Make,2015,335,524
Make,2015,335,525
Make,2015,335,HS
Make,2015,335,ORE
Make,2015,335,532RL
Make,2015,335,5411
Make,2015,335,55
Make,2015,335,561
Make,2015,335,562
Make,2015,335,61
Make,2015,335,621
Make,2015,335,622
Make,2015,335,623
Make,2015,335,624
Make,2015,335,711AS
Make,2015,335,713
Make,2015,335,721
Make,2015,335,722
Make,2015,335,81
Make,2015,335,GFGD
Make,2015,335,GFGN
Make,2015,335,GFE
Make,2015,335,GSLG
Make,2015,335,GSLE
Make,2015,335,Other
Make,2015,3361MV,111CA
Make,2015,3361MV,113FF
Make,2015,3361MV,211
Make,2015,3361MV,212
Make,2015,3361MV,213
Make,2015,3361MV,22
Make,2015,3361MV,321
Make,2015,3361MV,311FT
Make,2015,3361MV,315AL
Make,2015,3361MV,322
Make,2015,3361MV,323
Make,2015,3361MV,324
Make,2015,3361MV,441
Make,2015,3361MV,445
Make,2015,3361MV,452
Make,2015,3361MV,4A0
Make,2015,3361MV,481
Make,2015,3361MV,482
Make,2015,3361MV,483
Make,2015,3361MV,484
Make,2015,3361MV,485
Make,2015,3361MV,486
Make,2015,3361MV,487OS
Make,2015,3361MV,493
Make,2015,3361MV,511
Make,2015,3361MV,512
Make,2015,3361MV,513
Make,2015,3361MV,514
Make,2015,3361MV,521CI
Make,2015,3361MV,523
Make,2015,3361MV,524
Make,2015,3361MV,525
Make,2015,3361MV,HS
Make,2015,3361MV,ORE
Make,2015,3361MV,532RL
Make,2015,3361MV,5411
Make,2015,3361MV,55
Make,2015,3361MV,561
Make,2015,3361MV,562
Make,2015,3361MV,61
Make,2015,3361MV,621
Make,2015,3361MV,622
Make,2015,3361MV,623
Make,2015,3361MV,624
Make,2015,3361MV,711AS
Make,2015,3361MV,713
Make,2015,3361MV,721
Make,2015,3361MV,722
Make,2015,3361MV,81
Make,2015,3361MV,GFGD
Make,2015,3361MV,GFGN
Make,2015,3361MV,GFE
Make,2015,3361MV,GSLG
Make,2015,3361MV,GSLE
Make,2015,3361MV,Other
Make,2015,3364OT,111CA
Make,2015,3364OT,113FF
Make,2015,3364OT,211
Make,2015,3364OT,212
Make,2015,3364OT,213
Make,2015,3364OT,22
Make,2015,3364OT,321
Make,2015,3364OT,327
Make,2015,3364OT,337
Make,2015,3364OT,311FT
Make,2015,3364OT,322
Make,2015,3364OT,323
Make,2015,3364OT,324
Make,2015,3364OT,441
Make,2015,3364OT,445
Make,2015,3364OT,452
Make,2015,3364OT,4A0
Make,2015,3364OT,481
Make,2015,3364OT,482
Make,2015,3364OT,483
Make,2015,3364OT,484
Make,2015,3364OT,485
Make,2015,3364OT,486
Make,2015,3364OT,487OS
Make,2015,3364OT,493
Make,2015,3364OT,511
Make,2015,3364OT,512
Make,2015,3364OT,513
Make,2015,3364OT,514
Make,2015,3364OT,521CI
Make,2015,3364OT,523
Make,2015,3364OT,524
Make,2015,3364OT,525
Make,2015,3364OT,HS
Make,2015,3364OT,ORE
Make,2015,3364OT,532RL
Make,2015,3364OT,5411
Make,2015,3364OT,55
Make,2015,3364OT,561
Make,2015,3364OT,562
Make,2015,3364OT,61
Make,2015,3364OT,621
Make,2015,3364OT,622
Make,2015,3364OT,623
Make,2015,3364OT,624
Make,2015,3364OT,711AS
Make,2015,3364OT,713
Make,2015,3364OT,721
Make,2015,3364OT,722
Make,2015,3364OT,81
Make,2015,3364OT,GFGD
Make,2015,3364OT,GFGN
Make,2015,3364OT,GFE
Make,2015,3364OT,GSLG
Make,2015,3364OT,GSLE
Make,2015,3364OT,Other
Make,2015,337,111CA
Make,2015,337,113FF
Make,2015,337,211
Make,2015,337,212
Make,2015,337,213
Make,2015,337,22
Make,2015,337,3364OT
Make,2015,337,311FT
Make,2015,337,324
Make,2015,337,441
Make,2015,337,445
Make,2015,337,452
Make,2015,337,4A0
Make,2015,337,481
Make,2015,337,482
Make,2015,337,483
Make,2015,337,484
Make,2015,337,485
Make,2015,337,486
Make,2015,337,487OS
Make,2015,337,493
Make,2015,337,511
Make,2015,337,512
Make,2015,337,513
Make,2015,337,514
Make,2015,337,521CI
Make,2015,337,523
Make,2015,337,524
Make,2015,337,525
Make,2015,337,HS
Make,2015,337,ORE
Make,2015,337,532RL
Make,2015,337,5411
Make,2015,337,55
Make,2015,337,561
Make,2015,337,562
Make,2015,337,61
Make,2015,337,621
Make,2015,337,622
Make,2015,337,623
Make,2015,337,624
Make,2015,337,711AS
Make,2015,337,713
Make,2015,337,721
Make,2015,337,722
Make,2015,337,81
Make,2015,337,GFGD
Make,2015,337,GFGN
Make,2015,337,GFE
Make,2015,337,GSLG
Make,2015,337,GSLE
Make,2015,337,Used
Make,2015,337,Other
Make,2015,339,111CA
Make,2015,339,113FF
Make,2015,339,211
Make,2015,339,212
Make,2015,339,213
Make,2015,339,22
Make,2015,339,441
Make,2015,339,445
Make,2015,339,452
Make,2015,339,4A0
Make,2015,339,481
Make,2015,339,482
Make,2015,339,483
Make,2015,339,484
Make,2015,339,485
Make,2015,339,486
Make,2015,339,487OS
Make,2015,339,493
Make,2015,339,511
Make,2015,339,512
Make,2015,339,513
Make,2015,339,514
Make,2015,339,521CI
Make,2015,339,523
Make,2015,339,524
Make,2015,339,525
Make,2015,339,HS
Make,2015,339,ORE
Make,2015,339,532RL
Make,2015,339,5411
Make,2015,339,55
Make,2015,339,561
Make,2015,339,562
Make,2015,339,61
Make,2015,339,621
Make,2015,339,622
Make,2015,339,623
Make,2015,339,624
Make,2015,339,711AS
Make,2015,339,713
Make,2015,339,721
Make,2015,339,722
Make,2015,339,81
Make,2015,339,GFGD
Make,2015,339,GFGN
Make,2015,339,GFE
Make,2015,339,GSLG
Make,2015,339,GSLE
Make,2015,339,Other
Make,2015,311FT,111CA
Make,2015,311FT,113FF
Make,2015,311FT,211
Make,2015,311FT,212
Make,2015,311FT,213
Make,2015,311FT,22
Make,2015,311FT,321
Make,2015,311FT,327
Make,2015,311FT,331
Make,2015,311FT,332
Make,2015,311FT,333
Make,2015,311FT,334
Make,2015,311FT,335
Make,2015,311FT,3361MV
Make,2015,311FT,3364OT
Make,2015,311FT,337
Make,2015,311FT,323
Make,2015,311FT,441
Make,2015,311FT,445
Make,2015,311FT,452
Make,2015,311FT,4A0
Make,2015,311FT,481
Make,2015,311FT,482
Make,2015,311FT,483
Make,2015,311FT,484
Make,2015,311FT,485
Make,2015,311FT,486
Make,2015,311FT,487OS
Make,2015,311FT,493
Make,2015,311FT,511
Make,2015,311FT,512
Make,2015,311FT,513
Make,2015,311FT,514
Make,2015,311FT,521CI
Make,2015,311FT,523
Make,2015,311FT,524
Make,2015,311FT,525
Make,2015,311FT,HS
Make,2015,311FT,ORE
Make,2015,311FT,532RL
Make,2015,311FT,5411
Make,2015,311FT,55
Make,2015,311FT,561
Make,2015,311FT,562
Make,2015,311FT,61
Make,2015,311FT,621
Make,2015,311FT,622
Make,2015,311FT,623
Make,2015,311FT,624
Make,2015,311FT,711AS
Make,2015,311FT,713
Make,2015,311FT,721
Make,2015,311FT,722
Make,2015,311FT,81
Make,2015,311FT,GFGD
Make,2015,311FT,GFGN
Make,2015,311FT,GFE
Make,2015,311FT,GSLG
Make,2015,311FT,GSLE
Make,2015,311FT,Other
Make,2015,313TT,111CA
Make,2015,313TT,113FF
Make,2015,313TT,211
Make,2015,313TT,212
Make,2015,313TT,213
Make,2015,313TT,22
Make,2015,313TT,321
Make,2015,313TT,335
Make,2015,313TT,311FT
Make,2015,313TT,324
Make,2015,313TT,441
Make,2015,313TT,445
Make,2015,313TT,452
Make,2015,313TT,4A0
Make,2015,313TT,481
Make,2015,313TT,482
Make,2015,313TT,483
Make,2015,313TT,484
Make,2015,313TT,485
Make,2015,313TT,486
Make,2015,313TT,487OS
Make,2015,313TT,493
Make,2015,313TT,511
Make,2015,313TT,512
Make,2015,313TT,513
Make,2015,313TT,514
Make,2015,313TT,521CI
Make,2015,313TT,523
Make,2015,313TT,524
Make,2015,313TT,525
Make,2015,313TT,HS
Make,2015,313TT,ORE
Make,2015,313TT,532RL
Make,2015,313TT,5411
Make,2015,313TT,55
Make,2015,313TT,561
Make,2015,313TT,562
Make,2015,313TT,61
Make,2015,313TT,621
Make,2015,313TT,622
Make,2015,313TT,623
Make,2015,313TT,624
Make,2015,313TT,711AS
Make,2015,313TT,713
Make,2015,313TT,721
Make,2015,313TT,722
Make,2015,313TT,81
Make,2015,313TT,GFGD
Make,2015,313TT,GFGN
Make,2015,313TT,GFE
Make,2015,313TT,GSLG
Make,2015,313TT,GSLE
Make,2015,313TT,Other
Make,2015,315AL,111CA
Make,2015,315AL,113FF
Make,2015,315AL,211
Make,2015,315AL,212
Make,2015,315AL,213
Make,2015,315AL,22
Make,2015,315AL,321
Make,2015,315AL,331
Make,2015,315AL,332
Make,2015,315AL,333
Make,2015,315AL,334
Make,2015,315AL,335
Make,2015,315AL,3361MV
Make,2015,315AL,3364OT
Make,2015,315AL,337
Make,2015,315AL,322
Make,2015,315AL,324
Make,2015,315AL,441
Make,2015,315AL,445
Make,2015,315AL,452
Make,2015,315AL,4A0
Make,2015,315AL,481
Make,2015,315AL,482
Make,2015,315AL,483
Make,2015,315AL,484
Make,2015,315AL,485
Make,2015,315AL,486
Make,2015,315AL,487OS
Make,2015,315AL,493
Make,2015,315AL,511
Make,2015,315AL,512
Make,2015,315AL,513
Make,2015,315AL,514
Make,2015,315AL,521CI
Make,2015,315AL,523
Make,2015,315AL,524
Make,2015,315AL,525
Make,2015,315AL,HS
Make,2015,315AL,ORE
Make,2015,315AL,532RL
Make,2015,315AL,5411
Make,2015,315AL,55
Make,2015,315AL,561
Make,2015,315AL,562
Make,2015,315AL,61
Make,2015,315AL,621
Make,2015,315AL,622
Make,2015,315AL,623
Make,2015,315AL,624
Make,2015,315AL,711AS
Make,2015,315AL,713
Make,2015,315AL,721
Make,2015,315AL,722
Make,2015,315AL,81
Make,2015,315AL,GFGD
Make,2015,315AL,GFGN
Make,2015,315AL,GFE
Make,2015,315AL,GSLG
Make,2015,315AL,GSLE
Make,2015,315AL,Other
Make,2015,322,111CA
Make,2015,322,113FF
Make,2015,322,211
Make,2015,322,212
Make,2015,322,213
Make,2015,322,22
Make,2015,322,333
Make,2015,322,335
Make,2015,322,3361MV
Make,2015,322,3364OT
Make,2015,322,311FT
Make,2015,322,324
Make,2015,322,441
Make,2015,322,445
Make,2015,322,452
Make,2015,322,4A0
Make,2015,322,481
Make,2015,322,482
Make,2015,322,483
Make,2015,322,484
Make,2015,322,485
Make,2015,322,486
Make,2015,322,487OS
Make,2015,322,493
Make,2015,322,511
Make,2015,322,512
Make,2015,322,513
Make,2015,322,514
Make,2015,322,521CI
Make,2015,322,523
Make,2015,322,524
Make,2015,322,525
Make,2015,322,HS
Make,2015,322,ORE
Make,2015,322,532RL
Make,2015,322,5411
Make,2015,322,55
Make,2015,322,561
Make,2015,322,562
Make,2015,322,61
Make,2015,322,621
Make,2015,322,622
Make,2015,322,623
Make,2015,322,624
Make,2015,322,711AS
Make,2015,322,713
Make,2015,322,721
Make,2015,322,722
Make,2015,322,81
Make,2015,322,GFGD
Make,2015,322,GFGN
Make,2015,322,GFE
Make,2015,322,GSLG
Make,2015,322,GSLE
Make,2015,322,Other
Make,2015,323,111CA
Make,2015,323,113FF
Make,2015,323,211
Make,2015,323,212
Make,2015,323,213
Make,2015,323,22
Make,2015,323,327
Make,2015,323,331
Make,2015,323,3361MV
Make,2015,323,3364OT
Make,2015,323,311FT
Make,2015,323,324
Make,2015,323,325
Make,2015,323,441
Make,2015,323,445
Make,2015,323,452
Make,2015,323,4A0
Make,2015,323,481
Make,2015,323,482
Make,2015,323,483
Make,2015,323,484
Make,2015,323,485
Make,2015,323,486
Make,2015,323,487OS
Make,2015,323,493
Make,2015,323,511
Make,2015,323,512
Make,2015,323,513
Make,2015,323,514
Make,2015,323,521CI
Make,2015,323,523
Make,2015,323,524
Make,2015,323,525
Make,2015,323,HS
Make,2015,323,ORE
Make,2015,323,532RL
Make,2015,323,5411
Make,2015,323,55
Make,2015,323,562
Make,2015,323,61
Make,2015,323,621
Make,2015,323,622
Make,2015,323,623
Make,2015,323,624
Make,2015,323,711AS
Make,2015,323,713
Make,2015,323,721
Make,2015,323,722
Make,2015,323,81
Make,2015,323,GFGD
Make,2015,323,GFGN
Make,2015,323,GFE
Make,2015,323,GSLG
Make,2015,323,GSLE
Make,2015,323,Other
Make,2015,324,111CA
Make,2015,324,113FF
Make,2015,324,213
Make,2015,324,22
Make,2015,324,321
Make,2015,324,334
Make,2015,324,3361MV
Make,2015,324,3364OT
Make,2015,324,337
Make,2015,324,339
Make,2015,324,311FT
Make,2015,324,315AL
Make,2015,324,323
Make,2015,324,441
Make,2015,324,445
Make,2015,324,452
Make,2015,324,4A0
Make,2015,324,481
Make,2015,324,482
Make,2015,324,483
Make,2015,324,484
Make,2015,324,485
Make,2015,324,486
Make,2015,324,487OS
Make,2015,324,493
Make,2015,324,511
Make,2015,324,512
Make,2015,324,513
Make,2015,324,514
Make,2015,324,521CI
Make,2015,324,523
Make,2015,324,524
Make,2015,324,525
Make,2015,324,HS
Make,2015,324,ORE
Make,2015,324,532RL
Make,2015,324,5411
Make,2015,324,55
Make,2015,324,561
Make,2015,324,562
Make,2015,324,61
Make,2015,324,621
Make,2015,324,622
Make,2015,324,623
Make,2015,324,624
Make,2015,324,711AS
Make,2015,324,713
Make,2015,324,721
Make,2015,324,722
Make,2015,324,81
Make,2015,324,GFGD
Make,2015,324,GFGN
Make,2015,324,GFE
Make,2015,324,GSLG
Make,2015,324,GSLE
Make,2015,324,Used
Make,2015,324,Other
Make,2015,325,111CA
Make,2015,325,113FF
Make,2015,325,211
Make,2015,325,213
Make,2015,325,22
Make,2015,325,337
Make,2015,325,441
Make,2015,325,445
Make,2015,325,452
Make,2015,325,4A0
Make,2015,325,481
Make,2015,325,482
Make,2015,325,483
Make,2015,325,484
Make,2015,325,485
Make,2015,325,486
Make,2015,325,487OS
Make,2015,325,493
Make,2015,325,511
Make,2015,325,512
Make,2015,325,513
Make,2015,325,514
Make,2015,325,521CI
Make,2015,325,523
Make,2015,325,524
Make,2015,325,525
Make,2015,325,HS
Make,2015,325,ORE
Make,2015,325,532RL
Make,2015,325,5411
Make,2015,325,55
Make,2015,325,561
Make,2015,325,562
Make,2015,325,61
Make,2015,325,621
Make,2015,325,622
Make,2015,325,623
Make,2015,325,624
Make,2015,325,711AS
Make,2015,325,713
Make,2015,325,721
Make,2015,325,722
Make,2015,325,81
Make,2015,325,GFGD
Make,2015,325,GFGN
Make,2015,325,GFE
Make,2015,325,GSLG
Make,2015,325,GSLE
Make,2015,325,Used
Make,2015,325,Other
Make,2015,326,111CA
Make,2015,326,113FF
Make,2015,326,211
Make,2015,326,212
Make,2015,326,213
Make,2015,326,22
Make,2015,326,311FT
Make,2015,326,441
Make,2015,326,445
Make,2015,326,452
Make,2015,326,4A0
Make,2015,326,481
Make,2015,326,482
Make,2015,326,483
Make,2015,326,484
Make,2015,326,485
Make,2015,326,486
Make,2015,326,487OS
Make,2015,326,493
Make,2015,326,511
Make,2015,326,512
Make,2015,326,513
Make,2015,326,514
Make,2015,326,521CI
Make,2015,326,523
Make,2015,326,524
Make,2015,326,525
Make,2015,326,HS
Make,2015,326,ORE
Make,2015,326,532RL
Make,2015,326,5411
Make,2015,326,55
Make,2015,326,561
Make,2015,326,562
Make,2015,326,61
Make,2015,326,621
Make,2015,326,622
Make,2015,326,623
Make,2015,326,624
Make,2015,326,711AS
Make,2015,326,713
Make,2015,326,721
Make,2015,326,722
Make,2015,326,81
Make,2015,326,GFGD
Make,2015,326,GFGN
Make,2015,326,GFE
Make,2015,326,GSLG
Make,2015,326,GSLE
Make,2015,326,Other
Make,2015,42,111CA
Make,2015,42,211
Make,2015,42,212
Make,2015,42,213
Make,2015,42,22
Make,2015,42,321
Make,2015,42,327
Make,2015,42,331
Make,2015,42,332
Make,2015,42,335
Make,2015,42,337
Make,2015,42,313TT
Make,2015,42,315AL
Make,2015,42,322
Make,2015,42,323
Make,2015,42,324
Make,2015,42,325
Make,2015,42,326
Make,2015,42,441
Make,2015,42,445
Make,2015,42,452
Make,2015,42,4A0
Make,2015,42,481
Make,2015,42,482
Make,2015,42,483
Make,2015,42,484
Make,2015,42,485
Make,2015,42,511
Make,2015,42,512
Make,2015,42,513
Make,2015,42,514
Make,2015,42,521CI
Make,2015,42,523
Make,2015,42,524
Make,2015,42,525
Make,2015,42,HS
Make,2015,42,ORE
Make,2015,42,5411
Make,2015,42,55
Make,2015,42,562
Make,2015,42,621
Make,2015,42,622
Make,2015,42,623
Make,2015,42,624
Make,2015,42,711AS
Make,2015,42,713
Make,2015,42,721
Make,2015,42,722
Make,2015,42,GFGD
Make,2015,42,GFGN
Make,2015,42,GFE
Make,2015,42,GSLG
Make,2015,42,GSLE
Make,2015,42,Used
Make,2015,42,Other
Make,2015,441,111CA
Make,2015,441,113FF
Make,2015,441,211
Make,2015,441,212
Make,2015,441,213
Make,2015,441,22
Make,2015,441,321
Make,2015,441,327
Make,2015,441,331
Make,2015,441,332
Make,2015,441,333
Make,2015,441,334
Make,2015,441,335
Make,2015,441,3361MV
Make,2015,441,3364OT
Make,2015,441,337
Make,2015,441,339
Make,2015,441,311FT
Make,2015,441,313TT
Make,2015,441,315AL
Make,2015,441,322
Make,2015,441,323
Make,2015,441,324
Make,2015,441,325
Make,2015,441,326
Make,2015,441,42
Make,2015,441,445
Make,2015,441,452
Make,2015,441,4A0
Make,2015,441,481
Make,2015,441,482
Make,2015,441,483
Make,2015,441,485
Make,2015,441,486
Make,2015,441,511
Make,2015,441,512
Make,2015,441,513
Make,2015,441,514
Make,2015,441,523
Make,2015,441,525
Make,2015,441,HS
Make,2015,441,ORE
Make,2015,441,5411
Make,2015,441,55
Make,2015,441,561
Make,2015,441,562
Make,2015,441,621
Make,2015,441,622
Make,2015,441,623
Make,2015,441,624
Make,2015,441,711AS
Make,2015,441,721
Make,2015,441,722
Make,2015,441,GFGD
Make,2015,441,GFGN
Make,2015,441,GFE
Make,2015,441,GSLG
Make,2015,441,GSLE
Make,2015,441,Used
Make,2015,441,Other
Make,2015,445,111CA
Make,2015,445,113FF
Make,2015,445,211
Make,2015,445,212
Make,2015,445,213
Make,2015,445,22
Make,2015,445,321
Make,2015,445,327
Make,2015,445,331
Make,2015,445,332
Make,2015,445,333
Make,2015,445,334
Make,2015,445,335
Make,2015,445,3361MV
Make,2015,445,3364OT
Make,2015,445,337
Make,2015,445,339
Make,2015,445,313TT
Make,2015,445,315AL
Make,2015,445,322
Make,2015,445,323
Make,2015,445,324
Make,2015,445,325
Make,2015,445,326
Make,2015,445,42
Make,2015,445,441
Make,2015,445,452
Make,2015,445,4A0
Make,2015,445,481
Make,2015,445,482
Make,2015,445,483
Make,2015,445,484
Make,2015,445,485
Make,2015,445,486
Make,2015,445,487OS
Make,2015,445,511
Make,2015,445,512
Make,2015,445,513
Make,2015,445,514
Make,2015,445,523
Make,2015,445,524
Make,2015,445,525
Make,2015,445,HS
Make,2015,445,ORE
Make,2015,445,5411
Make,2015,445,55
Make,2015,445,562
Make,2015,445,61
Make,2015,445,621
Make,2015,445,622
Make,2015,445,623
Make,2015,445,624
Make,2015,445,711AS
Make,2015,445,721
Make,2015,445,GFGD
Make,2015,445,GFGN
Make,2015,445,GFE
Make,2015,445,GSLG
Make,2015,445,GSLE
Make,2015,445,Used
Make,2015,445,Other
Make,2015,452,111CA
Make,2015,452,113FF
Make,2015,452,211
Make,2015,452,212
Make,2015,452,213
Make,2015,452,22
Make,2015,452,321
Make,2015,452,327
Make,2015,452,331
Make,2015,452,332
Make,2015,452,333
Make,2015,452,334
Make,2015,452,335
Make,2015,452,3361MV
Make,2015,452,3364OT
Make,2015,452,337
Make,2015,452,339
Make,2015,452,313TT
Make,2015,452,322
Make,2015,452,323
Make,2015,452,324
Make,2015,452,325
Make,2015,452,326
Make,2015,452,42
Make,2015,452,441
Make,2015,452,445
Make,2015,452,4A0
Make,2015,452,481
Make,2015,452,482
Make,2015,452,483
Make,2015,452,484
Make,2015,452,485
Make,2015,452,486
Make,2015,452,487OS
Make,2015,452,493
Make,2015,452,511
Make,2015,452,512
Make,2015,452,513
Make,2015,452,514
Make,2015,452,521CI
Make,2015,452,523
Make,2015,452,524
Make,2015,452,525
Make,2015,452,HS
Make,2015,452,ORE
Make,2015,452,5411
Make,2015,452,55
Make,2015,452,562
Make,2015,452,61
Make,2015,452,622
Make,2015,452,623
Make,2015,452,624
Make,2015,452,711AS
Make,2015,452,713
Make,2015,452,721
Make,2015,452,GFGD
Make,2015,452,GFGN
Make,2015,452,GFE
Make,2015,452,GSLG
Make,2015,452,GSLE
Make,2015,452,Used
Make,2015,452,Other
Make,2015,4A0,113FF
Make,2015,4A0,211
Make,2015,4A0,212
Make,2015,4A0,213
Make,2015,4A0,22
Make,2015,4A0,321
Make,2015,4A0,327
Make,2015,4A0,331
Make,2015,4A0,332
Make,2015,4A0,333
Make,2015,4A0,334
Make,2015,4A0,335
Make,2015,4A0,3361MV
Make,2015,4A0,3364OT
Make,2015,4A0,337
Make,2015,4A0,313TT
Make,2015,4A0,322
Make,2015,4A0,324
Make,2015,4A0,325
Make,2015,4A0,326
Make,2015,4A0,42
Make,2015,4A0,441
Make,2015,4A0,445
Make,2015,4A0,452
Make,2015,4A0,481
Make,2015,4A0,482
Make,2015,4A0,483
Make,2015,4A0,484
Make,2015,4A0,485
Make,2015,4A0,486
Make,2015,4A0,511
Make,2015,4A0,514
Make,2015,4A0,523
Make,2015,4A0,525
Make,2015,4A0,ORE
Make,2015,4A0,5411
Make,2015,4A0,55
Make,2015,4A0,562
Make,2015,4A0,622
Make,2015,4A0,623
Make,2015,4A0,624
Make,2015,4A0,711AS
Make,2015,4A0,721
Make,2015,4A0,GFGD
Make,2015,4A0,GFGN
Make,2015,4A0,GFE
Make,2015,4A0,GSLG
Make,2015,4A0,GSLE
Make,2015,4A0,Used
Make,2015,4A0,Other
Make,2015,481,111CA
Make,2015,481,211
Make,2015,481,212
Make,2015,481,213
Make,2015,481,22
Make,2015,481,321
Make,2015,481,327
Make,2015,481,331
Make,2015,481,332
Make,2015,481,333
Make,2015,481,334
Make,2015,481,335
Make,2015,481,3361MV
Make,2015,481,3364OT
Make,2015,481,337
Make,2015,481,339
Make,2015,481,311FT
Make,2015,481,313TT
Make,2015,481,315AL
Make,2015,481,322
Make,2015,481,323
Make,2015,481,324
Make,2015,481,325
Make,2015,481,326
Make,2015,481,441
Make,2015,481,445
Make,2015,481,452
Make,2015,481,4A0
Make,2015,481,482
Make,2015,481,483
Make,2015,481,484
Make,2015,481,485
Make,2015,481,486
Make,2015,481,493
Make,2015,481,511
Make,2015,481,512
Make,2015,481,513
Make,2015,481,514
Make,2015,481,521CI
Make,2015,481,523
Make,2015,481,524
Make,2015,481,525
Make,2015,481,HS
Make,2015,481,ORE
Make,2015,481,5411
Make,2015,481,55
Make,2015,481,561
Make,2015,481,562
Make,2015,481,61
Make,2015,481,622
Make,2015,481,623
Make,2015,481,624
Make,2015,481,711AS
Make,2015,481,713
Make,2015,481,721
Make,2015,481,722
Make,2015,481,81
Make,2015,481,GFGD
Make,2015,481,GFGN
Make,2015,481,GFE
Make,2015,481,GSLG
Make,2015,481,GSLE
Make,2015,481,Used
Make,2015,481,Other
Make,2015,482,111CA
Make,2015,482,113FF
Make,2015,482,211
Make,2015,482,212
Make,2015,482,213
Make,2015,482,22
Make,2015,482,321
Make,2015,482,327
Make,2015,482,331
Make,2015,482,332
Make,2015,482,333
Make,2015,482,334
Make,2015,482,335
Make,2015,482,3361MV
Make,2015,482,3364OT
Make,2015,482,337
Make,2015,482,339
Make,2015,482,311FT
Make,2015,482,313TT
Make,2015,482,315AL
Make,2015,482,322
Make,2015,482,323
Make,2015,482,324
Make,2015,482,325
Make,2015,482,326
Make,2015,482,42
Make,2015,482,441
Make,2015,482,445
Make,2015,482,452
Make,2015,482,4A0
Make,2015,482,481
Make,2015,482,483
Make,2015,482,484
Make,2015,482,485
Make,2015,482,486
Make,2015,482,487OS
Make,2015,482,493
Make,2015,482,511
Make,2015,482,512
Make,2015,482,513
Make,2015,482,514
Make,2015,482,521CI
Make,2015,482,523
Make,2015,482,524
Make,2015,482,525
Make,2015,482,HS
Make,2015,482,ORE
Make,2015,482,5411
Make,2015,482,55
Make,2015,482,561
Make,2015,482,562
Make,2015,482,61
Make,2015,482,621
Make,2015,482,622
Make,2015,482,623
Make,2015,482,624
Make,2015,482,711AS
Make,2015,482,713
Make,2015,482,721
Make,2015,482,722
Make,2015,482,81
Make,2015,482,GFGD
Make,2015,482,GFGN
Make,2015,482,GFE
Make,2015,482,GSLG
Make,2015,482,GSLE
Make,2015,482,Used
Make,2015,482,Other
Make,2015,483,111CA
Make,2015,483,113FF
Make,2015,483,211
Make,2015,483,212
Make,2015,483,213
Make,2015,483,22
Make,2015,483,321
Make,2015,483,327
Make,2015,483,331
Make,2015,483,332
Make,2015,483,333
Make,2015,483,334
Make,2015,483,335
Make,2015,483,3361MV
Make,2015,483,3364OT
Make,2015,483,337
Make,2015,483,339
Make,2015,483,311FT
Make,2015,483,313TT
Make,2015,483,315AL
Make,2015,483,322
Make,2015,483,323
Make,2015,483,324
Make,2015,483,325
Make,2015,483,326
Make,2015,483,42
Make,2015,483,441
Make,2015,483,445
Make,2015,483,452
Make,2015,483,4A0
Make,2015,483,481
Make,2015,483,482
Make,2015,483,484
Make,2015,483,485
Make,2015,483,486
Make,2015,483,493
Make,2015,483,511
Make,2015,483,512
Make,2015,483,513
Make,2015,483,514
Make,2015,483,521CI
Make,2015,483,523
Make,2015,483,524
Make,2015,483,525
Make,2015,483,HS
Make,2015,483,ORE
Make,2015,483,5411
Make,2015,483,55
Make,2015,483,561
Make,2015,483,562
Make,2015,483,61
Make,2015,483,621
Make,2015,483,622
Make,2015,483,623
Make,2015,483,624
Make,2015,483,711AS
Make,2015,483,721
Make,2015,483,722
Make,2015,483,81
Make,2015,483,GFGD
Make,2015,483,GFGN
Make,2015,483,GFE
Make,2015,483,GSLG
Make,2015,483,GSLE
Make,2015,483,Used
Make,2015,483,Other
Make,2015,484,111CA
Make,2015,484,113FF
Make,2015,484,211
Make,2015,484,212
Make,2015,484,213
Make,2015,484,22
Make,2015,484,321
Make,2015,484,327
Make,2015,484,331
Make,2015,484,332
Make,2015,484,333
Make,2015,484,334
Make,2015,484,335
Make,2015,484,3361MV
Make,2015,484,3364OT
Make,2015,484,337
Make,2015,484,339
Make,2015,484,311FT
Make,2015,484,313TT
Make,2015,484,315AL
Make,2015,484,322
Make,2015,484,323
Make,2015,484,324
Make,2015,484,325
Make,2015,484,326
Make,2015,484,42
Make,2015,484,441
Make,2015,484,445
Make,2015,484,452
Make,2015,484,4A0
Make,2015,484,481
Make,2015,484,482
Make,2015,484,483
Make,2015,484,485
Make,2015,484,486
Make,2015,484,511
Make,2015,484,512
Make,2015,484,513
Make,2015,484,514
Make,2015,484,521CI
Make,2015,484,523
Make,2015,484,524
Make,2015,484,525
Make,2015,484,HS
Make,2015,484,ORE
Make,2015,484,5411
Make,2015,484,55
Make,2015,484,561
Make,2015,484,61
Make,2015,484,621
Make,2015,484,622
Make,2015,484,623
Make,2015,484,624
Make,2015,484,711AS
Make,2015,484,713
Make,2015,484,721
Make,2015,484,722
Make,2015,484,81
Make,2015,484,GFGD
Make,2015,484,GFGN
Make,2015,484,GFE
Make,2015,484,GSLG
Make,2015,484,GSLE
Make,2015,484,Used
Make,2015,484,Other
Make,2015,485,111CA
Make,2015,485,113FF
Make,2015,485,211
Make,2015,485,212
Make,2015,485,213
Make,2015,485,22
Make,2015,485,321
Make,2015,485,327
Make,2015,485,331
Make,2015,485,332
Make,2015,485,333
Make,2015,485,334
Make,2015,485,335
Make,2015,485,3361MV
Make,2015,485,3364OT
Make,2015,485,337
Make,2015,485,339
Make,2015,485,311FT
Make,2015,485,313TT
Make,2015,485,315AL
Make,2015,485,322
Make,2015,485,323
Make,2015,485,324
Make,2015,485,325
Make,2015,485,326
Make,2015,485,441
Make,2015,485,452
Make,2015,485,481
Make,2015,485,482
Make,2015,485,483
Make,2015,485,484
Make,2015,485,486
Make,2015,485,493
Make,2015,485,511
Make,2015,485,512
Make,2015,485,513
Make,2015,485,514
Make,2015,485,521CI
Make,2015,485,523
Make,2015,485,524
Make,2015,485,525
Make,2015,485,HS
Make,2015,485,532RL
Make,2015,485,5411
Make,2015,485,55
Make,2015,485,561
Make,2015,485,562
Make,2015,485,61
Make,2015,485,622
Make,2015,485,623
Make,2015,485,624
Make,2015,485,711AS
Make,2015,485,713
Make,2015,485,721
Make,2015,485,722
Make,2015,485,GFGD
Make,2015,485,GFGN
Make,2015,485,GFE
Make,2015,485,GSLG
Make,2015,485,GSLE
Make,2015,485,Used
Make,2015,485,Other
Make,2015,486,111CA
Make,2015,486,113FF
Make,2015,486,211
Make,2015,486,212
Make,2015,486,213
Make,2015,486,321
Make,2015,486,327
Make,2015,486,331
Make,2015,486,332
Make,2015,486,333
Make,2015,486,334
Make,2015,486,335
Make,2015,486,3361MV
Make,2015,486,3364OT
Make,2015,486,337
Make,2015,486,339
Make,2015,486,311FT
Make,2015,486,313TT
Make,2015,486,315AL
Make,2015,486,322
Make,2015,486,323
Make,2015,486,324
Make,2015,486,325
Make,2015,486,326
Make,2015,486,42
Make,2015,486,441
Make,2015,486,445
Make,2015,486,452
Make,2015,486,4A0
Make,2015,486,481
Make,2015,486,482
Make,2015,486,483
Make,2015,486,484
Make,2015,486,485
Make,2015,486,487OS
Make,2015,486,493
Make,2015,486,511
Make,2015,486,512
Make,2015,486,513
Make,2015,486,514
Make,2015,486,521CI
Make,2015,486,523
Make,2015,486,524
Make,2015,486,525
Make,2015,486,HS
Make,2015,486,ORE
Make,2015,486,532RL
Make,2015,486,5411
Make,2015,486,55
Make,2015,486,561
Make,2015,486,562
Make,2015,486,61
Make,2015,486,621
Make,2015,486,622
Make,2015,486,623
Make,2015,486,624
Make,2015,486,711AS
Make,2015,486,713
Make,2015,486,721
Make,2015,486,722
Make,2015,486,81
Make,2015,486,GFGD
Make,2015,486,GFGN
Make,2015,486,GFE
Make,2015,486,GSLG
Make,2015,486,GSLE
Make,2015,486,Used
Make,2015,486,Other
Make,2015,487OS,111CA
Make,2015,487OS,211
Make,2015,487OS,212
Make,2015,487OS,213
Make,2015,487OS,22
Make,2015,487OS,321
Make,2015,487OS,327
Make,2015,487OS,331
Make,2015,487OS,332
Make,2015,487OS,333
Make,2015,487OS,334
Make,2015,487OS,335
Make,2015,487OS,3361MV
Make,2015,487OS,3364OT
Make,2015,487OS,337
Make,2015,487OS,339
Make,2015,487OS,311FT
Make,2015,487OS,313TT
Make,2015,487OS,315AL
Make,2015,487OS,322
Make,2015,487OS,323
Make,2015,487OS,324
Make,2015,487OS,325
Make,2015,487OS,326
Make,2015,487OS,441
Make,2015,487OS,452
Make,2015,487OS,482
Make,2015,487OS,486
Make,2015,487OS,511
Make,2015,487OS,512
Make,2015,487OS,513
Make,2015,487OS,514
Make,2015,487OS,521CI
Make,2015,487OS,523
Make,2015,487OS,525
Make,2015,487OS,HS
Make,2015,487OS,ORE
Make,2015,487OS,5411
Make,2015,487OS,55
Make,2015,487OS,622
Make,2015,487OS,623
Make,2015,487OS,624
Make,2015,487OS,711AS
Make,2015,487OS,721
Make,2015,487OS,GFGD
Make,2015,487OS,GFGN
Make,2015,487OS,GFE
Make,2015,487OS,GSLG
Make,2015,487OS,GSLE
Make,2015,487OS,Used
Make,2015,487OS,Other
Make,2015,493,111CA
Make,2015,493,113FF
Make,2015,493,211
Make,2015,493,212
Make,2015,493,213
Make,2015,493,22
Make,2015,493,321
Make,2015,493,327
Make,2015,493,331
Make,2015,493,332
Make,2015,493,333
Make,2015,493,334
Make,2015,493,335
Make,2015,493,3361MV
Make,2015,493,3364OT
Make,2015,493,337
Make,2015,493,339
Make,2015,493,311FT
Make,2015,493,313TT
Make,2015,493,315AL
Make,2015,493,322
Make,2015,493,323
Make,2015,493,324
Make,2015,493,325
Make,2015,493,326
Make,2015,493,42
Make,2015,493,441
Make,2015,493,445
Make,2015,493,452
Make,2015,493,481
Make,2015,493,482
Make,2015,493,483
Make,2015,493,485
Make,2015,493,486
Make,2015,493,511
Make,2015,493,512
Make,2015,493,513
Make,2015,493,514
Make,2015,493,521CI
Make,2015,493,523
Make,2015,493,524
Make,2015,493,525
Make,2015,493,HS
Make,2015,493,ORE
Make,2015,493,5411
Make,2015,493,55
Make,2015,493,561
Make,2015,493,61
Make,2015,493,621
Make,2015,493,622
Make,2015,493,623
Make,2015,493,624
Make,2015,493,711AS
Make,2015,493,713
Make,2015,493,721
Make,2015,493,722
Make,2015,493,GFGD
Make,2015,493,GFGN
Make,2015,493,GFE
Make,2015,493,GSLG
Make,2015,493,GSLE
Make,2015,493,Used
Make,2015,493,Other
Make,2015,511,111CA
Make,2015,511,113FF
Make,2015,511,211
Make,2015,511,212
Make,2015,511,213
Make,2015,511,22
Make,2015,511,321
Make,2015,511,327
Make,2015,511,331
Make,2015,511,332
Make,2015,511,333
Make,2015,511,334
Make,2015,511,335
Make,2015,511,3361MV
Make,2015,511,3364OT
Make,2015,511,337
Make,2015,511,339
Make,2015,511,311FT
Make,2015,511,313TT
Make,2015,511,315AL
Make,2015,511,322
Make,2015,511,324
Make,2015,511,325
Make,2015,511,326
Make,2015,511,441
Make,2015,511,445
Make,2015,511,452
Make,2015,511,481
Make,2015,511,482
Make,2015,511,483
Make,2015,511,484
Make,2015,511,485
Make,2015,511,486
Make,2015,511,487OS
Make,2015,511,493
Make,2015,511,512
Make,2015,511,521CI
Make,2015,511,523
Make,2015,511,524
Make,2015,511,525
Make,2015,511,HS
Make,2015,511,ORE
Make,2015,511,5411
Make,2015,511,55
Make,2015,511,621
Make,2015,511,622
Make,2015,511,623
Make,2015,511,624
Make,2015,511,711AS
Make,2015,511,713
Make,2015,511,721
Make,2015,511,722
Make,2015,511,GFGD
Make,2015,511,GFGN
Make,2015,511,GFE
Make,2015,511,GSLG
Make,2015,511,GSLE
Make,2015,511,Used
Make,2015,511,Other
Make,2015,512,111CA
Make,2015,512,113FF
Make,2015,512,211
Make,2015,512,212
Make,2015,512,213
Make,2015,512,22
Make,2015,512,321
Make,2015,512,327
Make,2015,512,331
Make,2015,512,332
Make,2015,512,333
Make,2015,512,335
Make,2015,512,3361MV
Make,2015,512,3364OT
Make,2015,512,337
Make,2015,512,339
Make,2015,512,311FT
Make,2015,512,313TT
Make,2015,512,315AL
Make,2015,512,322
Make,2015,512,323
Make,2015,512,324
Make,2015,512,325
Make,2015,512,326
Make,2015,512,441
Make,2015,512,445
Make,2015,512,452
Make,2015,512,481
Make,2015,512,482
Make,2015,512,483
Make,2015,512,484
Make,2015,512,485
Make,2015,512,486
Make,2015,512,487OS
Make,2015,512,493
Make,2015,512,511
Make,2015,512,513
Make,2015,512,514
Make,2015,512,521CI
Make,2015,512,523
Make,2015,512,524
Make,2015,512,525
Make,2015,512,HS
Make,2015,512,5411
Make,2015,512,55
Make,2015,512,561
Make,2015,512,562
Make,2015,512,61
Make,2015,512,621
Make,2015,512,622
Make,2015,512,623
Make,2015,512,624
Make,2015,512,711AS
Make,2015,512,721
Make,2015,512,722
Make,2015,512,81
Make,2015,512,GFGD
Make,2015,512,GFGN
Make,2015,512,GFE
Make,2015,512,GSLG
Make,2015,512,GSLE
Make,2015,512,Used
Make,2015,512,Other
Make,2015,513,111CA
Make,2015,513,113FF
Make,2015,513,211
Make,2015,513,212
Make,2015,513,213
Make,2015,513,22
Make,2015,513,321
Make,2015,513,327
Make,2015,513,331
Make,2015,513,332
Make,2015,513,333
Make,2015,513,334
Make,2015,513,335
Make,2015,513,3361MV
Make,2015,513,3364OT
Make,2015,513,337
Make,2015,513,339
Make,2015,513,311FT
Make,2015,513,313TT
Make,2015,513,315AL
Make,2015,513,322
Make,2015,513,323
Make,2015,513,324
Make,2015,513,325
Make,2015,513,326
Make,2015,513,441
Make,2015,513,445
Make,2015,513,452
Make,2015,513,481
Make,2015,513,482
Make,2015,513,483
Make,2015,513,484
Make,2015,513,485
Make,2015,513,486
Make,2015,513,487OS
Make,2015,513,493
Make,2015,513,511
Make,2015,513,521CI
Make,2015,513,523
Make,2015,513,524
Make,2015,513,525
Make,2015,513,HS
Make,2015,513,ORE
Make,2015,513,5411
Make,2015,513,55
Make,2015,513,561
Make,2015,513,562
Make,2015,513,621
Make,2015,513,622
Make,2015,513,623
Make,2015,513,624
Make,2015,513,711AS
Make,2015,513,713
Make,2015,513,721
Make,2015,513,722
Make,2015,513,GFGD
Make,2015,513,GFGN
Make,2015,513,GFE
Make,2015,513,GSLG
Make,2015,513,GSLE
Make,2015,513,Used
Make,2015,513,Other
Make,2015,514,111CA
Make,2015,514,113FF
Make,2015,514,211
Make,2015,514,212
Make,2015,514,213
Make,2015,514,22
Make,2015,514,321
Make,2015,514,327
Make,2015,514,331
Make,2015,514,332
Make,2015,514,333
Make,2015,514,335
Make,2015,514,3361MV
Make,2015,514,3364OT
Make,2015,514,337
Make,2015,514,339
Make,2015,514,311FT
Make,2015,514,313TT
Make,2015,514,315AL
Make,2015,514,322
Make,2015,514,323
Make,2015,514,324
Make,2015,514,325
Make,2015,514,326
Make,2015,514,441
Make,2015,514,445
Make,2015,514,452
Make,2015,514,481
Make,2015,514,482
Make,2015,514,483
Make,2015,514,484
Make,2015,514,485
Make,2015,514,486
Make,2015,514,487OS
Make,2015,514,493
Make,2015,514,512
Make,2015,514,521CI
Make,2015,514,523
Make,2015,514,524
Make,2015,514,525
Make,2015,514,HS
Make,2015,514,ORE
Make,2015,514,5411
Make,2015,514,55
Make,2015,514,562
Make,2015,514,621
Make,2015,514,622
Make,2015,514,623
Make,2015,514,624
Make,2015,514,711AS
Make,2015,514,713
Make,2015,514,721
Make,2015,514,722
Make,2015,514,GFGD
Make,2015,514,GFGN
Make,2015,514,GFE
Make,2015,514,GSLG
Make,2015,514,GSLE
Make,2015,514,Used
Make,2015,514,Other
Make,2015,521CI,111CA
Make,2015,521CI,113FF
Make,2015,521CI,211
Make,2015,521CI,212
Make,2015,521CI,213
Make,2015,521CI,22
Make,2015,521CI,321
Make,2015,521CI,327
Make,2015,521CI,331
Make,2015,521CI,332
Make,2015,521CI,333
Make,2015,521CI,334
Make,2015,521CI,335
Make,2015,521CI,3361MV
Make,2015,521CI,3364OT
Make,2015,521CI,337
Make,2015,521CI,339
Make,2015,521CI,311FT
Make,2015,521CI,313TT
Make,2015,521CI,315AL
Make,2015,521CI,322
Make,2015,521CI,323
Make,2015,521CI,324
Make,2015,521CI,325
Make,2015,521CI,326
Make,2015,521CI,42
Make,2015,521CI,441
Make,2015,521CI,445
Make,2015,521CI,452
Make,2015,521CI,481
Make,2015,521CI,482
Make,2015,521CI,483
Make,2015,521CI,484
Make,2015,521CI,485
Make,2015,521CI,486
Make,2015,521CI,487OS
Make,2015,521CI,493
Make,2015,521CI,511
Make,2015,521CI,512
Make,2015,521CI,513
Make,2015,521CI,514
Make,2015,521CI,524
Make,2015,521CI,525
Make,2015,521CI,HS
Make,2015,521CI,ORE
Make,2015,521CI,5411
Make,2015,521CI,55
Make,2015,521CI,561
Make,2015,521CI,562
Make,2015,521CI,61
Make,2015,521CI,621
Make,2015,521CI,622
Make,2015,521CI,623
Make,2015,521CI,624
Make,2015,521CI,711AS
Make,2015,521CI,713
Make,2015,521CI,721
Make,2015,521CI,722
Make,2015,521CI,81
Make,2015,521CI,GFGD
Make,2015,521CI,GFGN
Make,2015,521CI,GFE
Make,2015,521CI,GSLG
Make,2015,521CI,GSLE
Make,2015,521CI,Used
Make,2015,521CI,Other
Make,2015,523,111CA
Make,2015,523,113FF
Make,2015,523,211
Make,2015,523,212
Make,2015,523,213
Make,2015,523,22
Make,2015,523,321
Make,2015,523,327
Make,2015,523,331
Make,2015,523,332
Make,2015,523,333
Make,2015,523,334
Make,2015,523,335
Make,2015,523,3361MV
Make,2015,523,3364OT
Make,2015,523,337
Make,2015,523,339
Make,2015,523,311FT
Make,2015,523,313TT
Make,2015,523,315AL
Make,2015,523,322
Make,2015,523,323
Make,2015,523,324
Make,2015,523,325
Make,2015,523,326
Make,2015,523,42
Make,2015,523,441
Make,2015,523,445
Make,2015,523,452
Make,2015,523,4A0
Make,2015,523,481
Make,2015,523,482
Make,2015,523,483
Make,2015,523,484
Make,2015,523,485
Make,2015,523,486
Make,2015,523,487OS
Make,2015,523,493
Make,2015,523,511
Make,2015,523,512
Make,2015,523,513
Make,2015,523,514
Make,2015,523,525
Make,2015,523,HS
Make,2015,523,ORE
Make,2015,523,532RL
Make,2015,523,5411
Make,2015,523,55
Make,2015,523,561
Make,2015,523,562
Make,2015,523,61
Make,2015,523,621
Make,2015,523,622
Make,2015,523,623
Make,2015,523,624
Make,2015,523,711AS
Make,2015,523,713
Make,2015,523,721
Make,2015,523,722
Make,2015,523,81
Make,2015,523,GFGD
Make,2015,523,GFGN
Make,2015,523,GFE
Make,2015,523,GSLG
Make,2015,523,GSLE
Make,2015,523,Used
Make,2015,523,Other
Make,2015,524,111CA
Make,2015,524,113FF
Make,2015,524,211
Make,2015,524,212
Make,2015,524,213
Make,2015,524,22
Make,2015,524,321
Make,2015,524,327
Make,2015,524,331
Make,2015,524,332
Make,2015,524,333
Make,2015,524,334
Make,2015,524,335
Make,2015,524,3361MV
Make,2015,524,3364OT
Make,2015,524,337
Make,2015,524,339
Make,2015,524,311FT
Make,2015,524,313TT
Make,2015,524,315AL
Make,2015,524,322
Make,2015,524,323
Make,2015,524,324
Make,2015,524,325
Make,2015,524,326
Make,2015,524,42
Make,2015,524,441
Make,2015,524,445
Make,2015,524,452
Make,2015,524,4A0
Make,2015,524,481
Make,2015,524,482
Make,2015,524,483
Make,2015,524,484
Make,2015,524,485
Make,2015,524,486
Make,2015,524,487OS
Make,2015,524,493
Make,2015,524,511
Make,2015,524,512
Make,2015,524,513
Make,2015,524,514
Make,2015,524,521CI
Make,2015,524,525
Make,2015,524,HS
Make,2015,524,532RL
Make,2015,524,55
Make,2015,524,561
Make,2015,524,562
Make,2015,524,61
Make,2015,524,621
Make,2015,524,622
Make,2015,524,623
Make,2015,524,624
Make,2015,524,711AS
Make,2015,524,713
Make,2015,524,721
Make,2015,524,722
Make,2015,524,81
Make,2015,524,GFGD
Make,2015,524,GFGN
Make,2015,524,GFE
Make,2015,524,GSLG
Make,2015,524,GSLE
Make,2015,524,Used
Make,2015,524,Other
Make,2015,525,111CA
Make,2015,525,113FF
Make,2015,525,211
Make,2015,525,212
Make,2015,525,213
Make,2015,525,22
Make,2015,525,321
Make,2015,525,327
Make,2015,525,331
Make,2015,525,332
Make,2015,525,333
Make,2015,525,334
Make,2015,525,335
Make,2015,525,3361MV
Make,2015,525,3364OT
Make,2015,525,337
Make,2015,525,339
Make,2015,525,311FT
Make,2015,525,313TT
Make,2015,525,315AL
Make,2015,525,322
Make,2015,525,323
Make,2015,525,324
Make,2015,525,325
Make,2015,525,326
Make,2015,525,42
Make,2015,525,441
Make,2015,525,445
Make,2015,525,452
Make,2015,525,4A0
Make,2015,525,481
Make,2015,525,482
Make,2015,525,483
Make,2015,525,484
Make,2015,525,485
Make,2015,525,486
Make,2015,525,487OS
Make,2015,525,493
Make,2015,525,511
Make,2015,525,512
Make,2015,525,513
Make,2015,525,514
Make,2015,525,521CI
Make,2015,525,523
Make,2015,525,524
Make,2015,525,HS
Make,2015,525,ORE
Make,2015,525,532RL
Make,2015,525,5411
Make,2015,525,55
Make,2015,525,561
Make,2015,525,562
Make,2015,525,61
Make,2015,525,621
Make,2015,525,622
Make,2015,525,623
Make,2015,525,624
Make,2015,525,711AS
Make,2015,525,713
Make,2015,525,721
Make,2015,525,722
Make,2015,525,81
Make,2015,525,GFGD
Make,2015,525,GFGN
Make,2015,525,GFE
Make,2015,525,GSLG
Make,2015,525,GSLE
Make,2015,525,Used
Make,2015,525,Other
Make,2015,HS,111CA
Make,2015,HS,113FF
Make,2015,HS,211
Make,2015,HS,212
Make,2015,HS,213
Make,2015,HS,22
Make,2015,HS,321
Make,2015,HS,327
Make,2015,HS,331
Make,2015,HS,332
Make,2015,HS,333
Make,2015,HS,334
Make,2015,HS,335
Make,2015,HS,3361MV
Make,2015,HS,3364OT
Make,2015,HS,337
Make,2015,HS,339
Make,2015,HS,311FT
Make,2015,HS,313TT
Make,2015,HS,315AL
Make,2015,HS,322
Make,2015,HS,323
Make,2015,HS,324
Make,2015,HS,325
Make,2015,HS,326
Make,2015,HS,42
Make,2015,HS,441
Make,2015,HS,445
Make,2015,HS,452
Make,2015,HS,4A0
Make,2015,HS,481
Make,2015,HS,482
Make,2015,HS,483
Make,2015,HS,484
Make,2015,HS,485
Make,2015,HS,486
Make,2015,HS,487OS
Make,2015,HS,493
Make,2015,HS,511
Make,2015,HS,512
Make,2015,HS,513
Make,2015,HS,514
Make,2015,HS,521CI
Make,2015,HS,523
Make,2015,HS,524
Make,2015,HS,525
Make,2015,HS,ORE
Make,2015,HS,532RL
Make,2015,HS,5411
Make,2015,HS,55
Make,2015,HS,561
Make,2015,HS,562
Make,2015,HS,61
Make,2015,HS,621
Make,2015,HS,622
Make,2015,HS,623
Make,2015,HS,624
Make,2015,HS,711AS
Make,2015,HS,713
Make,2015,HS,721
Make,2015,HS,722
Make,2015,HS,81
Make,2015,HS,GFGD
Make,2015,HS,GFGN
Make,2015,HS,GFE
Make,2015,HS,GSLG
Make,2015,HS,GSLE
Make,2015,HS,Used
Make,2015,HS,Other
Make,2015,ORE,111CA
Make,2015,ORE,113FF
Make,2015,ORE,211
Make,2015,ORE,212
Make,2015,ORE,213
Make,2015,ORE,22
Make,2015,ORE,321
Make,2015,ORE,327
Make,2015,ORE,331
Make,2015,ORE,332
Make,2015,ORE,333
Make,2015,ORE,334
Make,2015,ORE,335
Make,2015,ORE,3361MV
Make,2015,ORE,3364OT
Make,2015,ORE,337
Make,2015,ORE,339
Make,2015,ORE,311FT
Make,2015,ORE,313TT
Make,2015,ORE,315AL
Make,2015,ORE,322
Make,2015,ORE,323
Make,2015,ORE,324
Make,2015,ORE,325
Make,2015,ORE,326
Make,2015,ORE,42
Make,2015,ORE,441
Make,2015,ORE,445
Make,2015,ORE,452
Make,2015,ORE,4A0
Make,2015,ORE,481
Make,2015,ORE,482
Make,2015,ORE,483
Make,2015,ORE,484
Make,2015,ORE,485
Make,2015,ORE,486
Make,2015,ORE,487OS
Make,2015,ORE,493
Make,2015,ORE,511
Make,2015,ORE,512
Make,2015,ORE,513
Make,2015,ORE,514
Make,2015,ORE,523
Make,2015,ORE,525
Make,2015,ORE,HS
Make,2015,ORE,532RL
Make,2015,ORE,5411
Make,2015,ORE,55
Make,2015,ORE,561
Make,2015,ORE,562
Make,2015,ORE,61
Make,2015,ORE,621
Make,2015,ORE,622
Make,2015,ORE,623
Make,2015,ORE,624
Make,2015,ORE,711AS
Make,2015,ORE,722
Make,2015,ORE,GFGD
Make,2015,ORE,GFGN
Make,2015,ORE,GFE
Make,2015,ORE,GSLG
Make,2015,ORE,GSLE
Make,2015,ORE,Used
Make,2015,ORE,Other
Make,2015,532RL,111CA
Make,2015,532RL,113FF
Make,2015,532RL,211
Make,2015,532RL,212
Make,2015,532RL,213
Make,2015,532RL,22
Make,2015,532RL,321
Make,2015,532RL,327
Make,2015,532RL,331
Make,2015,532RL,332
Make,2015,532RL,333
Make,2015,532RL,334
Make,2015,532RL,335
Make,2015,532RL,3361MV
Make,2015,532RL,3364OT
Make,2015,532RL,337
Make,2015,532RL,339
Make,2015,532RL,311FT
Make,2015,532RL,313TT
Make,2015,532RL,315AL
Make,2015,532RL,322
Make,2015,532RL,323
Make,2015,532RL,324
Make,2015,532RL,325
Make,2015,532RL,326
Make,2015,532RL,42
Make,2015,532RL,445
Make,2015,532RL,481
Make,2015,532RL,482
Make,2015,532RL,483
Make,2015,532RL,486
Make,2015,532RL,487OS
Make,2015,532RL,493
Make,2015,532RL,511
Make,2015,532RL,512
Make,2015,532RL,513
Make,2015,532RL,514
Make,2015,532RL,525
Make,2015,532RL,HS
Make,2015,532RL,5411
Make,2015,532RL,55
Make,2015,532RL,561
Make,2015,532RL,562
Make,2015,532RL,621
Make,2015,532RL,622
Make,2015,532RL,623
Make,2015,532RL,624
Make,2015,532RL,711AS
Make,2015,532RL,713
Make,2015,532RL,721
Make,2015,532RL,722
Make,2015,532RL,GFGD
Make,2015,532RL,GFGN
Make,2015,532RL,GFE
Make,2015,532RL,GSLG
Make,2015,532RL,GSLE
Make,2015,532RL,Used
Make,2015,532RL,Other
Make,2015,5411,111CA
Make,2015,5411,113FF
Make,2015,5411,211
Make,2015,5411,212
Make,2015,5411,213
Make,2015,5411,22
Make,2015,5411,321
Make,2015,5411,327
Make,2015,5411,331
Make,2015,5411,332
Make,2015,5411,333
Make,2015,5411,334
Make,2015,5411,335
Make,2015,5411,3361MV
Make,2015,5411,3364OT
Make,2015,5411,337
Make,2015,5411,339
Make,2015,5411,311FT
Make,2015,5411,313TT
Make,2015,5411,315AL
Make,2015,5411,322
Make,2015,5411,323
Make,2015,5411,324
Make,2015,5411,325
Make,2015,5411,326
Make,2015,5411,42
Make,2015,5411,441
Make,2015,5411,445
Make,2015,5411,452
Make,2015,5411,4A0
Make,2015,5411,481
Make,2015,5411,482
Make,2015,5411,483
Make,2015,5411,484
Make,2015,5411,485
Make,2015,5411,486
Make,2015,5411,487OS
Make,2015,5411,493
Make,2015,5411,511
Make,2015,5411,512
Make,2015,5411,513
Make,2015,5411,514
Make,2015,5411,521CI
Make,2015,5411,523
Make,2015,5411,524
Make,2015,5411,525
Make,2015,5411,HS
Make,2015,5411,ORE
Make,2015,5411,532RL
Make,2015,5411,55
Make,2015,5411,561
Make,2015,5411,562
Make,2015,5411,61
Make,2015,5411,621
Make,2015,5411,622
Make,2015,5411,623
Make,2015,5411,624
Make,2015,5411,711AS
Make,2015,5411,713
Make,2015,5411,721
Make,2015,5411,722
Make,2015,5411,81
Make,2015,5411,GFGD
Make,2015,5411,GFGN
Make,2015,5411,GFE
Make,2015,5411,GSLG
Make,2015,5411,GSLE
Make,2015,5411,Used
Make,2015,5411,Other
Make,2015,5415,111CA
Make,2015,5415,113FF
Make,2015,5415,211
Make,2015,5415,212
Make,2015,5415,213
Make,2015,5415,22
Make,2015,5415,321
Make,2015,5415,327
Make,2015,5415,331
Make,2015,5415,332
Make,2015,5415,333
Make,2015,5415,334
Make,2015,5415,335
Make,2015,5415,3361MV
Make,2015,5415,3364OT
Make,2015,5415,337
Make,2015,5415,339
Make,2015,5415,311FT
Make,2015,5415,313TT
Make,2015,5415,315AL
Make,2015,5415,322
Make,2015,5415,323
Make,2015,5415,324
Make,2015,5415,325
Make,2015,5415,326
Make,2015,5415,441
Make,2015,5415,445
Make,2015,5415,452
Make,2015,5415,481
Make,2015,5415,482
Make,2015,5415,483
Make,2015,5415,484
Make,2015,5415,485
Make,2015,5415,486
Make,2015,5415,487OS
Make,2015,5415,493
Make,2015,5415,512
Make,2015,5415,521CI
Make,2015,5415,523
Make,2015,5415,524
Make,2015,5415,525
Make,2015,5415,HS
Make,2015,5415,ORE
Make,2015,5415,5411
Make,2015,5415,55
Make,2015,5415,562
Make,2015,5415,621
Make,2015,5415,622
Make,2015,5415,623
Make,2015,5415,624
Make,2015,5415,711AS
Make,2015,5415,713
Make,2015,5415,721
Make,2015,5415,722
Make,2015,5415,GFGD
Make,2015,5415,GFGN
Make,2015,5415,GFE
Make,2015,5415,GSLG
Make,2015,5415,GSLE
Make,2015,5415,Used
Make,2015,5415,Other
Make,2015,5412OP,111CA
Make,2015,5412OP,113FF
Make,2015,5412OP,211
Make,2015,5412OP,212
Make,2015,5412OP,213
Make,2015,5412OP,22
Make,2015,5412OP,321
Make,2015,5412OP,327
Make,2015,5412OP,331
Make,2015,5412OP,332
Make,2015,5412OP,333
Make,2015,5412OP,334
Make,2015,5412OP,335
Make,2015,5412OP,3361MV
Make,2015,5412OP,3364OT
Make,2015,5412OP,337
Make,2015,5412OP,339
Make,2015,5412OP,311FT
Make,2015,5412OP,313TT
Make,2015,5412OP,315AL
Make,2015,5412OP,322
Make,2015,5412OP,324
Make,2015,5412OP,325
Make,2015,5412OP,326
Make,2015,5412OP,42
Make,2015,5412OP,441
Make,2015,5412OP,445
Make,2015,5412OP,481
Make,2015,5412OP,482
Make,2015,5412OP,483
Make,2015,5412OP,484
Make,2015,5412OP,485
Make,2015,5412OP,486
Make,2015,5412OP,487OS
Make,2015,5412OP,493
Make,2015,5412OP,511
Make,2015,5412OP,512
Make,2015,5412OP,513
Make,2015,5412OP,521CI
Make,2015,5412OP,524
Make,2015,5412OP,525
Make,2015,5412OP,HS
Make,2015,5412OP,ORE
Make,2015,5412OP,5411
Make,2015,5412OP,55
Make,2015,5412OP,562
Make,2015,5412OP,61
Make,2015,5412OP,621
Make,2015,5412OP,622
Make,2015,5412OP,623
Make,2015,5412OP,624
Make,2015,5412OP,713
Make,2015,5412OP,721
Make,2015,5412OP,722
Make,2015,5412OP,GFGD
Make,2015,5412OP,GFGN
Make,2015,5412OP,GFE
Make,2015,5412OP,GSLG
Make,2015,5412OP,GSLE
Make,2015,5412OP,Used
Make,2015,5412OP,Other
Make,2015,55,111CA
Make,2015,55,113FF
Make,2015,55,211
Make,2015,55,212
Make,2015,55,213
Make,2015,55,22
Make,2015,55,321
Make,2015,55,327
Make,2015,55,331
Make,2015,55,332
Make,2015,55,333
Make,2015,55,334
Make,2015,55,335
Make,2015,55,3361MV
Make,2015,55,3364OT
Make,2015,55,337
Make,2015,55,339
Make,2015,55,311FT
Make,2015,55,313TT
Make,2015,55,315AL
Make,2015,55,322
Make,2015,55,323
Make,2015,55,324
Make,2015,55,325
Make,2015,55,326
Make,2015,55,42
Make,2015,55,441
Make,2015,55,445
Make,2015,55,452
Make,2015,55,4A0
Make,2015,55,481
Make,2015,55,482
Make,2015,55,483
Make,2015,55,484
Make,2015,55,485
Make,2015,55,486
Make,2015,55,487OS
Make,2015,55,493
Make,2015,55,511
Make,2015,55,512
Make,2015,55,513
Make,2015,55,514
Make,2015,55,521CI
Make,2015,55,523
Make,2015,55,524
Make,2015,55,525
Make,2015,55,HS
Make,2015,55,ORE
Make,2015,55,532RL
Make,2015,55,5411
Make,2015,55,561
Make,2015,55,562
Make,2015,55,61
Make,2015,55,621
Make,2015,55,622
Make,2015,55,623
Make,2015,55,624
Make,2015,55,711AS
Make,2015,55,713
Make,2015,55,721
Make,2015,55,722
Make,2015,55,81
Make,2015,55,GFGD
Make,2015,55,GFGN
Make,2015,55,GFE
Make,2015,55,GSLG
Make,2015,55,GSLE
Make,2015,55,Used
Make,2015,55,Other
Make,2015,561,111CA
Make,2015,561,113FF
Make,2015,561,211
Make,2015,561,212
Make,2015,561,213
Make,2015,561,22
Make,2015,561,321
Make,2015,561,327
Make,2015,561,331
Make,2015,561,332
Make,2015,561,333
Make,2015,561,334
Make,2015,561,335
Make,2015,561,3361MV
Make,2015,561,3364OT
Make,2015,561,337
Make,2015,561,339
Make,2015,561,311FT
Make,2015,561,313TT
Make,2015,561,315AL
Make,2015,561,322
Make,2015,561,324
Make,2015,561,325
Make,2015,561,326
Make,2015,561,42
Make,2015,561,441
Make,2015,561,445
Make,2015,561,452
Make,2015,561,481
Make,2015,561,482
Make,2015,561,483
Make,2015,561,484
Make,2015,561,485
Make,2015,561,486
Make,2015,561,487OS
Make,2015,561,493
Make,2015,561,511
Make,2015,561,512
Make,2015,561,513
Make,2015,561,514
Make,2015,561,521CI
Make,2015,561,523
Make,2015,561,525
Make,2015,561,HS
Make,2015,561,5411
Make,2015,561,55
Make,2015,561,622
Make,2015,561,623
Make,2015,561,711AS
Make,2015,561,713
Make,2015,561,721
Make,2015,561,722
Make,2015,561,GFGD
Make,2015,561,GFGN
Make,2015,561,GFE
Make,2015,561,GSLG
Make,2015,561,GSLE
Make,2015,561,Used
Make,2015,561,Other
Make,2015,562,111CA
Make,2015,562,113FF
Make,2015,562,212
Make,2015,562,213
Make,2015,562,22
Make,2015,562,321
Make,2015,562,327
Make,2015,562,331
Make,2015,562,332
Make,2015,562,333
Make,2015,562,334
Make,2015,562,335
Make,2015,562,3361MV
Make,2015,562,3364OT
Make,2015,562,337
Make,2015,562,339
Make,2015,562,311FT
Make,2015,562,313TT
Make,2015,562,315AL
Make,2015,562,322
Make,2015,562,323
Make,2015,562,324
Make,2015,562,325
Make,2015,562,326
Make,2015,562,42
Make,2015,562,441
Make,2015,562,445
Make,2015,562,452
Make,2015,562,481
Make,2015,562,482
Make,2015,562,483
Make,2015,562,484
Make,2015,562,485
Make,2015,562,486
Make,2015,562,493
Make,2015,562,511
Make,2015,562,512
Make,2015,562,513
Make,2015,562,514
Make,2015,562,521CI
Make,2015,562,523
Make,2015,562,524
Make,2015,562,525
Make,2015,562,HS
Make,2015,562,ORE
Make,2015,562,5411
Make,2015,562,55
Make,2015,562,561
Make,2015,562,61
Make,2015,562,621
Make,2015,562,622
Make,2015,562,623
Make,2015,562,624
Make,2015,562,711AS
Make,2015,562,713
Make,2015,562,721
Make,2015,562,722
Make,2015,562,81
Make,2015,562,GFGD
Make,2015,562,GFGN
Make,2015,562,GFE
Make,2015,562,GSLG
Make,2015,562,GSLE
Make,2015,562,Other
Make,2015,61,111CA
Make,2015,61,113FF
Make,2015,61,211
Make,2015,61,212
Make,2015,61,213
Make,2015,61,22
Make,2015,61,321
Make,2015,61,327
Make,2015,61,331
Make,2015,61,332
Make,2015,61,333
Make,2015,61,334
Make,2015,61,335
Make,2015,61,3361MV
Make,2015,61,3364OT
Make,2015,61,337
Make,2015,61,339
Make,2015,61,311FT
Make,2015,61,313TT
Make,2015,61,315AL
Make,2015,61,322
Make,2015,61,323
Make,2015,61,324
Make,2015,61,325
Make,2015,61,326
Make,2015,61,42
Make,2015,61,441
Make,2015,61,445
Make,2015,61,452
Make,2015,61,481
Make,2015,61,482
Make,2015,61,483
Make,2015,61,484
Make,2015,61,485
Make,2015,61,486
Make,2015,61,487OS
Make,2015,61,493
Make,2015,61,511
Make,2015,61,512
Make,2015,61,513
Make,2015,61,514
Make,2015,61,521CI
Make,2015,61,523
Make,2015,61,525
Make,2015,61,HS
Make,2015,61,5411
Make,2015,61,55
Make,2015,61,561
Make,2015,61,562
Make,2015,61,621
Make,2015,61,622
Make,2015,61,623
Make,2015,61,624
Make,2015,61,713
Make,2015,61,GFGD
Make,2015,61,GFGN
Make,2015,61,GFE
Make,2015,61,GSLG
Make,2015,61,GSLE
Make,2015,61,Used
Make,2015,61,Other
Make,2015,621,111CA
Make,2015,621,113FF
Make,2015,621,211
Make,2015,621,212
Make,2015,621,213
Make,2015,621,22
Make,2015,621,321
Make,2015,621,327
Make,2015,621,331
Make,2015,621,332
Make,2015,621,333
Make,2015,621,334
Make,2015,621,335
Make,2015,621,3361MV
Make,2015,621,3364OT
Make,2015,621,337
Make,2015,621,339
Make,2015,621,311FT
Make,2015,621,313TT
Make,2015,621,315AL
Make,2015,621,322
Make,2015,621,323
Make,2015,621,324
Make,2015,621,325
Make,2015,621,326
Make,2015,621,42
Make,2015,621,441
Make,2015,621,445
Make,2015,621,452
Make,2015,621,481
Make,2015,621,482
Make,2015,621,483
Make,2015,621,484
Make,2015,621,485
Make,2015,621,486
Make,2015,621,487OS
Make,2015,621,493
Make,2015,621,511
Make,2015,621,512
Make,2015,621,513
Make,2015,621,514
Make,2015,621,521CI
Make,2015,621,523
Make,2015,621,524
Make,2015,621,525
Make,2015,621,HS
Make,2015,621,ORE
Make,2015,621,5411
Make,2015,621,55
Make,2015,621,561
Make,2015,621,562
Make,2015,621,61
Make,2015,621,622
Make,2015,621,624
Make,2015,621,711AS
Make,2015,621,713
Make,2015,621,721
Make,2015,621,81
Make,2015,621,GFGD
Make,2015,621,GFGN
Make,2015,621,GFE
Make,2015,621,GSLG
Make,2015,621,GSLE
Make,2015,621,Used
Make,2015,621,Other
Make,2015,622,111CA
Make,2015,622,113FF
Make,2015,622,211
Make,2015,622,212
Make,2015,622,213
Make,2015,622,22
Make,2015,622,321
Make,2015,622,327
Make,2015,622,331
Make,2015,622,332
Make,2015,622,333
Make,2015,622,334
Make,2015,622,335
Make,2015,622,3361MV
Make,2015,622,3364OT
Make,2015,622,337
Make,2015,622,339
Make,2015,622,311FT
Make,2015,622,313TT
Make,2015,622,315AL
Make,2015,622,322
Make,2015,622,323
Make,2015,622,324
Make,2015,622,325
Make,2015,622,326
Make,2015,622,42
Make,2015,622,441
Make,2015,622,445
Make,2015,622,452
Make,2015,622,481
Make,2015,622,482
Make,2015,622,483
Make,2015,622,484
Make,2015,622,485
Make,2015,622,486
Make,2015,622,487OS
Make,2015,622,493
Make,2015,622,511
Make,2015,622,512
Make,2015,622,513
Make,2015,622,514
Make,2015,622,521CI
Make,2015,622,523
Make,2015,622,524
Make,2015,622,525
Make,2015,622,HS
Make,2015,622,ORE
Make,2015,622,5411
Make,2015,622,55
Make,2015,622,561
Make,2015,622,562
Make,2015,622,61
Make,2015,622,624
Make,2015,622,711AS
Make,2015,622,713
Make,2015,622,721
Make,2015,622,81
Make,2015,622,GFGD
Make,2015,622,GFGN
Make,2015,622,GFE
Make,2015,622,GSLG
Make,2015,622,GSLE
Make,2015,622,Used
Make,2015,622,Other
Make,2015,623,111CA
Make,2015,623,113FF
Make,2015,623,211
Make,2015,623,212
Make,2015,623,213
Make,2015,623,22
Make,2015,623,321
Make,2015,623,327
Make,2015,623,331
Make,2015,623,332
Make,2015,623,333
Make,2015,623,334
Make,2015,623,335
Make,2015,623,3361MV
Make,2015,623,3364OT
Make,2015,623,337
Make,2015,623,339
Make,2015,623,311FT
Make,2015,623,313TT
Make,2015,623,315AL
Make,2015,623,322
Make,2015,623,323
Make,2015,623,324
Make,2015,623,325
Make,2015,623,326
Make,2015,623,42
Make,2015,623,441
Make,2015,623,445
Make,2015,623,452
Make,2015,623,481
Make,2015,623,482
Make,2015,623,483
Make,2015,623,484
Make,2015,623,485
Make,2015,623,486
Make,2015,623,487OS
Make,2015,623,493
Make,2015,623,511
Make,2015,623,512
Make,2015,623,513
Make,2015,623,514
Make,2015,623,521CI
Make,2015,623,523
Make,2015,623,524
Make,2015,623,525
Make,2015,623,HS
Make,2015,623,5411
Make,2015,623,55
Make,2015,623,561
Make,2015,623,562
Make,2015,623,61
Make,2015,623,622
Make,2015,623,711AS
Make,2015,623,713
Make,2015,623,721
Make,2015,623,81
Make,2015,623,GFGD
Make,2015,623,GFGN
Make,2015,623,GFE
Make,2015,623,GSLG
Make,2015,623,GSLE
Make,2015,623,Used
Make,2015,623,Other
Make,2015,624,111CA
Make,2015,624,113FF
Make,2015,624,211
Make,2015,624,212
Make,2015,624,213
Make,2015,624,22
Make,2015,624,321
Make,2015,624,327
Make,2015,624,331
Make,2015,624,332
Make,2015,624,333
Make,2015,624,334
Make,2015,624,335
Make,2015,624,3361MV
Make,2015,624,3364OT
Make,2015,624,337
Make,2015,624,339
Make,2015,624,311FT
Make,2015,624,313TT
Make,2015,624,315AL
Make,2015,624,322
Make,2015,624,323
Make,2015,624,324
Make,2015,624,325
Make,2015,624,326
Make,2015,624,42
Make,2015,624,441
Make,2015,624,445
Make,2015,624,481
Make,2015,624,482
Make,2015,624,483
Make,2015,624,484
Make,2015,624,485
Make,2015,624,486
Make,2015,624,487OS
Make,2015,624,493
Make,2015,624,511
Make,2015,624,512
Make,2015,624,513
Make,2015,624,514
Make,2015,624,521CI
Make,2015,624,523
Make,2015,624,524
Make,2015,624,525
Make,2015,624,HS
Make,2015,624,ORE
Make,2015,624,532RL
Make,2015,624,5411
Make,2015,624,55
Make,2015,624,561
Make,2015,624,562
Make,2015,624,61
Make,2015,624,622
Make,2015,624,711AS
Make,2015,624,713
Make,2015,624,721
Make,2015,624,81
Make,2015,624,GFGD
Make,2015,624,GFGN
Make,2015,624,GFE
Make,2015,624,GSLG
Make,2015,624,GSLE
Make,2015,624,Used
Make,2015,624,Other
Make,2015,711AS,111CA
Make,2015,711AS,113FF
Make,2015,711AS,211
Make,2015,711AS,212
Make,2015,711AS,213
Make,2015,711AS,22
Make,2015,711AS,321
Make,2015,711AS,327
Make,2015,711AS,331
Make,2015,711AS,332
Make,2015,711AS,333
Make,2015,711AS,334
Make,2015,711AS,335
Make,2015,711AS,3361MV
Make,2015,711AS,3364OT
Make,2015,711AS,337
Make,2015,711AS,339
Make,2015,711AS,311FT
Make,2015,711AS,313TT
Make,2015,711AS,315AL
Make,2015,711AS,322
Make,2015,711AS,323
Make,2015,711AS,324
Make,2015,711AS,325
Make,2015,711AS,326
Make,2015,711AS,42
Make,2015,711AS,441
Make,2015,711AS,445
Make,2015,711AS,452
Make,2015,711AS,481
Make,2015,711AS,482
Make,2015,711AS,483
Make,2015,711AS,484
Make,2015,711AS,485
Make,2015,711AS,486
Make,2015,711AS,487OS
Make,2015,711AS,493
Make,2015,711AS,511
Make,2015,711AS,512
Make,2015,711AS,513
Make,2015,711AS,514
Make,2015,711AS,521CI
Make,2015,711AS,523
Make,2015,711AS,524
Make,2015,711AS,525
Make,2015,711AS,HS
Make,2015,711AS,5411
Make,2015,711AS,55
Make,2015,711AS,561
Make,2015,711AS,562
Make,2015,711AS,621
Make,2015,711AS,622
Make,2015,711AS,623
Make,2015,711AS,624
Make,2015,711AS,GFGD
Make,2015,711AS,GFGN
Make,2015,711AS,GFE
Make,2015,711AS,GSLG
Make,2015,711AS,GSLE
Make,2015,711AS,Used
Make,2015,711AS,Other
Make,2015,713,111CA
Make,2015,713,113FF
Make,2015,713,211
Make,2015,713,212
Make,2015,713,213
Make,2015,713,22
Make,2015,713,321
Make,2015,713,327
Make,2015,713,331
Make,2015,713,332
Make,2015,713,333
Make,2015,713,334
Make,2015,713,335
Make,2015,713,3361MV
Make,2015,713,3364OT
Make,2015,713,337
Make,2015,713,339
Make,2015,713,311FT
Make,2015,713,313TT
Make,2015,713,315AL
Make,2015,713,322
Make,2015,713,323
Make,2015,713,324
Make,2015,713,325
Make,2015,713,326
Make,2015,713,42
Make,2015,713,445
Make,2015,713,452
Make,2015,713,481
Make,2015,713,482
Make,2015,713,483
Make,2015,713,484
Make,2015,713,485
Make,2015,713,486
Make,2015,713,487OS
Make,2015,713,493
Make,2015,713,511
Make,2015,713,512
Make,2015,713,513
Make,2015,713,514
Make,2015,713,521CI
Make,2015,713,523
Make,2015,713,524
Make,2015,713,525
Make,2015,713,HS
Make,2015,713,5411
Make,2015,713,55
Make,2015,713,561
Make,2015,713,562
Make,2015,713,621
Make,2015,713,622
Make,2015,713,623
Make,2015,713,GFGD
Make,2015,713,GFGN
Make,2015,713,GFE
Make,2015,713,GSLG
Make,2015,713,GSLE
Make,2015,713,Used
Make,2015,713,Other
Make,2015,721,111CA
Make,2015,721,113FF
Make,2015,721,211
Make,2015,721,212
Make,2015,721,213
Make,2015,721,22
Make,2015,721,321
Make,2015,721,327
Make,2015,721,331
Make,2015,721,332
Make,2015,721,333
Make,2015,721,334
Make,2015,721,335
Make,2015,721,3361MV
Make,2015,721,3364OT
Make,2015,721,337
Make,2015,721,339
Make,2015,721,311FT
Make,2015,721,313TT
Make,2015,721,315AL
Make,2015,721,322
Make,2015,721,323
Make,2015,721,324
Make,2015,721,325
Make,2015,721,326
Make,2015,721,42
Make,2015,721,481
Make,2015,721,482
Make,2015,721,483
Make,2015,721,484
Make,2015,721,485
Make,2015,721,486
Make,2015,721,487OS
Make,2015,721,493
Make,2015,721,511
Make,2015,721,512
Make,2015,721,514
Make,2015,721,521CI
Make,2015,721,523
Make,2015,721,524
Make,2015,721,525
Make,2015,721,5411
Make,2015,721,55
Make,2015,721,562
Make,2015,721,61
Make,2015,721,621
Make,2015,721,622
Make,2015,721,623
Make,2015,721,624
Make,2015,721,GFGD
Make,2015,721,GFGN
Make,2015,721,GFE
Make,2015,721,GSLG
Make,2015,721,GSLE
Make,2015,721,Used
Make,2015,721,Other
Make,2015,722,111CA
Make,2015,722,113FF
Make,2015,722,211
Make,2015,722,212
Make,2015,722,213
Make,2015,722,22
Make,2015,722,321
Make,2015,722,327
Make,2015,722,331
Make,2015,722,332
Make,2015,722,333
Make,2015,722,334
Make,2015,722,335
Make,2015,722,3361MV
Make,2015,722,3364OT
Make,2015,722,337
Make,2015,722,339
Make,2015,722,311FT
Make,2015,722,313TT
Make,2015,722,315AL
Make,2015,722,322
Make,2015,722,323
Make,2015,722,324
Make,2015,722,325
Make,2015,722,326
Make,2015,722,441
Make,2015,722,452
Make,2015,722,481
Make,2015,722,482
Make,2015,722,483
Make,2015,722,484
Make,2015,722,485
Make,2015,722,486
Make,2015,722,487OS
Make,2015,722,493
Make,2015,722,511
Make,2015,722,512
Make,2015,722,514
Make,2015,722,521CI
Make,2015,722,523
Make,2015,722,524
Make,2015,722,525
Make,2015,722,HS
Make,2015,722,ORE
Make,2015,722,532RL
Make,2015,722,5411
Make,2015,722,55
Make,2015,722,561
Make,2015,722,562
Make,2015,722,61
Make,2015,722,621
Make,2015,722,622
Make,2015,722,623
Make,2015,722,624
Make,2015,722,711AS
Make,2015,722,81
Make,2015,722,GFGD
Make,2015,722,GFGN
Make,2015,722,GFE
Make,2015,722,GSLG
Make,2015,722,GSLE
Make,2015,722,Other
Make,2015,81,111CA
Make,2015,81,113FF
Make,2015,81,211
Make,2015,81,212
Make,2015,81,213
Make,2015,81,22
Make,2015,81,321
Make,2015,81,327
Make,2015,81,331
Make,2015,81,332
Make,2015,81,333
Make,2015,81,334
Make,2015,81,335
Make,2015,81,3361MV
Make,2015,81,3364OT
Make,2015,81,337
Make,2015,81,339
Make,2015,81,311FT
Make,2015,81,313TT
Make,2015,81,315AL
Make,2015,81,322
Make,2015,81,323
Make,2015,81,324
Make,2015,81,325
Make,2015,81,326
Make,2015,81,445
Make,2015,81,481
Make,2015,81,482
Make,2015,81,483
Make,2015,81,484
Make,2015,81,485
Make,2015,81,486
Make,2015,81,487OS
Make,2015,81,493
Make,2015,81,511
Make,2015,81,512
Make,2015,81,513
Make,2015,81,521CI
Make,2015,81,523
Make,2015,81,524
Make,2015,81,525
Make,2015,81,HS
Make,2015,81,5411
Make,2015,81,55
Make,2015,81,562
Make,2015,81,621
Make,2015,81,622
Make,2015,81,623
Make,2015,81,624
Make,2015,81,711AS
Make,2015,81,713
Make,2015,81,721
Make,2015,81,GFGD
Make,2015,81,GFGN
Make,2015,81,GFE
Make,2015,81,GSLG
Make,2015,81,GSLE
Make,2015,81,Used
Make,2015,81,Other
Make,2015,GFGD,111CA
Make,2015,GFGD,113FF
Make,2015,GFGD,211
Make,2015,GFGD,212
Make,2015,GFGD,213
Make,2015,GFGD,22
Make,2015,GFGD,321
Make,2015,GFGD,327
Make,2015,GFGD,331
Make,2015,GFGD,332
Make,2015,GFGD,334
Make,2015,GFGD,335
Make,2015,GFGD,3361MV
Make,2015,GFGD,3364OT
Make,2015,GFGD,337
Make,2015,GFGD,311FT
Make,2015,GFGD,313TT
Make,2015,GFGD,315AL
Make,2015,GFGD,322
Make,2015,GFGD,323
Make,2015,GFGD,324
Make,2015,GFGD,325
Make,2015,GFGD,326
Make,2015,GFGD,42
Make,2015,GFGD,441
Make,2015,GFGD,445
Make,2015,GFGD,452
Make,2015,GFGD,4A0
Make,2015,GFGD,481
Make,2015,GFGD,482
Make,2015,GFGD,483
Make,2015,GFGD,484
Make,2015,GFGD,485
Make,2015,GFGD,486
Make,2015,GFGD,487OS
Make,2015,GFGD,493
Make,2015,GFGD,511
Make,2015,GFGD,513
Make,2015,GFGD,521CI
Make,2015,GFGD,523
Make,2015,GFGD,524
Make,2015,GFGD,525
Make,2015,GFGD,HS
Make,2015,GFGD,ORE
Make,2015,GFGD,532RL
Make,2015,GFGD,5411
Make,2015,GFGD,55
Make,2015,GFGD,561
Make,2015,GFGD,562
Make,2015,GFGD,621
Make,2015,GFGD,623
Make,2015,GFGD,624
Make,2015,GFGD,713
Make,2015,GFGD,721
Make,2015,GFGD,722
Make,2015,GFGD,81
Make,2015,GFGD,GFGN
Make,2015,GFGD,GFE
Make,2015,GFGD,GSLG
Make,2015,GFGD,GSLE
Make,2015,GFGD,Used
Make,2015,GFGD,Other
Make,2015,GFGN,111CA
Make,2015,GFGN,211
Make,2015,GFGN,212
Make,2015,GFGN,213
Make,2015,GFGN,321
Make,2015,GFGN,327
Make,2015,GFGN,332
Make,2015,GFGN,333
Make,2015,GFGN,334
Make,2015,GFGN,335
Make,2015,GFGN,3361MV
Make,2015,GFGN,3364OT
Make,2015,GFGN,337
Make,2015,GFGN,311FT
Make,2015,GFGN,313TT
Make,2015,GFGN,315AL
Make,2015,GFGN,322
Make,2015,GFGN,324
Make,2015,GFGN,326
Make,2015,GFGN,42
Make,2015,GFGN,441
Make,2015,GFGN,445
Make,2015,GFGN,452
Make,2015,GFGN,4A0
Make,2015,GFGN,481
Make,2015,GFGN,482
Make,2015,GFGN,483
Make,2015,GFGN,484
Make,2015,GFGN,485
Make,2015,GFGN,486
Make,2015,GFGN,487OS
Make,2015,GFGN,493
Make,2015,GFGN,512
Make,2015,GFGN,513
Make,2015,GFGN,514
Make,2015,GFGN,521CI
Make,2015,GFGN,523
Make,2015,GFGN,524
Make,2015,GFGN,HS
Make,2015,GFGN,ORE
Make,2015,GFGN,532RL
Make,2015,GFGN,5411
Make,2015,GFGN,55
Make,2015,GFGN,561
Make,2015,GFGN,562
Make,2015,GFGN,61
Make,2015,GFGN,621
Make,2015,GFGN,623
Make,2015,GFGN,624
Make,2015,GFGN,711AS
Make,2015,GFGN,713
Make,2015,GFGN,721
Make,2015,GFGN,722
Make,2015,GFGN,81
Make,2015,GFGN,GFGD
Make,2015,GFGN,GSLG
Make,2015,GFGN,GSLE
Make,2015,GFGN,Used
Make,2015,GFE,111CA
Make,2015,GFE,113FF
Make,2015,GFE,211
Make,2015,GFE,212
Make,2015,GFE,213
Make,2015,GFE,23
Make,2015,GFE,321
Make,2015,GFE,327
Make,2015,GFE,331
Make,2015,GFE,332
Make,2015,GFE,333
Make,2015,GFE,334
Make,2015,GFE,335
Make,2015,GFE,3361MV
Make,2015,GFE,3364OT
Make,2015,GFE,337
Make,2015,GFE,339
Make,2015,GFE,311FT
Make,2015,GFE,313TT
Make,2015,GFE,315AL
Make,2015,GFE,322
Make,2015,GFE,323
Make,2015,GFE,324
Make,2015,GFE,325
Make,2015,GFE,326
Make,2015,GFE,42
Make,2015,GFE,445
Make,2015,GFE,481
Make,2015,GFE,482
Make,2015,GFE,483
Make,2015,GFE,484
Make,2015,GFE,485
Make,2015,GFE,486
Make,2015,GFE,487OS
Make,2015,GFE,493
Make,2015,GFE,511
Make,2015,GFE,513
Make,2015,GFE,514
Make,2015,GFE,521CI
Make,2015,GFE,523
Make,2015,GFE,525
Make,2015,GFE,HS
Make,2015,GFE,532RL
Make,2015,GFE,5411
Make,2015,GFE,5412OP
Make,2015,GFE,55
Make,2015,GFE,561
Make,2015,GFE,562
Make,2015,GFE,61
Make,2015,GFE,621
Make,2015,GFE,622
Make,2015,GFE,623
Make,2015,GFE,624
Make,2015,GFE,711AS
Make,2015,GFE,713
Make,2015,GFE,721
Make,2015,GFE,GFGD
Make,2015,GFE,GFGN
Make,2015,GFE,GSLG
Make,2015,GFE,GSLE
Make,2015,GFE,Used
Make,2015,GFE,Other
Make,2015,GSLG,211
Make,2015,GSLG,213
Make,2015,GSLG,327
Make,2015,GSLG,331
Make,2015,GSLG,332
Make,2015,GSLG,333
Make,2015,GSLG,334
Make,2015,GSLG,335
Make,2015,GSLG,3361MV
Make,2015,GSLG,3364OT
Make,2015,GSLG,337
Make,2015,GSLG,313TT
Make,2015,GSLG,324
Make,2015,GSLG,326
Make,2015,GSLG,42
Make,2015,GSLG,441
Make,2015,GSLG,445
Make,2015,GSLG,452
Make,2015,GSLG,4A0
Make,2015,GSLG,481
Make,2015,GSLG,482
Make,2015,GSLG,483
Make,2015,GSLG,484
Make,2015,GSLG,485
Make,2015,GSLG,486
Make,2015,GSLG,487OS
Make,2015,GSLG,493
Make,2015,GSLG,513
Make,2015,GSLG,521CI
Make,2015,GSLG,523
Make,2015,GSLG,524
Make,2015,GSLG,HS
Make,2015,GSLG,ORE
Make,2015,GSLG,532RL
Make,2015,GSLG,5411
Make,2015,GSLG,55
Make,2015,GSLG,623
Make,2015,GSLG,GFGD
Make,2015,GSLG,GFGN
Make,2015,GSLG,GFE
Make,2015,GSLG,GSLE
Make,2015,GSLG,Other
Make,2015,GSLE,111CA
Make,2015,GSLE,113FF
Make,2015,GSLE,211
Make,2015,GSLE,212
Make,2015,GSLE,213
Make,2015,GSLE,23
Make,2015,GSLE,321
Make,2015,GSLE,327
Make,2015,GSLE,331
Make,2015,GSLE,332
Make,2015,GSLE,333
Make,2015,GSLE,334
Make,2015,GSLE,335
Make,2015,GSLE,3361MV
Make,2015,GSLE,3364OT
Make,2015,GSLE,337
Make,2015,GSLE,339
Make,2015,GSLE,311FT
Make,2015,GSLE,313TT
Make,2015,GSLE,315AL
Make,2015,GSLE,322
Make,2015,GSLE,323
Make,2015,GSLE,324
Make,2015,GSLE,325
Make,2015,GSLE,326
Make,2015,GSLE,42
Make,2015,GSLE,441
Make,2015,GSLE,452
Make,2015,GSLE,4A0
Make,2015,GSLE,481
Make,2015,GSLE,484
Make,2015,GSLE,486
Make,2015,GSLE,493
Make,2015,GSLE,511
Make,2015,GSLE,512
Make,2015,GSLE,513
Make,2015,GSLE,514
Make,2015,GSLE,523
Make,2015,GSLE,525
Make,2015,GSLE,532RL
Make,2015,GSLE,5411
Make,2015,GSLE,5415
Make,2015,GSLE,5412OP
Make,2015,GSLE,55
Make,2015,GSLE,561
Make,2015,GSLE,562
Make,2015,GSLE,61
Make,2015,GSLE,621
Make,2015,GSLE,622
Make,2015,GSLE,623
Make,2015,GSLE,624
Make,2015,GSLE,721
Make,2015,GSLE,722
Make,2015,GSLE,GFGD
Make,2015,GSLE,GFGN
Make,2015,GSLE,GFE
Make,2015,GSLE,GSLG
Make,2015,GSLE,Used
Make,2015,GSLE,Other
Use,2016,111CA,211
Use,2016,111CA,22
Use,2016,111CA,321
Use,2016,111CA,327
Use,2016,111CA,331
Use,2016,111CA,332
Use,2016,111CA,333
Use,2016,111CA,334
Use,2016,111CA,335
Use,2016,111CA,3361MV
Use,2016,111CA,3364OT
Use,2016,111CA,337
Use,2016,111CA,315AL
Use,2016,111CA,322
Use,2016,111CA,323
Use,2016,111CA,324
Use,2016,111CA,326
Use,2016,111CA,481
Use,2016,111CA,482
Use,2016,111CA,483
Use,2016,111CA,484
Use,2016,111CA,485
Use,2016,111CA,486
Use,2016,111CA,493
Use,2016,111CA,511
Use,2016,111CA,512
Use,2016,111CA,513
Use,2016,111CA,514
Use,2016,111CA,523
Use,2016,111CA,524
Use,2016,111CA,525
Use,2016,111CA,532RL
Use,2016,111CA,562
Use,2016,111CA,621
Use,2016,111CA,622
Use,2016,111CA,623
Use,2016,111CA,624
Use,2016,111CA,711AS
Use,2016,111CA,GFE
Use,2016,111CA,GSLE
Use,2016,111CA,F02S
Use,2016,111CA,F02E
Use,2016,111CA,F02N
Use,2016,111CA,F02R
Use,2016,111CA,F06C
Use,2016,111CA,F06S
Use,2016,111CA,F06E
Use,2016,111CA,F06N
Use,2016,111CA,F07C
Use,2016,111CA,F07S
Use,2016,111CA,F07E
Use,2016,111CA,F07N
Use,2016,111CA,F10C
Use,2016,111CA,F10S
Use,2016,111CA,F10E
Use,2016,111CA,F10N
Use,2016,113FF,211
Use,2016,113FF,213
Use,2016,113FF,22
Use,2016,113FF,23
Use,2016,113FF,331
Use,2016,113FF,332
Use,2016,113FF,333
Use,2016,113FF,334
Use,2016,113FF,335
Use,2016,113FF,3361MV
Use,2016,113FF,3364OT
Use,2016,113FF,313TT
Use,2016,113FF,324
Use,2016,113FF,42
Use,2016,113FF,441
Use,2016,113FF,452
Use,2016,113FF,481
Use,2016,113FF,482
Use,2016,113FF,483
Use,2016,113FF,484
Use,2016,113FF,485
Use,2016,113FF,486
Use,2016,113FF,493
Use,2016,113FF,511
Use,2016,113FF,512
Use,2016,113FF,513
Use,2016,113FF,514
Use,2016,113FF,521CI
Use,2016,113FF,523
Use,2016,113FF,524
Use,2016,113FF,525
Use,2016,113FF,HS
Use,2016,113FF,ORE
Use,2016,113FF,532RL
Use,2016,113FF,5411
Use,2016,113FF,5415
Use,2016,113FF,562
Use,2016,113FF,621
Use,2016,113FF,622
Use,2016,113FF,623
Use,2016,113FF,624
Use,2016,113FF,711AS
Use,2016,113FF,GFGD
Use,2016,113FF,GSLE
Use,2016,113FF,F02S
Use,2016,113FF,F02E
Use,2016,113FF,F02N
Use,2016,113FF,F02R
Use,2016,113FF,F06C
Use,2016,113FF,F06S
Use,2016,113FF,F06E
Use,2016,113FF,F06N
Use,2016,113FF,F07C
Use,2016,113FF,F07S
Use,2016,113FF,F07E
Use,2016,113FF,F07N
Use,2016,113FF,F10C
Use,2016,113FF,F10S
Use,2016,113FF,F10E
Use,2016,113FF,F10N
Use,2016,211,111CA
Use,2016,211,113FF
Use,2016,211,23
Use,2016,211,333
Use,2016,211,334
Use,2016,211,335
Use,2016,211,3364OT
Use,2016,211,337
Use,2016,211,339
Use,2016,211,313TT
Use,2016,211,315AL
Use,2016,211,481
Use,2016,211,482
Use,2016,211,483
Use,2016,211,484
Use,2016,211,485
Use,2016,211,487OS
Use,2016,211,521CI
Use,2016,211,523
Use,2016,211,524
Use,2016,211,525
Use,2016,211,HS
Use,2016,211,532RL
Use,2016,211,5411
Use,2016,211,GFGD
Use,2016,211,GSLG
Use,2016,211,F010
Use,2016,211,F02S
Use,2016,211,F02E
Use,2016,211,F02N
Use,2016,211,F02R
Use,2016,211,F06C
Use,2016,211,F06S
Use,2016,211,F06E
Use,2016,211,F06N
Use,2016,211,F07C
Use,2016,211,F07S
Use,2016,211,F07E
Use,2016,211,F07N
Use,2016,211,F10C
Use,2016,211,F10S
Use,2016,211,F10E
Use,2016,211,F10N
Use,2016,212,315AL
Use,2016,212,323
Use,2016,212,441
Use,2016,212,445
Use,2016,212,452
Use,2016,212,481
Use,2016,212,486
Use,2016,212,521CI
Use,2016,212,523
Use,2016,212,524
Use,2016,212,525
Use,2016,212,ORE
Use,2016,212,532RL
Use,2016,212,5411
Use,2016,212,5415
Use,2016,212,621
Use,2016,212,GFGD
Use,2016,212,GFE
Use,2016,212,F02S
Use,2016,212,F02N
Use,2016,212,F02R
Use,2016,212,F06C
Use,2016,212,F06S
Use,2016,212,F06E
Use,2016,212,F06N
Use,2016,212,F07C
Use,2016,212,F07S
Use,2016,212,F07E
Use,2016,212,F07N
Use,2016,212,F10C
Use,2016,212,F10S
Use,2016,212,F10E
Use,2016,212,F10N
Use,2016,213,111CA
Use,2016,213,113FF
Use,2016,213,22
Use,2016,213,23
Use,2016,213,321
Use,2016,213,327
Use,2016,213,331
Use,2016,213,332
Use,2016,213,333
Use,2016,213,334
Use,2016,213,335
Use,2016,213,3361MV
Use,2016,213,3364OT
Use,2016,213,337
Use,2016,213,339
Use,2016,213,311FT
Use,2016,213,313TT
Use,2016,213,315AL
Use,2016,213,322
Use,2016,213,323
Use,2016,213,324
Use,2016,213,325
Use,2016,213,326
Use,2016,213,42
Use,2016,213,441
Use,2016,213,445
Use,2016,213,452
Use,2016,213,4A0
Use,2016,213,481
Use,2016,213,482
Use,2016,213,483
Use,2016,213,484
Use,2016,213,485
Use,2016,213,486
Use,2016,213,487OS
Use,2016,213,493
Use,2016,213,511
Use,2016,213,512
Use,2016,213,513
Use,2016,213,514
Use,2016,213,521CI
Use,2016,213,523
Use,2016,213,524
Use,2016,213,525
Use,2016,213,HS
Use,2016,213,ORE
Use,2016,213,532RL
Use,2016,213,5411
Use,2016,213,5415
Use,2016,213,561
Use,2016,213,562
Use,2016,213,61
Use,2016,213,621
Use,2016,213,622
Use,2016,213,623
Use,2016,213,624
Use,2016,213,711AS
Use,2016,213,713
Use,2016,213,721
Use,2016,213,722
Use,2016,213,81
Use,2016,213,GFGD
Use,2016,213,GFGN
Use,2016,213,GFE
Use,2016,213,GSLG
Use,2016,213,GSLE
Use,2016,213,F010
Use,2016,213,F02N
Use,2016,213,F02R
Use,2016,213,F06C
Use,2016,213,F06S
Use,2016,213,F06E
Use,2016,213,F06N
Use,2016,213,F07C
Use,2016,213,F07S
Use,2016,213,F07E
Use,2016,213,F07N
Use,2016,213,F10C
Use,2016,213,F10S
Use,2016,213,F10E
Use,2016,213,F10N
Use,2016,22,F02S
Use,2016,22,F02E
Use,2016,22,F02N
Use,2016,22,F02R
Use,2016,22,F030
Use,2016,22,F06C
Use,2016,22,F06S
Use,2016,22,F06E
Use,2016,22,F06N
Use,2016,22,F07C
Use,2016,22,F07S
Use,2016,22,F07E
Use,2016,22,F07N
Use,2016,22,F10C
Use,2016,22,F10S
Use,2016,22,F10E
Use,2016,22,F10N
Use,2016,23,F010
Use,2016,23,F02E
Use,2016,23,F02N
Use,2016,23,F030
Use,2016,23,F050
Use,2016,23,F06C
Use,2016,23,F06E
Use,2016,23,F06N
Use,2016,23,F07C
Use,2016,23,F07E
Use,2016,23,F07N
Use,2016,23,F10C
Use,2016,23,F10E
Use,2016,23,F10N
Use,2016,321,211
Use,2016,321,324
Use,2016,321,481
Use,2016,321,483
Use,2016,321,485
Use,2016,321,524
Use,2016,321,525
Use,2016,321,F02E
Use,2016,321,F02N
Use,2016,321,F06C
Use,2016,321,F06S
Use,2016,321,F06E
Use,2016,321,F06N
Use,2016,321,F07C
Use,2016,321,F07S
Use,2016,321,F07N
Use,2016,321,F10C
Use,2016,321,F10S
Use,2016,321,F10E
Use,2016,321,F10N
Use,2016,327,315AL
Use,2016,327,481
Use,2016,327,483
Use,2016,327,525
Use,2016,327,GFE
Use,2016,327,F02S
Use,2016,327,F02E
Use,2016,327,F02N
Use,2016,327,F02R
Use,2016,327,F06C
Use,2016,327,F06S
Use,2016,327,F06E
Use,2016,327,F06N
Use,2016,327,F07C
Use,2016,327,F07S
Use,2016,327,F07E
Use,2016,327,F07N
Use,2016,327,F10C
Use,2016,327,F10S
Use,2016,327,F10E
Use,2016,327,F10N
Use,2016,331,113FF
Use,2016,331,315AL
Use,2016,331,445
Use,2016,331,481
Use,2016,331,483
Use,2016,331,484
Use,2016,331,485
Use,2016,331,486
Use,2016,331,493
Use,2016,331,521CI
Use,2016,331,523
Use,2016,331,524
Use,2016,331,525
Use,2016,331,5411
Use,2016,331,GFE
Use,2016,331,F02S
Use,2016,331,F02E
Use,2016,331,F02N
Use,2016,331,F02R
Use,2016,331,F06C
Use,2016,331,F06S
Use,2016,331,F06E
Use,2016,331,F06N
Use,2016,331,F07C
Use,2016,331,F07S
Use,2016,331,F07E
Use,2016,331,F07N
Use,2016,331,F10C
Use,2016,331,F10S
Use,2016,331,F10E
Use,2016,331,F10N
Use,2016,332,524
Use,2016,332,F02S
Use,2016,332,F02N
Use,2016,332,F02R
Use,2016,332,F06C
Use,2016,332,F06S
Use,2016,332,F06N
Use,2016,332,F07C
Use,2016,332,F07S
Use,2016,332,F07N
Use,2016,332,F10C
Use,2016,332,F10S
Use,2016,332,F10N
Use,2016,333,525
Use,2016,333,F02S
Use,2016,333,F02N
Use,2016,333,F02R
Use,2016,333,F06C
Use,2016,333,F06S
Use,2016,333,F06N
Use,2016,333,F07C
Use,2016,333,F07S
Use,2016,333,F07N
Use,2016,333,F10C
Use,2016,333,F10S
Use,2016,333,F10N
Use,2016,334,F02S
Use,2016,334,F02N
Use,2016,334,F06C
Use,2016,334,F06S
Use,2016,334,F06N
Use,2016,334,F07C
Use,2016,334,F07S
Use,2016,334,F07N
Use,2016,334,F10C
Use,2016,334,F10S
Use,2016,334,F10N
Use,2016,335,512
Use,2016,335,525
Use,2016,335,F02S
Use,2016,335,F02N
Use,2016,335,F06C
Use,2016,335,F06S
Use,2016,335,F06N
Use,2016,335,F07C
Use,2016,335,F07S
Use,2016,335,F07N
Use,2016,335,F10C
Use,2016,335,F10S
Use,2016,335,F10N
Use,2016,3361MV,481
Use,2016,3361MV,483
Use,2016,3361MV,524
Use,2016,3361MV,525
Use,2016,3361MV,HS
Use,2016,3361MV,ORE
Use,2016,3361MV,5411
Use,2016,3361MV,F02S
Use,2016,3361MV,F02N
Use,2016,3361MV,F02R
Use,2016,3361MV,F06C
Use,2016,3361MV,F06S
Use,2016,3361MV,F06N
Use,2016,3361MV,F07C
Use,2016,3361MV,F07S
Use,2016,3361MV,F07N
Use,2016,3361MV,F10C
Use,2016,3361MV,F10S
Use,2016,3361MV,F10N
Use,2016,3364OT,111CA
Use,2016,3364OT,211
Use,2016,3364OT,213
Use,2016,3364OT,22
Use,2016,3364OT,327
Use,2016,3364OT,331
Use,2016,3364OT,334
Use,2016,3364OT,335
Use,2016,3364OT,337
Use,2016,3364OT,339
Use,2016,3364OT,311FT
Use,2016,3364OT,313TT
Use,2016,3364OT,315AL
Use,2016,3364OT,322
Use,2016,3364OT,323
Use,2016,3364OT,324
Use,2016,3364OT,325
Use,2016,3364OT,326
Use,2016,3364OT,445
Use,2016,3364OT,452
Use,2016,3364OT,4A0
Use,2016,3364OT,486
Use,2016,3364OT,493
Use,2016,3364OT,511
Use,2016,3364OT,512
Use,2016,3364OT,514
Use,2016,3364OT,521CI
Use,2016,3364OT,523
Use,2016,3364OT,524
Use,2016,3364OT,525
Use,2016,3364OT,HS
Use,2016,3364OT,ORE
Use,2016,3364OT,532RL
Use,2016,3364OT,5411
Use,2016,3364OT,5415
Use,2016,3364OT,61
Use,2016,3364OT,621
Use,2016,3364OT,622
Use,2016,3364OT,623
Use,2016,3364OT,711AS
Use,2016,3364OT,721
Use,2016,3364OT,722
Use,2016,3364OT,F02S
Use,2016,3364OT,F02N
Use,2016,3364OT,F02R
Use,2016,3364OT,F06C
Use,2016,3364OT,F06S
Use,2016,3364OT,F06N
Use,2016,3364OT,F07C
Use,2016,3364OT,F07S
Use,2016,3364OT,F07N
Use,2016,3364OT,F10C
Use,2016,3364OT,F10S
Use,2016,3364OT,F10N
Use,2016,337,113FF
Use,2016,337,211
Use,2016,337,212
Use,2016,337,213
Use,2016,337,22
Use,2016,337,331
Use,2016,337,332
Use,2016,337,311FT
Use,2016,337,313TT
Use,2016,337,315AL
Use,2016,337,323
Use,2016,337,324
Use,2016,337,325
Use,2016,337,445
Use,2016,337,481
Use,2016,337,482
Use,2016,337,484
Use,2016,337,485
Use,2016,337,486
Use,2016,337,493
Use,2016,337,512
Use,2016,337,521CI
Use,2016,337,523
Use,2016,337,524
Use,2016,337,525
Use,2016,337,532RL
Use,2016,337,562
Use,2016,337,61
Use,2016,337,GFGD
Use,2016,337,GFGN
Use,2016,337,F02S
Use,2016,337,F02N
Use,2016,337,F06C
Use,2016,337,F06S
Use,2016,337,F06N
Use,2016,337,F07C
Use,2016,337,F07S
Use,2016,337,F07N
Use,2016,337,F10C
Use,2016,337,F10S
Use,2016,337,F10N
Use,2016,339,22
Use,2016,339,483
Use,2016,339,525
Use,2016,339,GFE
Use,2016,339,F02S
Use,2016,339,F02N
Use,2016,339,F02R
Use,2016,339,F06C
Use,2016,339,F06S
Use,2016,339,F06N
Use,2016,339,F07C
Use,2016,339,F07S
Use,2016,339,F07N
Use,2016,339,F10C
Use,2016,339,F10S
Use,2016,339,F10N
Use,2016,311FT,211
Use,2016,311FT,212
Use,2016,311FT,213
Use,2016,311FT,22
Use,2016,311FT,23
Use,2016,311FT,332
Use,2016,311FT,333
Use,2016,311FT,334
Use,2016,311FT,335
Use,2016,311FT,3361MV
Use,2016,311FT,3364OT
Use,2016,311FT,337
Use,2016,311FT,486
Use,2016,311FT,493
Use,2016,311FT,513
Use,2016,311FT,521CI
Use,2016,311FT,523
Use,2016,311FT,524
Use,2016,311FT,525
Use,2016,311FT,HS
Use,2016,311FT,ORE
Use,2016,311FT,532RL
Use,2016,311FT,5411
Use,2016,311FT,5415
Use,2016,311FT,562
Use,2016,311FT,GSLE
Use,2016,311FT,F02S
Use,2016,311FT,F02E
Use,2016,311FT,F02N
Use,2016,311FT,F02R
Use,2016,311FT,F06C
Use,2016,311FT,F06S
Use,2016,311FT,F06E
Use,2016,311FT,F06N
Use,2016,311FT,F07C
Use,2016,311FT,F07S
Use,2016,311FT,F07E
Use,2016,311FT,F07N
Use,2016,311FT,F10C
Use,2016,311FT,F10S
Use,2016,311FT,F10E
Use,2016,311FT,F10N
Use,2016,313TT,211
Use,2016,313TT,213
Use,2016,313TT,22
Use,2016,313TT,331
Use,2016,313TT,481
Use,2016,313TT,482
Use,2016,313TT,485
Use,2016,313TT,521CI
Use,2016,313TT,523
Use,2016,313TT,524
Use,2016,313TT,525
Use,2016,313TT,5411
Use,2016,313TT,5415
Use,2016,313TT,F02S
Use,2016,313TT,F02N
Use,2016,313TT,F06C
Use,2016,313TT,F06S
Use,2016,313TT,F06E
Use,2016,313TT,F06N
Use,2016,313TT,F07C
Use,2016,313TT,F07S
Use,2016,313TT,F07N
Use,2016,313TT,F10C
Use,2016,313TT,F10S
Use,2016,313TT,F10N
Use,2016,315AL,113FF
Use,2016,315AL,211
Use,2016,315AL,212
Use,2016,315AL,213
Use,2016,315AL,23
Use,2016,315AL,321
Use,2016,315AL,331
Use,2016,315AL,332
Use,2016,315AL,333
Use,2016,315AL,334
Use,2016,315AL,335
Use,2016,315AL,3364OT
Use,2016,315AL,337
Use,2016,315AL,322
Use,2016,315AL,325
Use,2016,315AL,481
Use,2016,315AL,482
Use,2016,315AL,483
Use,2016,315AL,484
Use,2016,315AL,485
Use,2016,315AL,486
Use,2016,315AL,487OS
Use,2016,315AL,493
Use,2016,315AL,521CI
Use,2016,315AL,523
Use,2016,315AL,524
Use,2016,315AL,525
Use,2016,315AL,HS
Use,2016,315AL,ORE
Use,2016,315AL,5411
Use,2016,315AL,5415
Use,2016,315AL,623
Use,2016,315AL,F02S
Use,2016,315AL,F02E
Use,2016,315AL,F02N
Use,2016,315AL,F02R
Use,2016,315AL,F06C
Use,2016,315AL,F06S
Use,2016,315AL,F06E
Use,2016,315AL,F06N
Use,2016,315AL,F07C
Use,2016,315AL,F07S
Use,2016,315AL,F07E
Use,2016,315AL,F07N
Use,2016,315AL,F10C
Use,2016,315AL,F10S
Use,2016,315AL,F10E
Use,2016,315AL,F10N
Use,2016,322,F02S
Use,2016,322,F02E
Use,2016,322,F02N
Use,2016,322,F02R
Use,2016,322,F06C
Use,2016,322,F06S
Use,2016,322,F06E
Use,2016,322,F06N
Use,2016,322,F07C
Use,2016,322,F07S
Use,2016,322,F07E
Use,2016,322,F07N
Use,2016,322,F10C
Use,2016,322,F10S
Use,2016,322,F10E
Use,2016,322,F10N
Use,2016,323,113FF
Use,2016,323,213
Use,2016,323,327
Use,2016,323,331
Use,2016,323,334
Use,2016,323,3364OT
Use,2016,323,337
Use,2016,323,339
Use,2016,323,313TT
Use,2016,323,322
Use,2016,323,326
Use,2016,323,483
Use,2016,323,525
Use,2016,323,HS
Use,2016,323,F02S
Use,2016,323,F02E
Use,2016,323,F02N
Use,2016,323,F02R
Use,2016,323,F06C
Use,2016,323,F06S
Use,2016,323,F06E
Use,2016,323,F06N
Use,2016,323,F07C
Use,2016,323,F07S
Use,2016,323,F07E
Use,2016,323,F07N
Use,2016,323,F10C
Use,2016,323,F10S
Use,2016,323,F10E
Use,2016,323,F10N
Use,2016,324,F02S
Use,2016,324,F02E
Use,2016,324,F02N
Use,2016,324,F02R
Use,2016,324,F06C
Use,2016,324,F06S
Use,2016,324,F06E
Use,2016,324,F06N
Use,2016,324,F07C
Use,2016,324,F07S
Use,2016,324,F07E
Use,2016,324,F07N
Use,2016,324,F10C
Use,2016,324,F10S
Use,2016,324,F10E
Use,2016,324,F10N
Use,2016,325,525
Use,2016,325,F02S
Use,2016,325,F02N
Use,2016,325,F02R
Use,2016,325,F06C
Use,2016,325,F06S
Use,2016,325,F06E
Use,2016,325,F06N
Use,2016,325,F07C
Use,2016,325,F07S
Use,2016,325,F07E
Use,2016,325,F07N
Use,2016,325,F10C
Use,2016,325,F10S
Use,2016,325,F10E
Use,2016,325,F10N
Use,2016,326,F02S
Use,2016,326,F02N
Use,2016,326,F06C
Use,2016,326,F06S
Use,2016,326,F06E
Use,2016,326,F06N
Use,2016,326,F07C
Use,2016,326,F07S
Use,2016,326,F07N
Use,2016,326,F10C
Use,2016,326,F10S
Use,2016,326,F10E
Use,2016,326,F10N
Use,2016,42,F06C
Use,2016,42,F06S
Use,2016,42,F07C
Use,2016,42,F07S
Use,2016,42,F10C
Use,2016,42,F10S
Use,2016,441,525
Use,2016,441,55
Use,2016,441,621
Use,2016,441,F02S
Use,2016,441,F02N
Use,2016,441,F030
Use,2016,441,F040
Use,2016,441,F050
Use,2016,441,F06C
Use,2016,441,F06S
Use,2016,441,F06E
Use,2016,441,F06N
Use,2016,441,F07C
Use,2016,441,F07S
Use,2016,441,F07E
Use,2016,441,F07N
Use,2016,441,F10C
Use,2016,441,F10S
Use,2016,441,F10E
Use,2016,441,F10N
Use,2016,445,213
Use,2016,445,525
Use,2016,445,55
Use,2016,445,GSLE
Use,2016,445,F02S
Use,2016,445,F030
Use,2016,445,F040
Use,2016,445,F050
Use,2016,445,F06C
Use,2016,445,F06S
Use,2016,445,F06E
Use,2016,445,F06N
Use,2016,445,F07C
Use,2016,445,F07S
Use,2016,445,F07E
Use,2016,445,F07N
Use,2016,445,F10C
Use,2016,445,F10S
Use,2016,445,F10E
Use,2016,445,F10N
Use,2016,452,525
Use,2016,452,55
Use,2016,452,F02S
Use,2016,452,F030
Use,2016,452,F040
Use,2016,452,F050
Use,2016,452,F06C
Use,2016,452,F06S
Use,2016,452,F06E
Use,2016,452,F06N
Use,2016,452,F07C
Use,2016,452,F07S
Use,2016,452,F07E
Use,2016,452,F07N
Use,2016,452,F10C
Use,2016,452,F10S
Use,2016,452,F10E
Use,2016,452,F10N
Use,2016,4A0,525
Use,2016,4A0,55
Use,2016,4A0,F02S
Use,2016,4A0,F030
Use,2016,4A0,F040
Use,2016,4A0,F050
Use,2016,4A0,F06C
Use,2016,4A0,F06S
Use,2016,4A0,F06E
Use,2016,4A0,F06N
Use,2016,4A0,F07C
Use,2016,4A0,F07S
Use,2016,4A0,F07E
Use,2016,4A0,F07N
Use,2016,4A0,F10C
Use,2016,4A0,F10S
Use,2016,4A0,F10E
Use,2016,4A0,F10N
Use,2016,481,F02S
Use,2016,481,F06C
Use,2016,481,F06S
Use,2016,481,F07C
Use,2016,481,F07S
Use,2016,481,F10C
Use,2016,481,F10S
Use,2016,482,F02S
Use,2016,482,F02N
Use,2016,482,F06C
Use,2016,482,F06S
Use,2016,482,F06N
Use,2016,482,F07C
Use,2016,482,F07S
Use,2016,482,F07N
Use,2016,482,F10C
Use,2016,482,F10S
Use,2016,482,F10N
Use,2016,483,F02S
Use,2016,483,F06C
Use,2016,483,F06S
Use,2016,483,F07C
Use,2016,483,F07S
Use,2016,483,F10C
Use,2016,483,F10S
Use,2016,484,F06C
Use,2016,484,F06S
Use,2016,484,F07C
Use,2016,484,F07S
Use,2016,484,F10C
Use,2016,484,F10S
Use,2016,485,111CA
Use,2016,485,483
Use,2016,485,484
Use,2016,485,485
Use,2016,485,F02S
Use,2016,485,F02E
Use,2016,485,F02N
Use,2016,485,F02R
Use,2016,485,F030
Use,2016,485,F040
Use,2016,485,F050
Use,2016,485,F06C
Use,2016,485,F06S
Use,2016,485,F06E
Use,2016,485,F06N
Use,2016,485,F07C
Use,2016,485,F07S
Use,2016,485,F07E
Use,2016,485,F07N
Use,2016,485,F10C
Use,2016,485,F10S
Use,2016,485,F10E
Use,2016,485,F10N
Use,2016,486,F02S
Use,2016,486,F02E
Use,2016,486,F02N
Use,2016,486,F02R
Use,2016,486,F050
Use,2016,486,F06C
Use,2016,486,F06S
Use,2016,486,F06E
Use,2016,486,F06N
Use,2016,486,F07C
Use,2016,486,F07S
Use,2016,486,F07E
Use,2016,486,F07N
Use,2016,486,F10C
Use,2016,486,F10S
Use,2016,486,F10E
Use,2016,486,F10N
Use,2016,487OS,111CA
Use,2016,487OS,23
Use,2016,487OS,3364OT
Use,2016,487OS,315AL
Use,2016,487OS,525
Use,2016,487OS,HS
Use,2016,487OS,ORE
Use,2016,487OS,F02S
Use,2016,487OS,F02E
Use,2016,487OS,F02N
Use,2016,487OS,F02R
Use,2016,487OS,F030
Use,2016,487OS,F06C
Use,2016,487OS,F06S
Use,2016,487OS,F06E
Use,2016,487OS,F06N
Use,2016,487OS,F07C
Use,2016,487OS,F07S
Use,2016,487OS,F07E
Use,2016,487OS,F07N
Use,2016,487OS,F10C
Use,2016,487OS,F10S
Use,2016,487OS,F10E
Use,2016,487OS,F10N
Use,2016,493,113FF
Use,2016,493,213
Use,2016,493,23
Use,2016,493,521CI
Use,2016,493,523
Use,2016,493,525
Use,2016,493,GFE
Use,2016,493,F02S
Use,2016,493,F02E
Use,2016,493,F02N
Use,2016,493,F02R
Use,2016,493,F030
Use,2016,493,F050
Use,2016,493,F06C
Use,2016,493,F06S
Use,2016,493,F06E
Use,2016,493,F06N
Use,2016,493,F07C
Use,2016,493,F07S
Use,2016,493,F07E
Use,2016,493,F07N
Use,2016,493,F10C
Use,2016,493,F10S
Use,2016,493,F10E
Use,2016,493,F10N
Use,2016,511,313TT
Use,2016,511,483
Use,2016,511,486
Use,2016,511,F02S
Use,2016,511,F02E
Use,2016,511,F02R
Use,2016,511,F06C
Use,2016,511,F06S
Use,2016,511,F06E
Use,2016,511,F07C
Use,2016,511,F07S
Use,2016,511,F07E
Use,2016,511,F10C
Use,2016,511,F10S
Use,2016,511,F10E
Use,2016,512,111CA
Use,2016,512,113FF
Use,2016,512,211
Use,2016,512,212
Use,2016,512,213
Use,2016,512,22
Use,2016,512,23
Use,2016,512,321
Use,2016,512,327
Use,2016,512,331
Use,2016,512,332
Use,2016,512,333
Use,2016,512,334
Use,2016,512,335
Use,2016,512,3361MV
Use,2016,512,3364OT
Use,2016,512,337
Use,2016,512,339
Use,2016,512,311FT
Use,2016,512,313TT
Use,2016,512,315AL
Use,2016,512,322
Use,2016,512,323
Use,2016,512,324
Use,2016,512,325
Use,2016,512,326
Use,2016,512,452
Use,2016,512,482
Use,2016,512,483
Use,2016,512,485
Use,2016,512,493
Use,2016,512,524
Use,2016,512,525
Use,2016,512,HS
Use,2016,512,562
Use,2016,512,GSLE
Use,2016,512,F02S
Use,2016,512,F02E
Use,2016,512,F02R
Use,2016,512,F06C
Use,2016,512,F06S
Use,2016,512,F06E
Use,2016,512,F06N
Use,2016,512,F07C
Use,2016,512,F07S
Use,2016,512,F07E
Use,2016,512,F07N
Use,2016,512,F10C
Use,2016,512,F10S
Use,2016,512,F10E
Use,2016,512,F10N
Use,2016,513,F02S
Use,2016,513,F02R
Use,2016,513,F030
Use,2016,513,F06C
Use,2016,513,F06S
Use,2016,513,F06E
Use,2016,513,F06N
Use,2016,513,F07C
Use,2016,513,F07S
Use,2016,513,F07E
Use,2016,513,F07N
Use,2016,513,F10C
Use,2016,513,F10S
Use,2016,513,F10E
Use,2016,513,F10N
Use,2016,514,111CA
Use,2016,514,483
Use,2016,514,F02S
Use,2016,514,F02E
Use,2016,514,F02R
Use,2016,514,F030
Use,2016,514,F06C
Use,2016,514,F06S
Use,2016,514,F06E
Use,2016,514,F07C
Use,2016,514,F07S
Use,2016,514,F07E
Use,2016,514,F10C
Use,2016,514,F10S
Use,2016,514,F10E
Use,2016,521CI,F02S
Use,2016,521CI,F02E
Use,2016,521CI,F02N
Use,2016,521CI,F02R
Use,2016,521CI,F030
Use,2016,521CI,F06C
Use,2016,521CI,F06S
Use,2016,521CI,F06E
Use,2016,521CI,F06N
Use,2016,521CI,F07C
Use,2016,521CI,F07S
Use,2016,521CI,F07E
Use,2016,521CI,F07N
Use,2016,521CI,F10C
Use,2016,521CI,F10S
Use,2016,521CI,F10E
Use,2016,521CI,F10N
Use,2016,523,F02S
Use,2016,523,F02E
Use,2016,523,F02N
Use,2016,523,F02R
Use,2016,523,F030
Use,2016,523,F06C
Use,2016,523,F06S
Use,2016,523,F06E
Use,2016,523,F06N
Use,2016,523,F07C
Use,2016,523,F07S
Use,2016,523,F07E
Use,2016,523,F07N
Use,2016,523,F10C
Use,2016,523,F10S
Use,2016,523,F10E
Use,2016,523,F10N
Use,2016,524,F02S
Use,2016,524,F02E
Use,2016,524,F02N
Use,2016,524,F030
Use,2016,524,F06C
Use,2016,524,F06S
Use,2016,524,F06E
Use,2016,524,F06N
Use,2016,524,F07C
Use,2016,524,F07S
Use,2016,524,F07E
Use,2016,524,F07N
Use,2016,524,F10C
Use,2016,524,F10S
Use,2016,524,F10E
Use,2016,524,F10N
Use,2016,525,111CA
Use,2016,525,113FF
Use,2016,525,211
Use,2016,525,212
Use,2016,525,213
Use,2016,525,22
Use,2016,525,23
Use,2016,525,321
Use,2016,525,327
Use,2016,525,331
Use,2016,525,332
Use,2016,525,333
Use,2016,525,334
Use,2016,525,335
Use,2016,525,3361MV
Use,2016,525,3364OT
Use,2016,525,337
Use,2016,525,339
Use,2016,525,311FT
Use,2016,525,313TT
Use,2016,525,315AL
Use,2016,525,322
Use,2016,525,323
Use,2016,525,324
Use,2016,525,325
Use,2016,525,326
Use,2016,525,42
Use,2016,525,441
Use,2016,525,445
Use,2016,525,452
Use,2016,525,4A0
Use,2016,525,481
Use,2016,525,482
Use,2016,525,483
Use,2016,525,484
Use,2016,525,485
Use,2016,525,486
Use,2016,525,487OS
Use,2016,525,493
Use,2016,525,511
Use,2016,525,512
Use,2016,525,513
Use,2016,525,514
Use,2016,525,521CI
Use,2016,525,523
Use,2016,525,HS
Use,2016,525,ORE
Use,2016,525,532RL
Use,2016,525,5411
Use,2016,525,5415
Use,2016,525,5412OP
Use,2016,525,561
Use,2016,525,562
Use,2016,525,61
Use,2016,525,621
Use,2016,525,622
Use,2016,525,623
Use,2016,525,624
Use,2016,525,711AS
Use,2016,525,713
Use,2016,525,721
Use,2016,525,722
Use,2016,525,81
Use,2016,525,GFGD
Use,2016,525,GFE
Use,2016,525,GSLE
Use,2016,525,F02S
Use,2016,525,F02E
Use,2016,525,F02N
Use,2016,525,F02R
Use,2016,525,F030
Use,2016,525,F040
Use,2016,525,F050
Use,2016,525,F06C
Use,2016,525,F06S
Use,2016,525,F06E
Use,2016,525,F06N
Use,2016,525,F07C
Use,2016,525,F07S
Use,2016,525,F07E
Use,2016,525,F07N
Use,2016,525,F10C
Use,2016,525,F10S
Use,2016,525,F10E
Use,2016,525,F10N
Use,2016,HS,111CA
Use,2016,HS,113FF
Use,2016,HS,211
Use,2016,HS,212
Use,2016,HS,213
Use,2016,HS,22
Use,2016,HS,23
Use,2016,HS,321
Use,2016,HS,327
Use,2016,HS,331
Use,2016,HS,332
Use,2016,HS,333
Use,2016,HS,334
Use,2016,HS,335
Use,2016,HS,3361MV
Use,2016,HS,3364OT
Use,2016,HS,337
Use,2016,HS,339
Use,2016,HS,311FT
Use,2016,HS,313TT
Use,2016,HS,315AL
Use,2016,HS,322
Use,2016,HS,323
Use,2016,HS,324
Use,2016,HS,325
Use,2016,HS,326
Use,2016,HS,42
Use,2016,HS,441
Use,2016,HS,445
Use,2016,HS,452
Use,2016,HS,4A0
Use,2016,HS,481
Use,2016,HS,482
Use,2016,HS,483
Use,2016,HS,484
Use,2016,HS,485
Use,2016,HS,486
Use,2016,HS,487OS
Use,2016,HS,493
Use,2016,HS,511
Use,2016,HS,512
Use,2016,HS,513
Use,2016,HS,514
Use,2016,HS,521CI
Use,2016,HS,523
Use,2016,HS,524
Use,2016,HS,525
Use,2016,HS,HS
Use,2016,HS,ORE
Use,2016,HS,532RL
Use,2016,HS,5411
Use,2016,HS,5415
Use,2016,HS,5412OP
Use,2016,HS,55
Use,2016,HS,561
Use,2016,HS,562
Use,2016,HS,61
Use,2016,HS,621
Use,2016,HS,622
Use,2016,HS,623
Use,2016,HS,624
Use,2016,HS,711AS
Use,2016,HS,713
Use,2016,HS,721
Use,2016,HS,722
Use,2016,HS,81
Use,2016,HS,GFGD
Use,2016,HS,GFGN
Use,2016,HS,GFE
Use,2016,HS,GSLG
Use,2016,HS,GSLE
Use,2016,HS,TOT_INT
Use,2016,HS,F02S
Use,2016,HS,F02E
Use,2016,HS,F02N
Use,2016,HS,F02R
Use,2016,HS,F030
Use,2016,HS,F040
Use,2016,HS,F050
Use,2016,HS,F06C
Use,2016,HS,F06S
Use,2016,HS,F06E
Use,2016,HS,F06N
Use,2016,HS,F07C
Use,2016,HS,F07S
Use,2016,HS,F07E
Use,2016,HS,F07N
Use,2016,HS,F10C
Use,2016,HS,F10S
Use,2016,HS,F10E
Use,2016,HS,F10N
Use,2016,ORE,F02E
Use,2016,ORE,F02N
Use,2016,ORE,F030
Use,2016,ORE,F050
Use,2016,ORE,F06C
Use,2016,ORE,F06S
Use,2016,ORE,F06E
Use,2016,ORE,F06N
Use,2016,ORE,F07C
Use,2016,ORE,F07S
Use,2016,ORE,F07E
Use,2016,ORE,F07N
Use,2016,ORE,F10C
Use,2016,ORE,F10S
Use,2016,ORE,F10E
Use,2016,ORE,F10N
Use,2016,532RL,F02S
Use,2016,532RL,F02E
Use,2016,532RL,F02N
Use,2016,532RL,F02R
Use,2016,532RL,F030
Use,2016,532RL,F050
Use,2016,532RL,F06C
Use,2016,532RL,F06S
Use,2016,532RL,F06E
Use,2016,532RL,F06N
Use,2016,532RL,F07C
Use,2016,532RL,F07S
Use,2016,532RL,F07E
Use,2016,532RL,F07N
Use,2016,532RL,F10C
Use,2016,532RL,F10S
Use,2016,532RL,F10E
Use,2016,532RL,F10N
Use,2016,5411,F02S
Use,2016,5411,F02E
Use,2016,5411,F02N
Use,2016,5411,F030
Use,2016,5411,F06C
Use,2016,5411,F06S
Use,2016,5411,F06E
Use,2016,5411,F06N
Use,2016,5411,F07C
Use,2016,5411,F07S
Use,2016,5411,F07E
Use,2016,5411,F07N
Use,2016,5411,F10C
Use,2016,5411,F10S
Use,2016,5411,F10E
Use,2016,5411,F10N
Use,2016,5415,F010
Use,2016,5415,F02S
Use,2016,5415,F02R
Use,2016,5415,F030
Use,2016,5415,F06C
Use,2016,5415,F06S
Use,2016,5415,F07C
Use,2016,5415,F07S
Use,2016,5415,F07E
Use,2016,5415,F10C
Use,2016,5415,F10S
Use,2016,5412OP,F02S
Use,2016,5412OP,F030
Use,2016,5412OP,F06C
Use,2016,5412OP,F06S
Use,2016,5412OP,F06E
Use,2016,5412OP,F07C
Use,2016,5412OP,F07S
Use,2016,5412OP,F07E
Use,2016,5412OP,F10C
Use,2016,5412OP,F10S
Use,2016,5412OP,F10E
Use,2016,55,111CA
Use,2016,55,113FF
Use,2016,55,GFGN
Use,2016,55,GSLE
Use,2016,55,F010
Use,2016,55,F02S
Use,2016,55,F02E
Use,2016,55,F02N
Use,2016,55,F02R
Use,2016,55,F030
Use,2016,55,F050
Use,2016,55,F06C
Use,2016,55,F06S
Use,2016,55,F06E
Use,2016,55,F06N
Use,2016,55,F07C
Use,2016,55,F07S
Use,2016,55,F07E
Use,2016,55,F07N
Use,2016,55,F10C
Use,2016,55,F10S
Use,2016,55,F10E
Use,2016,55,F10N
Use,2016,561,F02S
Use,2016,561,F02E
Use,2016,561,F02N
Use,2016,561,F02R
Use,2016,561,F030
Use,2016,561,F06C
Use,2016,561,F06S
Use,2016,561,F06E
Use,2016,561,F06N
Use,2016,561,F07C
Use,2016,561,F07S
Use,2016,561,F07E
Use,2016,561,F07N
Use,2016,561,F10C
Use,2016,561,F10S
Use,2016,561,F10E
Use,2016,561,F10N
Use,2016,562,F02S
Use,2016,562,F02E
Use,2016,562,F02N
Use,2016,562,F02R
Use,2016,562,F030
Use,2016,562,F06C
Use,2016,562,F06S
Use,2016,562,F06E
Use,2016,562,F06N
Use,2016,562,F07C
Use,2016,562,F07S
Use,2016,562,F07E
Use,2016,562,F07N
Use,2016,562,F10C
Use,2016,562,F10S
Use,2016,562,F10E
Use,2016,562,F10N
Use,2016,61,211
Use,2016,61,212
Use,2016,61,213
Use,2016,61,321
Use,2016,61,327
Use,2016,61,331
Use,2016,61,332
Use,2016,61,333
Use,2016,61,334
Use,2016,61,335
Use,2016,61,3361MV
Use,2016,61,3364OT
Use,2016,61,337
Use,2016,61,339
Use,2016,61,311FT
Use,2016,61,313TT
Use,2016,61,315AL
Use,2016,61,322
Use,2016,61,325
Use,2016,61,452
Use,2016,61,483
Use,2016,61,484
Use,2016,61,485
Use,2016,61,493
Use,2016,61,512
Use,2016,61,524
Use,2016,61,525
Use,2016,61,HS
Use,2016,61,ORE
Use,2016,61,532RL
Use,2016,61,5411
Use,2016,61,55
Use,2016,61,562
Use,2016,61,623
Use,2016,61,624
Use,2016,61,721
Use,2016,61,722
Use,2016,61,F02S
Use,2016,61,F02E
Use,2016,61,F02N
Use,2016,61,F02R
Use,2016,61,F030
Use,2016,61,F06C
Use,2016,61,F06S
Use,2016,61,F06E
Use,2016,61,F06N
Use,2016,61,F07C
Use,2016,61,F07S
Use,2016,61,F07E
Use,2016,61,F07N
Use,2016,61,F10C
Use,2016,61,F10S
Use,2016,61,F10E
Use,2016,61,F10N
Use,2016,621,111CA
Use,2016,621,113FF
Use,2016,621,211
Use,2016,621,212
Use,2016,621,213
Use,2016,621,22
Use,2016,621,23
Use,2016,621,321
Use,2016,621,327
Use,2016,621,331
Use,2016,621,332
Use,2016,621,333
Use,2016,621,334
Use,2016,621,335
Use,2016,621,3361MV
Use,2016,621,3364OT
Use,2016,621,337
Use,2016,621,339
Use,2016,621,311FT
Use,2016,621,313TT
Use,2016,621,315AL
Use,2016,621,322
Use,2016,621,323
Use,2016,621,324
Use,2016,621,325
Use,2016,621,326
Use,2016,621,42
Use,2016,621,441
Use,2016,621,445
Use,2016,621,452
Use,2016,621,4A0
Use,2016,621,481
Use,2016,621,482
Use,2016,621,483
Use,2016,621,484
Use,2016,621,485
Use,2016,621,486
Use,2016,621,487OS
Use,2016,621,493
Use,2016,621,511
Use,2016,621,512
Use,2016,621,513
Use,2016,621,514
Use,2016,621,521CI
Use,2016,621,523
Use,2016,621,524
Use,2016,621,525
Use,2016,621,HS
Use,2016,621,ORE
Use,2016,621,532RL
Use,2016,621,5411
Use,2016,621,5415
Use,2016,621,55
Use,2016,621,562
Use,2016,621,61
Use,2016,621,721
Use,2016,621,722
Use,2016,621,GFGD
Use,2016,621,GFE
Use,2016,621,GSLE
Use,2016,621,F02S
Use,2016,621,F02E
Use,2016,621,F02N
Use,2016,621,F02R
Use,2016,621,F030
Use,2016,621,F06C
Use,2016,621,F06S
Use,2016,621,F06E
Use,2016,621,F06N
Use,2016,621,F07C
Use,2016,621,F07S
Use,2016,621,F07E
Use,2016,621,F07N
Use,2016,621,F10C
Use,2016,621,F10S
Use,2016,621,F10E
Use,2016,621,F10N
Use,2016,622,111CA
Use,2016,622,113FF
Use,2016,622,211
Use,2016,622,212
Use,2016,622,213
Use,2016,622,22
Use,2016,622,23
Use,2016,622,321
Use,2016,622,327
Use,2016,622,331
Use,2016,622,332
Use,2016,622,333
Use,2016,622,334
Use,2016,622,335
Use,2016,622,3361MV
Use,2016,622,3364OT
Use,2016,622,337
Use,2016,622,339
Use,2016,622,311FT
Use,2016,622,313TT
Use,2016,622,315AL
Use,2016,622,322
Use,2016,622,323
Use,2016,622,324
Use,2016,622,325
Use,2016,622,326
Use,2016,622,42
Use,2016,622,441
Use,2016,622,445
Use,2016,622,452
Use,2016,622,4A0
Use,2016,622,481
Use,2016,622,482
Use,2016,622,483
Use,2016,622,484
Use,2016,622,485
Use,2016,622,486
Use,2016,622,487OS
Use,2016,622,493
Use,2016,622,511
Use,2016,622,512
Use,2016,622,513
Use,2016,622,514
Use,2016,622,521CI
Use,2016,622,523
Use,2016,622,524
Use,2016,622,525
Use,2016,622,HS
Use,2016,622,ORE
Use,2016,622,532RL
Use,2016,622,5411
Use,2016,622,5415
Use,2016,622,5412OP
Use,2016,622,55
Use,2016,622,561
Use,2016,622,562
Use,2016,622,61
Use,2016,622,621
Use,2016,622,623
Use,2016,622,624
Use,2016,622,711AS
Use,2016,622,713
Use,2016,622,721
Use,2016,622,722
Use,2016,622,81
Use,2016,622,GFGD
Use,2016,622,GFGN
Use,2016,622,GFE
Use,2016,622,GSLG
Use,2016,622,GSLE
Use,2016,622,F02S
Use,2016,622,F02E
Use,2016,622,F02N
Use,2016,622,F02R
Use,2016,622,F030
Use,2016,622,F06C
Use,2016,622,F06S
Use,2016,622,F06E
Use,2016,622,F06N
Use,2016,622,F07C
Use,2016,622,F07S
Use,2016,622,F07E
Use,2016,622,F07N
Use,2016,622,F10C
Use,2016,622,F10S
Use,2016,622,F10E
Use,2016,622,F10N
Use,2016,623,111CA
Use,2016,623,113FF
Use,2016,623,211
Use,2016,623,212
Use,2016,623,213
Use,2016,623,22
Use,2016,623,23
Use,2016,623,321
Use,2016,623,327
Use,2016,623,331
Use,2016,623,332
Use,2016,623,333
Use,2016,623,334
Use,2016,623,335
Use,2016,623,3361MV
Use,2016,623,3364OT
Use,2016,623,337
Use,2016,623,339
Use,2016,623,311FT
Use,2016,623,313TT
Use,2016,623,315AL
Use,2016,623,322
Use,2016,623,323
Use,2016,623,324
Use,2016,623,325
Use,2016,623,326
Use,2016,623,42
Use,2016,623,441
Use,2016,623,445
Use,2016,623,452
Use,2016,623,4A0
Use,2016,623,481
Use,2016,623,482
Use,2016,623,483
Use,2016,623,484
Use,2016,623,485
Use,2016,623,486
Use,2016,623,487OS
Use,2016,623,493
Use,2016,623,511
Use,2016,623,512
Use,2016,623,513
Use,2016,623,514
Use,2016,623,521CI
Use,2016,623,523
Use,2016,623,524
Use,2016,623,525
Use,2016,623,HS
Use,2016,623,ORE
Use,2016,623,532RL
Use,2016,623,5411
Use,2016,623,5415
Use,2016,623,5412OP
Use,2016,623,55
Use,2016,623,561
Use,2016,623,562
Use,2016,623,61
Use,2016,623,621
Use,2016,623,622
Use,2016,623,623
Use,2016,623,624
Use,2016,623,711AS
Use,2016,623,713
Use,2016,623,721
Use,2016,623,722
Use,2016,623,81
Use,2016,623,GFGD
Use,2016,623,GFE
Use,2016,623,GSLE
Use,2016,623,F02S
Use,2016,623,F02E
Use,2016,623,F02N
Use,2016,623,F02R
Use,2016,623,F030
Use,2016,623,F06C
Use,2016,623,F06S
Use,2016,623,F06E
Use,2016,623,F06N
Use,2016,623,F07C
Use,2016,623,F07S
Use,2016,623,F07E
Use,2016,623,F07N
Use,2016,623,F10C
Use,2016,623,F10S
Use,2016,623,F10E
Use,2016,623,F10N
Use,2016,624,111CA
Use,2016,624,113FF
Use,2016,624,211
Use,2016,624,212
Use,2016,624,213
Use,2016,624,22
Use,2016,624,23
Use,2016,624,321
Use,2016,624,327
Use,2016,624,331
Use,2016,624,332
Use,2016,624,333
Use,2016,624,334
Use,2016,624,335
Use,2016,624,3361MV
Use,2016,624,3364OT
Use,2016,624,337
Use,2016,624,339
Use,2016,624,311FT
Use,2016,624,313TT
Use,2016,624,315AL
Use,2016,624,322
Use,2016,624,323
Use,2016,624,324
Use,2016,624,325
Use,2016,624,326
Use,2016,624,42
Use,2016,624,441
Use,2016,624,445
Use,2016,624,452
Use,2016,624,4A0
Use,2016,624,481
Use,2016,624,482
Use,2016,624,483
Use,2016,624,484
Use,2016,624,485
Use,2016,624,486
Use,2016,624,487OS
Use,2016,624,493
Use,2016,624,511
Use,2016,624,512
Use,2016,624,513
Use,2016,624,514
Use,2016,624,521CI
Use,2016,624,523
Use,2016,624,524
Use,2016,624,525
Use,2016,624,HS
Use,2016,624,ORE
Use,2016,624,532RL
Use,2016,624,5411
Use,2016,624,5415
Use,2016,624,5412OP
Use,2016,624,55
Use,2016,624,561
Use,2016,624,562
Use,2016,624,61
Use,2016,624,621
Use,2016,624,622
Use,2016,624,623
Use,2016,624,624
Use,2016,624,711AS
Use,2016,624,713
Use,2016,624,721
Use,2016,624,722
Use,2016,624,81
Use,2016,624,GFGD
Use,2016,624,GFGN
Use,2016,624,GFE
Use,2016,624,GSLE
Use,2016,624,F02S
Use,2016,624,F02E
Use,2016,624,F02N
Use,2016,624,F02R
Use,2016,624,F030
Use,2016,624,F040
Use,2016,624,F050
Use,2016,624,F06C
Use,2016,624,F06S
Use,2016,624,F06E
Use,2016,624,F06N
Use,2016,624,F07C
Use,2016,624,F07S
Use,2016,624,F07E
Use,2016,624,F07N
Use,2016,624,F10C
Use,2016,624,F10S
Use,2016,624,F10E
Use,2016,624,F10N
Use,2016,711AS,212
Use,2016,711AS,481
Use,2016,711AS,483
Use,2016,711AS,486
Use,2016,711AS,F02S
Use,2016,711AS,F02E
Use,2016,711AS,F02R
Use,2016,711AS,F030
Use,2016,711AS,F06C
Use,2016,711AS,F06S
Use,2016,711AS,F06E
Use,2016,711AS,F06N
Use,2016,711AS,F07C
Use,2016,711AS,F07S
Use,2016,711AS,F07E
Use,2016,711AS,F07N
Use,2016,711AS,F10C
Use,2016,711AS,F10S
Use,2016,711AS,F10E
Use,2016,711AS,F10N
Use,2016,713,211
Use,2016,713,483
Use,2016,713,484
Use,2016,713,485
Use,2016,713,486
Use,2016,713,ORE
Use,2016,713,F02S
Use,2016,713,F02E
Use,2016,713,F02N
Use,2016,713,F02R
Use,2016,713,F030
Use,2016,713,F06C
Use,2016,713,F06S
Use,2016,713,F06E
Use,2016,713,F06N
Use,2016,713,F07C
Use,2016,713,F07S
Use,2016,713,F07E
Use,2016,713,F07N
Use,2016,713,F10C
Use,2016,713,F10S
Use,2016,713,F10E
Use,2016,713,F10N
Use,2016,721,113FF
Use,2016,721,481
Use,2016,721,483
Use,2016,721,484
Use,2016,721,F02S
Use,2016,721,F02E
Use,2016,721,F02N
Use,2016,721,F02R
Use,2016,721,F030
Use,2016,721,F040
Use,2016,721,F050
Use,2016,721,F06C
Use,2016,721,F06S
Use,2016,721,F06E
Use,2016,721,F06N
Use,2016,721,F07C
Use,2016,721,F07S
Use,2016,721,F07E
Use,2016,721,F07N
Use,2016,721,F10C
Use,2016,721,F10S
Use,2016,721,F10E
Use,2016,721,F10N
Use,2016,722,F02S
Use,2016,722,F02E
Use,2016,722,F02N
Use,2016,722,F02R
Use,2016,722,F030
Use,2016,722,F050
Use,2016,722,F06C
Use,2016,722,F06S
Use,2016,722,F06E
Use,2016,722,F06N
Use,2016,722,F07C
Use,2016,722,F07S
Use,2016,722,F07E
Use,2016,722,F07N
Use,2016,722,F10C
Use,2016,722,F10S
Use,2016,722,F10E
Use,2016,722,F10N
Use,2016,81,F02S
Use,2016,81,F02E
Use,2016,81,F02N
Use,2016,81,F02R
Use,2016,81,F030
Use,2016,81,F06C
Use,2016,81,F06S
Use,2016,81,F06E
Use,2016,81,F06N
Use,2016,81,F07C
Use,2016,81,F07S
Use,2016,81,F07E
Use,2016,81,F07N
Use,2016,81,F10C
Use,2016,81,F10S
Use,2016,81,F10E
Use,2016,81,F10N
Use,2016,GFGD,111CA
Use,2016,GFGD,113FF
Use,2016,GFGD,211
Use,2016,GFGD,212
Use,2016,GFGD,213
Use,2016,GFGD,22
Use,2016,GFGD,23
Use,2016,GFGD,321
Use,2016,GFGD,327
Use,2016,GFGD,331
Use,2016,GFGD,332
Use,2016,GFGD,333
Use,2016,GFGD,334
Use,2016,GFGD,335
Use,2016,GFGD,3361MV
Use,2016,GFGD,3364OT
Use,2016,GFGD,337
Use,2016,GFGD,339
Use,2016,GFGD,311FT
Use,2016,GFGD,313TT
Use,2016,GFGD,315AL
Use,2016,GFGD,322
Use,2016,GFGD,323
Use,2016,GFGD,324
Use,2016,GFGD,325
Use,2016,GFGD,326
Use,2016,GFGD,42
Use,2016,GFGD,441
Use,2016,GFGD,445
Use,2016,GFGD,452
Use,2016,GFGD,4A0
Use,2016,GFGD,481
Use,2016,GFGD,482
Use,2016,GFGD,483
Use,2016,GFGD,484
Use,2016,GFGD,485
Use,2016,GFGD,486
Use,2016,GFGD,487OS
Use,2016,GFGD,493
Use,2016,GFGD,511
Use,2016,GFGD,512
Use,2016,GFGD,513
Use,2016,GFGD,514
Use,2016,GFGD,521CI
Use,2016,GFGD,523
Use,2016,GFGD,524
Use,2016,GFGD,525
Use,2016,GFGD,HS
Use,2016,GFGD,ORE
Use,2016,GFGD,532RL
Use,2016,GFGD,5411
Use,2016,GFGD,5415
Use,2016,GFGD,5412OP
Use,2016,GFGD,55
Use,2016,GFGD,561
Use,2016,GFGD,562
Use,2016,GFGD,61
Use,2016,GFGD,621
Use,2016,GFGD,622
Use,2016,GFGD,623
Use,2016,GFGD,624
Use,2016,GFGD,711AS
Use,2016,GFGD,713
Use,2016,GFGD,721
Use,2016,GFGD,722
Use,2016,GFGD,81
Use,2016,GFGD,GFGD
Use,2016,GFGD,GFGN
Use,2016,GFGD,GFE
Use,2016,GFGD,GSLG
Use,2016,GFGD,GSLE
Use,2016,GFGD,TOT_INT
Use,2016,GFGD,F010
Use,2016,GFGD,F02S
Use,2016,GFGD,F02E
Use,2016,GFGD,F02N
Use,2016,GFGD,F02R
Use,2016,GFGD,F030
Use,2016,GFGD,F040
Use,2016,GFGD,F050
Use,2016,GFGD,F06S
Use,2016,GFGD,F06E
Use,2016,GFGD,F06N
Use,2016,GFGD,F07C
Use,2016,GFGD,F07S
Use,2016,GFGD,F07E
Use,2016,GFGD,F07N
Use,2016,GFGD,F10C
Use,2016,GFGD,F10S
Use,2016,GFGD,F10E
Use,2016,GFGD,F10N
Use,2016,GFGN,111CA
Use,2016,GFGN,113FF
Use,2016,GFGN,211
Use,2016,GFGN,212
Use,2016,GFGN,213
Use,2016,GFGN,22
Use,2016,GFGN,23
Use,2016,GFGN,321
Use,2016,GFGN,327
Use,2016,GFGN,331
Use,2016,GFGN,332
Use,2016,GFGN,333
Use,2016,GFGN,334
Use,2016,GFGN,335
Use,2016,GFGN,3361MV
Use,2016,GFGN,3364OT
Use,2016,GFGN,337
Use,2016,GFGN,339
Use,2016,GFGN,311FT
Use,2016,GFGN,313TT
Use,2016,GFGN,315AL
Use,2016,GFGN,322
Use,2016,GFGN,323
Use,2016,GFGN,324
Use,2016,GFGN,325
Use,2016,GFGN,326
Use,2016,GFGN,42
Use,2016,GFGN,441
Use,2016,GFGN,445
Use,2016,GFGN,452
Use,2016,GFGN,4A0
Use,2016,GFGN,481
Use,2016,GFGN,482
Use,2016,GFGN,483
Use,2016,GFGN,484
Use,2016,GFGN,485
Use,2016,GFGN,486
Use,2016,GFGN,487OS
Use,2016,GFGN,493
Use,2016,GFGN,511
Use,2016,GFGN,512
Use,2016,GFGN,513
Use,2016,GFGN,514
Use,2016,GFGN,521CI
Use,2016,GFGN,523
Use,2016,GFGN,524
Use,2016,GFGN,525
Use,2016,GFGN,HS
Use,2016,GFGN,ORE
Use,2016,GFGN,532RL
Use,2016,GFGN,5411
Use,2016,GFGN,5415
Use,2016,GFGN,5412OP
Use,2016,GFGN,55
Use,2016,GFGN,561
Use,2016,GFGN,562
Use,2016,GFGN,61
Use,2016,GFGN,621
Use,2016,GFGN,622
Use,2016,GFGN,623
Use,2016,GFGN,624
Use,2016,GFGN,711AS
Use,2016,GFGN,713
Use,2016,GFGN,721
Use,2016,GFGN,722
Use,2016,GFGN,81
Use,2016,GFGN,GFGD
Use,2016,GFGN,GFGN
Use,2016,GFGN,GFE
Use,2016,GFGN,GSLG
Use,2016,GFGN,GSLE
Use,2016,GFGN,TOT_INT
Use,2016,GFGN,F010
Use,2016,GFGN,F02S
Use,2016,GFGN,F02E
Use,2016,GFGN,F02N
Use,2016,GFGN,F02R
Use,2016,GFGN,F030
Use,2016,GFGN,F040
Use,2016,GFGN,F050
Use,2016,GFGN,F06C
Use,2016,GFGN,F06S
Use,2016,GFGN,F06E
Use,2016,GFGN,F06N
Use,2016,GFGN,F07S
Use,2016,GFGN,F07E
Use,2016,GFGN,F07N
Use,2016,GFGN,F10C
Use,2016,GFGN,F10S
Use,2016,GFGN,F10E
Use,2016,GFGN,F10N
Use,2016,GFE,211
Use,2016,GFE,213
Use,2016,GFE,321
Use,2016,GFE,327
Use,2016,GFE,3361MV
Use,2016,GFE,3364OT
Use,2016,GFE,337
Use,2016,GFE,311FT
Use,2016,GFE,315AL
Use,2016,GFE,322
Use,2016,GFE,326
Use,2016,GFE,482
Use,2016,GFE,525
Use,2016,GFE,F02S
Use,2016,GFE,F02E
Use,2016,GFE,F02N
Use,2016,GFE,F02R
Use,2016,GFE,F030
Use,2016,GFE,F06C
Use,2016,GFE,F06S
Use,2016,GFE,F06E
Use,2016,GFE,F06N
Use,2016,GFE,F07C
Use,2016,GFE,F07S
Use,2016,GFE,F07E
Use,2016,GFE,F07N
Use,2016,GFE,F10C
Use,2016,GFE,F10S
Use,2016,GFE,F10E
Use,2016,GFE,F10N
Use,2016,GSLG,111CA
Use,2016,GSLG,113FF
Use,2016,GSLG,211
Use,2016,GSLG,212
Use,2016,GSLG,213
Use,2016,GSLG,22
Use,2016,GSLG,23
Use,2016,GSLG,321
Use,2016,GSLG,327
Use,2016,GSLG,331
Use,2016,GSLG,332
Use,2016,GSLG,333
Use,2016,GSLG,334
Use,2016,GSLG,335
Use,2016,GSLG,3361MV
Use,2016,GSLG,3364OT
Use,2016,GSLG,337
Use,2016,GSLG,339
Use,2016,GSLG,311FT
Use,2016,GSLG,313TT
Use,2016,GSLG,315AL
Use,2016,GSLG,322
Use,2016,GSLG,323
Use,2016,GSLG,324
Use,2016,GSLG,325
Use,2016,GSLG,326
Use,2016,GSLG,42
Use,2016,GSLG,441
Use,2016,GSLG,445
Use,2016,GSLG,452
Use,2016,GSLG,4A0
Use,2016,GSLG,481
Use,2016,GSLG,482
Use,2016,GSLG,483
Use,2016,GSLG,484
Use,2016,GSLG,485
Use,2016,GSLG,486
Use,2016,GSLG,487OS
Use,2016,GSLG,493
Use,2016,GSLG,511
Use,2016,GSLG,512
Use,2016,GSLG,513
Use,2016,GSLG,514
Use,2016,GSLG,521CI
Use,2016,GSLG,523
Use,2016,GSLG,524
Use,2016,GSLG,525
Use,2016,GSLG,HS
Use,2016,GSLG,ORE
Use,2016,GSLG,532RL
Use,2016,GSLG,5411
Use,2016,GSLG,5415
Use,2016,GSLG,5412OP
Use,2016,GSLG,55
Use,2016,GSLG,561
Use,2016,GSLG,562
Use,2016,GSLG,61
Use,2016,GSLG,621
Use,2016,GSLG,622
Use,2016,GSLG,623
Use,2016,GSLG,624
Use,2016,GSLG,711AS
Use,2016,GSLG,713
Use,2016,GSLG,721
Use,2016,GSLG,722
Use,2016,GSLG,81
Use,2016,GSLG,GFGD
Use,2016,GSLG,GFGN
Use,2016,GSLG,GFE
Use,2016,GSLG,GSLG
Use,2016,GSLG,GSLE
Use,2016,GSLG,TOT_INT
Use,2016,GSLG,F010
Use,2016,GSLG,F02S
Use,2016,GSLG,F02E
Use,2016,GSLG,F02N
Use,2016,GSLG,F02R
Use,2016,GSLG,F030
Use,2016,GSLG,F040
Use,2016,GSLG,F050
Use,2016,GSLG,F06C
Use,2016,GSLG,F06S
Use,2016,GSLG,F06E
Use,2016,GSLG,F06N
Use,2016,GSLG,F07C
Use,2016,GSLG,F07S
Use,2016,GSLG,F07E
Use,2016,GSLG,F07N
Use,2016,GSLG,F10S
Use,2016,GSLG,F10E
Use,2016,GSLG,F10N
Use,2016,GSLE,111CA
Use,2016,GSLE,211
Use,2016,GSLE,212
Use,2016,GSLE,213
Use,2016,GSLE,23
Use,2016,GSLE,482
Use,2016,GSLE,483
Use,2016,GSLE,525
Use,2016,GSLE,HS
Use,2016,GSLE,F02S
Use,2016,GSLE,F02E
Use,2016,GSLE,F02N
Use,2016,GSLE,F02R
Use,2016,GSLE,F030
Use,2016,GSLE,F040
Use,2016,GSLE,F050
Use,2016,GSLE,F06C
Use,2016,GSLE,F06S
Use,2016,GSLE,F06E
Use,2016,GSLE,F06N
Use,2016,GSLE,F07C
Use,2016,GSLE,F07S
Use,2016,GSLE,F07E
Use,2016,GSLE,F07N
Use,2016,GSLE,F10C
Use,2016,GSLE,F10S
Use,2016,GSLE,F10E
Use,2016,GSLE,F10N
Use,2016,Used,211
Use,2016,Used,212
Use,2016,Used,321
Use,2016,Used,334
Use,2016,Used,335
Use,2016,Used,3361MV
Use,2016,Used,3364OT
Use,2016,Used,337
Use,2016,Used,315AL
Use,2016,Used,323
Use,2016,Used,324
Use,2016,Used,42
Use,2016,Used,445
Use,2016,Used,452
Use,2016,Used,482
Use,2016,Used,511
Use,2016,Used,514
Use,2016,Used,521CI
Use,2016,Used,523
Use,2016,Used,524
Use,2016,Used,525
Use,2016,Used,HS
Use,2016,Used,ORE
Use,2016,Used,5411
Use,2016,Used,5415
Use,2016,Used,5412OP
Use,2016,Used,561
Use,2016,Used,562
Use,2016,Used,622
Use,2016,Used,623
Use,2016,Used,624
Use,2016,Used,721
Use,2016,Used,722
Use,2016,Used,GFGN
Use,2016,Used,GFE
Use,2016,Used,GSLG
Use,2016,Used,GSLE
Use,2016,Used,F02N
Use,2016,Used,F06C
Use,2016,Used,F06N
Use,2016,Used,F07C
Use,2016,Used,F07N
Use,2016,Used,F10C
Use,2016,Used,F10N
Use,2016,Other,621
Use,2016,Other,622
Use,2016,Other,624
Use,2016,Other,GSLG
Use,2016,Other,GSLE
Use,2016,Other,F02S
Use,2016,Other,F02E
Use,2016,Other,F02R
Use,2016,Other,F030
Use,2016,Other,F06C
Use,2016,Other,F06S
Use,2016,Other,F06E
Use,2016,Other,F06N
Use,2016,Other,F07C
Use,2016,Other,F07S
Use,2016,Other,F07E
Use,2016,Other,F07N
Use,2016,Other,F10C
Use,2016,Other,F10S
Use,2016,Other,F10E
Use,2016,Other,F10N
Use,2016,TOT_INT,F010
Use,2016,TOT_INT,F02S
Use,2016,TOT_INT,F02E
Use,2016,TOT_INT,F02N
Use,2016,TOT_INT,F02R
Use,2016,TOT_INT,F030
Use,2016,TOT_INT,F040
Use,2016,TOT_INT,F050
Use,2016,TOT_INT,F06C
Use,2016,TOT_INT,F06S
Use,2016,TOT_INT,F06E
Use,2016,TOT_INT,F06N
Use,2016,TOT_INT,F07C
Use,2016,TOT_INT,F07S
Use,2016,TOT_INT,F07E
Use,2016,TOT_INT,F07N
Use,2016,TOT_INT,F10C
Use,2016,TOT_INT,F10S
Use,2016,TOT_INT,F10E
Use,2016,TOT_INT,F10N
Use,2016,TOT_INT,TOT_FIN
Use,2016,TOT_INT,Q
Use,2016,V001,F010
Use,2016,V001,F02S
Use,2016,V001,F02E
Use,2016,V001,F02N
Use,2016,V001,F02R
Use,2016,V001,F030
Use,2016,V001,F040
Use,2016,V001,F050
Use,2016,V001,F06C
Use,2016,V001,F06S
Use,2016,V001,F06E
Use,2016,V001,F06N
Use,2016,V001,F07C
Use,2016,V001,F07S
Use,2016,V001,F07E
Use,2016,V001,F07N
Use,2016,V001,F10C
Use,2016,V001,F10S
Use,2016,V001,F10E
Use,2016,V001,F10N
Use,2016,V001,TOT_FIN
Use,2016,V001,Q
Use,2016,V002,GFGD
Use,2016,V002,GFGN
Use,2016,V002,GSLG
Use,2016,V002,F010
Use,2016,V002,F02S
Use,2016,V002,F02E
Use,2016,V002,F02N
Use,2016,V002,F02R
Use,2016,V002,F030
Use,2016,V002,F040
Use,2016,V002,F050
Use,2016,V002,F06C
Use,2016,V002,F06S
Use,2016,V002,F06E
Use,2016,V002,F06N
Use,2016,V002,F07C
Use,2016,V002,F07S
Use,2016,V002,F07E
Use,2016,V002,F07N
Use,2016,V002,F10C
Use,2016,V002,F10S
Use,2016,V002,F10E
Use,2016,V002,F10N
Use,2016,V002,TOT_FIN
Use,2016,V002,Q
Use,2016,V003,F010
Use,2016,V003,F02S
Use,2016,V003,F02E
Use,2016,V003,F02N
Use,2016,V003,F02R
Use,2016,V003,F030
Use,2016,V003,F040
Use,2016,V003,F050
Use,2016,V003,F06C
Use,2016,V003,F06S
Use,2016,V003,F06E
Use,2016,V003,F06N
Use,2016,V003,F07C
Use,2016,V003,F07S
Use,2016,V003,F07E
Use,2016,V003,F07N
Use,2016,V003,F10C
Use,2016,V003,F10S
Use,2016,V003,F10E
Use,2016,V003,F10N
Use,2016,V003,TOT_FIN
Use,2016,V003,Q
Use,2016,TOT_VA,TOT_INT
Use,2016,TOT_VA,F010
Use,2016,TOT_VA,F02S
Use,2016,TOT_VA,F02E
Use,2016,TOT_VA,F02N
Use,2016,TOT_VA,F02R
Use,2016,TOT_VA,F030
Use,2016,TOT_VA,F040
Use,2016,TOT_VA,F050
Use,2016,TOT_VA,F06C
Use,2016,TOT_VA,F06S
Use,2016,TOT_VA,F06E
Use,2016,TOT_VA,F06N
Use,2016,TOT_VA,F07C
Use,2016,TOT_VA,F07S
Use,2016,TOT_VA,F07E
Use,2016,TOT_VA,F07N
Use,2016,TOT_VA,F10C
Use,2016,TOT_VA,F10S
Use,2016,TOT_VA,F10E
Use,2016,TOT_VA,F10N
Use,2016,TOT_VA,Q
Use,2016,X,TOT_INT
Use,2016,X,TOT_FIN
Make,2016,111CA,211
Make,2016,111CA,212
Make,2016,111CA,213
Make,2016,111CA,22
Make,2016,111CA,23
Make,2016,111CA,327
Make,2016,111CA,331
Make,2016,111CA,332
Make,2016,111CA,333
Make,2016,111CA,334
Make,2016,111CA,335
Make,2016,111CA,3361MV
Make,2016,111CA,3364OT
Make,2016,111CA,337
Make,2016,111CA,339
Make,2016,111CA,311FT
Make,2016,111CA,313TT
Make,2016,111CA,315AL
Make,2016,111CA,322
Make,2016,111CA,323
Make,2016,111CA,324
Make,2016,111CA,325
Make,2016,111CA,326
Make,2016,111CA,42
Make,2016,111CA,441
Make,2016,111CA,445
Make,2016,111CA,452
Make,2016,111CA,4A0
Make,2016,111CA,481
Make,2016,111CA,482
Make,2016,111CA,483
Make,2016,111CA,484
Make,2016,111CA,485
Make,2016,111CA,486
Make,2016,111CA,487OS
Make,2016,111CA,493
Make,2016,111CA,511
Make,2016,111CA,512
Make,2016,111CA,513
Make,2016,111CA,514
Make,2016,111CA,521CI
Make,2016,111CA,523
Make,2016,111CA,524
Make,2016,111CA,525
Make,2016,111CA,HS
Make,2016,111CA,ORE
Make,2016,111CA,532RL
Make,2016,111CA,5411
Make,2016,111CA,5415
Make,2016,111CA,5412OP
Make,2016,111CA,55
Make,2016,111CA,561
Make,2016,111CA,562
Make,2016,111CA,61
Make,2016,111CA,621
Make,2016,111CA,622
Make,2016,111CA,623
Make,2016,111CA,624
Make,2016,111CA,711AS
Make,2016,111CA,721
Make,2016,111CA,722
Make,2016,111CA,81
Make,2016,111CA,GFGD
Make,2016,111CA,GFGN
Make,2016,111CA,GFE
Make,2016,111CA,GSLG
Make,2016,111CA,GSLE
Make,2016,111CA,Used
Make,2016,111CA,Other
Make,2016,113FF,211
Make,2016,113FF,212
Make,2016,113FF,213
Make,2016,113FF,22
Make,2016,113FF,321
Make,2016,113FF,327
Make,2016,113FF,331
Make,2016,113FF,332
Make,2016,113FF,333
Make,2016,113FF,334
Make,2016,113FF,335
Make,2016,113FF,3361MV
Make,2016,113FF,3364OT
Make,2016,113FF,337
Make,2016,113FF,339
Make,2016,113FF,311FT
Make,2016,113FF,313TT
Make,2016,113FF,315AL
Make,2016,113FF,322
Make,2016,113FF,323
Make,2016,113FF,324
Make,2016,113FF,325
Make,2016,113FF,326
Make,2016,113FF,42
Make,2016,113FF,441
Make,2016,113FF,445
Make,2016,113FF,452
Make,2016,113FF,4A0
Make,2016,113FF,481
Make,2016,113FF,482
Make,2016,113FF,483
Make,2016,113FF,484
Make,2016,113FF,485
Make,2016,113FF,486
Make,2016,113FF,487OS
Make,2016,113FF,493
Make,2016,113FF,511
Make,2016,113FF,512
Make,2016,113FF,513
Make,2016,113FF,514
Make,2016,113FF,521CI
Make,2016,113FF,523
Make,2016,113FF,524
Make,2016,113FF,525
Make,2016,113FF,HS
Make,2016,113FF,ORE
Make,2016,113FF,532RL
Make,2016,113FF,5411
Make,2016,113FF,5412OP
Make,2016,113FF,55
Make,2016,113FF,561
Make,2016,113FF,562
Make,2016,113FF,61
Make,2016,113FF,621
Make,2016,113FF,622
Make,2016,113FF,623
Make,2016,113FF,624
Make,2016,113FF,711AS
Make,2016,113FF,713
Make,2016,113FF,721
Make,2016,113FF,722
Make,2016,113FF,81
Make,2016,113FF,GFGD
Make,2016,113FF,GFGN
Make,2016,113FF,GFE
Make,2016,113FF,GSLG
Make,2016,113FF,GSLE
Make,2016,113FF,Used
Make,2016,113FF,Other
Make,2016,211,111CA
Make,2016,211,113FF
Make,2016,211,22
Make,2016,211,321
Make,2016,211,327
Make,2016,211,331
Make,2016,211,334
Make,2016,211,335
Make,2016,211,3361MV
Make,2016,211,3364OT
Make,2016,211,337
Make,2016,211,339
Make,2016,211,311FT
Make,2016,211,313TT
Make,2016,211,315AL
Make,2016,211,322
Make,2016,211,323
Make,2016,211,326
Make,2016,211,441
Make,2016,211,445
Make,2016,211,452
Make,2016,211,4A0
Make,2016,211,481
Make,2016,211,482
Make,2016,211,483
Make,2016,211,484
Make,2016,211,485
Make,2016,211,486
Make,2016,211,487OS
Make,2016,211,493
Make,2016,211,511
Make,2016,211,512
Make,2016,211,513
Make,2016,211,514
Make,2016,211,521CI
Make,2016,211,523
Make,2016,211,524
Make,2016,211,525
Make,2016,211,HS
Make,2016,211,ORE
Make,2016,211,532RL
Make,2016,211,5411
Make,2016,211,55
Make,2016,211,561
Make,2016,211,562
Make,2016,211,61
Make,2016,211,621
Make,2016,211,622
Make,2016,211,623
Make,2016,211,624
Make,2016,211,711AS
Make,2016,211,713
Make,2016,211,721
Make,2016,211,722
Make,2016,211,81
Make,2016,211,GFGD
Make,2016,211,GFGN
Make,2016,211,GFE
Make,2016,211,GSLG
Make,2016,211,GSLE
Make,2016,211,Used
Make,2016,211,Other
Make,2016,212,111CA
Make,2016,212,113FF
Make,2016,212,22
Make,2016,212,321
Make,2016,212,331
Make,2016,212,332
Make,2016,212,333
Make,2016,212,334
Make,2016,212,335
Make,2016,212,3361MV
Make,2016,212,3364OT
Make,2016,212,337
Make,2016,212,339
Make,2016,212,311FT
Make,2016,212,313TT
Make,2016,212,315AL
Make,2016,212,322
Make,2016,212,323
Make,2016,212,326
Make,2016,212,441
Make,2016,212,445
Make,2016,212,452
Make,2016,212,4A0
Make,2016,212,481
Make,2016,212,482
Make,2016,212,483
Make,2016,212,484
Make,2016,212,485
Make,2016,212,486
Make,2016,212,487OS
Make,2016,212,493
Make,2016,212,511
Make,2016,212,512
Make,2016,212,513
Make,2016,212,514
Make,2016,212,521CI
Make,2016,212,523
Make,2016,212,524
Make,2016,212,525
Make,2016,212,HS
Make,2016,212,ORE
Make,2016,212,532RL
Make,2016,212,5411
Make,2016,212,55
Make,2016,212,561
Make,2016,212,562
Make,2016,212,61
Make,2016,212,621
Make,2016,212,622
Make,2016,212,623
Make,2016,212,624
Make,2016,212,711AS
Make,2016,212,713
Make,2016,212,721
Make,2016,212,722
Make,2016,212,81
Make,2016,212,GFGD
Make,2016,212,GFGN
Make,2016,212,GFE
Make,2016,212,GSLG
Make,2016,212,GSLE
Make,2016,212,Used
Make,2016,212,Other
Make,2016,213,111CA
Make,2016,213,113FF
Make,2016,213,22
Make,2016,213,321
Make,2016,213,327
Make,2016,213,331
Make,2016,213,333
Make,2016,213,334
Make,2016,213,335
Make,2016,213,3361MV
Make,2016,213,3364OT
Make,2016,213,337
Make,2016,213,339
Make,2016,213,311FT
Make,2016,213,313TT
Make,2016,213,315AL
Make,2016,213,322
Make,2016,213,323
Make,2016,213,325
Make,2016,213,326
Make,2016,213,441
Make,2016,213,445
Make,2016,213,452
Make,2016,213,4A0
Make,2016,213,481
Make,2016,213,482
Make,2016,213,483
Make,2016,213,484
Make,2016,213,485
Make,2016,213,486
Make,2016,213,487OS
Make,2016,213,493
Make,2016,213,511
Make,2016,213,512
Make,2016,213,513
Make,2016,213,514
Make,2016,213,521CI
Make,2016,213,523
Make,2016,213,524
Make,2016,213,525
Make,2016,213,HS
Make,2016,213,ORE
Make,2016,213,532RL
Make,2016,213,5411
Make,2016,213,55
Make,2016,213,561
Make,2016,213,562
Make,2016,213,61
Make,2016,213,621
Make,2016,213,622
Make,2016,213,623
Make,2016,213,624
Make,2016,213,711AS
Make,2016,213,713
Make,2016,213,721
Make,2016,213,722
Make,2016,213,81
Make,2016,213,GFGD
Make,2016,213,GFGN
Make,2016,213,GFE
Make,2016,213,GSLG
Make,2016,213,GSLE
Make,2016,213,Used
Make,2016,213,Other
Make,2016,22,111CA
Make,2016,22,113FF
Make,2016,22,212
Make,2016,22,213
Make,2016,22,321
Make,2016,22,327
Make,2016,22,331
Make,2016,22,332
Make,2016,22,333
Make,2016,22,334
Make,2016,22,335
Make,2016,22,3361MV
Make,2016,22,3364OT
Make,2016,22,337
Make,2016,22,339
Make,2016,22,311FT
Make,2016,22,313TT
Make,2016,22,315AL
Make,2016,22,322
Make,2016,22,323
Make,2016,22,324
Make,2016,22,325
Make,2016,22,326
Make,2016,22,441
Make,2016,22,445
Make,2016,22,452
Make,2016,22,481
Make,2016,22,482
Make,2016,22,483
Make,2016,22,484
Make,2016,22,485
Make,2016,22,487OS
Make,2016,22,493
Make,2016,22,511
Make,2016,22,512
Make,2016,22,513
Make,2016,22,514
Make,2016,22,521CI
Make,2016,22,523
Make,2016,22,524
Make,2016,22,525
Make,2016,22,HS
Make,2016,22,ORE
Make,2016,22,532RL
Make,2016,22,5411
Make,2016,22,55
Make,2016,22,561
Make,2016,22,61
Make,2016,22,621
Make,2016,22,622
Make,2016,22,623
Make,2016,22,624
Make,2016,22,711AS
Make,2016,22,713
Make,2016,22,721
Make,2016,22,722
Make,2016,22,81
Make,2016,22,GFGD
Make,2016,22,GFGN
Make,2016,22,GFE
Make,2016,22,GSLG
Make,2016,22,Used
Make,2016,22,Other
Make,2016,23,111CA
Make,2016,23,113FF
Make,2016,23,211
Make,2016,23,212
Make,2016,23,213
Make,2016,23,22
Make,2016,23,321
Make,2016,23,327
Make,2016,23,331
Make,2016,23,332
Make,2016,23,333
Make,2016,23,334
Make,2016,23,335
Make,2016,23,3361MV
Make,2016,23,3364OT
Make,2016,23,337
Make,2016,23,339
Make,2016,23,311FT
Make,2016,23,313TT
Make,2016,23,315AL
Make,2016,23,322
Make,2016,23,323
Make,2016,23,324
Make,2016,23,325
Make,2016,23,326
Make,2016,23,42
Make,2016,23,441
Make,2016,23,445
Make,2016,23,452
Make,2016,23,4A0
Make,2016,23,481
Make,2016,23,482
Make,2016,23,483
Make,2016,23,484
Make,2016,23,485
Make,2016,23,486
Make,2016,23,487OS
Make,2016,23,493
Make,2016,23,511
Make,2016,23,512
Make,2016,23,513
Make,2016,23,514
Make,2016,23,521CI
Make,2016,23,523
Make,2016,23,524
Make,2016,23,525
Make,2016,23,HS
Make,2016,23,ORE
Make,2016,23,532RL
Make,2016,23,5411
Make,2016,23,55
Make,2016,23,561
Make,2016,23,562
Make,2016,23,61
Make,2016,23,621
Make,2016,23,622
Make,2016,23,623
Make,2016,23,624
Make,2016,23,711AS
Make,2016,23,713
Make,2016,23,721
Make,2016,23,722
Make,2016,23,81
Make,2016,23,GFGD
Make,2016,23,GFGN
Make,2016,23,GFE
Make,2016,23,GSLG
Make,2016,23,GSLE
Make,2016,23,Used
Make,2016,23,Other
Make,2016,321,111CA
Make,2016,321,113FF
Make,2016,321,211
Make,2016,321,212
Make,2016,321,213
Make,2016,321,22
Make,2016,321,331
Make,2016,321,333
Make,2016,321,335
Make,2016,321,3361MV
Make,2016,321,3364OT
Make,2016,321,311FT
Make,2016,321,315AL
Make,2016,321,323
Make,2016,321,324
Make,2016,321,441
Make,2016,321,445
Make,2016,321,452
Make,2016,321,4A0
Make,2016,321,481
Make,2016,321,482
Make,2016,321,483
Make,2016,321,484
Make,2016,321,485
Make,2016,321,486
Make,2016,321,487OS
Make,2016,321,493
Make,2016,321,511
Make,2016,321,512
Make,2016,321,513
Make,2016,321,514
Make,2016,321,521CI
Make,2016,321,523
Make,2016,321,524
Make,2016,321,525
Make,2016,321,HS
Make,2016,321,ORE
Make,2016,321,532RL
Make,2016,321,5411
Make,2016,321,55
Make,2016,321,561
Make,2016,321,562
Make,2016,321,61
Make,2016,321,621
Make,2016,321,622
Make,2016,321,623
Make,2016,321,624
Make,2016,321,711AS
Make,2016,321,713
Make,2016,321,721
Make,2016,321,722
Make,2016,321,81
Make,2016,321,GFGD
Make,2016,321,GFGN
Make,2016,321,GFE
Make,2016,321,GSLG
Make,2016,321,GSLE
Make,2016,321,Other
Make,2016,327,111CA
Make,2016,327,113FF
Make,2016,327,22
Make,2016,327,311FT
Make,2016,327,323
Make,2016,327,441
Make,2016,327,445
Make,2016,327,452
Make,2016,327,4A0
Make,2016,327,481
Make,2016,327,482
Make,2016,327,483
Make,2016,327,484
Make,2016,327,485
Make,2016,327,486
Make,2016,327,487OS
Make,2016,327,493
Make,2016,327,511
Make,2016,327,512
Make,2016,327,513
Make,2016,327,514
Make,2016,327,521CI
Make,2016,327,523
Make,2016,327,524
Make,2016,327,525
Make,2016,327,HS
Make,2016,327,ORE
Make,2016,327,532RL
Make,2016,327,5411
Make,2016,327,55
Make,2016,327,561
Make,2016,327,562
Make,2016,327,61
Make,2016,327,621
Make,2016,327,622
Make,2016,327,623
Make,2016,327,624
Make,2016,327,711AS
Make,2016,327,713
Make,2016,327,721
Make,2016,327,722
Make,2016,327,81
Make,2016,327,GFGD
Make,2016,327,GFGN
Make,2016,327,GFE
Make,2016,327,GSLG
Make,2016,327,GSLE
Make,2016,327,Other
Make,2016,331,111CA
Make,2016,331,113FF
Make,2016,331,211
Make,2016,331,212
Make,2016,331,213
Make,2016,331,22
Make,2016,331,321
Make,2016,331,3361MV
Make,2016,331,3364OT
Make,2016,331,339
Make,2016,331,311FT
Make,2016,331,315AL
Make,2016,331,323
Make,2016,331,441
Make,2016,331,445
Make,2016,331,452
Make,2016,331,4A0
Make,2016,331,481
Make,2016,331,482
Make,2016,331,483
Make,2016,331,484
Make,2016,331,485
Make,2016,331,486
Make,2016,331,487OS
Make,2016,331,493
Make,2016,331,511
Make,2016,331,512
Make,2016,331,513
Make,2016,331,514
Make,2016,331,521CI
Make,2016,331,523
Make,2016,331,524
Make,2016,331,525
Make,2016,331,HS
Make,2016,331,ORE
Make,2016,331,532RL
Make,2016,331,5411
Make,2016,331,55
Make,2016,331,561
Make,2016,331,562
Make,2016,331,61
Make,2016,331,621
Make,2016,331,622
Make,2016,331,623
Make,2016,331,624
Make,2016,331,711AS
Make,2016,331,713
Make,2016,331,721
Make,2016,331,722
Make,2016,331,81
Make,2016,331,GFGD
Make,2016,331,GFGN
Make,2016,331,GFE
Make,2016,331,GSLG
Make,2016,331,GSLE
Make,2016,331,Other
Make,2016,332,111CA
Make,2016,332,113FF
Make,2016,332,211
Make,2016,332,212
Make,2016,332,213
Make,2016,332,22
Make,2016,332,311FT
Make,2016,332,441
Make,2016,332,445
Make,2016,332,452
Make,2016,332,4A0
Make,2016,332,481
Make,2016,332,482
Make,2016,332,483
Make,2016,332,484
Make,2016,332,485
Make,2016,332,486
Make,2016,332,487OS
Make,2016,332,493
Make,2016,332,511
Make,2016,332,512
Make,2016,332,513
Make,2016,332,514
Make,2016,332,521CI
Make,2016,332,523
Make,2016,332,524
Make,2016,332,525
Make,2016,332,HS
Make,2016,332,ORE
Make,2016,332,532RL
Make,2016,332,5411
Make,2016,332,55
Make,2016,332,561
Make,2016,332,562
Make,2016,332,61
Make,2016,332,621
Make,2016,332,622
Make,2016,332,623
Make,2016,332,624
Make,2016,332,711AS
Make,2016,332,713
Make,2016,332,721
Make,2016,332,722
Make,2016,332,GFGD
Make,2016,332,GFGN
Make,2016,332,GFE
Make,2016,332,GSLG
Make,2016,332,GSLE
Make,2016,332,Other
Make,2016,333,111CA
Make,2016,333,113FF
Make,2016,333,211
Make,2016,333,212
Make,2016,333,22
Make,2016,333,321
Make,2016,333,323
Make,2016,333,441
Make,2016,333,445
Make,2016,333,452
Make,2016,333,4A0
Make,2016,333,481
Make,2016,333,482
Make,2016,333,483
Make,2016,333,484
Make,2016,333,485
Make,2016,333,486
Make,2016,333,487OS
Make,2016,333,493
Make,2016,333,511
Make,2016,333,512
Make,2016,333,513
Make,2016,333,514
Make,2016,333,521CI
Make,2016,333,523
Make,2016,333,524
Make,2016,333,525
Make,2016,333,HS
Make,2016,333,ORE
Make,2016,333,5411
Make,2016,333,55
Make,2016,333,561
Make,2016,333,562
Make,2016,333,61
Make,2016,333,621
Make,2016,333,622
Make,2016,333,623
Make,2016,333,624
Make,2016,333,711AS
Make,2016,333,713
Make,2016,333,721
Make,2016,333,722
Make,2016,333,GFGD
Make,2016,333,GFGN
Make,2016,333,GFE
Make,2016,333,GSLG
Make,2016,333,GSLE
Make,2016,333,Other
Make,2016,334,111CA
Make,2016,334,113FF
Make,2016,334,211
Make,2016,334,212
Make,2016,334,213
Make,2016,334,22
Make,2016,334,311FT
Make,2016,334,315AL
Make,2016,334,324
Make,2016,334,441
Make,2016,334,445
Make,2016,334,452
Make,2016,334,4A0
Make,2016,334,481
Make,2016,334,482
Make,2016,334,483
Make,2016,334,484
Make,2016,334,485
Make,2016,334,486
Make,2016,334,487OS
Make,2016,334,493
Make,2016,334,511
Make,2016,334,512
Make,2016,334,513
Make,2016,334,514
Make,2016,334,521CI
Make,2016,334,523
Make,2016,334,524
Make,2016,334,525
Make,2016,334,HS
Make,2016,334,ORE
Make,2016,334,532RL
Make,2016,334,5411
Make,2016,334,55
Make,2016,334,561
Make,2016,334,562
Make,2016,334,61
Make,2016,334,621
Make,2016,334,622
Make,2016,334,623
Make,2016,334,624
Make,2016,334,711AS
Make,2016,334,713
Make,2016,334,721
Make,2016,334,722
Make,2016,334,81
Make,2016,334,GFGD
Make,2016,334,GFGN
Make,2016,334,GFE
Make,2016,334,GSLG
Make,2016,334,GSLE
Make,2016,334,Other
Make,2016,335,111CA
Make,2016,335,113FF
Make,2016,335,211
Make,2016,335,212
Make,2016,335,213
Make,2016,335,22
Make,2016,335,321
Make,2016,335,311FT
Make,2016,335,315AL
Make,2016,335,323
Make,2016,335,441
Make,2016,335,445
Make,2016,335,452
Make,2016,335,4A0
Make,2016,335,481
Make,2016,335,482
Make,2016,335,483
Make,2016,335,484
Make,2016,335,485
Make,2016,335,486
Make,2016,335,487OS
Make,2016,335,493
Make,2016,335,511
Make,2016,335,512
Make,2016,335,513
Make,2016,335,514
Make,2016,335,521CI
Make,2016,335,523
Make,2016,335,524
Make,2016,335,525
Make,2016,335,HS
Make,2016,335,ORE
Make,2016,335,532RL
Make,2016,335,5411
Make,2016,335,55
Make,2016,335,561
Make,2016,335,562
Make,2016,335,61
Make,2016,335,621
Make,2016,335,622
Make,2016,335,623
Make,2016,335,624
Make,2016,335,711AS
Make,2016,335,713
Make,2016,335,721
Make,2016,335,722
Make,2016,335,81
Make,2016,335,GFGD
Make,2016,335,GFGN
Make,2016,335,GFE
Make,2016,335,GSLG
Make,2016,335,GSLE
Make,2016,335,Other
Make,2016,3361MV,111CA
Make,2016,3361MV,113FF
Make,2016,3361MV,211
Make,2016,3361MV,212
Make,2016,3361MV,213
Make,2016,3361MV,22
Make,2016,3361MV,321
Make,2016,3361MV,311FT
Make,2016,3361MV,315AL
Make,2016,3361MV,322
Make,2016,3361MV,323
Make,2016,3361MV,324
Make,2016,3361MV,441
Make,2016,3361MV,445
Make,2016,3361MV,452
Make,2016,3361MV,4A0
Make,2016,3361MV,481
Make,2016,3361MV,482
Make,2016,3361MV,483
Make,2016,3361MV,484
Make,2016,3361MV,485
Make,2016,3361MV,486
Make,2016,3361MV,487OS
Make,2016,3361MV,493
Make,2016,3361MV,511
Make,2016,3361MV,512
Make,2016,3361MV,513
Make,2016,3361MV,514
Make,2016,3361MV,521CI
Make,2016,3361MV,523
Make,2016,3361MV,524
Make,2016,3361MV,525
Make,2016,3361MV,HS
Make,2016,3361MV,ORE
Make,2016,3361MV,532RL
Make,2016,3361MV,5411
Make,2016,3361MV,55
Make,2016,3361MV,561
Make,2016,3361MV,562
Make,2016,3361MV,61
Make,2016,3361MV,621
Make,2016,3361MV,622
Make,2016,3361MV,623
Make,2016,3361MV,624
Make,2016,3361MV,711AS
Make,2016,3361MV,713
Make,2016,3361MV,721
Make,2016,3361MV,722
Make,2016,3361MV,81
Make,2016,3361MV,GFGD
Make,2016,3361MV,GFGN
Make,2016,3361MV,GFE
Make,2016,3361MV,GSLG
Make,2016,3361MV,GSLE
Make,2016,3361MV,Other
Make,2016,3364OT,111CA
Make,2016,3364OT,113FF
Make,2016,3364OT,211
Make,2016,3364OT,212
Make,2016,3364OT,213
Make,2016,3364OT,22
Make,2016,3364OT,321
Make,2016,3364OT,327
Make,2016,3364OT,337
Make,2016,3364OT,311FT
Make,2016,3364OT,322
Make,2016,3364OT,323
Make,2016,3364OT,324
Make,2016,3364OT,441
Make,2016,3364OT,445
Make,2016,3364OT,452
Make,2016,3364OT,4A0
Make,2016,3364OT,481
Make,2016,3364OT,482
Make,2016,3364OT,483
Make,2016,3364OT,484
Make,2016,3364OT,485
Make,2016,3364OT,486
Make,2016,3364OT,487OS
Make,2016,3364OT,493
Make,2016,3364OT,511
Make,2016,3364OT,512
Make,2016,3364OT,513
Make,2016,3364OT,514
Make,2016,3364OT,521CI
Make,2016,3364OT,523
Make,2016,3364OT,524
Make,2016,3364OT,525
Make,2016,3364OT,HS
Make,2016,3364OT,ORE
Make,2016,3364OT,532RL
Make,2016,3364OT,5411
Make,2016,3364OT,55
Make,2016,3364OT,561
Make,2016,3364OT,562
Make,2016,3364OT,61
Make,2016,3364OT,621
Make,2016,3364OT,622
Make,2016,3364OT,623
Make,2016,3364OT,624
Make,2016,3364OT,711AS
Make,2016,3364OT,713
Make,2016,3364OT,721
Make,2016,3364OT,722
Make,2016,3364OT,81
Make,2016,3364OT,GFGD
Make,2016,3364OT,GFGN
Make,2016,3364OT,GFE
Make,2016,3364OT,GSLG
Make,2016,3364OT,GSLE
Make,2016,3364OT,Other
Make,2016,337,111CA
Make,2016,337,113FF
Make,2016,337,211
Make,2016,337,212
Make,2016,337,213
Make,2016,337,22
Make,2016,337,3364OT
Make,2016,337,311FT
Make,2016,337,324
Make,2016,337,441
Make,2016,337,445
Make,2016,337,452
Make,2016,337,4A0
Make,2016,337,481
Make,2016,337,482
Make,2016,337,483
Make,2016,337,484
Make,2016,337,485
Make,2016,337,486
Make,2016,337,487OS
Make,2016,337,493
Make,2016,337,511
Make,2016,337,512
Make,2016,337,513
Make,2016,337,514
Make,2016,337,521CI
Make,2016,337,523
Make,2016,337,524
Make,2016,337,525
Make,2016,337,HS
Make,2016,337,ORE
Make,2016,337,532RL
Make,2016,337,5411
Make,2016,337,55
Make,2016,337,561
Make,2016,337,562
Make,2016,337,61
Make,2016,337,621
Make,2016,337,622
Make,2016,337,623
Make,2016,337,624
Make,2016,337,711AS
Make,2016,337,713
Make,2016,337,721
Make,2016,337,722
Make,2016,337,81
Make,2016,337,GFGD
Make,2016,337,GFGN
Make,2016,337,GFE
Make,2016,337,GSLG
Make,2016,337,GSLE
Make,2016,337,Used
Make,2016,337,Other
Make,2016,339,111CA
Make,2016,339,113FF
Make,2016,339,211
Make,2016,339,212
Make,2016,339,213
Make,2016,339,22
Make,2016,339,441
Make,2016,339,445
Make,2016,339,452
Make,2016,339,4A0
Make,2016,339,481
Make,2016,339,482
Make,2016,339,483
Make,2016,339,484
Make,2016,339,485
Make,2016,339,486
Make,2016,339,487OS
Make,2016,339,493
Make,2016,339,511
Make,2016,339,512
Make,2016,339,513
Make,2016,339,514
Make,2016,339,521CI
Make,2016,339,523
Make,2016,339,524
Make,2016,339,525
Make,2016,339,HS
Make,2016,339,ORE
Make,2016,339,532RL
Make,2016,339,5411
Make,2016,339,55
Make,2016,339,561
Make,2016,339,562
Make,2016,339,61
Make,2016,339,621
Make,2016,339,622
Make,2016,339,623
Make,2016,339,624
Make,2016,339,711AS
Make,2016,339,713
Make,2016,339,721
Make,2016,339,722
Make,2016,339,81
Make,2016,339,GFGD
Make,2016,339,GFGN
Make,2016,339,GFE
Make,2016,339,GSLG
Make,2016,339,GSLE
Make,2016,339,Other
Make,2016,311FT,111CA
Make,2016,311FT,113FF
Make,2016,311FT,211
Make,2016,311FT,212
Make,2016,311FT,213
Make,2016,311FT,22
Make,2016,311FT,321
Make,2016,311FT,327
Make,2016,311FT,331
Make,2016,311FT,332
Make,2016,311FT,333
Make,2016,311FT,334
Make,2016,311FT,335
Make,2016,311FT,3361MV
Make,2016,311FT,3364OT
Make,2016,311FT,337
Make,2016,311FT,323
Make,2016,311FT,441
Make,2016,311FT,445
Make,2016,311FT,452
Make,2016,311FT,4A0
Make,2016,311FT,481
Make,2016,311FT,482
Make,2016,311FT,483
Make,2016,311FT,484
Make,2016,311FT,485
Make,2016,311FT,486
Make,2016,311FT,487OS
Make,2016,311FT,493
Make,2016,311FT,511
Make,2016,311FT,512
Make,2016,311FT,513
Make,2016,311FT,514
Make,2016,311FT,521CI
Make,2016,311FT,523
Make,2016,311FT,524
Make,2016,311FT,525
Make,2016,311FT,HS
Make,2016,311FT,ORE
Make,2016,311FT,532RL
Make,2016,311FT,5411
Make,2016,311FT,55
Make,2016,311FT,561
Make,2016,311FT,562
Make,2016,311FT,61
Make,2016,311FT,621
Make,2016,311FT,622
Make,2016,311FT,623
Make,2016,311FT,624
Make,2016,311FT,711AS
Make,2016,311FT,713
Make,2016,311FT,721
Make,2016,311FT,722
Make,2016,311FT,81
Make,2016,311FT,GFGD
Make,2016,311FT,GFGN
Make,2016,311FT,GFE
Make,2016,311FT,GSLG
Make,2016,311FT,GSLE
Make,2016,311FT,Other
Make,2016,313TT,111CA
Make,2016,313TT,113FF
Make,2016,313TT,211
Make,2016,313TT,212
Make,2016,313TT,213
Make,2016,313TT,22
Make,2016,313TT,321
Make,2016,313TT,335
Make,2016,313TT,311FT
Make,2016,313TT,324
Make,2016,313TT,441
Make,2016,313TT,445
Make,2016,313TT,452
Make,2016,313TT,4A0
Make,2016,313TT,481
Make,2016,313TT,482
Make,2016,313TT,483
Make,2016,313TT,484
Make,2016,313TT,485
Make,2016,313TT,486
Make,2016,313TT,487OS
Make,2016,313TT,493
Make,2016,313TT,511
Make,2016,313TT,512
Make,2016,313TT,513
Make,2016,313TT,514
Make,2016,313TT,521CI
Make,2016,313TT,523
Make,2016,313TT,524
Make,2016,313TT,525
Make,2016,313TT,HS
Make,2016,313TT,ORE
Make,2016,313TT,532RL
Make,2016,313TT,5411
Make,2016,313TT,55
Make,2016,313TT,561
Make,2016,313TT,562
Make,2016,313TT,61
Make,2016,313TT,621
Make,2016,313TT,622
Make,2016,313TT,623
Make,2016,313TT,624
Make,2016,313TT,711AS
Make,2016,313TT,713
Make,2016,313TT,721
Make,2016,313TT,722
Make,2016,313TT,81
Make,2016,313TT,GFGD
Make,2016,313TT,GFGN
Make,2016,313TT,GFE
Make,2016,313TT,GSLG
Make,2016,313TT,GSLE
Make,2016,313TT,Other
Make,2016,315AL,111CA
Make,2016,315AL,113FF
Make,2016,315AL,211
Make,2016,315AL,212
Make,2016,315AL,213
Make,2016,315AL,22
Make,2016,315AL,321
Make,2016,315AL,331
Make,2016,315AL,332
Make,2016,315AL,333
Make,2016,315AL,334
Make,2016,315AL,335
Make,2016,315AL,3361MV
Make,2016,315AL,3364OT
Make,2016,315AL,337
Make,2016,315AL,322
Make,2016,315AL,324
Make,2016,315AL,441
Make,2016,315AL,445
Make,2016,315AL,452
Make,2016,315AL,4A0
Make,2016,315AL,481
Make,2016,315AL,482
Make,2016,315AL,483
Make,2016,315AL,484
Make,2016,315AL,485
Make,2016,315AL,486
Make,2016,315AL,487OS
Make,2016,315AL,493
Make,2016,315AL,511
Make,2016,315AL,512
Make,2016,315AL,513
Make,2016,315AL,514
Make,2016,315AL,521CI
Make,2016,315AL,523
Make,2016,315AL,524
Make,2016,315AL,525
Make,2016,315AL,HS
Make,2016,315AL,ORE
Make,2016,315AL,532RL
Make,2016,315AL,5411
Make,2016,315AL,55
Make,2016,315AL,561
Make,2016,315AL,562
Make,2016,315AL,61
Make,2016,315AL,621
Make,2016,315AL,622
Make,2016,315AL,623
Make,2016,315AL,624
Make,2016,315AL,711AS
Make,2016,315AL,713
Make,2016,315AL,721
Make,2016,315AL,722
Make,2016,315AL,81
Make,2016,315AL,GFGD
Make,2016,315AL,GFGN
Make,2016,315AL,GFE
Make,2016,315AL,GSLG
Make,2016,315AL,GSLE
Make,2016,315AL,Other
Make,2016,322,111CA
Make,2016,322,113FF
Make,2016,322,211
Make,2016,322,212
Make,2016,322,213
Make,2016,322,22
Make,2016,322,333
Make,2016,322,335
Make,2016,322,3361MV
Make,2016,322,3364OT
Make,2016,322,311FT
Make,2016,322,324
Make,2016,322,441
Make,2016,322,445
Make,2016,322,452
Make,2016,322,4A0
Make,2016,322,481
Make,2016,322,482
Make,2016,322,483
Make,2016,322,484
Make,2016,322,485
Make,2016,322,486
Make,2016,322,487OS
Make,2016,322,493
Make,2016,322,511
Make,2016,322,512
Make,2016,322,513
Make,2016,322,514
Make,2016,322,521CI
Make,2016,322,523
Make,2016,322,524
Make,2016,322,525
Make,2016,322,HS
Make,2016,322,ORE
Make,2016,322,532RL
Make,2016,322,5411
Make,2016,322,55
Make,2016,322,561
Make,2016,322,562
Make,2016,322,61
Make,2016,322,621
Make,2016,322,622
Make,2016,322,623
Make,2016,322,624
Make,2016,322,711AS
Make,2016,322,713
Make,2016,322,721
Make,2016,322,722
Make,2016,322,81
Make,2016,322,GFGD
Make,2016,322,GFGN
Make,2016,322,GFE
Make,2016,322,GSLG
Make,2016,322,GSLE
Make,2016,322,Other
Make,2016,323,111CA
Make,2016,323,113FF
Make,2016,323,211
Make,2016,323,212
Make,2016,323,213
Make,2016,323,22
Make,2016,323,327
Make,2016,323,331
Make,2016,323,3361MV
Make,2016,323,3364OT
Make,2016,323,311FT
Make,2016,323,324
Make,2016,323,325
Make,2016,323,441
Make,2016,323,445
Make,2016,323,452
Make,2016,323,4A0
Make,2016,323,481
Make,2016,323,482
Make,2016,323,483
Make,2016,323,484
Make,2016,323,485
Make,2016,323,486
Make,2016,323,487OS
Make,2016,323,493
Make,2016,323,511
Make,2016,323,512
Make,2016,323,513
Make,2016,323,514
Make,2016,323,521CI
Make,2016,323,523
Make,2016,323,524
Make,2016,323,525
Make,2016,323,HS
Make,2016,323,ORE
Make,2016,323,532RL
Make,2016,323,5411
Make,2016,323,55
Make,2016,323,562
Make,2016,323,61
Make,2016,323,621
Make,2016,323,622
Make,2016,323,623
Make,2016,323,624
Make,2016,323,711AS
Make,2016,323,713
Make,2016,323,721
Make,2016,323,722
Make,2016,323,81
Make,2016,323,GFGD
Make,2016,323,GFGN
Make,2016,323,GFE
Make,2016,323,GSLG
Make,2016,323,GSLE
Make,2016,323,Other
Make,2016,324,111CA
Make,2016,324,113FF
Make,2016,324,213
Make,2016,324,22
Make,2016,324,321
Make,2016,324,334
Make,2016,324,3361MV
Make,2016,324,3364OT
Make,2016,324,337
Make,2016,324,339
Make,2016,324,311FT
Make,2016,324,315AL
Make,2016,324,323
Make,2016,324,441
Make,2016,324,445
Make,2016,324,452
Make,2016,324,4A0
Make,2016,324,481
Make,2016,324,482
Make,2016,324,483
Make,2016,324,484
Make,2016,324,485
Make,2016,324,486
Make,2016,324,487OS
Make,2016,324,493
Make,2016,324,511
Make,2016,324,512
Make,2016,324,513
Make,2016,324,514
Make,2016,324,521CI
Make,2016,324,523
Make,2016,324,524
Make,2016,324,525
Make,2016,324,HS
Make,2016,324,ORE
Make,2016,324,532RL
Make,2016,324,5411
Make,2016,324,55
Make,2016,324,561
Make,2016,324,562
Make,2016,324,61
Make,2016,324,621
Make,2016,324,622
Make,2016,324,623
Make,2016,324,624
Make,2016,324,711AS
Make,2016,324,713
Make,2016,324,721
Make,2016,324,722
Make,2016,324,81
Make,2016,324,GFGD
Make,2016,324,GFGN
Make,2016,324,GFE
Make,2016,324,GSLG
Make,2016,324,GSLE
Make,2016,324,Used
Make,2016,324,Other
Make,2016,325,111CA
Make,2016,325,113FF
Make,2016,325,211
Make,2016,325,213
Make,2016,325,22
Make,2016,325,337
Make,2016,325,441
Make,2016,325,445
Make,2016,325,452
Make,2016,325,4A0
Make,2016,325,481
Make,2016,325,482
Make,2016,325,483
Make,2016,325,484
Make,2016,325,485
Make,2016,325,486
Make,2016,325,487OS
Make,2016,325,493
Make,2016,325,511
Make,2016,325,512
Make,2016,325,513
Make,2016,325,514
Make,2016,325,521CI
Make,2016,325,523
Make,2016,325,524
Make,2016,325,525
Make,2016,325,HS
Make,2016,325,ORE
Make,2016,325,532RL
Make,2016,325,5411
Make,2016,325,55
Make,2016,325,561
Make,2016,325,562
Make,2016,325,61
Make,2016,325,621
Make,2016,325,622
Make,2016,325,623
Make,2016,325,624
Make,2016,325,711AS
Make,2016,325,713
Make,2016,325,721
Make,2016,325,722
Make,2016,325,81
Make,2016,325,GFGD
Make,2016,325,GFGN
Make,2016,325,GFE
Make,2016,325,GSLG
Make,2016,325,GSLE
Make,2016,325,Used
Make,2016,325,Other
Make,2016,326,111CA
Make,2016,326,113FF
Make,2016,326,211
Make,2016,326,212
Make,2016,326,213
Make,2016,326,22
Make,2016,326,311FT
Make,2016,326,441
Make,2016,326,445
Make,2016,326,452
Make,2016,326,4A0
Make,2016,326,481
Make,2016,326,482
Make,2016,326,483
Make,2016,326,484
Make,2016,326,485
Make,2016,326,486
Make,2016,326,487OS
Make,2016,326,493
Make,2016,326,511
Make,2016,326,512
Make,2016,326,513
Make,2016,326,514
Make,2016,326,521CI
Make,2016,326,523
Make,2016,326,524
Make,2016,326,525
Make,2016,326,HS
Make,2016,326,ORE
Make,2016,326,532RL
Make,2016,326,5411
Make,2016,326,55
Make,2016,326,561
Make,2016,326,562
Make,2016,326,61
Make,2016,326,621
Make,2016,326,622
Make,2016,326,623
Make,2016,326,624
Make,2016,326,711AS
Make,2016,326,713
Make,2016,326,721
Make,2016,326,722
Make,2016,326,81
Make,2016,326,GFGD
Make,2016,326,GFGN
Make,2016,326,GFE
Make,2016,326,GSLG
Make,2016,326,GSLE
Make,2016,326,Other
Make,2016,42,111CA
Make,2016,42,211
Make,2016,42,212
Make,2016,42,213
Make,2016,42,22
Make,2016,42,321
Make,2016,42,327
Make,2016,42,331
Make,2016,42,332
Make,2016,42,335
Make,2016,42,337
Make,2016,42,313TT
Make,2016,42,315AL
Make,2016,42,322
Make,2016,42,323
Make,2016,42,324
Make,2016,42,325
Make,2016,42,326
Make,2016,42,441
Make,2016,42,445
Make,2016,42,452
Make,2016,42,4A0
Make,2016,42,481
Make,2016,42,482
Make,2016,42,483
Make,2016,42,484
Make,2016,42,485
Make,2016,42,511
Make,2016,42,512
Make,2016,42,513
Make,2016,42,514
Make,2016,42,521CI
Make,2016,42,523
Make,2016,42,524
Make,2016,42,525
Make,2016,42,HS
Make,2016,42,ORE
Make,2016,42,5411
Make,2016,42,55
Make,2016,42,562
Make,2016,42,621
Make,2016,42,622
Make,2016,42,623
Make,2016,42,624
Make,2016,42,711AS
Make,2016,42,713
Make,2016,42,721
Make,2016,42,722
Make,2016,42,GFGD
Make,2016,42,GFGN
Make,2016,42,GFE
Make,2016,42,GSLG
Make,2016,42,GSLE
Make,2016,42,Used
Make,2016,42,Other
Make,2016,441,111CA
Make,2016,441,113FF
Make,2016,441,211
Make,2016,441,212
Make,2016,441,213
Make,2016,441,22
Make,2016,441,321
Make,2016,441,327
Make,2016,441,331
Make,2016,441,332
Make,2016,441,333
Make,2016,441,334
Make,2016,441,335
Make,2016,441,3361MV
Make,2016,441,3364OT
Make,2016,441,337
Make,2016,441,339
Make,2016,441,311FT
Make,2016,441,313TT
Make,2016,441,315AL
Make,2016,441,322
Make,2016,441,323
Make,2016,441,324
Make,2016,441,325
Make,2016,441,326
Make,2016,441,42
Make,2016,441,445
Make,2016,441,452
Make,2016,441,4A0
Make,2016,441,481
Make,2016,441,482
Make,2016,441,483
Make,2016,441,485
Make,2016,441,486
Make,2016,441,511
Make,2016,441,512
Make,2016,441,513
Make,2016,441,514
Make,2016,441,523
Make,2016,441,525
Make,2016,441,HS
Make,2016,441,ORE
Make,2016,441,5411
Make,2016,441,55
Make,2016,441,561
Make,2016,441,562
Make,2016,441,621
Make,2016,441,622
Make,2016,441,623
Make,2016,441,624
Make,2016,441,711AS
Make,2016,441,721
Make,2016,441,722
Make,2016,441,GFGD
Make,2016,441,GFGN
Make,2016,441,GFE
Make,2016,441,GSLG
Make,2016,441,GSLE
Make,2016,441,Used
Make,2016,441,Other
Make,2016,445,111CA
Make,2016,445,113FF
Make,2016,445,211
Make,2016,445,212
Make,2016,445,213
Make,2016,445,22
Make,2016,445,321
Make,2016,445,327
Make,2016,445,331
Make,2016,445,332
Make,2016,445,333
Make,2016,445,334
Make,2016,445,335
Make,2016,445,3361MV
Make,2016,445,3364OT
Make,2016,445,337
Make,2016,445,339
Make,2016,445,313TT
Make,2016,445,315AL
Make,2016,445,322
Make,2016,445,323
Make,2016,445,324
Make,2016,445,325
Make,2016,445,326
Make,2016,445,42
Make,2016,445,441
Make,2016,445,452
Make,2016,445,4A0
Make,2016,445,481
Make,2016,445,482
Make,2016,445,483
Make,2016,445,484
Make,2016,445,485
Make,2016,445,486
Make,2016,445,487OS
Make,2016,445,511
Make,2016,445,512
Make,2016,445,513
Make,2016,445,514
Make,2016,445,523
Make,2016,445,524
Make,2016,445,525
Make,2016,445,HS
Make,2016,445,ORE
Make,2016,445,5411
Make,2016,445,55
Make,2016,445,562
Make,2016,445,61
Make,2016,445,621
Make,2016,445,622
Make,2016,445,623
Make,2016,445,624
Make,2016,445,711AS
Make,2016,445,721
Make,2016,445,GFGD
Make,2016,445,GFGN
Make,2016,445,GFE
Make,2016,445,GSLG
Make,2016,445,GSLE
Make,2016,445,Used
Make,2016,445,Other
Make,2016,452,111CA
Make,2016,452,113FF
Make,2016,452,211
Make,2016,452,212
Make,2016,452,213
Make,2016,452,22
Make,2016,452,321
Make,2016,452,327
Make,2016,452,331
Make,2016,452,332
Make,2016,452,333
Make,2016,452,334
Make,2016,452,335
Make,2016,452,3361MV
Make,2016,452,3364OT
Make,2016,452,337
Make,2016,452,339
Make,2016,452,313TT
Make,2016,452,322
Make,2016,452,323
Make,2016,452,324
Make,2016,452,325
Make,2016,452,326
Make,2016,452,42
Make,2016,452,441
Make,2016,452,445
Make,2016,452,4A0
Make,2016,452,481
Make,2016,452,482
Make,2016,452,483
Make,2016,452,484
Make,2016,452,485
Make,2016,452,486
Make,2016,452,487OS
Make,2016,452,493
Make,2016,452,511
Make,2016,452,512
Make,2016,452,513
Make,2016,452,514
Make,2016,452,521CI
Make,2016,452,523
Make,2016,452,524
Make,2016,452,525
Make,2016,452,HS
Make,2016,452,ORE
Make,2016,452,5411
Make,2016,452,55
Make,2016,452,562
Make,2016,452,61
Make,2016,452,622
Make,2016,452,623
Make,2016,452,624
Make,2016,452,711AS
Make,2016,452,713
Make,2016,452,721
Make,2016,452,GFGD
Make,2016,452,GFGN
Make,2016,452,GFE
Make,2016,452,GSLG
Make,2016,452,GSLE
Make,2016,452,Used
Make,2016,452,Other
Make,2016,4A0,113FF
Make,2016,4A0,211
Make,2016,4A0,212
Make,2016,4A0,213
Make,2016,4A0,22
Make,2016,4A0,321
Make,2016,4A0,327
Make,2016,4A0,331
Make,2016,4A0,332
Make,2016,4A0,333
Make,2016,4A0,334
Make,2016,4A0,335
Make,2016,4A0,3361MV
Make,2016,4A0,3364OT
Make,2016,4A0,337
Make,2016,4A0,313TT
Make,2016,4A0,322
Make,2016,4A0,324
Make,2016,4A0,325
Make,2016,4A0,326
Make,2016,4A0,42
Make,2016,4A0,441
Make,2016,4A0,445
Make,2016,4A0,452
Make,2016,4A0,481
Make,2016,4A0,482
Make,2016,4A0,483
Make,2016,4A0,484
Make,2016,4A0,485
Make,2016,4A0,486
Make,2016,4A0,511
Make,2016,4A0,514
Make,2016,4A0,523
Make,2016,4A0,525
Make,2016,4A0,ORE
Make,2016,4A0,5411
Make,2016,4A0,55
Make,2016,4A0,562
Make,2016,4A0,622
Make,2016,4A0,623
Make,2016,4A0,624
Make,2016,4A0,711AS
Make,2016,4A0,721
Make,2016,4A0,GFGD
Make,2016,4A0,GFGN
Make,2016,4A0,GFE
Make,2016,4A0,GSLG
Make,2016,4A0,GSLE
Make,2016,4A0,Used
Make,2016,4A0,Other
Make,2016,481,111CA
Make,2016,481,211
Make,2016,481,212
Make,2016,481,213
Make,2016,481,22
Make,2016,481,321
Make,2016,481,327
Make,2016,481,331
Make,2016,481,332
Make,2016,481,333
Make,2016,481,334
Make,2016,481,335
Make,2016,481,3361MV
Make,2016,481,3364OT
Make,2016,481,337
Make,2016,481,339
Make,2016,481,311FT
Make,2016,481,313TT
Make,2016,481,315AL
Make,2016,481,322
Make,2016,481,323
Make,2016,481,324
Make,2016,481,325
Make,2016,481,326
Make,2016,481,441
Make,2016,481,445
Make,2016,481,452
Make,2016,481,4A0
Make,2016,481,482
Make,2016,481,483
Make,2016,481,484
Make,2016,481,485
Make,2016,481,486
Make,2016,481,493
Make,2016,481,511
Make,2016,481,512
Make,2016,481,513
Make,2016,481,514
Make,2016,481,521CI
Make,2016,481,523
Make,2016,481,524
Make,2016,481,525
Make,2016,481,HS
Make,2016,481,ORE
Make,2016,481,5411
Make,2016,481,55
Make,2016,481,561
Make,2016,481,562
Make,2016,481,61
Make,2016,481,622
Make,2016,481,623
Make,2016,481,624
Make,2016,481,711AS
Make,2016,481,713
Make,2016,481,721
Make,2016,481,722
Make,2016,481,81
Make,2016,481,GFGD
Make,2016,481,GFGN
Make,2016,481,GFE
Make,2016,481,GSLG
Make,2016,481,GSLE
Make,2016,481,Used
Make,2016,481,Other
Make,2016,482,111CA
Make,2016,482,113FF
Make,2016,482,211
Make,2016,482,212
Make,2016,482,213
Make,2016,482,22
Make,2016,482,321
Make,2016,482,327
Make,2016,482,331
Make,2016,482,332
Make,2016,482,333
Make,2016,482,334
Make,2016,482,335
Make,2016,482,3361MV
Make,2016,482,3364OT
Make,2016,482,337
Make,2016,482,339
Make,2016,482,311FT
Make,2016,482,313TT
Make,2016,482,315AL
Make,2016,482,322
Make,2016,482,323
Make,2016,482,324
Make,2016,482,325
Make,2016,482,326
Make,2016,482,42
Make,2016,482,441
Make,2016,482,445
Make,2016,482,452
Make,2016,482,4A0
Make,2016,482,481
Make,2016,482,483
Make,2016,482,484
Make,2016,482,485
Make,2016,482,486
Make,2016,482,487OS
Make,2016,482,493
Make,2016,482,511
Make,2016,482,512
Make,2016,482,513
Make,2016,482,514
Make,2016,482,521CI
Make,2016,482,523
Make,2016,482,524
Make,2016,482,525
Make,2016,482,HS
Make,2016,482,ORE
Make,2016,482,5411
Make,2016,482,55
Make,2016,482,561
Make,2016,482,562
Make,2016,482,61
Make,2016,482,621
Make,2016,482,622
Make,2016,482,623
Make,2016,482,624
Make,2016,482,711AS
Make,2016,482,713
Make,2016,482,721
Make,2016,482,722
Make,2016,482,81
Make,2016,482,GFGD
Make,2016,482,GFGN
Make,2016,482,GFE
Make,2016,482,GSLG
Make,2016,482,GSLE
Make,2016,482,Used
Make,2016,482,Other
Make,2016,483,111CA
Make,2016,483,113FF
Make,2016,483,211
Make,2016,483,212
Make,2016,483,213
Make,2016,483,22
Make,2016,483,321
Make,2016,483,327
Make,2016,483,331
Make,2016,483,332
Make,2016,483,333
Make,2016,483,334
Make,2016,483,335
Make,2016,483,3361MV
Make,2016,483,3364OT
Make,2016,483,337
Make,2016,483,339
Make,2016,483,311FT
Make,2016,483,313TT
Make,2016,483,315AL
Make,2016,483,322
Make,2016,483,323
Make,2016,483,324
Make,2016,483,325
Make,2016,483,326
Make,2016,483,42
Make,2016,483,441
Make,2016,483,445
Make,2016,483,452
Make,2016,483,4A0
Make,2016,483,481
Make,2016,483,482
Make,2016,483,484
Make,2016,483,485
Make,2016,483,486
Make,2016,483,493
Make,2016,483,511
Make,2016,483,512
Make,2016,483,513
Make,2016,483,514
Make,2016,483,521CI
Make,2016,483,523
Make,2016,483,524
Make,2016,483,525
Make,2016,483,HS
Make,2016,483,ORE
Make,2016,483,5411
Make,2016,483,55
Make,2016,483,561
Make,2016,483,562
Make,2016,483,61
Make,2016,483,621
Make,2016,483,622
Make,2016,483,623
Make,2016,483,624
Make,2016,483,711AS
Make,2016,483,721
Make,2016,483,722
Make,2016,483,81
Make,2016,483,GFGD
Make,2016,483,GFGN
Make,2016,483,GFE
Make,2016,483,GSLG
Make,2016,483,GSLE
Make,2016,483,Used
Make,2016,483,Other
Make,2016,484,111CA
Make,2016,484,113FF
Make,2016,484,211
Make,2016,484,212
Make,2016,484,213
Make,2016,484,22
Make,2016,484,321
Make,2016,484,327
Make,2016,484,331
Make,2016,484,332
Make,2016,484,333
Make,2016,484,334
Make,2016,484,335
Make,2016,484,3361MV
Make,2016,484,3364OT
Make,2016,484,337
Make,2016,484,339
Make,2016,484,311FT
Make,2016,484,313TT
Make,2016,484,315AL
Make,2016,484,322
Make,2016,484,323
Make,2016,484,324
Make,2016,484,325
Make,2016,484,326
Make,2016,484,42
Make,2016,484,441
Make,2016,484,445
Make,2016,484,452
Make,2016,484,4A0
Make,2016,484,481
Make,2016,484,482
Make,2016,484,483
Make,2016,484,485
Make,2016,484,486
Make,2016,484,511
Make,2016,484,512
Make,2016,484,513
Make,2016,484,514
Make,2016,484,521CI
Make,2016,484,523
Make,2016,484,524
Make,2016,484,525
Make,2016,484,HS
Make,2016,484,ORE
Make,2016,484,5411
Make,2016,484,55
Make,2016,484,561
Make,2016,484,61
Make,2016,484,621
Make,2016,484,622
Make,2016,484,623
Make,2016,484,624
Make,2016,484,711AS
Make,2016,484,713
Make,2016,484,721
Make,2016,484,722
Make,2016,484,81
Make,2016,484,GFGD
Make,2016,484,GFGN
Make,2016,484,GFE
Make,2016,484,GSLG
Make,2016,484,GSLE
Make,2016,484,Used
Make,2016,484,Other
Make,2016,485,111CA
Make,2016,485,113FF
Make,2016,485,211
Make,2016,485,212
Make,2016,485,213
Make,2016,485,22
Make,2016,485,321
Make,2016,485,327
Make,2016,485,331
Make,2016,485,332
Make,2016,485,333
Make,2016,485,334
Make,2016,485,335
Make,2016,485,3361MV
Make,2016,485,3364OT
Make,2016,485,337
Make,2016,485,339
Make,2016,485,311FT
Make,2016,485,313TT
Make,2016,485,315AL
Make,2016,485,322
Make,2016,485,323
Make,2016,485,324
Make,2016,485,325
Make,2016,485,326
Make,2016,485,441
Make,2016,485,452
Make,2016,485,481
Make,2016,485,482
Make,2016,485,483
Make,2016,485,484
Make,2016,485,486
Make,2016,485,493
Make,2016,485,511
Make,2016,485,512
Make,2016,485,513
Make,2016,485,514
Make,2016,485,521CI
Make,2016,485,523
Make,2016,485,524
Make,2016,485,525
Make,2016,485,HS
Make,2016,485,532RL
Make,2016,485,5411
Make,2016,485,55
Make,2016,485,561
Make,2016,485,562
Make,2016,485,61
Make,2016,485,622
Make,2016,485,623
Make,2016,485,624
Make,2016,485,711AS
Make,2016,485,713
Make,2016,485,721
Make,2016,485,722
Make,2016,485,GFGD
Make,2016,485,GFGN
Make,2016,485,GFE
Make,2016,485,GSLG
Make,2016,485,GSLE
Make,2016,485,Used
Make,2016,485,Other
Make,2016,486,111CA
Make,2016,486,113FF
Make,2016,486,211
Make,2016,486,212
Make,2016,486,213
Make,2016,486,321
Make,2016,486,327
Make,2016,486,331
Make,2016,486,332
Make,2016,486,333
Make,2016,486,334
Make,2016,486,335
Make,2016,486,3361MV
Make,2016,486,3364OT
Make,2016,486,337
Make,2016,486,339
Make,2016,486,311FT
Make,2016,486,313TT
Make,2016,486,315AL
Make,2016,486,322
Make,2016,486,323
Make,2016,486,324
Make,2016,486,325
Make,2016,486,326
Make,2016,486,42
Make,2016,486,441
Make,2016,486,445
Make,2016,486,452
Make,2016,486,4A0
Make,2016,486,481
Make,2016,486,482
Make,2016,486,483
Make,2016,486,484
Make,2016,486,485
Make,2016,486,487OS
Make,2016,486,493
Make,2016,486,511
Make,2016,486,512
Make,2016,486,513
Make,2016,486,514
Make,2016,486,521CI
Make,2016,486,523
Make,2016,486,524
Make,2016,486,525
Make,2016,486,HS
Make,2016,486,ORE
Make,2016,486,532RL
Make,2016,486,5411
Make,2016,486,55
Make,2016,486,561
Make,2016,486,562
Make,2016,486,61
Make,2016,486,621
Make,2016,486,622
Make,2016,486,623
Make,2016,486,624
Make,2016,486,711AS
Make,2016,486,713
Make,2016,486,721
Make,2016,486,722
Make,2016,486,81
Make,2016,486,GFGD
Make,2016,486,GFGN
Make,2016,486,GFE
Make,2016,486,GSLG
Make,2016,486,GSLE
Make,2016,486,Used
Make,2016,486,Other
Make,2016,487OS,111CA
Make,2016,487OS,211
Make,2016,487OS,212
Make,2016,487OS,213
Make,2016,487OS,22
Make,2016,487OS,321
Make,2016,487OS,327
Make,2016,487OS,331
Make,2016,487OS,332
Make,2016,487OS,333
Make,2016,487OS,334
Make,2016,487OS,335
Make,2016,487OS,3361MV
Make,2016,487OS,3364OT
Make,2016,487OS,337
Make,2016,487OS,339
Make,2016,487OS,311FT
Make,2016,487OS,313TT
Make,2016,487OS,315AL
Make,2016,487OS,322
Make,2016,487OS,323
Make,2016,487OS,324
Make,2016,487OS,325
Make,2016,487OS,326
Make,2016,487OS,441
Make,2016,487OS,452
Make,2016,487OS,482
Make,2016,487OS,486
Make,2016,487OS,511
Make,2016,487OS,512
Make,2016,487OS,513
Make,2016,487OS,514
Make,2016,487OS,521CI
Make,2016,487OS,523
Make,2016,487OS,525
Make,2016,487OS,HS
Make,2016,487OS,ORE
Make,2016,487OS,5411
Make,2016,487OS,55
Make,2016,487OS,622
Make,2016,487OS,623
Make,2016,487OS,624
Make,2016,487OS,711AS
Make,2016,487OS,721
Make,2016,487OS,GFGD
Make,2016,487OS,GFGN
Make,2016,487OS,GFE
Make,2016,487OS,GSLG
Make,2016,487OS,GSLE
Make,2016,487OS,Used
Make,2016,487OS,Other
Make,2016,493,111CA
Make,2016,493,113FF
Make,2016,493,211
Make,2016,493,212
Make,2016,493,213
Make,2016,493,22
Make,2016,493,321
Make,2016,493,327
Make,2016,493,331
Make,2016,493,332
Make,2016,493,333
Make,2016,493,334
Make,2016,493,335
Make,2016,493,3361MV
Make,2016,493,3364OT
Make,2016,493,337
Make,2016,493,339
Make,2016,493,311FT
Make,2016,493,313TT
Make,2016,493,315AL
Make,2016,493,322
Make,2016,493,323
Make,2016,493,324
Make,2016,493,325
Make,2016,493,326
Make,2016,493,42
Make,2016,493,441
Make,2016,493,445
Make,2016,493,452
Make,2016,493,481
Make,2016,493,482
Make,2016,493,483
Make,2016,493,485
Make,2016,493,486
Make,2016,493,511
Make,2016,493,512
Make,2016,493,513
Make,2016,493,514
Make,2016,493,521CI
Make,2016,493,523
Make,2016,493,524
Make,2016,493,525
Make,2016,493,HS
Make,2016,493,ORE
Make,2016,493,5411
Make,2016,493,55
Make,2016,493,561
Make,2016,493,61
Make,2016,493,621
Make,2016,493,622
Make,2016,493,623
Make,2016,493,624
Make,2016,493,711AS
Make,2016,493,713
Make,2016,493,721
Make,2016,493,722
Make,2016,493,GFGD
Make,2016,493,GFGN
Make,2016,493,GFE
Make,2016,493,GSLG
Make,2016,493,GSLE
Make,2016,493,Used
Make,2016,493,Other
Make,2016,511,111CA
Make,2016,511,113FF
Make,2016,511,211
Make,2016,511,212
Make,2016,511,213
Make,2016,511,22
Make,2016,511,321
Make,2016,511,327
Make,2016,511,331
Make,2016,511,332
Make,2016,511,333
Make,2016,511,334
Make,2016,511,335
Make,2016,511,3361MV
Make,2016,511,3364OT
Make,2016,511,337
Make,2016,511,339
Make,2016,511,311FT
Make,2016,511,313TT
Make,2016,511,315AL
Make,2016,511,322
Make,2016,511,324
Make,2016,511,325
Make,2016,511,326
Make,2016,511,441
Make,2016,511,445
Make,2016,511,452
Make,2016,511,481
Make,2016,511,482
Make,2016,511,483
Make,2016,511,484
Make,2016,511,485
Make,2016,511,486
Make,2016,511,487OS
Make,2016,511,493
Make,2016,511,512
Make,2016,511,521CI
Make,2016,511,523
Make,2016,511,524
Make,2016,511,525
Make,2016,511,HS
Make,2016,511,ORE
Make,2016,511,5411
Make,2016,511,55
Make,2016,511,621
Make,2016,511,622
Make,2016,511,623
Make,2016,511,624
Make,2016,511,711AS
Make,2016,511,713
Make,2016,511,721
Make,2016,511,722
Make,2016,511,GFGD
Make,2016,511,GFGN
Make,2016,511,GFE
Make,2016,511,GSLG
Make,2016,511,GSLE
Make,2016,511,Used
Make,2016,511,Other
Make,2016,512,111CA
Make,2016,512,113FF
Make,2016,512,211
Make,2016,512,212
Make,2016,512,213
Make,2016,512,22
Make,2016,512,321
Make,2016,512,327
Make,2016,512,331
Make,2016,512,332
Make,2016,512,333
Make,2016,512,335
Make,2016,512,3361MV
Make,2016,512,3364OT
Make,2016,512,337
Make,2016,512,339
Make,2016,512,311FT
Make,2016,512,313TT
Make,2016,512,315AL
Make,2016,512,322
Make,2016,512,323
Make,2016,512,324
Make,2016,512,325
Make,2016,512,326
Make,2016,512,441
Make,2016,512,445
Make,2016,512,452
Make,2016,512,481
Make,2016,512,482
Make,2016,512,483
Make,2016,512,484
Make,2016,512,485
Make,2016,512,486
Make,2016,512,487OS
Make,2016,512,493
Make,2016,512,511
Make,2016,512,513
Make,2016,512,514
Make,2016,512,521CI
Make,2016,512,523
Make,2016,512,524
Make,2016,512,525
Make,2016,512,HS
Make,2016,512,5411
Make,2016,512,55
Make,2016,512,561
Make,2016,512,562
Make,2016,512,61
Make,2016,512,621
Make,2016,512,622
Make,2016,512,623
Make,2016,512,624
Make,2016,512,711AS
Make,2016,512,721
Make,2016,512,722
Make,2016,512,81
Make,2016,512,GFGD
Make,2016,512,GFGN
Make,2016,512,GFE
Make,2016,512,GSLG
Make,2016,512,GSLE
Make,2016,512,Used
Make,2016,512,Other
Make,2016,513,111CA
Make,2016,513,113FF
Make,2016,513,211
Make,2016,513,212
Make,2016,513,213
Make,2016,513,22
Make,2016,513,321
Make,2016,513,327
Make,2016,513,331
Make,2016,513,332
Make,2016,513,333
Make,2016,513,334
Make,2016,513,335
Make,2016,513,3361MV
Make,2016,513,3364OT
Make,2016,513,337
Make,2016,513,339
Make,2016,513,311FT
Make,2016,513,313TT
Make,2016,513,315AL
Make,2016,513,322
Make,2016,513,323
Make,2016,513,324
Make,2016,513,325
Make,2016,513,326
Make,2016,513,441
Make,2016,513,445
Make,2016,513,452
Make,2016,513,481
Make,2016,513,482
Make,2016,513,483
Make,2016,513,484
Make,2016,513,485
Make,2016,513,486
Make,2016,513,487OS
Make,2016,513,493
Make,2016,513,511
Make,2016,513,521CI
Make,2016,513,523
Make,2016,513,524
Make,2016,513,525
Make,2016,513,HS
Make,2016,513,ORE
Make,2016,513,5411
Make,2016,513,55
Make,2016,513,561
Make,2016,513,562
Make,2016,513,621
Make,2016,513,622
Make,2016,513,623
Make,2016,513,624
Make,2016,513,711AS
Make,2016,513,713
Make,2016,513,721
Make,2016,513,722
Make,2016,513,GFGD
Make,2016,513,GFGN
Make,2016,513,GFE
Make,2016,513,GSLG
Make,2016,513,GSLE
Make,2016,513,Used
Make,2016,513,Other
Make,2016,514,111CA
Make,2016,514,113FF
Make,2016,514,211
Make,2016,514,212
Make,2016,514,213
Make,2016,514,22
Make,2016,514,321
Make,2016,514,327
Make,2016,514,331
Make,2016,514,332
Make,2016,514,333
Make,2016,514,335
Make,2016,514,3361MV
Make,2016,514,3364OT
Make,2016,514,337
Make,2016,514,339
Make,2016,514,311FT
Make,2016,514,313TT
Make,2016,514,315AL
Make,2016,514,322
Make,2016,514,323
Make,2016,514,324
Make,2016,514,325
Make,2016,514,326
Make,2016,514,441
Make,2016,514,445
Make,2016,514,452
Make,2016,514,481
Make,2016,514,482
Make,2016,514,483
Make,2016,514,484
Make,2016,514,485
Make,2016,514,486
Make,2016,514,487OS
Make,2016,514,493
Make,2016,514,512
Make,2016,514,521CI
Make,2016,514,523
Make,2016,514,524
Make,2016,514,525
Make,2016,514,HS
Make,2016,514,ORE
Make,2016,514,5411
Make,2016,514,55
Make,2016,514,562
Make,2016,514,621
Make,2016,514,622
Make,2016,514,623
Make,2016,514,624
Make,2016,514,711AS
Make,2016,514,713
Make,2016,514,721
Make,2016,514,722
Make,2016,514,GFGD
Make,2016,514,GFGN
Make,2016,514,GFE
Make,2016,514,GSLG
Make,2016,514,GSLE
Make,2016,514,Used
Make,2016,514,Other
Make,2016,521CI,111CA
Make,2016,521CI,113FF
Make,2016,521CI,211
Make,2016,521CI,212
Make,2016,521CI,213
Make,2016,521CI,22
Make,2016,521CI,321
Make,2016,521CI,327
Make,2016,521CI,331
Make,2016,521CI,332
Make,2016,521CI,333
Make,2016,521CI,334
Make,2016,521CI,335
Make,2016,521CI,3361MV
Make,2016,521CI,3364OT
Make,2016,521CI,337
Make,2016,521CI,339
Make,2016,521CI,311FT
Make,2016,521CI,313TT
Make,2016,521CI,315AL
Make,2016,521CI,322
Make,2016,521CI,323
Make,2016,521CI,324
Make,2016,521CI,325
Make,2016,521CI,326
Make,2016,521CI,42
Make,2016,521CI,441
Make,2016,521CI,445
Make,2016,521CI,452
Make,2016,521CI,481
Make,2016,521CI,482
Make,2016,521CI,483
Make,2016,521CI,484
Make,2016,521CI,485
Make,2016,521CI,486
Make,2016,521CI,487OS
Make,2016,521CI,493
Make,2016,521CI,511
Make,2016,521CI,512
Make,2016,521CI,513
Make,2016,521CI,514
Make,2016,521CI,524
Make,2016,521CI,525
Make,2016,521CI,HS
Make,2016,521CI,ORE
Make,2016,521CI,5411
Make,2016,521CI,55
Make,2016,521CI,561
Make,2016,521CI,562
Make,2016,521CI,61
Make,2016,521CI,621
Make,2016,521CI,622
Make,2016,521CI,623
Make,2016,521CI,624
Make,2016,521CI,711AS
Make,2016,521CI,713
Make,2016,521CI,721
Make,2016,521CI,722
Make,2016,521CI,81
Make,2016,521CI,GFGD
Make,2016,521CI,GFGN
Make,2016,521CI,GFE
Make,2016,521CI,GSLG
Make,2016,521CI,GSLE
Make,2016,521CI,Used
Make,2016,521CI,Other
Make,2016,523,111CA
Make,2016,523,113FF
Make,2016,523,211
Make,2016,523,212
Make,2016,523,213
Make,2016,523,22
Make,2016,523,321
Make,2016,523,327
Make,2016,523,331
Make,2016,523,332
Make,2016,523,333
Make,2016,523,334
Make,2016,523,335
Make,2016,523,3361MV
Make,2016,523,3364OT
Make,2016,523,337
Make,2016,523,339
Make,2016,523,311FT
Make,2016,523,313TT
Make,2016,523,315AL
Make,2016,523,322
Make,2016,523,323
Make,2016,523,324
Make,2016,523,325
Make,2016,523,326
Make,2016,523,42
Make,2016,523,441
Make,2016,523,445
Make,2016,523,452
Make,2016,523,4A0
Make,2016,523,481
Make,2016,523,482
Make,2016,523,483
Make,2016,523,484
Make,2016,523,485
Make,2016,523,486
Make,2016,523,487OS
Make,2016,523,493
Make,2016,523,511
Make,2016,523,512
Make,2016,523,513
Make,2016,523,514
Make,2016,523,525
Make,2016,523,HS
Make,2016,523,ORE
Make,2016,523,532RL
Make,2016,523,5411
Make,2016,523,55
Make,2016,523,561
Make,2016,523,562
Make,2016,523,61
Make,2016,523,621
Make,2016,523,622
Make,2016,523,623
Make,2016,523,624
Make,2016,523,711AS
Make,2016,523,713
Make,2016,523,721
Make,2016,523,722
Make,2016,523,81
Make,2016,523,GFGD
Make,2016,523,GFGN
Make,2016,523,GFE
Make,2016,523,GSLG
Make,2016,523,GSLE
Make,2016,523,Used
Make,2016,523,Other
Make,2016,524,111CA
Make,2016,524,113FF
Make,2016,524,211
Make,2016,524,212
Make,2016,524,213
Make,2016,524,22
Make,2016,524,321
Make,2016,524,327
Make,2016,524,331
Make,2016,524,332
Make,2016,524,333
Make,2016,524,334
Make,2016,524,335
Make,2016,524,3361MV
Make,2016,524,3364OT
Make,2016,524,337
Make,2016,524,339
Make,2016,524,311FT
Make,2016,524,313TT
Make,2016,524,315AL
Make,2016,524,322
Make,2016,524,323
Make,2016,524,324
Make,2016,524,325
Make,2016,524,326
Make,2016,524,42
Make,2016,524,441
Make,2016,524,445
Make,2016,524,452
Make,2016,524,4A0
Make,2016,524,481
Make,2016,524,482
Make,2016,524,483
Make,2016,524,484
Make,2016,524,485
Make,2016,524,486
Make,2016,524,487OS
Make,2016,524,493
Make,2016,524,511
Make,2016,524,512
Make,2016,524,513
Make,2016,524,514
Make,2016,524,521CI
Make,2016,524,525
Make,2016,524,HS
Make,2016,524,532RL
Make,2016,524,55
Make,2016,524,561
Make,2016,524,562
Make,2016,524,61
Make,2016,524,621
Make,2016,524,622
Make,2016,524,623
Make,2016,524,624
Make,2016,524,711AS
Make,2016,524,713
Make,2016,524,721
Make,2016,524,722
Make,2016,524,81
Make,2016,524,GFGD
Make,2016,524,GFGN
Make,2016,524,GFE
Make,2016,524,GSLG
Make,2016,524,GSLE
Make,2016,524,Used
Make,2016,524,Other
Make,2016,525,111CA
Make,2016,525,113FF
Make,2016,525,211
Make,2016,525,212
Make,2016,525,213
Make,2016,525,22
Make,2016,525,321
Make,2016,525,327
Make,2016,525,331
Make,2016,525,332
Make,2016,525,333
Make,2016,525,334
Make,2016,525,335
Make,2016,525,3361MV
Make,2016,525,3364OT
Make,2016,525,337
Make,2016,525,339
Make,2016,525,311FT
Make,2016,525,313TT
Make,2016,525,315AL
Make,2016,525,322
Make,2016,525,323
Make,2016,525,324
Make,2016,525,325
Make,2016,525,326
Make,2016,525,42
Make,2016,525,441
Make,2016,525,445
Make,2016,525,452
Make,2016,525,4A0
Make,2016,525,481
Make,2016,525,482
Make,2016,525,483
Make,2016,525,484
Make,2016,525,485
Make,2016,525,486
Make,2016,525,487OS
Make,2016,525,493
Make,2016,525,511
Make,2016,525,512
Make,2016,525,513
Make,2016,525,514
Make,2016,525,521CI
Make,2016,525,523
Make,2016,525,524
Make,2016,525,HS
Make,2016,525,ORE
Make,2016,525,532RL
Make,2016,525,5411
Make,2016,525,55
Make,2016,525,561
Make,2016,525,562
Make,2016,525,61
Make,2016,525,621
Make,2016,525,622
Make,2016,525,623
Make,2016,525,624
Make,2016,525,711AS
Make,2016,525,713
Make,2016,525,721
Make,2016,525,722
Make,2016,525,81
Make,2016,525,GFGD
Make,2016,525,GFGN
Make,2016,525,GFE
Make,2016,525,GSLG
Make,2016,525,GSLE
Make,2016,525,Used
Make,2016,525,Other
Make,2016,HS,111CA
Make,2016,HS,113FF
Make,2016,HS,211
Make,2016,HS,212
Make,2016,HS,213
Make,2016,HS,22
Make,2016,HS,321
Make,2016,HS,327
Make,2016,HS,331
Make,2016,HS,332
Make,2016,HS,333
Make,2016,HS,334
Make,2016,HS,335
Make,2016,HS,3361MV
Make,2016,HS,3364OT
Make,2016,HS,337
Make,2016,HS,339
Make,2016,HS,311FT
Make,2016,HS,313TT
Make,2016,HS,315AL
Make,2016,HS,322
Make,2016,HS,323
Make,2016,HS,324
Make,2016,HS,325
Make,2016,HS,326
Make,2016,HS,42
Make,2016,HS,441
Make,2016,HS,445
Make,2016,HS,452
Make,2016,HS,4A0
Make,2016,HS,481
Make,2016,HS,482
Make,2016,HS,483
Make,2016,HS,484
Make,2016,HS,485
Make,2016,HS,486
Make,2016,HS,487OS
Make,2016,HS,493
Make,2016,HS,511
Make,2016,HS,512
Make,2016,HS,513
Make,2016,HS,514
Make,2016,HS,521CI
Make,2016,HS,523
Make,2016,HS,524
Make,2016,HS,525
Make,2016,HS,ORE
Make,2016,HS,532RL
Make,2016,HS,5411
Make,2016,HS,55
Make,2016,HS,561
Make,2016,HS,562
Make,2016,HS,61
Make,2016,HS,621
Make,2016,HS,622
Make,2016,HS,623
Make,2016,HS,624
Make,2016,HS,711AS
Make,2016,HS,713
Make,2016,HS,721
Make,2016,HS,722
Make,2016,HS,81
Make,2016,HS,GFGD
Make,2016,HS,GFGN
Make,2016,HS,GFE
Make,2016,HS,GSLG
Make,2016,HS,GSLE
Make,2016,HS,Used
Make,2016,HS,Other
Make,2016,ORE,111CA
Make,2016,ORE,113FF
Make,2016,ORE,211
Make,2016,ORE,212
Make,2016,ORE,213
Make,2016,ORE,22
Make,2016,ORE,321
Make,2016,ORE,327
Make,2016,ORE,331
Make,2016,ORE,332
Make,2016,ORE,333
Make,2016,ORE,334
Make,2016,ORE,335
Make,2016,ORE,3361MV
Make,2016,ORE,3364OT
Make,2016,ORE,337
Make,2016,ORE,339
Make,2016,ORE,311FT
Make,2016,ORE,313TT
Make,2016,ORE,315AL
Make,2016,ORE,322
Make,2016,ORE,323
Make,2016,ORE,324
Make,2016,ORE,325
Make,2016,ORE,326
Make,2016,ORE,42
Make,2016,ORE,441
Make,2016,ORE,445
Make,2016,ORE,452
Make,2016,ORE,4A0
Make,2016,ORE,481
Make,2016,ORE,482
Make,2016,ORE,483
Make,2016,ORE,484
Make,2016,ORE,485
Make,2016,ORE,486
Make,2016,ORE,487OS
Make,2016,ORE,493
Make,2016,ORE,511
Make,2016,ORE,512
Make,2016,ORE,513
Make,2016,ORE,514
Make,2016,ORE,523
Make,2016,ORE,525
Make,2016,ORE,HS
Make,2016,ORE,532RL
Make,2016,ORE,5411
Make,2016,ORE,55
Make,2016,ORE,561
Make,2016,ORE,562
Make,2016,ORE,61
Make,2016,ORE,621
Make,2016,ORE,622
Make,2016,ORE,623
Make,2016,ORE,624
Make,2016,ORE,711AS
Make,2016,ORE,722
Make,2016,ORE,GFGD
Make,2016,ORE,GFGN
Make,2016,ORE,GFE
Make,2016,ORE,GSLG
Make,2016,ORE,GSLE
Make,2016,ORE,Used
Make,2016,ORE,Other
Make,2016,532RL,111CA
Make,2016,532RL,113FF
Make,2016,532RL,211
Make,2016,532RL,212
Make,2016,532RL,213
Make,2016,532RL,22
Make,2016,532RL,321
Make,2016,532RL,327
Make,2016,532RL,331
Make,2016,532RL,332
Make,2016,532RL,333
Make,2016,532RL,334
Make,2016,532RL,335
Make,2016,532RL,3361MV
Make,2016,532RL,3364OT
Make,2016,532RL,337
Make,2016,532RL,339
Make,2016,532RL,311FT
Make,2016,532RL,313TT
Make,2016,532RL,315AL
Make,2016,532RL,322
Make,2016,532RL,323
Make,2016,532RL,324
Make,2016,532RL,325
Make,2016,532RL,326
Make,2016,532RL,42
Make,2016,532RL,445
Make,2016,532RL,481
Make,2016,532RL,482
Make,2016,532RL,483
Make,2016,532RL,486
Make,2016,532RL,487OS
Make,2016,532RL,493
Make,2016,532RL,511
Make,2016,532RL,512
Make,2016,532RL,513
Make,2016,532RL,514
Make,2016,532RL,525
Make,2016,532RL,HS
Make,2016,532RL,5411
Make,2016,532RL,55
Make,2016,532RL,561
Make,2016,532RL,562
Make,2016,532RL,621
Make,2016,532RL,622
Make,2016,532RL,623
Make,2016,532RL,624
Make,2016,532RL,711AS
Make,2016,532RL,713
Make,2016,532RL,721
Make,2016,532RL,722
Make,2016,532RL,GFGD
Make,2016,532RL,GFGN
Make,2016,532RL,GFE
Make,2016,532RL,GSLG
Make,2016,532RL,GSLE
Make,2016,532RL,Used
Make,2016,532RL,Other
Make,2016,5411,111CA
Make,2016,5411,113FF
Make,2016,5411,211
Make,2016,5411,212
Make,2016,5411,213
Make,2016,5411,22
Make,2016,5411,321
Make,2016,5411,327
Make,2016,5411,331
Make,2016,5411,332
Make,2016,5411,333
Make,2016,5411,334
Make,2016,5411,335
Make,2016,5411,3361MV
Make,2016,5411,3364OT
Make,2016,5411,337
Make,2016,5411,339
Make,2016,5411,311FT
Make,2016,5411,313TT
Make,2016,5411,315AL
Make,2016,5411,322
Make,2016,5411,323
Make,2016,5411,324
Make,2016,5411,325
Make,2016,5411,326
Make,2016,5411,42
Make,2016,5411,441
Make,2016,5411,445
Make,2016,5411,452
Make,2016,5411,4A0
Make,2016,5411,481
Make,2016,5411,482
Make,2016,5411,483
Make,2016,5411,484
Make,2016,5411,485
Make,2016,5411,486
Make,2016,5411,487OS
Make,2016,5411,493
Make,2016,5411,511
Make,2016,5411,512
Make,2016,5411,513
Make,2016,5411,514
Make,2016,5411,521CI
Make,2016,5411,523
Make,2016,5411,524
Make,2016,5411,525
Make,2016,5411,HS
Make,2016,5411,ORE
Make,2016,5411,532RL
Make,2016,5411,55
Make,2016,5411,561
Make,2016,5411,562
Make,2016,5411,61
Make,2016,5411,621
Make,2016,5411,622
Make,2016,5411,623
Make,2016,5411,624
Make,2016,5411,711AS
Make,2016,5411,713
Make,2016,5411,721
Make,2016,5411,722
Make,2016,5411,81
Make,2016,5411,GFGD
Make,2016,5411,GFGN
Make,2016,5411,GFE
Make,2016,5411,GSLG
Make,2016,5411,GSLE
Make,2016,5411,Used
Make,2016,5411,Other
Make,2016,5415,111CA
Make,2016,5415,113FF
Make,2016,5415,211
Make,2016,5415,212
Make,2016,5415,213
Make,2016,5415,22
Make,2016,5415,321
Make,2016,5415,327
Make,2016,5415,331
Make,2016,5415,332
Make,2016,5415,333
Make,2016,5415,334
Make,2016,5415,335
Make,2016,5415,3361MV
Make,2016,5415,3364OT
Make,2016,5415,337
Make,2016,5415,339
Make,2016,5415,311FT
Make,2016,5415,313TT
Make,2016,5415,315AL
Make,2016,5415,322
Make,2016,5415,323
Make,2016,5415,324
Make,2016,5415,325
Make,2016,5415,326
Make,2016,5415,441
Make,2016,5415,445
Make,2016,5415,452
Make,2016,5415,481
Make,2016,5415,482
Make,2016,5415,483
Make,2016,5415,484
Make,2016,5415,485
Make,2016,5415,486
Make,2016,5415,487OS
Make,2016,5415,493
Make,2016,5415,512
Make,2016,5415,521CI
Make,2016,5415,523
Make,2016,5415,524
Make,2016,5415,525
Make,2016,5415,HS
Make,2016,5415,ORE
Make,2016,5415,5411
Make,2016,5415,55
Make,2016,5415,562
Make,2016,5415,621
Make,2016,5415,622
Make,2016,5415,623
Make,2016,5415,624
Make,2016,5415,711AS
Make,2016,5415,713
Make,2016,5415,721
Make,2016,5415,722
Make,2016,5415,GFGD
Make,2016,5415,GFGN
Make,2016,5415,GFE
Make,2016,5415,GSLG
Make,2016,5415,GSLE
Make,2016,5415,Used
Make,2016,5415,Other
Make,2016,5412OP,111CA
Make,2016,5412OP,113FF
Make,2016,5412OP,211
Make,2016,5412OP,212
Make,2016,5412OP,213
Make,2016,5412OP,22
Make,2016,5412OP,321
Make,2016,5412OP,327
Make,2016,5412OP,331
Make,2016,5412OP,332
Make,2016,5412OP,333
Make,2016,5412OP,334
Make,2016,5412OP,335
Make,2016,5412OP,3361MV
Make,2016,5412OP,3364OT
Make,2016,5412OP,337
Make,2016,5412OP,339
Make,2016,5412OP,311FT
Make,2016,5412OP,313TT
Make,2016,5412OP,315AL
Make,2016,5412OP,322
Make,2016,5412OP,324
Make,2016,5412OP,325
Make,2016,5412OP,326
Make,2016,5412OP,42
Make,2016,5412OP,441
Make,2016,5412OP,445
Make,2016,5412OP,481
Make,2016,5412OP,482
Make,2016,5412OP,483
Make,2016,5412OP,484
Make,2016,5412OP,485
Make,2016,5412OP,486
Make,2016,5412OP,487OS
Make,2016,5412OP,493
Make,2016,5412OP,511
Make,2016,5412OP,512
Make,2016,5412OP,513
Make,2016,5412OP,521CI
Make,2016,5412OP,524
Make,2016,5412OP,525
Make,2016,5412OP,HS
Make,2016,5412OP,ORE
Make,2016,5412OP,5411
Make,2016,5412OP,55
Make,2016,5412OP,562
Make,2016,5412OP,61
Make,2016,5412OP,621
Make,2016,5412OP,622
Make,2016,5412OP,623
Make,2016,5412OP,624
Make,2016,5412OP,713
Make,2016,5412OP,721
Make,2016,5412OP,722
Make,2016,5412OP,GFGD
Make,2016,5412OP,GFGN
Make,2016,5412OP,GFE
Make,2016,5412OP,GSLG
Make,2016,5412OP,GSLE
Make,2016,5412OP,Used
Make,2016,5412OP,Other
Make,2016,55,111CA
Make,2016,55,113FF
Make,2016,55,211
Make,2016,55,212
Make,2016,55,213
Make,2016,55,22
Make,2016,55,321
Make,2016,55,327
Make,2016,55,331
Make,2016,55,332
Make,2016,55,333
Make,2016,55,334
Make,2016,55,335
Make,2016,55,3361MV
Make,2016,55,3364OT
Make,2016,55,337
Make,2016,55,339
Make,2016,55,311FT
Make,2016,55,313TT
Make,2016,55,315AL
Make,2016,55,322
Make,2016,55,323
Make,2016,55,324
Make,2016,55,325
Make,2016,55,326
Make,2016,55,42
Make,2016,55,441
Make,2016,55,445
Make,2016,55,452
Make,2016,55,4A0
Make,2016,55,481
Make,2016,55,482
Make,2016,55,483
Make,2016,55,484
Make,2016,55,485
Make,2016,55,486
Make,2016,55,487OS
Make,2016,55,493
Make,2016,55,511
Make,2016,55,512
Make,2016,55,513
Make,2016,55,514
Make,2016,55,521CI
Make,2016,55,523
Make,2016,55,524
Make,2016,55,525
Make,2016,55,HS
Make,2016,55,ORE
Make,2016,55,532RL
Make,2016,55,5411
Make,2016,55,561
Make,2016,55,562
Make,2016,55,61
Make,2016,55,621
Make,2016,55,622
Make,2016,55,623
Make,2016,55,624
Make,2016,55,711AS
Make,2016,55,713
Make,2016,55,721
Make,2016,55,722
Make,2016,55,81
Make,2016,55,GFGD
Make,2016,55,GFGN
Make,2016,55,GFE
Make,2016,55,GSLG
Make,2016,55,GSLE
Make,2016,55,Used
Make,2016,55,Other
Make,2016,561,111CA
Make,2016,561,113FF
Make,2016,561,211
Make,2016,561,212
Make,2016,561,213
Make,2016,561,22
Make,2016,561,321
Make,2016,561,327
Make,2016,561,331
Make,2016,561,332
Make,2016,561,333
Make,2016,561,334
Make,2016,561,335
Make,2016,561,3361MV
Make,2016,561,3364OT
Make,2016,561,337
Make,2016,561,339
Make,2016,561,311FT
Make,2016,561,313TT
Make,2016,561,315AL
Make,2016,561,322
Make,2016,561,324
Make,2016,561,325
Make,2016,561,326
Make,2016,561,42
Make,2016,561,441
Make,2016,561,445
Make,2016,561,452
Make,2016,561,481
Make,2016,561,482
Make,2016,561,483
Make,2016,561,484
Make,2016,561,485
Make,2016,561,486
Make,2016,561,487OS
Make,2016,561,493
Make,2016,561,511
Make,2016,561,512
Make,2016,561,513
Make,2016,561,514
Make,2016,561,521CI
Make,2016,561,523
Make,2016,561,525
Make,2016,561,HS
Make,2016,561,5411
Make,2016,561,55
Make,2016,561,622
Make,2016,561,623
Make,2016,561,711AS
Make,2016,561,713
Make,2016,561,721
Make,2016,561,722
Make,2016,561,GFGD
Make,2016,561,GFGN
Make,2016,561,GFE
Make,2016,561,GSLG
Make,2016,561,GSLE
Make,2016,561,Used
Make,2016,561,Other
Make,2016,562,111CA
Make,2016,562,113FF
Make,2016,562,212
Make,2016,562,213
Make,2016,562,22
Make,2016,562,321
Make,2016,562,327
Make,2016,562,331
Make,2016,562,332
Make,2016,562,333
Make,2016,562,334
Make,2016,562,335
Make,2016,562,3361MV
Make,2016,562,3364OT
Make,2016,562,337
Make,2016,562,339
Make,2016,562,311FT
Make,2016,562,313TT
Make,2016,562,315AL
Make,2016,562,322
Make,2016,562,323
Make,2016,562,324
Make,2016,562,325
Make,2016,562,326
Make,2016,562,42
Make,2016,562,441
Make,2016,562,445
Make,2016,562,452
Make,2016,562,481
Make,2016,562,482
Make,2016,562,483
Make,2016,562,484
Make,2016,562,485
Make,2016,562,486
Make,2016,562,493
Make,2016,562,511
Make,2016,562,512
Make,2016,562,513
Make,2016,562,514
Make,2016,562,521CI
Make,2016,562,523
Make,2016,562,524
Make,2016,562,525
Make,2016,562,HS
Make,2016,562,ORE
Make,2016,562,5411
Make,2016,562,55
Make,2016,562,561
Make,2016,562,61
Make,2016,562,621
Make,2016,562,622
Make,2016,562,623
Make,2016,562,624
Make,2016,562,711AS
Make,2016,562,713
Make,2016,562,721
Make,2016,562,722
Make,2016,562,81
Make,2016,562,GFGD
Make,2016,562,GFGN
Make,2016,562,GFE
Make,2016,562,GSLG
Make,2016,562,GSLE
Make,2016,562,Other
Make,2016,61,111CA
Make,2016,61,113FF
Make,2016,61,211
Make,2016,61,212
Make,2016,61,213
Make,2016,61,22
Make,2016,61,321
Make,2016,61,327
Make,2016,61,331
Make,2016,61,332
Make,2016,61,333
Make,2016,61,334
Make,2016,61,335
Make,2016,61,3361MV
Make,2016,61,3364OT
Make,2016,61,337
Make,2016,61,339
Make,2016,61,311FT
Make,2016,61,313TT
Make,2016,61,315AL
Make,2016,61,322
Make,2016,61,323
Make,2016,61,324
Make,2016,61,325
Make,2016,61,326
Make,2016,61,42
Make,2016,61,441
Make,2016,61,445
Make,2016,61,452
Make,2016,61,481
Make,2016,61,482
Make,2016,61,483
Make,2016,61,484
Make,2016,61,485
Make,2016,61,486
Make,2016,61,487OS
Make,2016,61,493
Make,2016,61,511
Make,2016,61,512
Make,2016,61,513
Make,2016,61,514
Make,2016,61,521CI
Make,2016,61,523
Make,2016,61,525
Make,2016,61,HS
Make,2016,61,5411
Make,2016,61,55
Make,2016,61,561
Make,2016,61,562
Make,2016,61,621
Make,2016,61,622
Make,2016,61,623
Make,2016,61,624
Make,2016,61,713
Make,2016,61,GFGD
Make,2016,61,GFGN
Make,2016,61,GFE
Make,2016,61,GSLG
Make,2016,61,GSLE
Make,2016,61,Used
Make,2016,61,Other
Make,2016,621,111CA
Make,2016,621,113FF
Make,2016,621,211
Make,2016,621,212
Make,2016,621,213
Make,2016,621,22
Make,2016,621,321
Make,2016,621,327
Make,2016,621,331
Make,2016,621,332
Make,2016,621,333
Make,2016,621,334
Make,2016,621,335
Make,2016,621,3361MV
Make,2016,621,3364OT
Make,2016,621,337
Make,2016,621,339
Make,2016,621,311FT
Make,2016,621,313TT
Make,2016,621,315AL
Make,2016,621,322
Make,2016,621,323
Make,2016,621,324
Make,2016,621,325
Make,2016,621,326
Make,2016,621,42
Make,2016,621,441
Make,2016,621,445
Make,2016,621,452
Make,2016,621,481
Make,2016,621,482
Make,2016,621,483
Make,2016,621,484
Make,2016,621,485
Make,2016,621,486
Make,2016,621,487OS
Make,2016,621,493
Make,2016,621,511
Make,2016,621,512
Make,2016,621,513
Make,2016,621,514
Make,2016,621,521CI
Make,2016,621,523
Make,2016,621,524
Make,2016,621,525
Make,2016,621,HS
Make,2016,621,ORE
Make,2016,621,5411
Make,2016,621,55
Make,2016,621,561
Make,2016,621,562
Make,2016,621,61
Make,2016,621,622
Make,2016,621,624
Make,2016,621,711AS
Make,2016,621,713
Make,2016,621,721
Make,2016,621,81
Make,2016,621,GFGD
Make,2016,621,GFGN
Make,2016,621,GFE
Make,2016,621,GSLG
Make,2016,621,GSLE
Make,2016,621,Used
Make,2016,621,Other
Make,2016,622,111CA
Make,2016,622,113FF
Make,2016,622,211
Make,2016,622,212
Make,2016,622,213
Make,2016,622,22
Make,2016,622,321
Make,2016,622,327
Make,2016,622,331
Make,2016,622,332
Make,2016,622,333
Make,2016,622,334
Make,2016,622,335
Make,2016,622,3361MV
Make,2016,622,3364OT
Make,2016,622,337
Make,2016,622,339
Make,2016,622,311FT
Make,2016,622,313TT
Make,2016,622,315AL
Make,2016,622,322
Make,2016,622,323
Make,2016,622,324
Make,2016,622,325
Make,2016,622,326
Make,2016,622,42
Make,2016,622,441
Make,2016,622,445
Make,2016,622,452
Make,2016,622,481
Make,2016,622,482
Make,2016,622,483
Make,2016,622,484
Make,2016,622,485
Make,2016,622,486
Make,2016,622,487OS
Make,2016,622,493
Make,2016,622,511
Make,2016,622,512
Make,2016,622,513
Make,2016,622,514
Make,2016,622,521CI
Make,2016,622,523
Make,2016,622,524
Make,2016,622,525
Make,2016,622,HS
Make,2016,622,ORE
Make,2016,622,5411
Make,2016,622,55
Make,2016,622,561
Make,2016,622,562
Make,2016,622,61
Make,2016,622,624
Make,2016,622,711AS
Make,2016,622,713
Make,2016,622,721
Make,2016,622,81
Make,2016,622,GFGD
Make,2016,622,GFGN
Make,2016,622,GFE
Make,2016,622,GSLG
Make,2016,622,GSLE
Make,2016,622,Used
Make,2016,622,Other
Make,2016,623,111CA
Make,2016,623,113FF
Make,2016,623,211
Make,2016,623,212
Make,2016,623,213
Make,2016,623,22
Make,2016,623,321
Make,2016,623,327
Make,2016,623,331
Make,2016,623,332
Make,2016,623,333
Make,2016,623,334
Make,2016,623,335
Make,2016,623,3361MV
Make,2016,623,3364OT
Make,2016,623,337
Make,2016,623,339
Make,2016,623,311FT
Make,2016,623,313TT
Make,2016,623,315AL
Make,2016,623,322
Make,2016,623,323
Make,2016,623,324
Make,2016,623,325
Make,2016,623,326
Make,2016,623,42
Make,2016,623,441
Make,2016,623,445
Make,2016,623,452
Make,2016,623,481
Make,2016,623,482
Make,2016,623,483
Make,2016,623,484
Make,2016,623,485
Make,2016,623,486
Make,2016,623,487OS
Make,2016,623,493
Make,2016,623,511
Make,2016,623,512
Make,2016,623,513
Make,2016,623,514
Make,2016,623,521CI
Make,2016,623,523
Make,2016,623,524
Make,2016,623,525
Make,2016,623,HS
Make,2016,623,5411
Make,2016,623,55
Make,2016,623,561
Make,2016,623,562
Make,2016,623,61
Make,2016,623,622
Make,2016,623,711AS
Make,2016,623,713
Make,2016,623,721
Make,2016,623,81
Make,2016,623,GFGD
Make,2016,623,GFGN
Make,2016,623,GFE
Make,2016,623,GSLG
Make,2016,623,GSLE
Make,2016,623,Used
Make,2016,623,Other
Make,2016,624,111CA
Make,2016,624,113FF
Make,2016,624,211
Make,2016,624,212
Make,2016,624,213
Make,2016,624,22
Make,2016,624,321
Make,2016,624,327
Make,2016,624,331
Make,2016,624,332
Make,2016,624,333
Make,2016,624,334
Make,2016,624,335
Make,2016,624,3361MV
Make,2016,624,3364OT
Make,2016,624,337
Make,2016,624,339
Make,2016,624,311FT
Make,2016,624,313TT
Make,2016,624,315AL
Make,2016,624,322
Make,2016,624,323
Make,2016,624,324
Make,2016,624,325
Make,2016,624,326
Make,2016,624,42
Make,2016,624,441
Make,2016,624,445
Make,2016,624,481
Make,2016,624,482
Make,2016,624,483
Make,2016,624,484
Make,2016,624,485
Make,2016,624,486
Make,2016,624,487OS
Make,2016,624,493
Make,2016,624,511
Make,2016,624,512
Make,2016,624,513
Make,2016,624,514
Make,2016,624,521CI
Make,2016,624,523
Make,2016,624,524
Make,2016,624,525
Make,2016,624,HS
Make,2016,624,ORE
Make,2016,624,532RL
Make,2016,624,5411
Make,2016,624,55
Make,2016,624,561
Make,2016,624,562
Make,2016,624,61
Make,2016,624,622
Make,2016,624,711AS
Make,2016,624,713
Make,2016,624,721
Make,2016,624,81
Make,2016,624,GFGD
Make,2016,624,GFGN
Make,2016,624,GFE
Make,2016,624,GSLG
Make,2016,624,GSLE
Make,2016,624,Used
Make,2016,624,Other
Make,2016,711AS,111CA
Make,2016,711AS,113FF
Make,2016,711AS,211
Make,2016,711AS,212
Make,2016,711AS,213
Make,2016,711AS,22
Make,2016,711AS,321
Make,2016,711AS,327
Make,2016,711AS,331
Make,2016,711AS,332
Make,2016,711AS,333
Make,2016,711AS,334
Make,2016,711AS,335
Make,2016,711AS,3361MV
Make,2016,711AS,3364OT
Make,2016,711AS,337
Make,2016,711AS,339
Make,2016,711AS,311FT
Make,2016,711AS,313TT
Make,2016,711AS,315AL
Make,2016,711AS,322
Make,2016,711AS,323
Make,2016,711AS,324
Make,2016,711AS,325
Make,2016,711AS,326
Make,2016,711AS,42
Make,2016,711AS,441
Make,2016,711AS,445
Make,2016,711AS,452
Make,2016,711AS,481
Make,2016,711AS,482
Make,2016,711AS,483
Make,2016,711AS,484
Make,2016,711AS,485
Make,2016,711AS,486
Make,2016,711AS,487OS
Make,2016,711AS,493
Make,2016,711AS,511
Make,2016,711AS,512
Make,2016,711AS,513
Make,2016,711AS,514
Make,2016,711AS,521CI
Make,2016,711AS,523
Make,2016,711AS,524
Make,2016,711AS,525
Make,2016,711AS,HS
Make,2016,711AS,5411
Make,2016,711AS,55
Make,2016,711AS,561
Make,2016,711AS,562
Make,2016,711AS,621
Make,2016,711AS,622
Make,2016,711AS,623
Make,2016,711AS,624
Make,2016,711AS,GFGD
Make,2016,711AS,GFGN
Make,2016,711AS,GFE
Make,2016,711AS,GSLG
Make,2016,711AS,GSLE
Make,2016,711AS,Used
Make,2016,711AS,Other
Make,2016,713,111CA
Make,2016,713,113FF
Make,2016,713,211
Make,2016,713,212
Make,2016,713,213
Make,2016,713,22
Make,2016,713,321
Make,2016,713,327
Make,2016,713,331
Make,2016,713,332
Make,2016,713,333
Make,2016,713,334
Make,2016,713,335
Make,2016,713,3361MV
Make,2016,713,3364OT
Make,2016,713,337
Make,2016,713,339
Make,2016,713,311FT
Make,2016,713,313TT
Make,2016,713,315AL
Make,2016,713,322
Make,2016,713,323
Make,2016,713,324
Make,2016,713,325
Make,2016,713,326
Make,2016,713,42
Make,2016,713,445
Make,2016,713,452
Make,2016,713,481
Make,2016,713,482
Make,2016,713,483
Make,2016,713,484
Make,2016,713,485
Make,2016,713,486
Make,2016,713,487OS
Make,2016,713,493
Make,2016,713,511
Make,2016,713,512
Make,2016,713,513
Make,2016,713,514
Make,2016,713,521CI
Make,2016,713,523
Make,2016,713,524
Make,2016,713,525
Make,2016,713,HS
Make,2016,713,5411
Make,2016,713,55
Make,2016,713,561
Make,2016,713,562
Make,2016,713,621
Make,2016,713,622
Make,2016,713,623
Make,2016,713,GFGD
Make,2016,713,GFGN
Make,2016,713,GFE
Make,2016,713,GSLG
Make,2016,713,GSLE
Make,2016,713,Used
Make,2016,713,Other
Make,2016,721,111CA
Make,2016,721,113FF
Make,2016,721,211
Make,2016,721,212
Make,2016,721,213
Make,2016,721,22
Make,2016,721,321
Make,2016,721,327
Make,2016,721,331
Make,2016,721,332
Make,2016,721,333
Make,2016,721,334
Make,2016,721,335
Make,2016,721,3361MV
Make,2016,721,3364OT
Make,2016,721,337
Make,2016,721,339
Make,2016,721,311FT
Make,2016,721,313TT
Make,2016,721,315AL
Make,2016,721,322
Make,2016,721,323
Make,2016,721,324
Make,2016,721,325
Make,2016,721,326
Make,2016,721,42
Make,2016,721,481
Make,2016,721,482
Make,2016,721,483
Make,2016,721,484
Make,2016,721,485
Make,2016,721,486
Make,2016,721,487OS
Make,2016,721,493
Make,2016,721,511
Make,2016,721,512
Make,2016,721,514
Make,2016,721,521CI
Make,2016,721,523
Make,2016,721,524
Make,2016,721,525
Make,2016,721,5411
Make,2016,721,55
Make,2016,721,562
Make,2016,721,61
Make,2016,721,621
Make,2016,721,622
Make,2016,721,623
Make,2016,721,624
Make,2016,721,GFGD
Make,2016,721,GFGN
Make,2016,721,GFE
Make,2016,721,GSLG
Make,2016,721,GSLE
Make,2016,721,Used
Make,2016,721,Other
Make,2016,722,111CA
Make,2016,722,113FF
Make,2016,722,211
Make,2016,722,212
Make,2016,722,213
Make,2016,722,22
Make,2016,722,321
Make,2016,722,327
Make,2016,722,331
Make,2016,722,332
Make,2016,722,333
Make,2016,722,334
Make,2016,722,335
Make,2016,722,3361MV
Make,2016,722,3364OT
Make,2016,722,337
Make,2016,722,339
Make,2016,722,311FT
Make,2016,722,313TT
Make,2016,722,315AL
Make,2016,722,322
Make,2016,722,323
Make,2016,722,324
Make,2016,722,325
Make,2016,722,326
Make,2016,722,441
Make,2016,722,452
Make,2016,722,481
Make,2016,722,482
Make,2016,722,483
Make,2016,722,484
Make,2016,722,485
Make,2016,722,486
Make,2016,722,487OS
Make,2016,722,493
Make,2016,722,511
Make,2016,722,512
Make,2016,722,514
Make,2016,722,521CI
Make,2016,722,523
Make,2016,722,524
Make,2016,722,525
Make,2016,722,HS
Make,2016,722,ORE
Make,2016,722,532RL
Make,2016,722,5411
Make,2016,722,55
Make,2016,722,561
Make,2016,722,562
Make,2016,722,61
Make,2016,722,621
Make,2016,722,622
Make,2016,722,623
Make,2016,722,624
Make,2016,722,711AS
Make,2016,722,81
Make,2016,722,GFGD
Make,2016,722,GFGN
Make,2016,722,GFE
Make,2016,722,GSLG
Make,2016,722,GSLE
Make,2016,722,Other
Make,2016,81,111CA
Make,2016,81,113FF
Make,2016,81,211
Make,2016,81,212
Make,2016,81,213
Make,2016,81,22
Make,2016,81,321
Make,2016,81,327
Make,2016,81,331
Make,2016,81,332
Make,2016,81,333
Make,2016,81,334
Make,2016,81,335
Make,2016,81,3361MV
Make,2016,81,3364OT
Make,2016,81,337
Make,2016,81,339
Make,2016,81,311FT
Make,2016,81,313TT
Make,2016,81,315AL
Make,2016,81,322
Make,2016,81,323
Make,2016,81,324
Make,2016,81,325
Make,2016,81,326
Make,2016,81,445
Make,2016,81,481
Make,2016,81,482
Make,2016,81,483
Make,2016,81,484
Make,2016,81,485
Make,2016,81,486
Make,2016,81,487OS
Make,2016,81,493
Make,2016,81,511
Make,2016,81,512
Make,2016,81,513
Make,2016,81,521CI
Make,2016,81,523
Make,2016,81,524
Make,2016,81,525
Make,2016,81,HS
Make,2016,81,5411
Make,2016,81,55
Make,2016,81,562
Make,2016,81,621
Make,2016,81,622
Make,2016,81,623
Make,2016,81,624
Make,2016,81,711AS
Make,2016,81,713
Make,2016,81,721
Make,2016,81,GFGD
Make,2016,81,GFGN
Make,2016,81,GFE
Make,2016,81,GSLG
Make,2016,81,GSLE
Make,2016,81,Used
Make,2016,81,Other
Make,2016,GFGD,111CA
Make,2016,GFGD,113FF
Make,2016,GFGD,211
Make,2016,GFGD,212
Make,2016,GFGD,213
Make,2016,GFGD,22
Make,2016,GFGD,321
Make,2016,GFGD,327
Make,2016,GFGD,331
Make,2016,GFGD,332
Make,2016,GFGD,334
Make,2016,GFGD,335
Make,2016,GFGD,3361MV
Make,2016,GFGD,3364OT
Make,2016,GFGD,337
Make,2016,GFGD,311FT
Make,2016,GFGD,313TT
Make,2016,GFGD,315AL
Make,2016,GFGD,322
Make,2016,GFGD,323
Make,2016,GFGD,324
Make,2016,GFGD,325
Make,2016,GFGD,326
Make,2016,GFGD,42
Make,2016,GFGD,441
Make,2016,GFGD,445
Make,2016,GFGD,452
Make,2016,GFGD,4A0
Make,2016,GFGD,481
Make,2016,GFGD,482
Make,2016,GFGD,483
Make,2016,GFGD,484
Make,2016,GFGD,485
Make,2016,GFGD,486
Make,2016,GFGD,487OS
Make,2016,GFGD,493
Make,2016,GFGD,511
Make,2016,GFGD,513
Make,2016,GFGD,521CI
Make,2016,GFGD,523
Make,2016,GFGD,524
Make,2016,GFGD,525
Make,2016,GFGD,HS
Make,2016,GFGD,ORE
Make,2016,GFGD,532RL
Make,2016,GFGD,5411
Make,2016,GFGD,55
Make,2016,GFGD,561
Make,2016,GFGD,562
Make,2016,GFGD,621
Make,2016,GFGD,623
Make,2016,GFGD,624
Make,2016,GFGD,713
Make,2016,GFGD,721
Make,2016,GFGD,722
Make,2016,GFGD,81
Make,2016,GFGD,GFGN
Make,2016,GFGD,GFE
Make,2016,GFGD,GSLG
Make,2016,GFGD,GSLE
Make,2016,GFGD,Used
Make,2016,GFGD,Other
Make,2016,GFGN,111CA
Make,2016,GFGN,211
Make,2016,GFGN,212
Make,2016,GFGN,213
Make,2016,GFGN,321
Make,2016,GFGN,327
Make,2016,GFGN,332
Make,2016,GFGN,333
Make,2016,GFGN,334
Make,2016,GFGN,335
Make,2016,GFGN,3361MV
Make,2016,GFGN,3364OT
Make,2016,GFGN,337
Make,2016,GFGN,311FT
Make,2016,GFGN,313TT
Make,2016,GFGN,315AL
Make,2016,GFGN,322
Make,2016,GFGN,324
Make,2016,GFGN,326
Make,2016,GFGN,42
Make,2016,GFGN,441
Make,2016,GFGN,445
Make,2016,GFGN,452
Make,2016,GFGN,4A0
Make,2016,GFGN,481
Make,2016,GFGN,482
Make,2016,GFGN,483
Make,2016,GFGN,484
Make,2016,GFGN,485
Make,2016,GFGN,486
Make,2016,GFGN,487OS
Make,2016,GFGN,493
Make,2016,GFGN,512
Make,2016,GFGN,513
Make,2016,GFGN,514
Make,2016,GFGN,521CI
Make,2016,GFGN,523
Make,2016,GFGN,524
Make,2016,GFGN,HS
Make,2016,GFGN,ORE
Make,2016,GFGN,532RL
Make,2016,GFGN,5411
Make,2016,GFGN,55
Make,2016,GFGN,561
Make,2016,GFGN,562
Make,2016,GFGN,61
Make,2016,GFGN,621
Make,2016,GFGN,623
Make,2016,GFGN,624
Make,2016,GFGN,711AS
Make,2016,GFGN,713
Make,2016,GFGN,721
Make,2016,GFGN,722
Make,2016,GFGN,81
Make,2016,GFGN,GFGD
Make,2016,GFGN,GSLG
Make,2016,GFGN,GSLE
Make,2016,GFGN,Used
Make,2016,GFE,111CA
Make,2016,GFE,113FF
Make,2016,GFE,211
Make,2016,GFE,212
Make,2016,GFE,213
Make,2016,GFE,23
Make,2016,GFE,321
Make,2016,GFE,327
Make,2016,GFE,331
Make,2016,GFE,332
Make,2016,GFE,333
Make,2016,GFE,334
Make,2016,GFE,335
Make,2016,GFE,3361MV
Make,2016,GFE,3364OT
Make,2016,GFE,337
Make,2016,GFE,339
Make,2016,GFE,311FT
Make,2016,GFE,313TT
Make,2016,GFE,315AL
Make,2016,GFE,322
Make,2016,GFE,323
Make,2016,GFE,324
Make,2016,GFE,325
Make,2016,GFE,326
Make,2016,GFE,42
Make,2016,GFE,445
Make,2016,GFE,481
Make,2016,GFE,482
Make,2016,GFE,483
Make,2016,GFE,484
Make,2016,GFE,485
Make,2016,GFE,486
Make,2016,GFE,487OS
Make,2016,GFE,493
Make,2016,GFE,511
Make,2016,GFE,513
Make,2016,GFE,514
Make,2016,GFE,521CI
Make,2016,GFE,523
Make,2016,GFE,525
Make,2016,GFE,HS
Make,2016,GFE,532RL
Make,2016,GFE,5411
Make,2016,GFE,5412OP
Make,2016,GFE,55
Make,2016,GFE,561
Make,2016,GFE,562
Make,2016,GFE,61
Make,2016,GFE,621
Make,2016,GFE,622
Make,2016,GFE,623
Make,2016,GFE,624
Make,2016,GFE,711AS
Make,2016,GFE,713
Make,2016,GFE,721
Make,2016,GFE,GFGD
Make,2016,GFE,GFGN
Make,2016,GFE,GSLG
Make,2016,GFE,GSLE
Make,2016,GFE,Used
Make,2016,GFE,Other
Make,2016,GSLG,211
Make,2016,GSLG,213
Make,2016,GSLG,327
Make,2016,GSLG,331
Make,2016,GSLG,332
Make,2016,GSLG,333
Make,2016,GSLG,334
Make,2016,GSLG,335
Make,2016,GSLG,3361MV
Make,2016,GSLG,3364OT
Make,2016,GSLG,337
Make,2016,GSLG,313TT
Make,2016,GSLG,324
Make,2016,GSLG,326
Make,2016,GSLG,42
Make,2016,GSLG,441
Make,2016,GSLG,445
Make,2016,GSLG,452
Make,2016,GSLG,4A0
Make,2016,GSLG,481
Make,2016,GSLG,482
Make,2016,GSLG,483
Make,2016,GSLG,484
Make,2016,GSLG,485
Make,2016,GSLG,486
Make,2016,GSLG,487OS
Make,2016,GSLG,493
Make,2016,GSLG,513
Make,2016,GSLG,521CI
Make,2016,GSLG,523
Make,2016,GSLG,524
Make,2016,GSLG,HS
Make,2016,GSLG,ORE
Make,2016,GSLG,532RL
Make,2016,GSLG,5411
Make,2016,GSLG,55
Make,2016,GSLG,623
Make,2016,GSLG,GFGD
Make,2016,GSLG,GFGN
Make,2016,GSLG,GFE
Make,2016,GSLG,GSLE
Make,2016,GSLG,Other
Make,2016,GSLE,111CA
Make,2016,GSLE,113FF
Make,2016,GSLE,211
Make,2016,GSLE,212
Make,2016,GSLE,213
Make,2016,GSLE,23
Make,2016,GSLE,321
Make,2016,GSLE,327
Make,2016,GSLE,331
Make,2016,GSLE,332
Make,2016,GSLE,333
Make,2016,GSLE,334
Make,2016,GSLE,335
Make,2016,GSLE,3361MV
Make,2016,GSLE,3364OT
Make,2016,GSLE,337
Make,2016,GSLE,339
Make,2016,GSLE,311FT
Make,2016,GSLE,313TT
Make,2016,GSLE,315AL
Make,2016,GSLE,322
Make,2016,GSLE,323
Make,2016,GSLE,324
Make,2016,GSLE,325
Make,2016,GSLE,326
Make,2016,GSLE,42
Make,2016,GSLE,441
Make,2016,GSLE,452
Make,2016,GSLE,4A0
Make,2016,GSLE,481
Make,2016,GSLE,484
Make,2016,GSLE,486
Make,2016,GSLE,493
Make,2016,GSLE,511
Make,2016,GSLE,512
Make,2016,GSLE,513
Make,2016,GSLE,514
Make,2016,GSLE,523
Make,2016,GSLE,525
Make,2016,GSLE,532RL
Make,2016,GSLE,5411
Make,2016,GSLE,5415
Make,2016,GSLE,5412OP
Make,2016,GSLE,55
Make,2016,GSLE,561
Make,2016,GSLE,562
Make,2016,GSLE,61
Make,2016,GSLE,621
Make,2016,GSLE,622
Make,2016,GSLE,623
Make,2016,GSLE,624
Make,2016,GSLE,721
Make,2016,GSLE,722
Make,2016,GSLE,GFGD
Make,2016,GSLE,GFGN
Make,2016,GSLE,GFE
Make,2016,GSLE,GSLG
Make,2016,GSLE,Used
Make,2016,GSLE,Other
