industria_io,tipo,anno,K_inizio_2012,I_2012,D_2012,K_fine_2012,delta_annuo,altre_variazioni_2012,altre_variazioni_rel,K_inizio_corrente,I_corrente,D_corrente,K_fine_corrente,rivalutazioni_e_altre_variazioni_corrente
111CA,E,2008,191175.2844,32437.53684,27378.39848,196255.6559,0.1432109729,21.23310625,0.000111066168,171211,30009,25306,184470,8556
111CA,E,2009,196255.6559,31168.5178,27866.06321,199582.2092,0.1419885867,24.09877491,0.0001227927664,184470,29650,26478,189642,2000
111CA,E,2010,199582.2092,32159.91066,28330.59968,203426.9829,0.1419495244,15.46271102,7.747539764e-05,189642,30828,27158,196078,2766
111CA,E,2011,203426.9829,36562.64626,29206.80601,210815.1004,0.1435739035,32.2772551,0.0001586675211,196078,35925,28706,208803,5506
111CA,E,2012,210815.1004,46647,30931,226602,0.1467209888,70.89955683,0.0003363115672,208803,46648,30931,226602,2082
111CA,E,2013,226602,53931.29386,33594.01772,247042.3446,0.1482511969,103.0684175,0.0004548433709,226602,54325,33835,249857,2765
111CA,E,2014,247042.3446,56664.84737,36557.59513,267241.2247,0.1479810888,91.62786501,0.0003708994309,249857,57856,37313,272805,2405
111CA,E,2015,267241.2247,40058.88513,38183.68337,269134.9078,0.1428809624,18.4813358,6.915600624e-05,272805,41147,39184,275638,870
111CA,E,2016,269134.9078,30898.84307,37853.09189,262159.769,0.1406472769,-20.88991435,-7.761874715e-05,275638,31912,39013,270427,1890
111CA,E,2017,262159.769,32563.74674,37062.11418,257652.8048,0.1413722415,-8.596770539,-3.279210449e-05,270427,33929,38525,267878,2047
111CA,E,2018,257652.8048,32580.20833,36477.18601,253749.5329,0.1415749618,-6.294203752,-2.442901313e-05,267878,34370,38431,269576,5759
111CA,E,2019,253749.5329,35727.2649,36181.51597,253300.2826,0.1425875175,5.000700715,1.970723121e-05,269576,38184,38667,270423,1330
111CA,N,2008,52.73333333,33.48717949,32.5483871,50.85714286,0.6172260511,-2.814982867,-0.05338147029,59,39,38,59,-1
111CA,N,2009,50.85714286,36.84615385,33.87096774,53.25714286,0.6660021747,-0.5751861042,-0.01130983913,59,42,39,58,-4
111CA,N,2010,53.25714286,35.66666667,35.03225806,53.39047619,0.6577945452,-0.5010752688,-0.009408602151,58,37,38,56,-1
111CA,N,2011,53.39047619,41.38461538,37.35483871,56.86190476,0.699653597,-0.5583481035,-0.01045782213,56,43,39,59,-1
111CA,N,2012,56.86190476,53,41,67,0.7210451386,-1.861904762,-0.03274432627,59,53,41,67,-4
111CA,N,2013,67,58.8974359,48.96774194,77.07619048,0.7308618199,0.1464965142,0.002186515138,67,56,47,75,-1
111CA,N,2014,77.07619048,72.69230769,56.93548387,90.68571429,0.7386909436,-2.147300012,-0.02785944659,75,68,54,85,-4
111CA,N,2015,90.68571429,55.53846154,60.41935484,83.94761905,0.6662499746,-1.857201938,-0.02047954248,85,50,55,78,-2
111CA,N,2016,83.94761905,55.53846154,58.09677419,81.74285714,0.6920598208,0.3535507503,0.004211563762,78,49,52,73,-2
111CA,N,2017,81.74285714,74.23076923,61.58064516,94.14761905,0.7533458863,-0.2453621647,-0.003001634311,73,64,54,83,0
111CA,N,2018,94.14761905,73.05128205,67.38709677,98.68095238,0.7157599678,-1.130851944,-0.01201147682,83,62,58,85,-2
111CA,N,2019,98.68095238,77.76923077,70.87096774,104.2857143,0.7181828512,-1.293501123,-0.01310791081,85,65,60,89,-1
111CA,S,2008,249340.3281,7022.637256,5958.132057,250411.2932,0.0238955812,6.459962537,2.590821384e-05,259109,7343,6344,261958,1850
111CA,S,2009,250411.2932,7144.159844,5991.103863,251553.0717,0.0239250546,-11.27748777,-4.503585932e-05,261958,6989,6106,244016,-18825
111CA,S,2010,251553.0717,6446.635963,6019.372418,251965.8782,0.02392883687,-14.45707965,-5.747129046e-05,244016,6142,5869,242106,-2183
111CA,S,2011,251965.8782,7605.135412,6054.822239,253487.8801,0.02403032618,-28.31128793,-0.0001123615949,242106,7337,5959,246974,3490
111CA,S,2012,253487.8801,8364,6117,255724,0.02413133124,-10.88005928,-4.29214181e-05,246974,8364,6117,255724,6503
111CA,S,2013,255724,8797.736236,6189.521665,258342.5764,0.02420391385,10.36186256,4.051971092e-05,255724,9097,6459,273302,14940
111CA,S,2014,258342.5764,11612.15754,6302.913674,263665.0356,0.02439750258,13.21531334,5.115422134e-05,273302,12387,6920,290481,11712
111CA,S,2015,263665.0356,8223.485611,6409.393447,265462.4657,0.02430884866,-16.66206366,-6.319405839e-05,290481,8969,7248,300147,7945
111CA,S,2016,265462.4657,8180.099923,6471.799463,267129.1136,0.02437933908,-41.65261011,-0.000156905836,300147,8829,7584,317464,16072
111CA,S,2017,267129.1136,8884.53395,6544.72061,269429.8128,0.0245002146,-39.11408046,-0.000146423877,317464,10061,8020,330052,10547
111CA,S,2018,269429.8128,5573.150372,6579.730315,268359.1562,0.02442094379,-64.07669291,-0.0002378233212,330052,6541,8409,345822,17638
111CA,S,2019,268359.1562,6576.531744,6583.031672,268301.1964,0.0245306766,-51.45987388,-0.0001917574739,345822,8174,8800,359679,14483
113FF,E,2008,28911.7204,5334.397863,4020.643199,30228.91565,0.1390662037,3.440594272,0.0001190034431,25901,4923,3717,28308,1201
113FF,E,2009,30228.91565,4532.922687,4102.486176,30655.15579,0.1357139708,-4.196371019,-0.0001388197667,28308,4294,3886,28937,221
113FF,E,2010,30655.15579,6165.310136,4239.997187,32593.74395,0.1383126941,13.27520604,0.0004330497005,28937,5885,4049,31258,485
113FF,E,2011,32593.74395,5796.315786,4447.081966,33957.36731,0.1364397405,14.38953959,0.0004414816417,31258,5683,4354,33502,915
113FF,E,2012,33957.36731,5892,4604,35251,0.1355817711,5.632690854,0.0001658753696,33502,5892,4604,35251,461
113FF,E,2013,35251,5702.304744,4728.140242,36235.18402,0.134127833,10.0195213,0.0002842336756,35251,5761,4772,36579,339
113FF,E,2014,36235.18402,6803.213117,4901.12974,38154.49651,0.1352588616,17.2291129,0.0004754802098,36579,6965,5006,38890,352
113FF,E,2015,38154.49651,6314.001207,5090.145032,39395.16712,0.1334087853,16.81443006,0.0004406932758,38890,6498,5225,40220,57
113FF,E,2016,39395.16712,7974.332108,5334.472214,42070.36096,0.1354093054,35.33394323,0.0008969106064,40220,8244,5491,43258,285
113FF,E,2017,42070.36096,7089.800411,5600.020622,43593.027,0.133110829,32.88625254,0.0007816964673,43258,7401,5821,45227,389
113FF,E,2018,43593.027,8213.551338,5848.002285,46001.11321,0.1341499475,42.53715705,0.0009757789257,45227,8722,6180,49041,1272
113FF,E,2019,46001.11321,6707.36992,6035.194593,46694.28547,0.1311967075,20.99693183,0.0004564439937,49041,7264,6509,50237,441
113FF,N,2008,148.3967391,104.8754153,99.64878543,154.7649457,0.6715025277,1.141576664,0.007692734161,173,122,116,179,0
113FF,N,2009,154.7649457,91.19601329,98.4757085,147.9211957,0.6362920756,0.435945213,0.002816821414,179,102,110,160,-11
113FF,N,2010,147.9211957,94.410299,96.00910931,147.564538,0.6490557955,1.2421527,0.008397394939,160,99,100,155,-4
113FF,N,2011,147.564538,77.42524917,91.31680162,135.3743207,0.6188261952,1.701335059,0.01152943032,155,80,93,140,-2
113FF,N,2012,135.3743207,65,81,120,0.5983409528,0.6256793478,0.004621846631,140,65,81,120,-4
113FF,N,2013,120,75.71428571,75.13461538,120.5461957,0.6261217949,-0.0334746775,-0.0002789556458,120,73,73,119,-1
113FF,N,2014,120.5461957,114.6760797,82.74392713,151.3654891,0.6864084485,-1.11285913,-0.009231806317,119,109,78,146,-4
113FF,N,2015,151.3654891,126.7358804,98.32388664,178.6440217,0.6495792879,-1.13346115,-0.007488240264,146,117,90,170,-3
113FF,N,2016,178.6440217,225.9302326,131.7095142,269.5339674,0.7372735616,-3.330772736,-0.01864474783,170,205,119,253,-3
113FF,N,2017,269.5339674,255.7724252,177.3967611,345.7146739,0.658161058,-2.194957594,-0.008143528681,253,229,158,320,-4
113FF,N,2018,345.7146739,301.8936877,219.6852227,424.533288,0.6354524099,-3.389850905,-0.009805342848,320,263,190,387,-6
113FF,N,2019,424.533288,243.8953488,240.6487854,428.0258152,0.5668549256,0.2459637618,0.0005793745007,387,209,206,382,-8
113FF,S,2008,17662.50712,623.7237304,435.3067549,17849.87181,0.02464580776,-1.052278336,-5.957695184e-05,16277,595,409,17199,736
113FF,S,2009,17849.87181,867.765035,445.243994,18272.48203,0.02494382025,0.08917325772,4.995736589e-06,17199,846,424,16941,-680
113FF,S,2010,18272.48203,815.4851801,458.874314,18633.24592,0.0251128617,4.153022232,0.0002272828741,16941,775,431,17498,213
113FF,S,2011,18633.24592,517.2061815,464.2129456,18683.30894,0.0249131551,-2.930211625,-0.0001572571756,17498,501,451,18247,699
113FF,S,2012,18683.30894,389,465,18602,0.02488852491,-5.308939492,-0.0002841541351,18247,389,465,18602,431
113FF,S,2013,18602,333.4636079,464.3070284,18470.66186,0.02496005959,-0.4947145118,-2.659469476e-05,18602,341,475,19035,567
113FF,S,2014,18470.66186,695.1687904,464.3479202,18698.69156,0.02513975534,-2.791176699,-0.0001511140597,19035,732,491,19730,454
113FF,S,2015,18698.69156,664.4773069,469.8084088,18891.71726,0.02512520233,-1.643201081,-8.787786436e-05,19730,713,508,20149,214
113FF,S,2016,18891.71726,637.1148043,478.7031754,19049.21142,0.02533931505,-0.917469305,-4.856463246e-05,20149,693,517,20643,318
113FF,S,2017,19049.21142,678.508465,481.3248876,19248.37758,0.02526744426,1.982583731,0.0001040769451,20643,761,536,21432,564
113FF,S,2018,19248.37758,646.2216441,485.7912435,19413.24602,0.02523803586,4.438043803,0.0002305671626,21432,756,564,22672,1048
113FF,S,2019,19413.24602,717.9571317,490.197989,19646.47647,0.02525069679,5.471303153,0.0002818335042,22672,879,596,23804,849
211,E,2008,48514.88262,7531.27022,6345.428051,49572.43827,0.130793433,-128.2865213,-0.002644271496,44435,7282,6066,47615,1964
211,E,2009,49572.43827,7368.966037,6568.151248,50390.24429,0.1324960296,16.99123996,0.0003427557844,47615,7087,6306,47743,-653
211,E,2010,50390.24429,8745.963575,6842.800409,52310.9684,0.1357961348,17.5609354,0.0003484987152,47743,8339,6558,50323,799
211,E,2011,52310.9684,9018.514207,7199.059891,54152.60434,0.1376204668,22.18163219,0.0004240340577,50323,8817,7055,53505,1420
211,E,2012,54152.60434,10867,7648,57402,0.1412305113,30.39565561,0.0005612962844,53505,10867,7648,57402,678
211,E,2013,57402,13874.27425,8383.71538,62923.21188,0.1460526703,30.65300526,0.0005340058754,57402,13975,8437,63243,303
211,E,2014,62923.21188,10752.39056,8991.978459,64697.38075,0.1429039966,13.75676118,0.000218627765,63243,10904,9110,65378,341
211,E,2015,64697.38075,8923.401629,9126.664606,64497.43536,0.1410669876,3.317594904,5.127865867e-05,65378,9030,9228,64675,-505
211,E,2016,64497.43536,2684.279926,8649.576351,58503.04233,0.1341072913,-29.09661208,-0.0004511282025,64675,2693,8670,58555,-143
211,E,2017,58503.04233,4155.227114,7877.406817,54631.26166,0.1346495243,-149.6009597,-0.002557148377,58555,4198,7928,55122,297
211,E,2018,54631.26166,6680.807313,7522.450577,53798.99001,0.1376949817,9.371610131,0.0001715429929,55122,6846,7686,55421,1139
211,E,2019,53798.99001,9422.923238,7607.714221,55627.94322,0.1414099822,13.74419624,0.0002554731276,55421,9836,7910,57560,213
211,N,2008,8016.103219,2325.615095,2097.699379,8239.115881,0.2616856746,-4.903054713,-0.0006116506461,7723,2398,2178,7982,39
211,N,2009,8239.115881,2185.294792,2127.640622,8295.168687,0.2582365211,-1.601364126,-0.0001943611607,7982,2209,2158,7980,-53
211,N,2010,8295.168687,2231.901796,2120.947976,8407.040953,0.2556847312,0.9184467826,0.0001107206878,7980,2206,2113,8186,113
211,N,2011,8407.040953,2470.933581,2133.694234,8744.039609,0.2537984822,-0.2406921101,-2.862982487e-05,8186,2464,2137,8686,173
211,N,2012,8744.039609,2616,2205,9154,0.2521717763,-1.039608538,-0.000118893393,8686,2616,2205,9154,57
211,N,2013,9154,3085.12169,2373.710399,9863.554018,0.2593085426,-1.857273262,-0.0002028919884,9154,3082,2369,10113,246
211,N,2014,9863.554018,2939.775557,2491.798335,10313.29294,0.252626825,1.761697325,0.0001786067499,10113,2980,2505,10688,100
211,N,2015,10313.29294,3235.76695,2518.357352,11029.65494,0.2441855737,-1.047595137,-0.0001015771726,10688,3323,2549,11347,-115
211,N,2016,11029.65494,3083.763914,2487.827858,11627.72,0.225558086,2.129001099,0.0001930251772,11347,3177,2505,12213,194
211,N,2017,11627.72,3572.559045,2478.309518,12721.45581,0.2131380458,-0.5137168413,-4.418035878e-05,12213,3781,2576,13870,452
211,N,2018,12721.45581,4609.631009,2705.749063,14619.77277,0.2126917787,-5.564987421,-0.0004374489449,13870,4997,2904,16254,291
211,N,2019,14619.77277,5838.033475,3176.359677,17274.46056,0.2172646407,-6.986002798,-0.0004778461956,16254,6377,3440,19456,265
211,S,2008,1434243.957,125991.5751,106449.2393,1452083.937,0.07421975793,-1702.35627,-0.001186936338,1245924,115660,97898,1352966,89280
211,S,2009,1452083.937,92049.47511,106397.9109,1437855.178,0.07327256242,119.677301,8.241761924e-05,1352966,77950,90225,1200153,-140538
211,S,2010,1437855.178,108058.293,105722.6636,1440218.551,0.0735280334,27.74352408,1.92950754e-05,1200153,92541,90591,1268925,66822
211,S,2011,1440218.551,130916.272,106568.6453,1464481.286,0.07399477336,-84.89187395,-5.894374426e-05,1268925,118954,96779,1411745,120645
211,S,2012,1464481.286,149235,108913,1504636,0.07436967686,-167.2858783,-0.0001142287579,1411745,149235,108913,1504636,52569
211,S,2013,1504636,147582.2229,111666.4367,1540409.809,0.07421491755,-141.977237,-9.435985644e-05,1504636,147400,111518,1611417,70899
211,S,2014,1540409.809,160089.1391,114542.8947,1585768.224,0.07435871548,-187.8296398,-0.0001219348505,1611417,178697,128233,1841584,179703
211,S,2015,1585768.224,110517.4288,115837.4986,1580509.272,0.07304819004,61.11783732,3.854146931e-05,1841584,125534,132083,1736555,-98480
211,S,2016,1580509.272,61880.72014,113508.3185,1529150.027,0.07181755941,268.3540958,0.0001697896372,1736555,66611,122429,1666309,-14428
211,S,2017,1529150.027,86822.03519,110418.5089,1502394.69,0.07220907495,-3158.86358,-0.002065764329,1666309,95472,121485,1629587,-10709
211,S,2018,1502394.69,111799.0334,109428.2149,1504781.061,0.07283586375,15.55273071,1.035196065e-05,1629587,110908,108489,1560140,-71866
211,S,2019,1504781.061,110550.5155,109519.998,1505850.361,0.07278135061,38.78259595,2.577291604e-05,1560140,112636,111354,1589792,28370
212,E,2008,37379.48652,7021.320093,5512.495836,38904.29862,0.1474738245,15.98785055,0.0004277172331,33451,6530,5114,36448,1581
212,E,2009,38904.29862,4995.786041,5606.638659,38290.61063,0.1441136033,-2.835376917,-7.28808131e-05,36448,4731,5286,35774,-119
212,E,2010,38290.61063,7052.841178,5709.322325,39658.62714,0.1491050216,24.49765968,0.0006397824238,35774,6680,5404,37558,508
212,E,2011,39658.62714,10195.548,6206.321747,43683.10231,0.1564936105,35.2489192,0.0008888083562,37558,9901,6032,42772,1345
212,E,2012,43683.10231,11872,7009,48591,0.1604510584,44.89768715,0.001027804455,42772,11872,7009,48591,956
212,E,2013,48591,8111.787737,7512.204409,49197.16181,0.154600737,6.578479514,0.000135384732,48591,8184,7582,49324,131
212,E,2014,49197.16181,7685.984901,7582.972776,49300.80092,0.1541343544,0.626991179,1.274445834e-05,49324,7809,7707,49780,354
212,E,2015,49300.80092,6594.74301,7506.788147,48374.1223,0.1522650344,-14.63348928,-0.0002968205183,49780,6699,7640,48486,-353
212,E,2016,48374.1223,4167.336635,7176.421042,45336.93242,0.1483524806,-28.10546774,-0.0005810021228,48486,4193,7258,45447,26
212,E,2017,45336.93242,5865.011486,6823.497622,44273.38211,0.1505063809,-105.0641802,-0.002317408226,45447,5934,6934,44742,295
212,E,2018,44273.38211,6355.939112,6687.251137,43932.50765,0.1510445062,-9.562429788,-0.0002159859792,44742,6525,6894,45540,1167
212,E,2019,43932.50765,6793.374047,6659.500147,44064.55699,0.1515847946,-1.824557813,-4.153092802e-05,45540,7114,7002,45895,243
212,N,2008,1370.52058,312.1951117,317.0678733,1364.485466,0.2313484949,-1.162352065,-0.0008481098949,1301,317,321,1306,9
212,N,2009,1364.485466,280.1015141,314.8393665,1328.023886,0.230738527,-1.723727412,-0.001263280156,1306,278,312,1268,-4
212,N,2010,1328.023886,292.4427667,306.7096531,1313.040221,0.23095191,-0.7167789648,-0.0005397334884,1268,289,302,1274,19
212,N,2011,1313.040221,394.3927651,320.2405732,1383.163222,0.2438924323,-4.029191025,-0.003068596803,1274,394,321,1375,28
212,N,2012,1383.163222,436,358,1459,0.2588270092,-2.163221914,-0.001563967202,1375,436,358,1459,6
212,N,2013,1459,396.7858845,373.7594268,1482.487889,0.2561750698,0.4614317976,0.0003162657969,1459,395,373,1521,40
212,N,2014,1482.487889,401.3330055,368.0497738,1514.069691,0.2482649446,-1.70143051,-0.001147685942,1521,405,369,1571,14
212,N,2015,1514.069691,451.8813653,367.1674208,1597.986285,0.2425036463,-0.7973504469,-0.000526627309,1571,462,372,1645,-16
212,N,2016,1597.986285,471.4616659,371.4087481,1697.824193,0.2324229887,-0.2150094108,-0.0001345502229,1645,480,372,1780,27
212,N,2017,1697.824193,557.8460542,385.7428356,1867.84538,0.2271983384,-2.082031486,-0.00122629392,1780,579,396,2025,62
212,N,2018,1867.84538,686.21375,428.63273,2123.68143,0.2294797709,-1.744969848,-0.0009342153618,2025,729,450,2343,39
212,N,2019,2123.68143,833.1210941,492.8069382,2462.035502,0.2320531371,-1.960084631,-0.0009229654708,2343,897,523,2752,35
212,S,2008,90749.60387,7698.446049,3718.428339,94763.19957,0.04097459581,33.57798906,0.0003700070042,90799,7902,3862,97291,2452
212,S,2009,94763.19957,7840.274684,3868.735144,98756.29077,0.04082529043,21.5516644,0.0002274265168,97291,7828,3905,94876,-6338
212,S,2010,98756.29077,8211.807393,4026.113278,102988.0755,0.04076817028,46.09057377,0.0004667102562,94876,7949,3911,98613,-301
212,S,2011,102988.0755,11944.65952,4276.145445,110772.1479,0.04152078215,115.5583361,0.001122055496,98613,11752,4206,108328,2169
212,S,2012,110772.1479,10443,4567,116743,0.04122877535,94.85213021,0.0008562814031,108328,10443,4567,116743,2539
212,S,2013,116743,9852.52602,4806.092779,121868.2818,0.04116814523,78.84854005,0.0006754027226,116743,10270,5003,128310,6300
212,S,2014,121868.2818,8486.782565,4996.978799,125396.4777,0.04100311193,38.39215227,0.0003150298971,128310,9279,5460,136902,4773
212,S,2015,125396.4777,9836.795793,5165.94781,130107.7426,0.04119691322,40.41695516,0.0003223133209,136902,11039,5823,145789,3671
212,S,2016,130107.7426,5530.618792,5265.341374,130369.152,0.0404690856,-3.868075339,-2.972978595e-05,145789,6431,6145,152025,5950
212,S,2017,130369.152,5429.600333,5267.081515,130236.4194,0.04040128692,-295.2514453,-0.002264733956,152025,6670,6420,156968,4693
212,S,2018,130236.4194,5464.787144,5273.932432,130414.2363,0.04049506626,-13.03773257,-0.0001001081927,156968,7018,6738,165634,8386
212,S,2019,130414.2363,7294.538267,5322.655647,132404.2722,0.04081345562,18.15325773,0.0001391969024,165634,9791,7114,174959,6648
213,E,2008,47679.67254,15550.96606,6490.798727,56619.27159,0.1361334586,-120.5682838,-0.002528714595,43566,14586,6123,53990,1961
213,E,2009,56619.27159,9662.821831,7178.288623,59048.13662,0.1267817198,-55.66817696,-0.0009832019275,53990,9169,6846,55989,-324
213,E,2010,59048.13662,11270.187,7600.531581,62701.79191,0.1287175518,-16.00011873,-0.0002709673776,55989,10707,7263,60387,954
213,E,2011,62701.79191,17503.16556,8624.023861,71603.72302,0.1375403094,22.78940115,0.0003634569356,60387,17074,8441,70764,1744
213,E,2012,71603.72302,20060,10237,81495,0.1429674264,68.27698329,0.0009535395705,70764,20060,10237,81495,908
213,E,2013,81495,15847.06427,11495.39688,85875.47085,0.1410564682,28.80345699,0.0003534383336,81495,15960,11564,86351,460
213,E,2014,85875.47085,18580.28188,12386.81046,92109.03586,0.1442415434,40.09359367,0.000466880627,86351,18854,12556,93175,526
213,E,2015,92109.03586,10958.38965,12755.72504,90307.14836,0.1384850565,-4.552109414,-4.942087789e-05,93175,11130,12934,90825,-546
213,E,2016,90307.14836,4350.713261,11995.60082,82619.91402,0.1328311328,-42.34678085,-0.0004689194778,90825,4386,12074,83039,-98
213,E,2017,82619.91402,10428.79464,11271.68075,81593.51535,0.1364281346,-183.5125554,-0.002221166139,83039,10579,11405,82668,455
213,E,2018,81593.51535,13992.14433,11367.57848,84224.82308,0.1393196313,6.741869533,8.262751646e-05,82668,14449,11743,87236,1862
213,E,2019,84224.82308,6793.408327,11219.53702,79773.28815,0.1332093866,-25.40623918,-0.0003016478783,87236,7143,11788,83114,523
213,N,2008,1265.015857,714.2433891,491.0904039,1487.619107,0.3882088918,-0.5497348178,-0.0004345675312,1267,772,532,1516,9
213,N,2009,1487.619107,568.2434335,548.6043931,1507.880617,0.3687801471,0.6224695869,0.0004184334444,1516,599,581,1501,-33
213,N,2010,1507.880617,630.0898059,562.2867715,1575.913098,0.3728987329,0.2294463586,0.000152164804,1501,642,574,1569,0
213,N,2011,1575.913098,1045.179037,671.3557782,1947.26701,0.4260106595,-2.469346881,-0.00156693087,1569,1067,685,1963,12
213,N,2012,1947.26701,1269,871,2340,0.4472935635,-5.267009908,-0.00270482162,1963,1269,871,2340,-21
213,N,2013,2340,1070.41965,981.817235,2430.017514,0.419580015,1.415098816,0.0006047430837,2340,1058,968,2445,15
213,N,2014,2430.017514,1173.360366,1017.327958,2586.922816,0.4186504633,0.8728935675,0.0003592128709,2445,1152,992,2598,-7
213,N,2015,2586.922816,874.9739214,988.380673,2477.955831,0.3820680953,4.439766957,0.001716234798,2598,859,955,2473,-29
213,N,2016,2477.955831,555.176511,835.5891536,2201.954262,0.3372090588,4.411073818,0.001780126087,2473,551,801,2230,7
213,N,2017,2201.954262,912.1405584,757.8212279,2357.406265,0.3441584781,1.132672526,0.0005143942114,2230,891,732,2428,39
213,N,2018,2357.406265,1318.672448,876.5752485,2796.19785,0.3718388558,-3.305615068,-0.001402225453,2428,1268,837,2868,9
213,N,2019,2796.19785,919.7210846,931.8113821,2788.762517,0.3332422926,4.654964715,0.001664747978,2868,923,888,2908,5
213,S,2008,49922.98344,6214.219636,3543.636989,52594.54357,0.07098207568,0.9774805654,1.957977064e-05,43452,5751,3258,49196,3251
213,S,2009,52594.54357,4276.362351,3556.368351,53324.93809,0.06761857999,10.40051991,0.0001977490287,49196,3890,3036,45262,-4788
213,S,2010,53324.93809,2862.564036,3472.894319,52726.86839,0.06512702017,12.26057926,0.0002299220534,45262,2589,2993,47036,2178
213,S,2011,52726.86839,4547.702622,3399.235361,53887.16062,0.06446875123,11.82497523,0.0002242684914,47036,4302,3105,52209,3976
213,S,2012,53887.16062,2915,3329,53490,0.06177723898,16.83937654,0.000312493298,52209,2915,3329,53490,1695
213,S,2013,53490,7332.793331,3342.702858,57482.14883,0.06249210802,2.058356889,3.848115328e-05,53490,7392,3347,59836,2301
213,S,2014,57482.14883,6109.64268,3448.471405,60151.02501,0.05999204058,7.704908103,0.0001340400152,59836,6598,3824,67634,5024
213,S,2015,60151.02501,5485.639424,3502.408451,62146.2788,0.05822691218,12.02281222,0.0001998770964,67634,6029,3948,67477,-2238
213,S,2016,62146.2788,4790.031964,3521.784162,63424.49525,0.05666926855,9.968653776,0.0001604062861,67477,5158,3795,68758,-82
213,S,2017,63424.49525,2397.859005,3474.1344,62236.55737,0.0547759093,-111.6624847,-0.001760557719,68758,2641,3824,68163,588
213,S,2018,62236.55737,4084.297982,3427.4999,62895.54717,0.05507213195,2.19171235,3.521583523e-05,68163,4288,3515,68747,-189
213,S,2019,62895.54717,3686.734491,3427.959219,63158.63239,0.05450241509,4.309946531,6.852546364e-05,68747,4040,3633,71140,1986
22,E,2008,431170.7836,59630.64451,35391.11727,455407.6476,0.08208143644,-2.663244065,-6.176773025e-06,390436,56513,33429,431207,17687
22,E,2009,455407.6476,51337.72747,36620.59466,470148.2883,0.08041277931,23.50795598,5.161958985e-05,431207,49164,34929,448818,3376
22,E,2010,470148.2883,48505.13097,37152.67921,481513.6762,0.07902332122,12.93605833,2.751484723e-05,448818,46915,35825,467388,7480
22,E,2011,481513.6762,55055.18288,37709.61177,498886.3593,0.07831472633,27.11205869,5.630589541e-05,467388,54544,37286,496907,12261
22,E,2012,498886.3593,61956,38796,522083,0.07776520499,36.64066991,7.344492233e-05,496907,61956,38796,522083,2016
22,E,2013,522083,60758.63991,39982.18213,542881.8032,0.07658204181,22.34544659,4.28005635e-05,522083,60822,40041,542758,-106
22,E,2014,542881.8032,61968.167,41088.39362,563770.068,0.07568570798,8.491434505,1.564140565e-05,542758,62090,41238,564236,626
22,E,2015,563770.068,64540.95674,42413.51934,585913.0242,0.07523194604,15.51878775,2.752680327e-05,564236,63941,42210,576845,-9122
22,E,2016,585913.0242,66223.80583,43823.32064,608335.9483,0.07479492489,22.43893708,3.829738571e-05,576845,64757,43149,597789,-664
22,E,2017,608335.9483,68460.16925,45190.91736,630426.1344,0.07428612016,-1179.065836,-0.001938182084,597789,67055,44605,622236,1997
22,E,2018,630426.1344,73198.6403,46838.93072,656799.1146,0.07429725413,13.27059691,2.105020111e-05,622236,72790,46832,660485,12291
22,E,2019,656799.1146,76610.68526,48823.51533,684598.2266,0.07433553767,11.94208356,1.818224674e-05,660485,76968,49411,697465,9423
22,N,2008,6383.633323,3807.534034,3013.812278,7161.854676,0.4721155063,-15.50040371,-0.002428147566,6658,4241,3335,7581,17
22,N,2009,7161.854676,4758.647763,3621.274105,8282.850024,0.5056335641,-16.37831046,-0.00228688115,7581,5179,3924,8554,-282
22,N,2010,8282.850024,4292.037119,4036.972846,8538.974393,0.4873893448,1.060096213,0.0001279868898,8554,4452,4193,8703,-110
22,N,2011,8538.974393,4679.361842,4235.730703,8973.254686,0.4960467742,-9.350846505,-0.00109507841,8703,4802,4348,9136,-21
22,N,2012,8973.254686,5475,4623,9814,0.5151976804,-11.25468562,-0.001254247875,9136,5475,4623,9814,-174
22,N,2013,9814,5845.557278,5076.73847,10573.22044,0.5172955441,-9.598363552,-0.0009780276699,9814,5745,4984,10533,-42
22,N,2014,10573.22044,6941.016048,5611.019004,11893.1894,0.5306821165,-10.02808848,-0.0009484422017,10533,6723,5420,11717,-119
22,N,2015,11893.1894,8029.221708,6364.963186,13540.81336,0.5351771482,-16.6345607,-0.001398662725,11717,7643,6032,13170,-158
22,N,2016,13540.81336,9474.898817,7316.370608,15683.375,0.5403198768,-15.966574,-0.001179144382,13170,8893,6824,15097,-142
22,N,2017,15683.375,11185.12529,8515.218806,18331.35788,0.5429455591,-21.92359795,-0.00139788776,15097,10365,7832,17520,-110
22,N,2018,18331.35788,12897.94239,9934.500144,21266.13728,0.5419402211,-28.66285195,-0.001563596769,17520,11673,8925,19987,-281
22,N,2019,21266.13728,14115.59768,11368.11713,23990.61117,0.534564269,-23.0066609,-0.001081844841,19987,12614,10071,22208,-322
22,S,2008,1414372.511,51092.11158,31521.46149,1433855.971,0.02228653432,-87.18962336,-6.164544539e-05,1191757,45459,28038,1307416,98238
22,S,2009,1433855.971,63801.43722,32174.52205,1465628.469,0.02243915895,145.5831575,0.0001015326229,1307416,55749,28340,1277628,-57197
22,S,2010,1465628.469,54465.8856,32855.47922,1487366.189,0.02241733147,127.3135926,8.686621151e-05,1277628,49501,29883,1380791,83545
22,S,2011,1487366.189,51601.9172,33377.57752,1505637.37,0.02244072627,46.84109269,3.149264319e-05,1380791,49261,31980,1473949,75877
22,S,2012,1505637.37,60117,33973,1531824,0.02256386609,42.62981805,2.831346969e-05,1473949,60117,33973,1531824,31731
22,S,2013,1531824,55345.22747,34572.26816,1552678.538,0.0225693475,81.57888813,5.325604517e-05,1531824,55977,34991,1573305,20495
22,S,2014,1552678.538,69434.82227,35260.76062,1586942.409,0.02270963355,89.80872622,5.784115901e-05,1573305,71312,36313,1653354,45050
22,S,2015,1586942.409,78857.41296,36226.12932,1629683.132,0.02282762697,109.4401431,6.896289529e-05,1653354,82696,37902,1695052,-3096
22,S,2016,1629683.132,87869.82459,37406.01948,1680157.83,0.0229529402,10.89289892,6.684059434e-06,1695052,91928,39262,1786130,38412
22,S,2017,1680157.83,67096.03292,38415.80874,1705407.13,0.02286440479,-3430.924838,-0.002042025324,1786130,72141,41572,1857463,40764
22,S,2018,1705407.13,76803.81638,39249.39971,1742915.403,0.0230146802,-46.14380429,-2.705735392e-05,1857463,82356,42053,1918901,21135
22,S,2019,1742915.403,85191.14692,40320.08849,1787722.478,0.0231337037,-63.983364,-3.671053908e-05,1918901,95090,44766,2051642,82417
23,E,2008,206144.8456,37937.63513,35311.6348,208817.6461,0.1712952594,46.80020192,0.0002270258167,186760,35219,32739,193882,4642
23,E,2009,208817.6461,15864.15781,33771.78426,190771.4845,0.1617285938,-138.5351602,-0.0006634265007,193882,15046,31862,178855,1789
23,E,2010,190771.4845,25788.59398,31594.88949,184927.8486,0.1656164157,-37.34036136,-0.0001957334528,178855,24486,29998,175212,1869
23,E,2011,184927.8486,29212.49889,30941.77982,183175.7609,0.1673181192,-22.80682787,-0.0001233282496,175212,28403,30080,179321,5786
23,E,2012,183175.7609,32600,30935,184869,0.168881515,28.23911772,0.0001541640531,179321,32600,30935,184869,3883
23,E,2013,184869,37350.92333,31709.5573,190567.3604,0.1715244703,56.9944098,0.0003082961979,184869,37698,31997,190925,355
23,E,2014,190567.3604,37873.53065,32728.78361,195796.0392,0.17174391,83.93176443,0.0004404309544,190925,38539,33278,197722,1536
23,E,2015,195796.0392,42142.17185,33983.15702,204026.7437,0.1735640677,71.6895985,0.0003661442733,197722,43100,34730,205409,-683
23,E,2016,204026.7437,41156.02439,35386.66714,209852.8549,0.173441317,56.75400715,0.0002781694504,205409,42072,36122,212133,774
23,E,2017,209852.8549,40555.9109,36373.25957,214104.6572,0.1733274469,69.15094566,0.0003295211098,212133,41685,37324,217590,1096
23,E,2018,214104.6572,40739.84426,37223.10222,217613.2207,0.1738547059,-8.178597379,-3.819906342e-05,217590,42440,38699,227010,5679
23,E,2019,217613.2207,48034.00328,38653.84112,227046.1691,0.1776263455,52.78624429,0.0002425691056,227010,50905,40968,238761,1814
23,N,2008,7464.137737,1755.765415,2049.029128,7168.440703,0.2745165215,-2.433321139,-0.0003260016395,7221,1908,2138,7039,48
23,N,2009,7168.440703,1417.368763,1990.715736,6596.464229,0.2777055455,1.370499041,0.0001911850984,7039,1495,2046,6413,-75
23,N,2010,6596.464229,1535.669906,1881.168408,6251.068704,0.285178293,0.1029774692,1.561101003e-05,6413,1565,1892,6142,56
23,N,2011,6251.068704,2093.328018,1942.650044,6396.43848,0.3107708676,-5.308196666,-0.0008491662654,6142,2132,1964,6403,93
23,N,2012,6396.43848,2785,2240,6934,0.350194879,-7.438480472,-0.001162909718,6403,2785,2240,6934,-14
23,N,2013,6934,3152.402236,2613.081912,7466.175981,0.3768505786,-7.144343485,-0.001030335086,6934,3107,2579,7554,92
23,N,2014,7466.175981,3104.96486,2839.860648,7730.21151,0.380363476,-1.068682563,-0.0001431365354,7554,3039,2775,7812,-6
23,N,2015,7730.21151,3561.059459,3008.069802,8280.785712,0.3891316296,-2.415455732,-0.0003124695526,7812,3453,2903,8267,-95
23,N,2016,8280.785712,3573.340727,3159.563185,8697.374321,0.38155355,2.811068427,0.0003394688047,8267,3436,3005,8719,21
23,N,2017,8697.374321,3589.047532,3204.448215,9084.762357,0.3684385765,2.788718324,0.0003206391057,8719,3481,3051,9273,124
23,N,2018,9084.762357,4333.695557,3366.312987,10051.25323,0.3705449691,-0.891701735,-9.815355647e-05,9273,4183,3192,10284,20
23,N,2019,10051.25323,5045.955049,3742.698157,11348.11447,0.3723613437,-6.395650737,-0.0006363038114,10284,4865,3532,11621,4
23,S,2008,75950.78084,10024.30918,2107.873194,84715.90972,0.02775314712,848.6928979,0.01117424849,70453,9870,1998,82794,4469
23,S,2009,84715.90972,4672.642258,2250.68869,87396.83877,0.02656748534,258.9754772,0.003056987501,82794,4475,2150,81301,-3818
23,S,2010,87396.83877,1992.220235,2281.25732,87189.56081,0.02610228644,81.75913067,0.0009354929975,81301,1912,2146,82317,1250
23,S,2011,87189.56081,2127.816967,2274.29792,87072.76629,0.02608452088,29.68643163,0.0003404814906,82317,2069,2200,85479,3293
23,S,2012,87072.76629,1255,2258,86059,0.02593233334,-10.76629232,-0.0001236470688,85479,1255,2258,86059,1583
23,S,2013,86059,1089.632922,2232.008724,84907.59225,0.02593579665,-9.031949806,-0.0001049506711,86059,1106,2276,87374,2485
23,S,2014,84907.59225,1745.694175,2209.931386,84439.00626,0.02602748856,-4.348773128,-5.121771814e-05,87374,1816,2319,89178,2307
23,S,2015,84439.00626,1472.13072,2192.349997,83716.16701,0.02596371149,-2.61997208,-3.102798334e-05,89178,1567,2348,89639,1242
23,S,2016,83716.16701,2245.253397,2184.080722,83773.79715,0.02608911515,-3.542539229,-4.231607054e-05,89639,2412,2365,91371,1685
23,S,2017,83773.79715,1635.274862,2178.100622,83245.6672,0.02599978389,14.69581243,0.0001754225418,91371,1846,2424,93394,2601
23,S,2018,83245.6672,1907.786588,2169.037417,83003.75391,0.02605585961,19.33753113,0.0002322947461,93394,2241,2490,97185,4040
23,S,2019,83003.75391,3962.227019,2186.631875,84819.13795,0.02634377088,39.78889708,0.0004793626217,97185,4885,2634,103380,3944
311FT,E,2008,140675.5762,18398.40178,14155.73653,144940.7125,0.1006268246,22.4710291,0.000159736535,128203,17386,13348,136763,4522
311FT,E,2009,144940.7125,15585.26363,14454.23541,146084.5231,0.09972515765,12.7823491,8.819019083e-05,136763,14894,13788,138398,529
311FT,E,2010,146084.5231,16113.0164,14599.62973,147610.7963,0.09993960634,12.88651543,8.821273576e-05,138398,15487,14027,142073,2215
311FT,E,2011,147610.7963,16857.32473,14782.16691,149705.923,0.1001428573,19.96891743,0.0001352808733,142073,16577,14537,147771,3658
311FT,E,2012,149705.923,18567,15049,153176,0.1005237448,-47.92300136,-0.000320114264,147771,18567,15049,153176,1887
311FT,E,2013,153176,18724.68754,15421.1992,156501.4981,0.100676341,22.00973972,0.0001436892184,153176,18797,15481,156596,104
311FT,E,2014,156501.4981,19864.14519,15841.18157,160556.8042,0.1012206386,32.34248893,0.0002066592929,156596,20048,15997,161525,878
311FT,E,2015,160556.8042,21862.23149,16414.45063,166040.1514,0.1022345376,35.56639984,0.0002215191067,161525,22028,16548,166067,-938
311FT,E,2016,166040.1514,23129.90143,17133.83752,172069.8358,0.1031909292,33.62047718,0.000202484019,166067,23181,17209,172439,400
311FT,E,2017,172069.8358,20553.22438,17675.61673,174795.8412,0.1027235055,-151.602259,-0.0008810507566,172439,20736,17906,177471,2202
311FT,E,2018,174795.8412,25910.55462,18297.01027,182378.2971,0.1046764622,-31.08851875,-0.0001778561694,177471,26646,18894,188447,3224
311FT,E,2019,182378.2971,24713.3538,19080.16304,188025.1117,0.1046186051,13.62390397,7.470134435e-05,188447,25678,19915,196031,1821
311FT,N,2008,21114.99521,4961.687096,4563.592285,21506.16856,0.2161303964,-6.921463817,-0.0003277985028,19828,4937,4521,20403,159
311FT,N,2009,21506.16856,5382.169068,4726.716296,22158.1452,0.2197842114,-3.476131163,-0.0001616341448,20403,5238,4619,21022,0
311FT,N,2010,22158.1452,5184.476366,4824.284587,22515.94877,0.2177205964,-2.388203982,-0.0001077799591,21022,5042,4709,21754,399
311FT,N,2011,22515.94877,5632.927259,4898.27911,23247.60722,0.217547089,-2.98970324,-0.0001327815794,21754,5571,4860,23011,546
311FT,N,2012,23247.60722,5962,5076,24126,0.2183450517,-7.607217291,-0.0003272258181,23011,5962,5076,24126,229
311FT,N,2013,24126,6505.365131,5347.129534,25278.05682,0.2216334881,-6.17878127,-0.0002561046701,24126,6524,5362,26028,740
311FT,N,2014,25278.05682,6697.011338,5654.74906,26312.08551,0.223701889,-8.233578603,-0.0003257203931,26028,6783,5729,27387,305
311FT,N,2015,26312.08551,7121.907934,6003.171874,27422.66854,0.2281526438,-8.153037428,-0.0003098590351,27387,7229,6107,28234,-275
311FT,N,2016,27422.66854,7995.754511,6470.069553,28935.92729,0.2359387287,-12.4262022,-0.0004531361412,28234,7971,6460,30186,441
311FT,N,2017,28935.92729,7934.791149,6867.025091,29999.35734,0.2373183006,-4.33600973,-0.0001498486531,30186,8058,6947,32253,956
311FT,N,2018,29999.35734,9065.766133,7336.00828,31715.06833,0.2445388478,-14.04686596,-0.0004682388958,32253,9213,7508,34478,520
311FT,N,2019,31715.06833,9147.942433,7860.308265,32993.90774,0.2478414419,-8.79475434,-0.0002773052307,34478,9401,8048,36215,384
311FT,S,2008,128389.27,4188.684504,3979.394149,128593.5718,0.03099475641,-4.988577319,-3.885509529e-05,119392,4016,3820,128818,9230
311FT,S,2009,128593.5718,3420.344803,3975.718836,128028.2355,0.03091693295,-9.962208775,-7.747050368e-05,128818,3345,3893,121654,-6616
311FT,S,2010,128028.2355,3104.371334,3955.811154,127174.6556,0.03089795886,-2.140090523,-1.671576988e-05,121654,2959,3774,121256,417
311FT,S,2011,127174.6556,3555.423477,3936.894107,126786.0721,0.03095659342,-7.112846411,-5.592974777e-05,121256,3466,3838,125201,4317
311FT,S,2012,126786.0721,3680,3926,126478,0.0309655464,-62.07213098,-0.0004895816231,125201,3680,3926,126478,1523
311FT,S,2013,126478,4618.569436,3932.417115,127165.3849,0.03109170856,1.232555738,9.745218442e-06,126478,4722,4024,132124,4948
311FT,S,2014,127165.3849,5467.205498,3967.588019,128664.6015,0.03120022027,-0.4008757281,-3.152396609e-06,132124,5770,4189,136476,2771
311FT,S,2015,128664.6015,5537.948347,4014.26983,130190.0072,0.03119948909,1.727162914,1.342376143e-05,136476,5958,4322,140365,2253
311FT,S,2016,130190.0072,6236.378936,4071.570415,132357.0956,0.03127406245,2.27991362,1.751220136e-05,140365,6751,4414,143413,711
311FT,S,2017,132357.0956,6374.575297,4138.107,134474.8722,0.03126471597,-118.6916985,-0.0008967535741,143413,7067,4596,150940,5056
311FT,S,2018,134474.8722,7259.380316,4219.956376,137482.7363,0.03138100306,-31.55987709,-0.0002346897719,150940,8405,4902,163304,8861
311FT,S,2019,137482.7363,6450.442837,4300.257789,139630.5718,0.03127852926,-2.349539129,-1.708970299e-05,163304,7909,5285,172854,6926
313TT,E,2008,19978.85117,1347.547989,2207.205775,19120.04683,0.1104771119,0.8534477609,4.271755937e-05,18555,1310,2103,18174,412
313TT,E,2009,19120.04683,1296.155488,2112.413321,18299.91891,0.1104815976,-3.870089961,-0.0002024100671,18174,1262,2029,17484,77
313TT,E,2010,18299.91891,987.7065883,2009.52937,17273.01494,0.1098108347,-5.081186837,-0.0002776617133,17484,963,1940,16744,237
313TT,E,2011,17273.01494,1126.132143,1904.806337,16491.93837,0.110276425,-2.402370106,-0.0001390822688,16744,1117,1886,16342,367
313TT,E,2012,16491.93837,1270,1832,15921,0.1110845771,-8.938374123,-0.0005419844484,16342,1270,1832,15921,141
313TT,E,2013,15921,1267.026236,1772.529231,15411.99471,0.1113327826,-3.50229831,-0.0002199797946,15921,1266,1777,15354,-56
313TT,E,2014,15411.99471,1476.768992,1728.214545,15159.02034,0.1121343848,-1.528808508,-9.919601827e-05,15354,1482,1739,15129,32
313TT,E,2015,15159.02034,1314.342807,1694.869088,14773.66245,0.1118059775,-4.83161523,-0.0003187287252,15129,1315,1698,14642,-104
313TT,E,2016,14773.66245,1302.705681,1655.103676,14415.78081,0.1120306953,-5.483647639,-0.0003711772662,14642,1293,1650,14335,50
313TT,E,2017,14415.78081,1211.402909,1610.367906,14002.94643,0.1117086842,-13.8693778,-0.0009620968847,14335,1214,1622,14096,169
313TT,E,2018,14002.94643,1261.902854,1572.943459,13686.44331,0.1123294634,-5.462516101,-0.0003900976218,14096,1287,1611,13952,180
313TT,E,2019,13686.44331,1511.658699,1553.564237,13639.93077,0.1135111732,-4.607004803,-0.0003366108125,13952,1557,1608,14084,183
313TT,N,2008,2174.092149,498.3090909,466.9975895,2208.347168,0.214801194,2.943518024,0.001353906745,2042,497,462,2092,15
313TT,N,2009,2208.347168,574.0848485,488.5466314,2293.720089,0.2212272773,-0.1652964092,-7.485073524e-05,2092,562,477,2179,2
313TT,N,2010,2293.720089,525.0878788,499.2073816,2320.110226,0.2176409336,0.509639805,0.0002221891884,2179,510,489,2240,40
313TT,N,2011,2320.110226,580.7242424,504.7892629,2396.261023,0.2175712418,0.2158170483,9.302017027e-05,2240,575,500,2372,57
313TT,N,2012,2396.261023,638,528,2505,0.2203432744,-1.261022613,-0.0005262459313,2372,638,528,2505,23
313TT,N,2013,2505,669.6151515,560.021258,2615.903822,0.2235613804,1.309928503,0.0005229255503,2505,672,560,2693,76
313TT,N,2014,2615.903822,675.2151515,585.0667372,2707.166346,0.2236575872,1.114110095,0.0004258987222,2693,686,591,2816,28
313TT,N,2015,2707.166346,658.0636364,600.303879,2765.31627,0.2217462107,0.3901660307,0.0001441234046,2816,673,611,2851,-27
313TT,N,2016,2765.31627,689.4818182,610.6306914,2846.233492,0.2208176685,2.066095527,0.0007471461945,2851,697,613,2983,48
313TT,N,2017,2846.233492,678.3060606,616.2157136,2908.558387,0.2165021652,0.2345476839,8.240633965e-05,2983,704,632,3155,100
313TT,N,2018,2908.558387,713.8848485,627.530345,2997.0134,0.2157530507,2.100509222,0.0007221822438,3155,755,660,3308,58
313TT,N,2019,2997.0134,774.3424242,654.6767307,3119.886793,0.2184430443,3.207699621,0.001070298725,3308,823,693,3482,44
313TT,S,2008,25529.56264,191.4904552,775.2270828,24945.19212,0.03036585835,-0.6338895877,-2.482962974e-05,23741,185,742,24977,1793
313TT,S,2009,24945.19212,170.0528634,757.1881823,24355.23546,0.03035407299,-2.821336923,-0.0001131014309,24977,167,741,23145,-1258
313TT,S,2010,24355.23546,128.7136564,739.1492819,23743.72049,0.03034868141,-1.079347677,-4.43168648e-05,23145,123,703,22637,72
313TT,S,2011,23743.72049,135.9030837,719.2353814,23158.44203,0.03029160412,-1.946161785,-8.196532576e-05,22637,133,700,22870,800
313TT,S,2012,23158.44203,207,703,22649,0.03035610077,-13.44203192,-0.0005804376607,22870,207,703,22649,275
313TT,S,2013,22649,361.1806167,690.3716567,22320.65579,0.0304813306,0.8468343621,3.73894813e-05,22649,371,705,23174,859
313TT,S,2014,22320.65579,355.6872247,681.3503516,21995.26301,0.03052555256,0.2703400148,1.211165197e-05,23174,376,717,23318,485
313TT,S,2015,21995.26301,293.4757709,670.5255273,21618.13211,0.03048499702,-0.08114297131,-3.689111209e-06,23318,316,719,23300,385
313TT,S,2016,21618.13211,186.3303965,657.022184,21144.87207,0.03039218101,-2.568252424,-0.0001188008479,23300,202,711,22919,128
313TT,S,2017,21144.87207,263.6431718,645.2706957,20750.44369,0.03051665168,-12.80085341,-0.0006053880755,22919,298,715,23283,781
313TT,S,2018,20750.44369,232.6240822,631.6423524,20349.67637,0.03043994441,-1.749054272,-8.428996979e-05,23283,275,732,24163,1337
313TT,S,2019,20349.67637,245.3362702,619.0140091,19978.76696,0.03041886259,2.768330852,0.0001360380775,24163,308,759,24712,1000
315AL,E,2008,6573.864266,352.0735989,767.6142738,6146.251207,0.1167675879,-12.07238362,-0.001836421187,6085,352,741,5852,156
315AL,E,2009,6146.251207,317.1601178,724.8340372,5739.676062,0.1179310791,1.098774396,0.0001787714753,5852,316,699,5481,12
315AL,E,2010,5739.676062,263.7618097,674.6981881,5325.39676,0.1175498723,-3.342924413,-0.0005824238819,5481,264,654,5160,69
315AL,E,2011,5325.39676,379.3925026,639.0289811,5065.48826,0.1199965017,-0.2720213626,-5.108001805e-05,5160,380,635,5019,114
315AL,E,2012,5065.48826,439,620,4877,0.1223968882,-7.488259727,-0.00147828982,5019,439,620,4877,39
315AL,E,2013,4877,563.4336156,614.0389283,4819.418222,0.1259050499,-6.976464906,-0.00143048286,4877,560,620,4807,-10
315AL,E,2014,4819.418222,381.3175701,601.0295385,4592.036805,0.1247099776,-7.669448589,-0.001591363985,4807,374,606,4577,2
315AL,E,2015,4592.036805,382.9142618,574.8334111,4396.135579,0.1251804886,-3.982077117,-0.000867170122,4577,366,576,4315,-52
315AL,E,2016,4396.135579,404.7657572,549.748875,4249.898313,0.1250527572,-1.254147976,-0.0002852841896,4315,371,545,4135,-6
315AL,E,2017,4249.898313,378.5592068,531.3072143,4094.900354,0.1250164534,-2.249951347,-0.0005294129837,4135,340,525,3990,40
315AL,E,2018,4094.900354,480.8749183,514.6774814,4054.532933,0.125687425,-6.564858311,-0.001603179014,3990,435,513,3952,40
315AL,E,2019,4054.532933,520.9300919,512.0509725,4063.280214,0.1262909886,-0.1318386948,-3.251637043e-05,3952,463,507,3925,17
315AL,N,2008,2117.236359,438.4856618,417.2979611,2139.72169,0.1970955956,1.297630527,0.0006128888358,1972,421,404,2007,18
315AL,N,2009,2139.72169,497.4436887,427.167858,2208.100413,0.1996371117,-1.897107905,-0.0008866143263,2007,472,407,2080,8
315AL,N,2010,2208.100413,470.5882966,436.4915295,2241.588988,0.1976773914,-0.6081913482,-0.0002754364542,2080,451,420,2156,45
315AL,N,2011,2241.588988,552.5173407,451.2398312,2341.639321,0.2013035546,-1.227176557,-0.0005474583266,2156,545,444,2313,56
315AL,N,2012,2341.639321,599,483,2456,0.2062657539,-1.639321245,-0.0007000741874,2313,599,483,2456,27
315AL,N,2013,2456,683.2629289,526.4468225,2612.939727,0.2143513121,0.1236203913,5.033403555e-05,2456,687,530,2691,78
315AL,N,2014,2612.939727,621.7811275,556.6334249,2677.168898,0.2130295694,-0.9185316847,-0.0003515319069,2691,636,569,2791,33
315AL,N,2015,2677.168898,627.5340074,566.2482643,2737.350767,0.2115101011,-1.103874165,-0.0004123289218,2791,647,583,2828,-27
315AL,N,2016,2737.350767,683.8808824,584.5401517,2835.439695,0.2135422902,-1.2518019,-0.0004573041626,2828,692,593,2975,48
315AL,N,2017,2835.439695,694.3528186,606.0168241,2922.558764,0.2137293998,-1.21692555,-0.0004291840703,2975,719,627,3169,102
315AL,N,2018,2922.558764,766.6457108,636.215999,3050.093068,0.2176914308,-2.895407712,-0.0009907098355,3169,802,672,3357,58
315AL,N,2019,3050.093068,818.4912377,680.4810034,3185.86176,0.2231017179,-2.241542195,-0.000734909442,3357,861,719,3543,44
315AL,S,2008,12293.97338,51.3968254,356.238692,11989.17843,0.02897669296,0.04691010391,3.81569916e-06,11430,49,339,11972,832
315AL,S,2009,11989.17843,81.42857143,348.1021579,11723.25135,0.02903469658,0.7465076524,6.226512158e-05,11972,80,339,11132,-581
315AL,S,2010,11723.25135,41.37301587,339.0832708,11425.67862,0.02892399564,0.1375297985,1.173136995e-05,11132,39,322,10879,30
315AL,S,2011,11425.67862,41.46825397,331.0397599,11137.99958,0.02897331273,1.892458876,0.0001656320766,10879,40,322,10994,397
315AL,S,2012,11137.99958,52,322,10862,0.02891003881,-5.99957559,-0.0005386582706,10994,52,322,10862,138
315AL,S,2013,10862,61.50793651,313.9811129,10609.51687,0.02890638123,-0.009954130967,-9.164178758e-07,10862,62,320,10990,386
315AL,S,2014,10609.51687,53.92857143,305.8445788,10356.47614,0.02882738041,-1.12472113,-0.0001060105888,10990,56,321,10964,239
315AL,S,2015,10356.47614,56.54761905,299.6112705,10114.82388,0.02892984702,1.411390901,0.0001362809977,10964,61,320,10892,187
315AL,S,2016,10114.82388,43.91269841,292.3817131,9865.988385,0.02890625843,-0.3664811124,-3.623208043e-05,10892,47,315,10712,88
315AL,S,2017,9865.988385,62.6031746,285.2451789,9632.409064,0.0289119719,-10.93731614,-0.001108587981,10712,68,315,10804,339
315AL,S,2018,9632.409064,62.9047619,279.0118706,9414.219634,0.02896594909,-2.082321908,-0.0002161787248,10804,72,321,11150,595
315AL,S,2019,9414.219634,43.94444444,271.7785623,9185.317809,0.02886894218,-1.067706637,-0.0001134142476,11150,50,331,11321,452
321,E,2008,19495.62642,2435.759768,2873.829416,19042.5325,0.1474089293,-15.02427149,-0.0007706483068,17936,2298,2713,18031,510
321,E,2009,19042.5325,1452.90247,2741.43266,17751.77663,0.1439636592,-2.225686525,-0.0001168797546,18031,1390,2615,16881,75
321,E,2010,17751.77663,1774.294492,2580.612972,16938.57837,0.1453720958,-6.879775011,-0.0003875541675,16881,1699,2479,16335,234
321,E,2011,16938.57837,1858.265382,2476.751267,16315.26976,0.1462195476,-4.822721908,-0.0002847182215,16335,1822,2438,16128,409
321,E,2012,16315.26976,2167,2415,16063,0.148020844,-4.269764541,-0.0002617035822,16128,2167,2415,16063,183
321,E,2013,16063,3050.325379,2451.606337,16660.33043,0.1526244374,-1.388608613,-8.644765066e-05,16063,3062,2461,16664,0
321,E,2014,16660.33043,3733.406621,2594.822629,17801.40751,0.1557485693,2.493083774,0.0001496419164,16664,3767,2620,17890,79
321,E,2015,17801.40751,3705.039536,2762.510686,18750.52412,0.1551849585,6.587756188,0.0003700693996,17890,3743,2791,18740,-102
321,E,2016,18750.52412,3706.134919,2900.42475,19556.47349,0.1546849961,0.2392074811,1.275737572e-05,18740,3723,2920,19612,69
321,E,2017,19556.47349,3411.886308,2989.20336,19956.37796,0.1528498152,-22.77847686,-0.001164753802,19612,3458,3039,20250,219
321,E,2018,19956.37796,3794.411792,3071.499993,20677.2041,0.1539106945,-2.085660443,-0.0001045109712,20250,3918,3179,21368,379
321,E,2019,20677.2041,3529.385703,3154.723181,21047.49988,0.152570104,-4.366746423,-0.0002111865028,21368,3696,3311,22004,251
321,N,2008,640.2582624,201.3691511,219.0469108,624.6845982,0.3421227396,2.104095484,0.003286323048,645,219,238,631,5
321,N,2009,624.6845982,160.989648,199.5463387,588.2287465,0.3194353426,2.100838896,0.003363039367,631,165,209,577,-10
321,N,2010,588.2287465,154.3668737,176.6979405,566.6341985,0.3003898425,0.7365188125,0.001252095918,577,153,179,556,5
321,N,2011,566.6341985,153.0060041,162.8272311,556.0048475,0.2873586373,-0.8081240282,-0.001426182942,556,154,164,555,9
321,N,2012,556.0048475,166,157,565,0.2823716389,-0.00484748131,-8.718415554e-06,555,166,157,565,1
321,N,2013,565,227.8995859,171.0200229,621.8081013,0.302690306,-0.07146169214,-0.000126480871,565,226,171,634,14
321,N,2014,621.8081013,271.8341615,201.4971396,691.4344469,0.3240503608,-0.7106763071,-0.001142919022,634,268,199,707,4
321,N,2015,691.4344469,303.5795031,235.8003432,761.9295386,0.3410306563,2.715931839,0.003927967215,707,297,230,767,-7
321,N,2016,761.9295386,342.6298137,267.7557208,837.0127035,0.3514179557,0.2090720269,0.000274398112,767,332,257,846,4
321,N,2017,837.0127035,340.3832298,293.7757437,884.080777,0.3509812246,0.4605874153,0.0005502752985,846,330,282,907,13
321,N,2018,884.080777,407.4004141,322.3832952,971.4857124,0.3646536647,2.38781652,0.00270090311,907,389,306,993,3
321,N,2019,971.4857124,384.2550725,350.0989703,1009.228507,0.360374801,3.586692322,0.003691966105,993,367,330,1029,-1
321,S,2008,22902.25853,406.9380094,707.6824607,22600.06969,0.03090011668,-1.444384916,-6.306735707e-05,21275,388,678,22615,1630
321,S,2009,22600.06969,298.2941728,696.8519976,22202.76104,0.0308340641,1.249173247,5.52729821e-05,22615,292,679,21079,-1149
321,S,2010,22202.76104,246.9316438,683.3861022,21763.8049,0.0307793297,-2.501685628,-0.0001126745283,21079,234,651,20741,79
321,S,2011,21763.8049,220.8561485,668.9294137,21313.81491,0.03073586705,-1.916724595,-8.806937044e-05,20741,216,652,21039,734
321,S,2012,21313.81491,390,658,21035,0.0308719956,-10.81490525,-0.0005074129291,21039,390,658,21035,264
321,S,2013,21035,681.1047951,653.5445993,21060.10655,0.03106938908,-2.453648972,-0.0001166460172,21035,696,669,21875,813
321,S,2014,21060.10655,596.2811292,654.4456488,21002.39883,0.03107513475,0.4568073924,2.169064964e-05,21875,628,691,22269,457
321,S,2015,21002.39883,537.1674401,651.7246309,20883.73126,0.03103096156,-4.11038838,-0.000195710424,22269,578,700,22505,358
321,S,2016,20883.73126,697.8723898,650.805712,20931.49356,0.03116328706,0.6956287848,3.33096024e-05,22505,752,703,22665,111
321,S,2017,20931.49356,875.045898,653.5807346,21128.64442,0.03122475387,-24.3143048,-0.001161613467,22665,964,724,23702,797
321,S,2018,21128.64442,954.7933845,661.7122073,21409.87882,0.03131825185,-11.84678233,-0.0005606977001,23702,1098,766,25416,1382
321,S,2019,21409.87882,589.6396871,663.5184643,21332.96095,0.03099122933,-3.039084898,-0.0001419477861,25416,719,814,26395,1074
322,E,2008,75093.5592,6215.444439,8085.170177,73214.60697,0.107667958,-9.226489061,-0.0001228665835,68766,5902,7631,69155,2118
322,E,2009,73214.60697,4393.419614,7805.355894,69787.14097,0.1066092712,-15.52971567,-0.0002121122589,69155,4215,7444,66268,342
322,E,2010,69787.14097,6020.580642,7558.937552,68240.8975,0.1083141886,-7.886567868,-0.0001130088976,66268,5804,7264,65852,1044
322,E,2011,68240.8975,6718.298841,7467.70617,67488.57659,0.1094315351,-2.913578901,-4.269549505e-05,65852,6622,7353,66740,1619
322,E,2012,67488.57659,8357,7513,68296,0.1113225435,-36.57658856,-0.0005419671063,66740,8357,7513,68296,712
322,E,2013,68296,7168.000775,7571.820703,67882.85588,0.1108677039,-9.324192893,-0.0001365261932,68296,7194,7602,67850,-38
322,E,2014,67882.85588,9043.719871,7654.194604,69279.56966,0.1127559309,7.188514542,0.0001058958768,67850,9122,7725,69520,273
322,E,2015,69279.56966,8495.332515,7799.708129,69975.76226,0.1125830915,0.56820977,8.201693123e-06,69520,8552,7856,69802,-414
322,E,2016,69975.76226,8504.469487,7893.304263,70589.15809,0.1128005471,2.230608891,3.187687878e-05,69802,8533,7925,70656,246
322,E,2017,70589.15809,7654.117329,7916.146522,70265.55101,0.112143943,-61.57788505,-0.0008723419675,70656,7750,8026,71201,821
322,E,2018,70265.55101,5784.755133,7777.052969,68243.08125,0.1106808793,-30.17192444,-0.0004293985318,71201,5967,8033,70301,1166
322,E,2019,68243.08125,8648.477982,7724.803813,69173.93758,0.1131954137,7.182164298,0.0001052438455,70301,9046,8083,72174,910
322,N,2008,6920.587264,1584.063896,1587.620533,6921.188641,0.2294054641,4.15801417,0.0006008181115,6560,1589,1592,6605,48
322,N,2009,6921.188641,1589.883126,1562.374169,6952.298732,0.2257378393,3.601134419,0.0005203057749,6605,1540,1532,6606,-7
322,N,2010,6952.298732,1628.525023,1542.261909,7038.796193,0.2218348158,0.2343466404,3.370779212e-05,6606,1585,1505,6807,121
322,N,2011,7038.796193,1743.25649,1555.365731,7231.220313,0.2209704172,4.53336114,0.0006440534739,6807,1725,1540,7159,167
322,N,2012,7231.220313,1904,1604,7531,0.2218159495,-0.2203128954,-3.046690405e-05,7159,1904,1604,7531,72
322,N,2013,7531,2007.047848,1682.083903,7854.515001,0.2233546546,-1.448943556,-0.0001923972323,7531,2014,1686,8090,231
322,N,2014,7854.515001,2198.554555,1785.527474,8268.635065,0.2273249811,1.092982825,0.0001391534454,8090,2226,1806,8601,91
322,N,2015,8268.635065,2265.682906,1909.48634,8625.737717,0.2309312631,0.9060852142,0.0001095809897,8601,2304,1940,8881,-84
322,N,2016,8625.737717,2487.411091,2034.332571,9078.528769,0.2358444736,-0.2874678469,-3.332675492e-05,8881,2490,2032,9478,139
322,N,2017,9078.528769,2462.959838,2135.6679,9407.350572,0.2352438324,1.529865833,0.000168514731,9478,2514,2164,10127,299
322,N,2018,9407.350572,2358.506459,2170.297525,9598.827501,0.2307023118,3.267994919,0.0003473873854,10127,2468,2243,10518,166
322,N,2019,9598.827501,2814.529097,2265.742825,10147.98395,0.2360437068,0.3701812441,3.856525644e-05,10518,2921,2354,11212,127
322,S,2008,40969.0971,635.7923504,1273.975366,40326.40383,0.03109600788,-4.510260189,-0.0001100893236,38069,609,1223,40390,2935
322,S,2009,40326.40383,438.2061279,1250.582495,39510.02282,0.03101150552,-4.004644437,-9.930576638e-05,40390,429,1225,37524,-2070
322,S,2010,39510.02282,604.7483015,1228.090338,38885.49411,0.03108300757,-1.186667053,-3.003458283e-05,37524,578,1173,37071,142
322,S,2011,38885.49411,718.3867804,1210.212867,38386.79298,0.03112247626,-6.875042984,-0.0001768022534,37071,700,1181,37905,1315
322,S,2012,38386.79298,727,1194,37901,0.03110444784,-18.79298167,-0.000489568943,37905,727,1194,37901,463
322,S,2013,37901,869.4011859,1181.614277,37582.05497,0.03117633512,-6.731937256,-0.0001776189878,37901,889,1208,39062,1480
322,S,2014,37582.05497,1319.38992,1179.110703,37723.32834,0.03137430095,0.9941494251,2.645276917e-05,39062,1388,1244,40017,811
322,S,2015,37723.32834,1343.009589,1180.937847,37882.44504,0.03130524001,-2.955039458,-7.833453696e-05,40017,1442,1272,40836,649
322,S,2016,37882.44504,902.5206297,1180.136418,37599.83918,0.03115259368,-4.990071965,-0.0001317251819,40836,974,1276,40716,182
322,S,2017,37599.83918,1347.073809,1176.658558,37730.60297,0.03129424444,-39.65145741,-0.001054564548,40716,1486,1305,42334,1437
322,S,2018,37730.60297,1056.939194,1175.857129,37594.2575,0.03116454644,-17.42754209,-0.0004618940785,42334,1214,1363,44611,2426
322,S,2019,37594.2575,1630.925291,1180.448162,38036.18566,0.03139969348,-8.548962781,-0.0002274007614,44611,1983,1448,47042,1896
323,E,2008,31418.70747,3891.364305,4064.857518,31234.32602,0.1293769809,-10.88824039,-0.000346552779,29330,3785,3910,29854,649
323,E,2009,31234.32602,2252.497607,3951.162212,29533.36045,0.1265006394,-2.300959288,-7.366764649e-05,29854,2198,3820,28295,63
323,E,2010,29533.36045,2111.075249,3725.945719,27906.41404,0.1261605744,-12.07594429,-0.0004088916435,28295,2048,3612,27085,354
323,E,2011,27906.41404,2997.373097,3575.630347,27324.60115,0.1281293377,-3.555640438,-0.0001274130181,27085,2961,3529,27082,565
323,E,2012,27324.60115,2672,3477,26503,0.127247969,-16.60114791,-0.0006075531649,27082,2672,3477,26503,226
323,E,2013,26503,2269.755302,3356.48148,25408.98407,0.1266453413,-7.289747864,-0.0002750536869,26503,2269,3356,25356,-60
323,E,2014,25408.98407,2551.186518,3247.097225,24714.40086,0.1277932725,1.327488588,5.224485104e-05,25356,2557,3259,24713,59
323,E,2015,24714.40086,2290.013077,3157.975178,23846.44518,0.1277787472,0.006427665824,2.600777523e-07,24713,2286,3157,23681,-161
323,E,2016,23846.44518,2618.690352,3087.414681,23369.73412,0.1294706468,-7.986727885,-0.0003349232066,23681,2600,3075,23284,78
323,E,2017,23369.73412,2524.645354,3043.160852,22821.42938,0.1302180348,-29.78924507,-0.001274693367,23284,2526,3055,23003,248
323,E,2018,22821.42938,2489.137022,2998.604667,22308.12154,0.131394253,-3.840195089,-0.0001682714533,23003,2537,3061,22792,313
323,E,2019,22308.12154,2147.969784,2926.562581,21521.87573,0.1311882122,-7.653012188,-0.0003430594626,22792,2206,3013,22254,269
323,N,2008,3931.449779,1420.312467,1214.859374,4135.179244,0.3090105285,-1.723628611,-0.0004384206102,3851,1493,1278,4088,22
323,N,2009,4135.179244,1217.099316,1227.338541,4125.216418,0.2968041936,0.2763985432,6.684076478e-05,4088,1226,1261,4010,-43
323,N,2010,4125.216418,1125.670961,1167.056045,4085.462963,0.2829078348,1.631628261,0.0003955254939,4010,1115,1167,3998,40
323,N,2011,4085.462963,1368.703508,1168.215932,4282.662133,0.2859445655,-3.288405811,-0.0008049040808,3998,1369,1172,4268,73
323,N,2012,4282.662133,1409,1230,4462,0.2872045381,0.3378668181,7.889177517e-05,4268,1409,1230,4462,15
323,N,2013,4462,1356.581102,1263.068496,4554.730175,0.283072276,-0.7824309895,-0.0001753543231,4462,1353,1259,4655,99
323,N,2014,4554.730175,1415.906235,1288.054096,4682.751222,0.2827948191,0.1689081335,3.708411409e-05,4655,1415,1286,4816,32
323,N,2015,4682.751222,1371.622795,1318.553173,4735.449632,0.2815766012,-0.3712120758,-7.927221801e-05,4816,1368,1314,4823,-47
323,N,2016,4735.449632,1577.339437,1371.354303,4939.331332,0.2895932613,-2.103434413,-0.0004441889527,4823,1544,1345,5070,48
323,N,2017,4939.331332,1555.965454,1436.674821,5055.359185,0.2908642333,-3.262779595,-0.0006605711129,5070,1533,1414,5304,115
323,N,2018,5055.359185,1656.260111,1491.527075,5217.77938,0.2950387936,-2.312840947,-0.0004575027931,5304,1627,1467,5509,45
323,N,2019,5217.77938,1524.288919,1517.024255,5224.543644,0.2907413566,-0.5004006063,-9.590298283e-05,5509,1510,1490,5555,26
323,S,2008,20056.25536,389.8851541,619.1865743,19823.7707,0.03087249156,-3.183233418,-0.0001587152418,18648,372,595,19864,1439
323,S,2009,19823.7707,342.929972,611.975872,19551.42716,0.03087081066,-3.297641339,-0.0001663478351,19864,334,599,18577,-1022
323,S,2010,19551.42716,165.8515406,601.1765409,19112.72706,0.03074847355,-3.375101504,-0.0001726268612,18577,157,573,18224,63
323,S,2011,19112.72706,218.6134454,587.7173913,18739.95726,0.03075005411,-3.665850928,-0.0001918015633,18224,212,573,18505,642
323,S,2012,18739.95726,197,575,18350,0.03068310092,-11.9572624,-0.0006380624156,18505,197,575,18350,223
323,S,2013,18350,237.4761905,565.0852843,18016.38645,0.03079483838,-6.00446097,-0.0003272185815,18350,241,577,18723,709
323,S,2014,18016.38645,276.6666667,554.3301481,17734.57171,0.03076810934,-4.151257965,-0.0002304156817,18723,289,586,18812,386
323,S,2015,17734.57171,273.4761905,546.218108,17454.89649,0.03079962218,-6.933299205,-0.000390948218,18812,291,587,18822,306
323,S,2016,17454.89649,268.2380952,538.1060678,17180.82488,0.03082837347,-4.203632,-0.0002408282399,18822,287,582,18613,86
323,S,2017,17180.82488,436.3641457,530.9395604,17064.23272,0.03090303079,-22.0167504,-0.001281472254,18613,479,590,19156,654
323,S,2018,17064.23272,563.2577031,529.1368849,17086.02284,0.0310085366,-12.33069678,-0.0007226048178,19156,647,616,20298,1111
323,S,2019,17086.02284,336.9355742,526.4328715,16889.73117,0.03081073205,-6.794377284,-0.0003976570409,20298,409,649,20915,857
324,E,2008,91740.62254,17006.68121,8781.594818,99705.2834,0.09572198853,-260.4255355,-0.002838715591,83641,16039,8280,94016,2616
324,E,2009,99705.2834,15667.1947,9451.549434,105968.1518,0.09479487057,47.2231465,0.0004736273233,94016,14982,9014,100385,401
324,E,2010,105968.1518,11824.02736,9868.77785,107941.154,0.09312965907,17.75266719,0.000167528327,100385,11370,9475,103836,1556
324,E,2011,107941.154,9105.683386,9939.078227,107107.7839,0.09207867306,0.02476811722,2.294594444e-07,103836,8956,9769,105649,2626
324,E,2012,107107.7839,9328,9875,106499,0.09219684732,-61.78391097,-0.000576838664,105649,9328,9875,106499,1397
324,E,2013,106499,18308.07275,10343.63559,114506.8772,0.09712425087,43.44007654,0.0004078918726,106499,18395,10396,114578,80
324,E,2014,114506.8772,10743.36494,10829.40478,114421.252,0.09457427394,0.4145622692,3.620413719e-06,114578,10849,10939,115053,565
324,E,2015,114421.252,10678.28118,10841.05906,114253.4763,0.09474690122,-4.997811191,-4.367904655e-05,115053,10749,10935,114172,-695
324,E,2016,114253.4763,13013.1949,10989.59002,116291.365,0.09618604513,14.28382455,0.0001250187305,114172,13027,11030,116443,274
324,E,2017,116291.365,13323.26546,11255.52951,118288.0347,0.09678731962,-71.06624762,-0.000611105112,116443,13465,11378,119795,1265
324,E,2018,118288.0347,16255.64906,11663.02663,122902.1138,0.09859853246,21.45668131,0.0001813935058,119795,16709,11990,126621,2107
324,E,2019,122902.1138,14960.05172,12108.46814,125799.7463,0.09852123582,46.04895236,0.0003746799054,126621,15588,12615,130908,1314
324,N,2008,30709.83597,6750.906116,5966.596623,31475.0517,0.1942894331,-19.09376649,-0.0006217475896,28499,6557,5740,29544,228
324,N,2009,31475.0517,8051.956489,6414.223458,33106.1043,0.2037875432,-6.680422538,-0.000212245006,29544,7762,6136,31254,84
324,N,2010,33106.1043,7613.631775,6784.258919,33937.22021,0.2049247129,1.743048981,5.265038028e-05,31254,7350,6560,32698,654
324,N,2011,33937.22021,8114.49436,6950.394582,35103.54741,0.2048015288,2.227417464,6.563346821e-05,32698,7985,6855,34694,866
324,N,2012,35103.54741,8666,7209,36558,0.2053638601,-2.547405416,-7.25683187e-05,34694,8666,7209,36558,407
324,N,2013,36558,10525.89085,7876.696151,39191.52526,0.2154575237,-15.66943145,-0.0004286183995,36558,10563,7916,40372,1167
324,N,2014,39191.52526,8796.153349,8293.554955,39701.87714,0.2116160292,7.753478591,0.0001978355917,40372,9005,8444,41423,490
324,N,2015,39701.87714,8668.227206,8199.335965,40174.97241,0.206522627,4.204026887,0.000105889877,41423,8977,8450,41561,-389
324,N,2016,40174.97241,9402.288289,8279.808703,41296.0761,0.2060936998,-1.375896081,-3.424759242e-05,41561,9578,8417,43452,730
324,N,2017,41296.0761,9401.79318,8438.246845,42259.75544,0.2043353181,0.1330109915,3.220911139e-06,43452,9831,8776,46033,1526
324,N,2018,42259.75544,10086.25374,8682.176209,43658.64039,0.2054478574,-5.192580914,-0.0001228729523,46033,10742,9257,48398,880
324,N,2019,43658.64039,10413.09673,9016.527452,45053.97397,0.2065233221,-1.235702722,-2.830373806e-05,48398,11260,9706,50643,691
324,S,2008,62094.82114,2430.104225,1899.128081,62376.8065,0.03058432324,-248.9907846,-0.004009847843,57134,2306,1810,61972,4342
324,S,2009,62376.8065,2027.688629,1905.606946,62499.26312,0.03054992799,0.3749393302,6.0108773e-06,61972,1955,1847,58831,-3249
324,S,2010,62499.26312,1471.799852,1901.264595,62070.62148,0.03042059218,0.8230994015,1.31697457e-05,58831,1378,1802,58876,469
324,S,2011,62070.62148,1747.318104,1891.659347,61923.0723,0.03047592084,-3.207930929,-5.168195279e-05,58876,1691,1838,61115,2386
324,S,2012,61923.0723,7497,1975,67433,0.03189441232,-12.07230224,-0.0001949564483,61115,7497,1975,67433,796
324,S,2013,67433,6754.34063,2137.090352,72062.6936,0.03169205511,12.44332281,0.0001845286849,67433,6859,2173,74582,2463
324,S,2014,72062.6936,6936.0262,2279.461952,76730.52912,0.03163165069,11.27127144,0.0001564092442,74582,7267,2395,81109,1655
324,S,2015,76730.52912,7230.871877,2430.811634,81552.33059,0.03167984975,21.74122665,0.0002833451939,81109,7738,2594,87050,797
324,S,2016,81552.33059,5063.921395,2545.75989,84085.03591,0.03121627392,14.5438157,0.0001783372173,87050,5445,2727,90339,571
324,S,2017,84085.03591,3847.459079,2604.631791,85256.2249,0.03097616315,-71.63830291,-0.0008519744582,90339,4230,2867,94899,3197
324,S,2018,85256.2249,3589.55532,2637.516124,86188.77161,0.03093634661,-19.49247845,-0.0002286340789,94899,4119,3031,101557,5570
324,S,2019,86188.77161,2562.967811,2653.2694,86102.78739,0.03078439743,4.317365648,5.009197332e-05,101557,3114,3222,105914,4465
325,E,2008,148084.0111,20400.07193,17707.76973,150564.297,0.1195792145,-212.0162864,-0.001431729765,136234,19531,16858,143074,4167
325,E,2009,150564.297,19409.78373,17961.16069,152002.4846,0.119292296,-10.43546409,-6.930902147e-05,143074,18766,17275,144873,308
325,E,2010,152002.4846,16496.1279,17986.00567,150492.939,0.1183270505,-19.66786041,-0.0001293917035,144873,15994,17371,145322,1826
325,E,2011,150492.939,22121.34829,18172.7346,154441.7217,0.1207547326,0.1690594074,1.123371027e-06,145322,21838,17912,152666,3418
325,E,2012,154441.7217,23310,18750,158929,0.121405018,-72.72169516,-0.0004708681978,152666,23310,18750,158929,1703
325,E,2013,158929,23502.14755,19353.03387,163075.6076,0.1217715701,-2.506096295,-1.576865327e-05,158929,23533,19411,162957,-94
325,E,2014,163075.6076,26904.61208,20100.30284,169901.1116,0.1232575683,21.194793,0.0001299691187,162957,27026,20227,170415,659
325,E,2015,169901.1116,33883.70648,21386.56897,182438.8728,0.1258765688,40.62363705,0.0002391016554,170415,33955,21465,181710,-1195
325,E,2016,182438.8728,34305.36717,22977.41598,193809.9472,0.125945834,43.12326065,0.0002363710102,181710,34262,22966,193320,314
325,E,2017,193809.9472,32118.79351,24200.78596,201356.5055,0.1248686474,-371.4493015,-0.00191656469,193320,32390,24381,203307,1978
325,E,2018,201356.5055,26590.96832,24758.2591,203065.8266,0.122957334,-123.3880598,-0.0006127840742,203307,27295,25375,208459,3232
325,E,2019,203065.8266,28417.22442,25056.80559,206447.7956,0.1233925275,21.55009421,0.0001061236869,208459,29451,25964,213780,1834
325,N,2008,376532.3436,76238.85208,46526.77931,406223.3334,0.123566488,-21.08297975,-5.599248008e-05,347157,71430,43720,377937,3070
325,N,2009,406223.3334,69840.80508,49359.16318,426700.4105,0.1215074545,-4.564795166,-1.123715649e-05,377937,64860,45910,399395,2508
325,N,2010,426700.4105,73318.82388,51649.95507,448372.52,0.1210450091,3.240676782,7.594735562e-06,399395,69539,49061,429701,9828
325,N,2011,448372.52,68332.94942,53656.66759,463042.6602,0.1196698397,-6.141545511,-1.36974173e-05,429701,66791,52455,456536,12499
325,N,2012,463042.6602,69173,55402,476805,0.1196477231,-8.660242481,-1.870290413e-05,456536,69173,55402,476805,6498
325,N,2013,476805,73644.01226,57277.31497,493167.4193,0.1201273371,-4.277945932,-8.972107952e-06,476805,74466,57912,510044,16685
325,N,2014,493167.4193,79256.17146,59597.59132,512817.162,0.1208465705,-8.837461937,-1.791980084e-05,510044,81854,61543,537873,7518
325,N,2015,512817.162,84063.94161,62506.59919,534356.1382,0.1218886649,-18.36627127,-3.581446299e-05,537873,88011,65473,555316,-5095
325,N,2016,534356.1382,87728.63696,65686.09909,556382.2276,0.1229256939,-16.44845316,-3.078181756e-05,555316,90403,67682,589064,11027
325,N,2017,556382.2276,87605.15524,68484.13666,575495.4215,0.1230882894,-7.824662764,-1.40634664e-05,589064,92762,72427,631878,22479
325,N,2018,575495.4215,93687.41472,70906.92982,598276.2346,0.1232102414,0.3282236658,5.703323667e-07,631878,102681,77397,670794,13632
325,N,2019,598276.2346,108683.212,74035.98252,632921.1476,0.1237488274,-2.316437939,-3.871853511e-06,670794,121045,82034,720927,11122
325,S,2008,151194.4297,4105.344308,4615.321219,150443.6482,0.03052573583,-240.8045651,-0.001592681461,140493,3945,4428,150508,10498
325,S,2009,150443.6482,4400.108791,4602.623248,150236.7371,0.03059366948,-4.396663049,-2.922465056e-05,150508,4308,4505,142637,-7674
325,S,2010,150236.7371,3833.743232,4590.920444,149474.2025,0.03055790835,-5.357404183,-3.565974799e-05,142637,3659,4380,142435,519
325,S,2011,149474.2025,2865.85706,4555.925973,147776.8688,0.03047968076,-7.264800799,-4.860237204e-05,142435,2796,4442,145886,5097
325,S,2012,147776.8688,3765,4518,146946,0.03057312039,-77.86876353,-0.0005269347238,145886,3765,4518,146946,1813
325,S,2013,146946,3845.512455,4498.513566,146286.8178,0.03061337883,-6.181117385,-4.206386962e-05,146946,3933,4598,151895,5614
325,S,2014,146286.8178,6659.737191,4523.110857,148430.8335,0.03091946989,7.389396749,5.05130733e-05,151895,7031,4773,157360,3207
325,S,2015,148430.8335,7737.116688,4608.793533,151570.9989,0.03105010882,11.84227314,7.978310747e-05,157360,8325,4958,163320,2593
325,S,2016,151570.9989,6978.330742,4697.079363,153862.0997,0.03098930136,9.849419095,6.498221404e-05,163320,7556,5086,166687,897
325,S,2017,153862.0997,7828.426534,4778.331202,156590.7484,0.03105593392,-321.4466301,-0.002089186555,166687,8686,5303,175675,5605
325,S,2018,156590.7484,7525.523962,4862.380419,159150.2583,0.03105151784,-103.6336778,-0.0006618122645,175675,8733,5644,188929,10165
325,S,2019,159150.2583,9072.175346,4967.169816,163265.0518,0.0312105671,9.787952781,6.150133142e-05,188929,11144,6100,201971,7998
326,E,2008,55293.82101,7212.198988,7327.535775,55177.77043,0.1325199749,-0.7137879397,-1.290900008e-05,51228,6916,6962,52423,1241
326,E,2009,55177.77043,4785.638652,7163.182928,52786.65463,0.1298200864,-13.57152632,-0.0002459600345,52423,4613,6861,50329,154
326,E,2010,52786.65463,5889.880633,6942.354386,51727.71361,0.131517226,-6.467269116,-0.0001225171241,50329,5698,6689,50067,729
326,E,2011,51727.71361,6492.733552,6856.655003,51367.46559,0.1325528334,3.673426282,7.101466555e-05,50067,6409,6757,50848,1129
326,E,2012,51367.46559,6781,6826,51295,0.1328856684,-27.46558588,-0.000534688359,50848,6781,6826,51295,492
326,E,2013,51295,7540.641644,6869.576398,51968.88959,0.1339229242,2.824346485,5.506085359e-05,51295,7546,6879,51824,-138
326,E,2014,51968.88959,9023.222139,7036.292757,53963.11459,0.1353943256,7.295617477,0.0001403843248,51824,9062,7071,53911,96
326,E,2015,53963.11459,8848.83105,7252.145504,55561.05937,0.1343907882,1.259229544,2.333500491e-05,53911,8846,7258,55145,-354
326,E,2016,55561.05937,10335.91157,7520.098393,58376.54203,0.1353483623,-0.3305114529,-5.94861683e-06,55145,10287,7500,58132,200
326,E,2017,58376.54203,9440.871577,7789.93784,59935.69315,0.1334429476,-91.78261477,-0.001572251654,58132,9431,7837,60396,670
326,E,2018,59935.69315,9546.485399,7971.592364,61455.66357,0.1330024222,-54.92261994,-0.0009163591351,60396,9705,8158,62783,840
326,E,2019,61455.66357,9497.022675,8143.518363,62769.02294,0.1325104618,-40.14493825,-0.0006532341516,62783,9758,8424,64899,782
326,N,2008,10878.58361,2505.593293,2323.048176,11059.72326,0.213543257,-1.405467883,-0.0001291958524,10199,2470,2282,10471,84
326,N,2009,11059.72326,2571.680781,2362.68029,11271.12019,0.2136292413,2.396439558,0.0002166816927,10471,2466,2286,10665,14
326,N,2010,11271.12019,2589.444674,2384.207324,11474.91981,0.2115324194,-1.437729176,-0.0001275586766,10665,2509,2314,11071,211
326,N,2011,11474.91981,2793.343412,2434.305223,11833.4633,0.2121413711,-0.4946988965,-4.311131621e-05,11071,2757,2407,11704,283
326,N,2012,11833.4633,2937,2517,12252,0.2127018891,-1.463304701,-0.000123658194,11704,2937,2517,12252,128
326,N,2013,12252,3168.62743,2637.565111,12782.90313,0.2152762905,-0.1591938761,-1.29932971e-05,12252,3183,2648,13170,383
326,N,2014,12782.90313,3218.327145,2767.812721,13233.78681,0.2165245793,0.3692559241,2.888670284e-05,13170,3273,2812,13791,160
326,N,2015,13233.78681,3225.196235,2872.693055,13587.58902,0.2170726412,1.299030873,9.816017833e-05,13791,3306,2940,14022,-135
326,N,2016,13587.58902,3552.799413,2995.80912,14144.01673,0.2204812874,-0.5625843592,-4.14042814e-05,14022,3581,3018,14820,235
326,N,2017,14144.01673,3456.957003,3097.077387,14507.50684,0.2189673165,3.610502549,0.0002552671295,14820,3573,3178,15712,497
326,N,2018,14507.50684,3620.859088,3170.950182,14958.07626,0.2185730612,0.660514577,4.552915839e-05,15712,3809,3327,16475,281
326,N,2019,14958.07626,3742.325688,3273.089991,15428.13076,0.2188175761,0.8187972825,5.473947772e-05,16475,3986,3464,17216,219
326,S,2008,31879.73901,797.5176147,987.7453427,31685.17097,0.03098348272,-4.340314391,-0.0001361464844,29634,765,951,31744,2296
326,S,2009,31685.17097,669.8379121,980.5405234,31371.88879,0.03094635419,-2.579569709,-8.141252296e-05,31744,657,963,29802,-1636
326,S,2010,31371.88879,553.5799935,968.8944011,30954.75135,0.03088415899,-1.823035762,-5.811048782e-05,29802,530,927,29510,105
326,S,2011,30954.75135,702.2671299,959.0060241,30696.07442,0.03098089897,-1.938030152,-6.260848715e-05,29510,685,937,30307,1049
326,S,2012,30696.07442,606,950,30334,0.03094858277,-18.07442174,-0.0005888186707,30307,606,950,30334,371
326,S,2013,30334,1261.17841,949.1611066,30645.24549,0.03129033779,-0.7718133277,-2.544383621e-05,30334,1291,972,31850,1197
326,S,2014,30645.24549,1510.088559,963.5707452,31195.36816,0.03144274845,3.604856669,0.0001176318418,31850,1597,1019,33092,664
326,S,2015,31195.36816,1168.46671,975.296826,31385.54872,0.03126415502,-2.989319931,-9.582576219e-05,33092,1258,1051,33839,540
326,S,2016,31385.54872,1944.422754,993.5428099,32340.95343,0.03165605988,4.524762475,0.000144167066,33839,2106,1078,35027,160
326,S,2017,32340.95343,2019.021332,1024.181541,33306.21067,0.03166825442,-29.58254676,-0.0009147085544,35027,2239,1139,37383,1256
326,S,2018,33306.21067,1855.636716,1051.217863,34096.76201,0.03156221743,-13.86751728,-0.0004163643058,37383,2152,1224,40517,2206
326,S,2019,34096.76201,1863.528765,1076.434731,34883.05952,0.03156999865,-0.7965229995,-2.336066396e-05,40517,2289,1327,43208,1729
327,E,2008,48016.23664,5504.570475,5378.839423,48151.20106,0.1120212619,9.233361611,0.0001922966533,43551,5125,5024,45152,1500
327,E,2009,48151.20106,3220.984271,5282.747072,46071.26157,0.1097116366,-18.17668673,-0.0003774918658,45152,3051,5008,43388,193
327,E,2010,46071.26157,3286.56837,5069.015576,44275.70917,0.1100255431,-13.10519716,-0.000284454923,43388,3120,4830,42322,644
327,E,2011,44275.70917,3376.090636,4886.609771,42753.31973,0.1103677358,-11.8702981,-0.000268099559,42322,3299,4772,42025,1176
327,E,2012,42753.31973,3404,4724,41400,0.1104943436,-33.31973288,-0.0007793484363,42025,3404,4724,41400,695
327,E,2013,41400,3608.911046,4595.272961,40405.22558,0.1109969314,-8.412508146,-0.0002032006798,41400,3635,4631,40442,38
327,E,2014,40405.22558,4794.865399,4576.259468,40627.57961,0.1132590996,3.748105203,9.276288276e-05,40442,4859,4641,40907,247
327,E,2015,40627.57961,5366.075466,4666.000621,41333.59439,0.1148481072,5.939928659,0.0001462043448,40907,5434,4733,41381,-227
327,E,2016,41333.59439,6353.140054,4840.813996,42864.80021,0.117115728,18.87976073,0.0004567655199,41381,6398,4896,43014,131
327,E,2017,42864.80021,6607.023703,5063.83545,44385.03675,0.1181350531,-22.95171208,-0.0005354442798,43014,6689,5162,45038,497
327,E,2018,44385.03675,5096.397241,5165.502537,44300.99045,0.1163793683,-14.94100179,-0.0003366224945,45038,5272,5374,45951,1015
327,E,2019,44300.99045,4855.884637,5145.474433,44008.12162,0.1161480676,-3.279028853,-7.401705515e-05,45951,5114,5450,46079,464
327,N,2008,14464.06821,2807.220961,2673.996034,14598.93917,0.1848716416,1.646032992,0.0001138015231,13386,2659,2536,13626,117
327,N,2009,14598.93917,3098.678306,2709.195178,14987.5124,0.1855747974,-0.9098894553,-6.232572414e-05,13626,2889,2538,14052,75
327,N,2010,14987.5124,3015.066095,2751.497234,15252.47941,0.1835859854,1.398148228,9.328754432e-05,14052,2866,2620,14629,331
327,N,2011,15252.47941,3383.607926,2815.142104,15818.54138,0.1845694741,-2.403855508,-0.0001576042454,14629,3310,2757,15603,421
327,N,2012,15818.54138,3491,2923,16386,0.184783156,-0.5413799995,-3.422439443e-05,15603,3491,2923,16386,215
327,N,2013,16386,3686.139508,3040.773771,17032.24104,0.1855714495,0.8752998157,5.341754032e-05,16386,3725,3070,17609,568
327,N,2014,17032.24104,3659.459047,3150.246086,17540.56746,0.184957815,-0.886540565,-5.205072915e-05,17609,3774,3249,18388,254
327,N,2015,17540.56746,3660.505274,3243.3222,17956.69267,0.1849040636,-1.05785892,-6.030927578e-05,18388,3829,3394,18651,-172
327,N,2016,17956.69267,3922.731759,3346.237266,18531.35318,0.1863504225,-1.833985607,-0.0001021338194,18651,4041,3446,19608,362
327,N,2017,18531.35318,4019.905721,3454.755245,19093.49591,0.1864275755,-3.007750338,-0.0001623060286,19608,4260,3658,20950,740
327,N,2018,19093.49591,4056.37339,3547.051586,19601.15566,0.1857727681,-1.662050663,-8.704800165e-05,20950,4447,3883,21959,445
327,N,2019,19601.15566,4256.271891,3639.746503,20215.73411,0.1856904035,-1.946939041,-9.932776798e-05,21959,4742,4049,23009,357
327,S,2008,34672.01895,904.2017847,1073.436375,34497.33593,0.03095973086,-5.448434917,-0.0001571421302,32226,865,1030,34554,2493
327,S,2009,34497.33593,452.6869891,1061.735767,33883.6288,0.03077732637,-4.658348666,-0.0001350350264,34554,442,1039,32188,-1769
327,S,2010,33883.6288,393.6050662,1042.83551,33230.92032,0.03077697244,-3.478040062,-0.0001026466227,32188,375,993,31681,111
327,S,2011,33230.92032,569.6735176,1026.73375,32772.86679,0.03089693996,-0.9932969876,-2.989074567e-05,31681,556,999,32362,1124
327,S,2012,32772.86679,721,1013,32465,0.03090971585,-15.86678644,-0.0004841439884,32362,721,1013,32465,395
327,S,2013,32465,900.2487047,1008.902046,32352.03681,0.031076607,-4.309844829,-0.0001327535755,32465,920,1032,33617,1264
327,S,2014,32352.03681,1142.926425,1009.903933,32480.17563,0.03121608506,-4.883676726,-0.0001509542275,33617,1203,1066,34458,704
327,S,2015,32480.17563,1362.73057,1017.957164,32822.88024,0.03134087621,-2.068798956,-6.369420473e-05,34458,1464,1095,35386,559
327,S,2016,32822.88024,1405.072539,1029.796382,33192.92757,0.03137434541,-5.228825948,-0.0001593042996,35386,1516,1113,35963,174
327,S,2017,33192.92757,1428.490155,1040.550188,33537.25367,0.03134855116,-43.61386034,-0.001313950396,35963,1575,1154,37646,1262
327,S,2018,33537.25367,878.2196891,1044.3856,33350.19024,0.03114105915,-20.89752652,-0.0006231138281,37646,1010,1210,39622,2176
327,S,2019,33350.19024,868.9367876,1038.869285,33171.57273,0.03115032561,-8.685005729,-0.0002604184764,39622,1059,1274,41079,1672
331,E,2008,84129.31985,10692.2454,6499.908823,88345.20535,0.07726092206,23.54893153,0.00027991349,76389,10080,6108,83266,2905
331,E,2009,88345.20535,7915.477184,6747.766756,89520.98016,0.0763795469,8.06437505,9.12825435e-05,83266,7546,6407,84482,77
331,E,2010,89520.98016,7453.419182,6840.365087,90141.89785,0.07641074835,7.863601573,8.784087885e-05,84482,7157,6548,86571,1480
331,E,2011,90141.89785,8083.388071,6931.122398,91306.28183,0.07689124106,12.11830304,0.0001344358543,86571,7952,6806,90073,2356
331,E,2012,91306.28183,8734,7052,92953,0.0772345545,-35.28183039,-0.0003864118621,90073,8734,7052,92953,1198
331,E,2013,92953,8058.979863,7164.597285,93854.54083,0.0770776337,7.158253091,7.700938206e-05,92953,8083,7182,93887,33
331,E,2014,93854.54083,6935.347717,7192.855561,93599.39936,0.07663833307,2.366373339,2.521320032e-05,93887,6990,7252,93892,267
331,E,2015,93599.39936,6508.622818,7146.137188,92960.2163,0.07634810946,-1.668686111,-1.782795747e-05,93892,6531,7167,92549,-707
331,E,2016,92960.2163,7304.783974,7125.512926,93142.62117,0.07665120855,3.13382165,3.371142812e-05,92549,7305,7115,92884,145
331,E,2017,93142.62117,8767.622759,7194.038998,94646.79137,0.07723681068,-69.41356787,-0.0007452395799,92884,8850,7242,95376,884
331,E,2018,94646.79137,10184.21388,7373.272646,97447.096,0.07790303865,-10.63660149,-0.0001123820611,95376,10480,7565,100604,2313
331,E,2019,97447.096,9499.797684,7571.640223,99385.15241,0.07770000886,9.898941583,0.0001015827253,100604,9942,7903,103384,741
331,N,2008,10835.95673,2271.09181,2064.485276,11040.78838,0.190521735,-1.77488345,-0.0001637957307,10038,2186,1970,10340,86
331,N,2009,11040.78838,2498.676728,2146.517882,11392.21479,0.1944170841,-0.7324317455,-6.63387179e-05,10340,2365,2032,10716,43
331,N,2010,11392.21479,2450.273848,2212.192769,11630.90682,0.1941846085,0.6109541328,5.36290918e-05,10716,2350,2123,11182,239
331,N,2011,11630.90682,2733.631422,2283.849409,12081.05594,0.1963603908,0.3671078583,3.156313294e-05,11182,2688,2246,11932,308
331,N,2012,12081.05594,2851,2386,12545,0.1974992924,-1.055944341,-8.74049707e-05,11932,2851,2386,12545,148
331,N,2013,12545,3012.413537,2494.912085,13062.95745,0.1988770095,0.4560018924,3.634929393e-05,12545,3038,2514,13483,414
331,N,2014,13062.95745,2923.687543,2576.017186,13408.64872,0.1972001513,-1.979091352,-0.00015150408,13483,3003,2643,14025,182
331,N,2015,13408.64872,2895.469727,2624.409721,13678.45433,0.1957251455,-1.254399382,-9.355151349e-05,14025,3012,2726,14179,-132
331,N,2016,13678.45433,3157.370928,2699.227483,14136.80751,0.1973342469,0.209741558,1.533371776e-05,14179,3230,2761,14910,262
331,N,2017,14136.80751,3360.561695,2824.973139,14670.71406,0.1998310536,-1.682004557,-0.0001189805092,14910,3508,2954,16003,539
331,N,2018,14670.71406,3599.339053,2993.255331,15271.19989,0.204029287,-5.597900117,-0.0003815697104,16003,3823,3200,16942,316
331,N,2019,15271.19989,3746.224647,3162.52922,15853.51751,0.2070910763,-1.377802422,-9.022227673e-05,16942,4035,3404,17815,242
331,S,2008,69353.47259,1501.301167,2138.671395,68713.68122,0.03083726475,-2.421146746,-3.491024537e-05,64478,1442,2054,68810,4944
331,S,2009,68713.68122,1262.629537,2117.051859,67854.70816,0.03080975755,-4.550739292,-6.622755777e-05,68810,1238,2071,64470,-3507
331,S,2010,67854.70816,883.6125492,2083.848788,66649.22637,0.03071045244,-5.245543271,-7.730551665e-05,64470,845,1990,63550,225
331,S,2011,66649.22637,1236.408138,2052.221952,65829.85942,0.03079138444,-3.553138372,-5.331102198e-05,63550,1207,2003,65016,2262
331,S,2012,65829.85942,1141,2027,64908,0.03079149823,-35.8594209,-0.0005447288087,65016,1141,2027,64908,778
331,S,2013,64908,1469.243616,2003.679733,64369.94742,0.03086953431,-3.61645831,-5.571668069e-05,64908,1503,2050,66869,2508
331,S,2014,64369.94742,1157.460747,1982.987161,63535.90666,0.03080610192,-8.514347921,-0.0001322720969,66869,1221,2094,67384,1388
331,S,2015,63535.90666,923.7370495,1954.263019,62501.31154,0.03075840296,-4.069154539,-6.404495902e-05,67384,995,2104,67366,1091
331,S,2016,62501.31154,1049.262805,1923.736913,61622.32105,0.03077914472,-4.516375175,-7.226048643e-05,67366,1137,2085,66748,330
331,S,2017,61622.32105,2550.173792,1919.232254,62191.89225,0.03114508219,-61.37034756,-0.0009959110029,66748,2827,2131,69772,2328
331,S,2018,62191.89225,2427.713612,1937.220618,62663.9221,0.03114908629,-18.46314061,-0.0002968737555,69772,2815,2250,74418,4081
331,S,2019,62663.9221,2816.21923,1958.811902,63517.59121,0.03125900576,-3.738215691,-5.965499071e-05,74418,3455,2405,78599,3131
332,E,2008,93275.54934,11741.13691,8729.33318,96297.54672,0.09358651053,10.19365442,0.000109285386,85108,11101,8245,91043,3079
332,E,2009,96297.54672,7443.841138,8813.00154,94916.26775,0.09151844299,-12.11857404,-0.0001258450963,91043,7082,8387,89550,-188
332,E,2010,94916.26775,8127.56828,8716.66257,94320.77866,0.09183528574,-6.394798809,-6.737305375e-05,89550,7789,8349,90520,1530
332,E,2011,94320.77866,10945.44131,8824.333815,96446.95894,0.09355662603,5.072782285,5.378223502e-05,90520,10742,8665,95111,2514
332,E,2012,96446.95894,13394,9163,100647,0.09500558754,-30.95893765,-0.0003209944408,95111,13394,9163,100647,1305
332,E,2013,100647,12601.4899,9531.54085,103728.574,0.09470268215,11.62495394,0.0001155022399,100647,12617,9554,103686,-24
332,E,2014,103728.574,12650.52861,9807.397568,106579.3741,0.09454865896,7.669071884,7.393403368e-05,103686,12740,9888,106788,250
332,E,2015,106579.3741,12045.66954,10004.66504,108624.1161,0.09387055538,3.737510634,3.506786059e-05,106788,12069,10041,108025,-791
332,E,2016,108624.1161,12551.2996,10186.84306,111001.774,0.09378067622,13.20135695,0.0001215324683,108025,12517,10175,110400,33
332,E,2017,111001.774,12690.84388,10362.01102,113242.172,0.09334995872,-88.43486951,-0.0007966978032,110400,12739,10416,113770,1047
332,E,2018,113242.172,12597.75067,10529.4879,115281.3031,0.09298203762,-29.13168229,-0.0002572511792,113770,12919,10798,118786,2895
332,E,2019,115281.3031,12232.78062,10677.67093,116839.9516,0.09262274661,3.538823424,3.069728853e-05,118786,12727,11122,120973,582
332,N,2008,16030.5049,3554.614468,3276.213997,16308.55322,0.2043737248,-0.3521502431,-2.196750791e-05,14959,3468,3183,15371,127
332,N,2009,16308.55322,3704.378376,3341.21781,16669.87291,0.204875182,-1.840878974,-0.000112878129,15371,3522,3203,15731,41
332,N,2010,16669.87291,3666.702739,3376.184129,16960.92707,0.2025320857,0.5355513643,3.212690146e-05,15731,3530,3257,16333,329
332,N,2011,16960.92707,4182.113007,3481.487286,17659.24245,0.2052651528,-2.310338471,-0.0001362153414,16333,4122,3432,17456,433
332,N,2012,17659.24245,4431,3673,18415,0.2079930671,-2.242452459,-0.0001269846351,17456,4431,3673,18415,201
332,N,2013,18415,4581.799824,3853.429865,19140.91646,0.2092549479,-2.453499881,-0.0001332337704,18415,4611,3875,19737,586
332,N,2014,19140.91646,4476.623321,3970.288655,19648.63587,0.2074241671,1.384743232,7.234466723e-05,19737,4578,4052,20512,249
332,N,2015,19648.63587,4368.897285,4026.867625,19991.82176,0.2049438776,1.15622972,5.884529228e-05,20512,4522,4155,20688,-191
332,N,2016,19991.82176,4676.898189,4093.97057,20571.32557,0.2047822664,-3.423811377,-0.0001712605994,20688,4768,4167,21653,364
332,N,2017,20571.32557,4783.095214,4198.059257,21154.20596,0.2040733468,-2.155566434,-0.0001047850041,21653,4995,4370,23043,765
332,N,2018,21154.20596,4934.567994,4317.382101,21767.84937,0.2040909553,-3.542475467,-0.0001674596283,23043,5278,4610,24150,439
332,N,2019,21767.84937,5174.761808,4460.385463,22480.12728,0.2049070345,-2.098435539,-9.640068262e-05,24150,5606,4814,25289,347
332,S,2008,57735.44577,1771.815379,1776.080745,57731.90608,0.03076239772,0.7256768388,1.256900036e-05,53672,1701,1705,57804,4136
332,S,2009,57731.90608,1153.862888,1766.166072,57115.76912,0.03059254738,-3.833773006,-6.640648589e-05,57804,1131,1730,54255,-2950
332,S,2010,57115.76912,951.0310947,1746.341598,56316.98332,0.03057547197,-3.475298035,-6.084655934e-05,54255,908,1666,53684,187
332,S,2011,56316.98332,1202.547418,1726.51794,55790.38069,0.03065714529,-2.632106596,-4.673735064e-05,53684,1172,1683,55088,1915
332,S,2012,55790.38069,1355,1713,55404,0.0307042178,-28.38069302,-0.0005087022649,55088,1355,1713,55404,674
332,S,2013,55404,2081.338199,1714.894312,55769.3422,0.03095253613,-1.101685054,-1.988457609e-05,55404,2127,1752,57926,2147
332,S,2014,55769.3422,1785.932201,1721.239367,55832.5182,0.03086354077,-1.516835811,-2.719838089e-05,57926,1884,1816,59204,1210
332,S,2015,55832.5182,1570.154387,1720.332045,55680.45483,0.03081236707,-1.885711608,-3.377443234e-05,59204,1688,1850,60016,974
332,S,2016,55680.45483,1968.154367,1723.930976,55920.95944,0.03096115111,-3.718779417,-6.678787787e-05,60016,2128,1865,60590,311
332,S,2017,55920.95944,2246.488212,1733.736441,56380.55916,0.03100333861,-53.15205432,-0.0009504853789,60590,2489,1924,63268,2113
332,S,2018,56380.55916,2238.214143,1749.046525,56848.04119,0.03102215641,-21.68558724,-0.0003846288077,63268,2592,2029,67505,3674
332,S,2019,56848.04119,2117.650401,1761.65199,57202.65667,0.03098878964,-1.382928906,-2.432676442e-05,67505,2598,2163,70787,2847
333,E,2008,89543.66727,10733.07507,8143.973475,92153.17719,0.09094974244,20.40832419,0.0002279147684,82073,10239,7740,87341,2769
333,E,2009,92153.17719,8050.029104,8273.448259,91936.31443,0.08977930562,6.556390606,7.114665826e-05,87341,7750,7922,87105,-64
333,E,2010,91936.31443,8883.833732,8309.043525,92514.02676,0.09037825343,2.922122322,3.178420127e-05,87105,8574,7996,89016,1333
333,E,2011,92514.02676,12567.27104,8600.109566,96507.68754,0.09296006095,26.49931015,0.0002864355934,89016,12373,8460,95233,2304
333,E,2012,96507.68754,11365,8958,98889,0.09282162104,-25.68753648,-0.0002661708838,95233,11365,8958,98889,1249
333,E,2013,98889,11732.70859,9230.787575,101402.509,0.09334493801,11.58795006,0.0001171813858,98889,11768,9263,101457,63
333,E,2014,101402.509,10748.15769,9450.119353,102719.0909,0.0931941374,18.54358895,0.0001828711059,101457,10843,9529,103036,265
333,E,2015,102719.0909,9720.792768,9532.455898,102913.0411,0.09280120974,5.613376978,5.46478452e-05,103036,9761,9573,102526,-698
333,E,2016,102913.0411,8885.37183,9512.106753,102295.6666,0.09242858483,9.360355255,9.09540244e-05,102526,8880,9518,102080,192
333,E,2017,102295.6666,10522.81369,9533.583748,103184.4404,0.0931963598,-100.4561192,-0.0009820173479,102080,10594,9605,103916,847
333,E,2018,103184.4404,9735.019697,9606.056028,103288.0301,0.09309597446,-25.37397246,-0.0002459089021,103916,9965,9838,106458,2415
333,E,2019,103288.0301,9897.593033,9657.665229,103532.3956,0.09350226952,4.43770447,4.296436349e-05,106458,10278,10046,107490,800
333,N,2008,44712.80795,9597.26343,8894.913505,45410.76973,0.1989343526,-4.388151153,-9.814080918e-05,41593,9274,8557,42676,366
333,N,2009,45410.76973,10419.84649,9146.631461,46684.44,0.2014198728,0.4552402808,1.002494086e-05,42676,9890,8705,44003,142
333,N,2010,46684.44,10375.23341,9374.192655,47684.12392,0.2007990811,-1.356837363,-2.906401711e-05,44003,9975,9020,45897,939
333,N,2011,47684.12392,12074.81499,9796.19066,49958.2669,0.2054392501,-4.481356414,-9.398005133e-05,45897,11900,9649,49378,1230
333,N,2012,49958.2669,12136,10307,51786,0.206312201,-1.266895661,-2.535907948e-05,49378,12136,10307,51786,579
333,N,2013,51786,12794.13018,10727.77311,53851.78174,0.2071558552,-0.5753243271,-1.110964985e-05,51786,12885,10796,55526,1651
333,N,2014,53851.78174,12297.70813,11032.68092,55118.57838,0.204871233,1.769432449,3.285745414e-05,55526,12599,11280,57556,711
333,N,2015,55118.57838,11943.68017,11138.08303,55927.95248,0.202074933,3.77696575,6.852436802e-05,57556,12400,11523,57904,-529
333,N,2016,55927.95248,12501.91243,11228.68317,57202.90834,0.2007705033,1.726601414,3.087188673e-05,57904,12805,11462,60278,1031
333,N,2017,57202.90834,13161.54492,11477.86325,58884.8266,0.2006517428,-1.763410701,-3.082729098e-05,60278,13776,11994,64211,2151
333,N,2018,58884.8266,13375.56728,11812.68235,60447.2116,0.2006065575,-0.4999215604,-8.489819691e-06,64211,14384,12668,67171,1244
333,N,2019,60447.2116,14161.27963,12178.69069,62426.55603,0.2014764679,-3.244517187,-5.367521679e-05,67171,15409,13213,70349,982
333,S,2008,68857.48689,1779.085466,2074.98007,68562.37928,0.03013441476,0.7869875478,1.142922264e-05,63981,1713,1991,68561,4858
333,S,2009,68562.37928,1542.286157,2065.08767,68037.88393,0.03011983674,-1.693834529,-2.470501384e-05,68561,1511,2019,64584,-3469
333,S,2010,68037.88393,1400.269473,2048.885093,67385.83136,0.03011388618,-3.436950899,-5.051525269e-05,64584,1336,1953,64190,223
333,S,2011,67385.83136,1850.600801,2037.288785,67203.31404,0.0302331921,4.17066313,6.189228575e-05,64190,1807,1986,66328,2317
333,S,2012,67203.31404,1778,2031,66915,0.03022172387,-35.3140373,-0.0005254805929,66328,1778,2031,66915,840
333,S,2013,66915,2208.071026,2031.022795,67095.94633,0.03035227968,3.898093915,5.825441105e-05,66915,2265,2076,69637,2533
333,S,2014,67095.94633,2033.968399,2034.650605,67101.2179,0.03032449375,5.953780344,8.873532113e-05,69637,2154,2149,71114,1472
333,S,2015,67101.2179,1942.167499,2035.061155,67009.77366,0.03032822978,1.44941954,2.160049527e-05,71114,2094,2190,72201,1183
333,S,2016,67009.77366,1744.986271,2029.675025,66725.86082,0.03028923864,0.7759076792,1.157902253e-05,72201,1894,2200,72325,430
333,S,2017,66725.86082,2417.578763,2031.48823,67053.33003,0.03044529071,-58.62131384,-0.0008785396415,72325,2697,2257,75228,2463
333,S,2018,67053.33003,2279.15528,2040.596714,67284.44148,0.03043244403,-7.447123835,-0.0001110626994,75228,2663,2370,79824,4303
333,S,2019,67284.44148,2292.783727,2048.706598,67542.72449,0.03044844474,14.20588513,0.0002111317983,79824,2833,2517,83493,3353
334,E,2008,135787.1328,24294.60104,19157.3243,140914.5271,0.1410835026,-9.882467237,-7.277911415e-05,128925,24600,18809,137091,2375
334,E,2009,140914.5271,14044.82436,19300.3629,135641.2778,0.1369650333,-17.71076269,-0.0001256844348,137091,14102,18968,131762,-463
334,E,2010,135641.2778,18347.85777,18906.34518,135071.2,0.1393848944,-11.59033896,-8.544846485e-05,131762,18259,18556,132362,897
334,E,2011,135071.2,25571.62693,19340.44582,141307.3137,0.1431870437,4.932591955,3.651845808e-05,132362,25540,19215,140617,1930
334,E,2012,141307.3137,22477,19926,143780,0.1410118095,-78.31372281,-0.0005542085597,140617,22477,19926,143780,612
334,E,2013,143780,21726.78225,20145.95593,145332.7752,0.1401165387,-28.05109054,-0.0001950973052,143780,21571,20110,144194,-1047
334,E,2014,145332.7752,19969.69631,20156.67127,145104.2998,0.1386932248,-41.50045347,-0.0002855546755,144194,19548,20038,143064,-640
334,E,2015,145104.2998,22264.48818,20219.2251,147094.2655,0.1393427012,-55.29736233,-0.0003810870002,143064,21238,19859,142372,-2071
334,E,2016,147094.2655,16919.14878,20068.34978,143887.7295,0.1364318977,-57.33507144,-0.0003897845455,142372,15678,19430,138135,-485
334,E,2017,143887.7295,15838.50373,19474.92869,139992.712,0.1353480854,-258.5925391,-0.001797182707,138135,14534,18822,134641,794
334,E,2018,139992.712,19564.181,19208.53643,140226.7299,0.1372109745,-121.6266395,-0.0008688069386,134641,17964,18613,134797,805
334,E,2019,140226.7299,19852.19193,19292.6603,140726.2728,0.1375819026,-59.9887053,-0.0004277979337,134797,18098,18617,134800,522
334,N,2008,186853.062,79663.50924,65795.83896,200708.1723,0.3521260944,-12.55995648,-6.721836049e-05,174501,76168,62647,189633,1611
334,N,2009,200708.1723,68330.06956,68212.09798,200836.2748,0.3398571029,10.13090802,5.047581223e-05,189633,64216,64328,189962,441
334,N,2010,200836.2748,70955.13109,68326.87425,203467.0493,0.3402118184,2.517604859,1.253560823e-05,189962,67836,65362,196139,3703
334,N,2011,203467.0493,75909.24529,69719.27852,209652.8218,0.3426563602,-4.194273619,-2.0614019e-05,196139,74498,68409,207250,5022
334,N,2012,209652.8218,74822,71103,213372,0.3391464012,0.178232573,8.501320014e-07,207250,74822,71103,213372,2403
334,N,2013,213372,75029.58219,71603.96105,216790.7419,0.3355827431,-6.879252368,-3.224065186e-05,213372,75794,72305,223328,6467
334,N,2014,216790.7419,77863.55493,72406.2584,222246.9154,0.3339914692,-1.123065404,-5.180412201e-06,223328,80318,74530,231974,2858
334,N,2015,222246.9154,75622.73168,73305.31996,224557.9049,0.3298372886,-6.422149548,-2.889646201e-05,231974,79151,76576,232502,-2047
334,N,2016,224557.9049,79061.78562,74793.90269,228827.9262,0.3330717871,2.138365182,9.52255581e-06,232502,81712,77074,241262,4122
334,N,2017,228827.9262,78250.59726,76686.08445,230391.3126,0.3351255492,-1.126441876,-4.922659113e-06,241262,83261,81278,251809,8564
334,N,2018,230391.3126,77352.95106,77690.57037,230039.7081,0.3372113709,-13.98518911,-6.070189434e-05,251809,84840,85085,256458,4894
334,N,2019,230039.7081,79485.17967,78216.84932,231301.475,0.3400145565,-6.563416814,-2.853166902e-05,256458,88534,86956,261858,3822
334,S,2008,143955.4522,6374.530287,4405.750881,145976.8434,0.03060496018,52.61188168,0.0003654733523,133769,6139,4227,146004,10323
334,S,2009,145976.8434,5098.411792,4450.054093,146648.0083,0.03048465762,22.80720074,0.0001562384841,146004,5000,4356,139211,-7437
334,S,2010,146648.0083,3482.122212,4448.384318,145689.7035,0.03033375201,7.957287253,5.426113414e-05,139211,3332,4244,138812,513
334,S,2011,145689.7035,4406.460366,4437.649784,145669.0008,0.03045959787,10.48666251,7.197943477e-05,138812,4308,4326,143810,5016
334,S,2012,145669.0008,5292,4453,146441,0.03056930422,-67.00077352,-0.0004599521735,143810,5292,4453,146441,1792
334,S,2013,146441,6741.025558,4501.642854,148687.4953,0.03074031763,7.112576542,4.856957097e-05,146441,6894,4602,154339,5606
334,S,2014,148687.4953,4768.210514,4542.219856,148913.9901,0.03054876839,0.5041887452,3.390929037e-06,154339,5032,4791,157836,3256
334,S,2015,148913.9901,3695.036573,4535.043944,148069.3336,0.0304541161,-4.649132351,-3.122025235e-05,157836,3976,4878,159533,2599
334,S,2016,148069.3336,2411.056784,4488.927405,145980.6458,0.03031638824,-10.81716964,-7.305476004e-05,159533,2610,4862,158195,914
334,S,2017,145980.6458,3537.866072,4439.45894,144852.2903,0.03041128442,-226.7626807,-0.001553374966,158195,3925,4928,162488,5296
334,S,2018,144852.2903,4968.910571,4428.677536,145322.7864,0.0305737488,-69.73696002,-0.0004814349837,162488,5766,5141,172430,9317
334,S,2019,145322.7864,2989.935594,4414.275592,143891.4216,0.0303756603,-7.024809887,-4.833935588e-05,172430,3668,5418,177867,7187
335,E,2008,23821.29642,3082.428779,3139.541962,23761.99188,0.1317955961,-2.191356508,-9.199148817e-05,22073,3004,3011,22695,629
335,E,2009,23761.99188,2223.055357,3082.298234,22901.73083,0.1297154822,-1.018173552,-4.284883005e-05,22695,2165,2971,21891,2
335,E,2010,22901.73083,2389.112518,2965.196499,22322.28478,0.1294747773,-3.362059274,-0.0001468037197,21891,2326,2870,21629,282
335,E,2011,22322.28478,2556.163375,2870.845347,22014.26169,0.1286089383,6.658873202,0.0002983060769,21629,2527,2832,21810,486
335,E,2012,22014.26169,3029,2813,22219,0.1277808014,-11.26168562,-0.0005115631756,21810,3029,2813,22219,193
335,E,2013,22219,2999.384575,2793.490928,22426.95396,0.1257253219,2.060317159,9.272771767e-05,22219,3008,2796,22422,-9
335,E,2014,22426.95396,3156.323091,2792.104686,22795.79021,0.1244977223,4.617843511,0.0002059059611,22422,3180,2806,22835,39
335,E,2015,22795.79021,3434.013981,2829.308938,23406.92843,0.1241154139,6.433170158,0.0002822086928,22835,3447,2836,23213,-233
335,E,2016,23406.92843,2599.750096,2839.047937,23170.21053,0.1212909223,2.579944738,0.0001102214136,23213,2601,2835,23024,45
335,E,2017,23170.21053,3058.763709,2838.266423,23285.42928,0.1224963588,-105.2785355,-0.004543702153,23024,2967,2849,23357,215
335,E,2018,23285.42928,3818.22835,2924.879569,24070.47826,0.1256098624,-108.2998059,-0.004650968835,23357,3734,2971,24587,467
335,E,2019,24070.47826,4033.601533,3061.539018,24921.33005,0.1271906185,-121.2107188,-0.005035658932,24587,3958,3138,25602,195
335,N,2008,17403.79275,3728.551302,3430.061528,17701.8071,0.1970870129,-0.4754324709,-2.731775065e-05,16179,3598,3294,16622,139
335,N,2009,17701.8071,3981.487358,3519.536435,18166.46926,0.1988235673,2.711241261,0.0001531618352,16622,3767,3341,17107,59
335,N,2010,18166.46926,3877.869885,3575.167494,18470.15759,0.1968003492,0.9859417526,5.427261283e-05,17107,3716,3431,17764,372
335,N,2011,18470.15759,4254.161779,3641.794243,19084.24505,0.1971718013,1.719925199,9.311914044e-05,17764,4174,3578,18845,485
335,N,2012,19084.24505,4442,3762,19764,0.1971259533,-0.2450536926,-1.284062806e-05,18845,4442,3762,19764,239
335,N,2013,19764,4642.17253,3905.126629,20501.16194,0.1975878683,0.1160430952,5.871437724e-06,19764,4682,3936,21163,653
335,N,2014,20501.16194,4598.685217,4032.169105,21068.70495,0.196680028,1.02689904,5.008979698e-05,21163,4722,4136,22035,286
335,N,2015,21068.70495,4625.289749,4142.746977,21550.78478,0.196630357,-0.4629470314,-2.197320777e-05,22035,4805,4303,22336,-201
335,N,2016,21550.78478,4717.392519,4224.245157,22047.53923,0.1960135188,3.607090341,0.0001673762871,22336,4846,4323,23268,409
335,N,2017,22047.53923,4853.545729,4294.108368,22608.59481,0.1947658794,1.618213294,7.339654904e-05,23268,5115,4509,24718,844
335,N,2018,22608.59481,5139.785241,4427.242599,23319.44685,0.1958212192,-1.690597902,-7.47767792e-05,24718,5544,4780,25976,494
335,N,2019,23319.44685,5454.501432,4616.167798,24157.31871,0.1979535719,-0.4617717151,-1.980200123e-05,25976,5952,5035,27283,390
335,S,2008,29140.01506,511.9270579,850.9908807,28801.63827,0.02920351547,0.6870374013,2.357711209e-05,27085,493,815,28759,1996
335,S,2009,28801.63827,554.0611854,841.1049019,28511.36935,0.0292033701,-3.225203959,-0.0001119798787,28759,543,823,27068,-1411
335,S,2010,28511.36935,450.583029,832.107812,28127.7775,0.02918512267,-2.067071653,-7.249990794e-05,27068,430,793,26785,80
335,S,2011,28127.7775,500.189708,822.2098212,27804.93004,0.02923124023,-0.8273463036,-2.941385268e-05,26785,489,802,27446,974
335,S,2012,27804.93004,496,815,27472,0.0293113487,-13.93003982,-0.0005009917235,27446,496,815,27472,345
335,S,2013,27472,507.6258373,806.0029101,27172.64026,0.02933906924,-0.9826636541,-3.576964379e-05,27472,520,823,28161,992
335,S,2014,27172.64026,576.7434626,797.8051009,26951.0426,0.02936060291,-0.5360245984,-1.972662918e-05,28161,611,842,28535,605
335,S,2015,26951.0426,604.9631286,792.4122681,26763.71625,0.02940191516,0.1227875637,4.555948558e-06,28535,653,853,28821,486
335,S,2016,26763.71625,546.6462455,787.0042487,26522.20533,0.02940564163,-1.152915128,-4.307754266e-05,28821,594,853,28775,213
335,S,2017,26522.20533,498.1456889,778.892873,26214.18205,0.02936757571,-27.27609155,-0.001028424718,28775,557,865,29391,924
335,S,2018,26214.18205,655.8268138,773.4703205,26090.71667,0.02950579648,-5.821882256,-0.0002220890297,29391,768,899,30922,1662
335,S,2019,26090.71667,569.7683234,768.963202,25896.44842,0.02947267459,4.926636139,0.000188827168,30922,704,942,31948,1264
3361MV,E,2008,100597.89,14085.12389,14324.23592,100347.9849,0.1423910175,-10.79314059,-0.0001072899301,92515,13430,13556,95596,3207
3361MV,E,2009,100347.9849,10641.47755,14032.57454,96941.94602,0.1398391264,-14.9418679,-0.0001489005277,95596,10222,13425,92224,-169
3361MV,E,2010,96941.94602,14915.51725,13858.73778,98005.37167,0.1429591456,6.646183653,6.855838908e-05,92224,14369,13329,94527,1263
3361MV,E,2011,98005.37167,16373.97487,14103.30917,100302.5956,0.1439034303,26.55821171,0.0002709873066,94527,16086,13862,99140,2389
3361MV,E,2012,100302.5956,20614,14683,106235,0.1463870393,1.404414421,1.400177546e-05,99140,20614,14683,106235,1164
3361MV,E,2013,106235,23314.69152,15672.96627,113925.225,0.1475310987,48.4997241,0.0004565324431,106235,23395,15727,114097,194
3361MV,E,2014,113925.225,24887.51703,16831.21819,122040.1199,0.1477391701,58.5960528,0.0005143378283,114097,25148,17004,122600,359
3361MV,E,2015,122040.1199,23536.71449,17849.86578,127771.027,0.1462622767,44.05838577,0.0003610155891,122600,23680,17958,127480,-842
3361MV,E,2016,127771.027,18371.09495,18289.08866,127862.7942,0.1431395606,9.760968545,7.639422471e-05,127480,18417,18340,127720,163
3361MV,E,2017,127862.7942,20065.7661,18428.88777,129351.479,0.1441301817,-148.1935776,-0.001159004685,127720,20253,18612,130475,1114
3361MV,E,2018,129351.479,23183.14919,18889.67404,133592.0389,0.146033692,-52.91517403,-0.000409080549,130475,23814,19417,137926,3054
3361MV,E,2019,133592.0389,19400.25538,19248.24966,133724.6011,0.1440823107,-19.44356035,-0.0001455443042,137926,20232,20091,138958,891
3361MV,N,2008,54643.83177,15741.11611,19654.76141,50729.59896,0.3596885645,-0.5875139626,-1.075169774e-05,50597,14857,18504,47407,457
3361MV,N,2009,50729.59896,13946.689,18154.58273,46522.63701,0.3578696284,0.9317748219,1.836747857e-05,47407,13020,16915,43684,172
3361MV,N,2010,46522.63701,13720.74823,16818.57304,43424.64681,0.3615137516,-0.1653813611,-3.554857845e-06,43684,13086,16001,41723,954
3361MV,N,2011,43424.64681,15376.88182,16137.41736,42661.27606,0.3716188511,-2.835220336,-6.529057907e-05,41723,15059,15797,42121,1136
3361MV,N,2012,42661.27606,17833,16320,44172,0.3825483321,-2.27605783,-5.335184599e-05,42121,17833,16320,44172,538
3361MV,N,2013,44172,19156.10316,17056.58916,46266.07126,0.3861402961,-5.442740643,-0.0001232169846,44172,19340,17229,47758,1475
3361MV,N,2014,46266.07126,20667.30103,18004.81772,48924.11618,0.3891581289,-4.438391533,-9.593188728e-05,47758,21279,18545,51141,649
3361MV,N,2015,48924.11618,20905.22097,18899.54584,50926.87943,0.3863032655,-2.911873427,-5.951816107e-05,51141,21846,19746,52750,-491
3361MV,N,2016,50926.87943,23748.88332,19952.87848,54728.36841,0.3917946417,5.484137859,0.000107686509,52750,24502,20540,57724,1012
3361MV,N,2017,54728.36841,25078.22448,21315.60525,58489.33489,0.3894800059,-1.652741308,-3.01989874e-05,57724,26597,22571,63915,2165
3361MV,N,2018,58489.33489,26359.35794,22715.96351,62126.78063,0.3883778736,-5.948681631,-0.0001017054073,63915,28787,24834,69172,1304
3361MV,N,2019,62126.78063,25445.75072,23741.52647,63829.88208,0.3821464145,-1.122815366,-1.807296876e-05,69172,28245,26330,72131,1044
3361MV,S,2008,52632.59611,1647.163304,1633.572514,52645.14366,0.03103727793,-1.043239552,-1.982116842e-05,48930,1582,1570,52743,3801
3361MV,S,2009,52645.14366,1086.990528,1625.486983,52103.40147,0.03087629494,-3.245735226,-6.165307948e-05,52743,1066,1594,49497,-2718
3361MV,S,2010,52103.40147,1987.173791,1623.717703,52466.03891,0.0311633724,-0.8186482914,-1.571199323e-05,49497,1898,1550,50017,172
3361MV,S,2011,52466.03891,1929.508073,1634.550224,52759.37096,0.0311544431,-1.625805878,-3.098777631e-05,50017,1884,1595,52092,1786
3361MV,S,2012,52759.37096,3864,1676,54930,0.03176686851,-17.37095514,-0.000329248716,52092,3864,1676,54930,650
3361MV,S,2013,54930,3305.674618,1735.478939,56506.25665,0.03159437355,6.06096981,0.0001103398837,54930,3381,1776,58723,2188
3361MV,S,2014,56506.25665,2701.025492,1775.128732,57436.55821,0.03141472887,4.404804203,7.795250411e-05,58723,2854,1875,60930,1228
3361MV,S,2015,57436.55821,3222.917968,1813.85546,58851.58794,0.03158015585,5.967214372,0.0001038922693,60930,3470,1951,63454,1005
3361MV,S,2016,58851.58794,2459.512619,1846.298376,59466.98957,0.03137210806,2.187390577,3.716791091e-05,63454,2663,1998,64414,295
3361MV,S,2017,59466.98957,3662.741535,1882.334496,61191.10447,0.03165343513,-56.29213512,-0.000946611482,64414,4067,2091,68686,2296
3361MV,S,2018,61191.10447,4359.423015,1947.655449,63597.93169,0.03182906185,-4.940348902,-8.073639044e-05,68686,5066,2263,75565,4076
3361MV,S,2019,63597.93169,2717.864339,1996.281398,64325.46871,0.03138909309,5.954078531,9.362063157e-05,75565,3343,2455,79666,3213
3364OT,E,2008,36577.62519,6998.234302,4681.309735,38887.34515,0.1279828778,-7.204602313,-0.0001969674706,33987,6747,4496,37408,1170
3364OT,E,2009,38887.34515,4957.387165,4858.804422,38982.10211,0.124945645,-3.825784391,-9.838121827e-05,37408,4820,4700,37264,-264
3364OT,E,2010,38982.10211,5061.606916,4882.335068,39154.96249,0.1252455564,-6.411464389,-0.0001644720023,37264,4903,4730,37879,442
3364OT,E,2011,39154.96249,6362.49053,4991.117739,40530.67471,0.1274708855,4.339427657,0.0001108270161,37879,6261,4916,40095,871
3364OT,E,2012,40530.67471,5810,5130,41206,0.1265708019,-4.674712445,-0.0001153376419,40095,5810,5130,41206,431
3364OT,E,2013,41206,6164.200502,5237.843887,42146.28981,0.1271136215,13.93319771,0.0003381351674,41206,6207,5260,42342,189
3364OT,E,2014,42146.28981,6281.560146,5350.714919,43092.49183,0.1269557758,15.35679265,0.0003643687907,42342,6392,5418,43563,247
3364OT,E,2015,43092.49183,6317.897356,5453.629778,43977.82171,0.1265563802,21.06229933,0.0004887695846,43563,6443,5522,44256,-228
3364OT,E,2016,43977.82171,6001.924274,5530.139499,44469.67364,0.1257483723,20.06715388,0.000456301679,44256,6127,5590,44975,182
3364OT,E,2017,44469.67364,7898.090398,5675.777246,46660.95382,0.1276325365,-31.03296935,-0.0006978456736,44975,8234,5810,47944,545
3364OT,E,2018,46660.95382,7336.898982,5888.792476,48120.17129,0.1262038598,11.11096428,0.0002381212421,47944,7801,6153,50725,1133
3364OT,E,2019,48120.17129,6798.017454,6028.724314,48917.83326,0.1252847642,28.36882501,0.0005895412308,50725,7286,6427,52218,634
3364OT,N,2008,61596.82095,18013.92136,15949.22031,63655.51751,0.2589292769,-6.004489282,-9.748050613e-05,57190,17165,15160,59698,503
3364OT,N,2009,63655.51751,19403.29698,16657.15343,66400.8688,0.2616765063,-0.7922556573,-1.244598565e-05,59698,18219,15668,62502,253
3364OT,N,2010,66400.8688,14867.34753,16757.97156,64513.75905,0.2523757875,3.514270888,5.29250739e-05,62502,14213,16012,62033,1330
3364OT,N,2011,64513.75905,13704.83426,16251.05001,61967.24788,0.2519005287,-0.2954208336,-4.579191136e-06,62033,13472,15940,61204,1639
3364OT,N,2012,61967.24788,13273,15741,59498,0.2540212861,-1.247879074,-2.01377198e-05,61204,13273,15741,59498,762
3364OT,N,2013,59498,16067.08908,15572.04339,59991.30311,0.2617238124,-1.742577952,-2.928800887e-05,59498,16212,15718,61832,1840
3364OT,N,2014,59991.30311,15675.33307,15657.62188,60009.21882,0.2609981959,0.2045159495,3.409093301e-06,61832,16108,16089,62627,776
3364OT,N,2015,60009.21882,16764.09819,15744.77663,61026.27226,0.2623726311,-2.268117246,-3.779614683e-05,62627,17487,16392,63165,-557
3364OT,N,2016,61026.27226,18949.03112,16136.85009,63834.6089,0.2644246403,-3.844386625,-6.299559981e-05,63165,19521,16575,67244,1133
3364OT,N,2017,63834.6089,17714.3636,16543.80452,65001.87479,0.2591666934,-3.293197347,-5.158952805e-05,67244,18720,17429,70894,2359
3364OT,N,2018,65001.87479,15910.69752,16552.4454,64356.5919,0.2546456614,-3.535008352,-5.438317531e-05,70894,17275,17953,71549,1333
3364OT,N,2019,64356.5919,13856.2415,16189.35699,62014.8386,0.2515570901,-8.637815146,-0.0001342180325,71549,15088,17766,69846,975
3364OT,S,2008,55169.75161,1717.014159,1714.522637,55175.73272,0.03107722233,3.489585389,6.325178721e-05,51398,1656,1648,55336,3930
3364OT,S,2009,55175.73272,1536.936306,1709.926824,55001.28516,0.03099055944,-1.457043763,-2.640732966e-05,55336,1508,1677,52289,-2878
3364OT,S,2010,55001.28516,1988.455535,1711.728421,55281.80021,0.03112160772,3.787941994,6.887006336e-05,52289,1902,1636,52728,173
3364OT,S,2011,55281.80021,1562.360292,1715.215426,55131.53927,0.03102676503,2.594189843,4.692665277e-05,52728,1528,1673,54436,1853
3364OT,S,2012,55131.53927,1335,1706,54736,0.03094417501,-24.53927025,-0.000445104029,54436,1335,1706,54736,671
3364OT,S,2013,54736,1567.136889,1696.014724,54601.04253,0.03098536108,-6.079631757,-0.0001110719044,54736,1602,1737,56767,2166
3364OT,S,2014,54601.04253,1528.071828,1691.17574,54431.36773,0.03097332324,-6.570887998,-0.0001203436362,56767,1612,1788,57796,1205
3364OT,S,2015,54431.36773,1832.477908,1690.043679,54569.59572,0.0310490761,-4.20624068,-7.727604238e-05,57796,1973,1821,58918,970
3364OT,S,2016,54569.59572,1985.048852,1695.510309,54853.87351,0.03107060418,-5.260753681,-9.640448333e-05,58918,2155,1840,59587,354
3364OT,S,2017,54853.87351,2415.325669,1708.654977,55470.35117,0.03114921276,-90.19303679,-0.001644241892,59587,2686,1902,62446,2075
3364OT,S,2018,55470.35117,2430.588911,1725.283233,56134.81403,0.03110279991,-40.84281329,-0.0007362998869,62446,2819,2009,66888,3632
3364OT,S,2019,56134.81403,2028.897713,1738.395589,56405.49275,0.03096822568,-19.82340657,-0.0003531392579,66888,2487,2143,70055,2823
337,E,2008,10673.39133,1144.070197,1477.05145,10348.51006,0.1383863297,8.099991979,0.0007588958123,9890,1121,1410,9864,263
337,E,2009,10348.51006,747.1299537,1407.067217,9688.687154,0.1359680967,0.1143539509,1.105028165e-05,9864,735,1356,9249,6
337,E,2010,9688.687154,835.9111721,1329.481822,9193.627182,0.1372200176,-1.489322186,-0.0001537176464,9249,816,1285,8893,113
337,E,2011,9193.627182,969.0236837,1277.838959,8883.094812,0.1389918183,-1.717095008,-0.000186770137,8893,961,1264,8794,204
337,E,2012,8883.094812,1215,1262,8832,0.1420676044,-4.094811854,-0.0004609668073,8794,1215,1262,8832,85
337,E,2013,8832,1127.444849,1256.86734,8694.15845,0.1423083492,-8.419058826,-0.0009532448852,8832,1132,1264,8690,-10
337,E,2014,8694.15845,1102.532381,1239.482596,8557.109742,0.1425649882,-0.09849211815,-1.132853958e-05,8690,1109,1252,8577,30
337,E,2015,8557.109742,1440.263364,1238.69999,8758.884159,0.1447568194,0.2110429735,2.466288032e-05,8577,1443,1249,8714,-57
337,E,2016,8758.884159,1537.108093,1269.541107,9023.785162,0.1449432466,-2.665983575,-0.0003043747955,8714,1538,1276,8989,13
337,E,2017,9023.785162,1499.092078,1300.655028,9221.698334,0.1441363025,-0.5238782421,-5.805526536e-05,8989,1518,1313,9275,81
337,E,2018,9221.698334,1744.318816,1341.203818,9625.819159,0.1454400014,1.005827566,0.0001090718358,9275,1796,1377,9876,182
337,E,2019,9625.819159,1906.761999,1404.95593,10135.9212,0.1459570252,8.29597171,0.0008618457892,9876,1989,1463,10478,76
337,N,2008,2158.633761,586.0181771,560.4794129,2182.127356,0.2596454402,-2.045168761,-0.0009474366603,2078,602,578,2114,12
337,N,2009,2182.127356,572.0391276,554.4530891,2200.7789,0.254088327,1.065505837,0.0004882876491,2114,566,558,2110,-12
337,N,2010,2200.7789,557.0878492,541.0492159,2215.463515,0.2458444216,-1.354018183,-0.0006152449856,2110,546,536,2153,33
337,N,2011,2215.463515,624.5671786,544.4447638,2293.837685,0.2457475648,-1.748245678,-0.0007891105703,2153,620,543,2276,46
337,N,2012,2293.837685,716,579,2429,0.2524154189,-1.837684556,-0.0008011397528,2276,716,579,2429,16
337,N,2013,2429,733.7518697,619.6436601,2539.687457,0.2551023714,-3.420752594,-0.001408296663,2429,731,618,2606,64
337,N,2014,2539.687457,720.6452947,641.0730833,2616.093508,0.2524220378,-3.166160125,-0.001246673136,2606,724,644,2710,24
337,N,2015,2616.093508,818.9318437,678.1075398,2755.263634,0.2592061551,-1.654178251,-0.000632308534,2710,817,680,2819,-28
337,N,2016,2755.263634,900.1915011,734.9407241,2917.803178,0.2667406178,-2.711232799,-0.0009840193751,2819,885,724,3018,38
337,N,2017,2917.803178,903.0250308,780.8185803,3036.677223,0.2676049523,-3.332405392,-0.001142093962,3018,899,775,3225,83
337,N,2018,3036.677223,1043.382527,840.2207956,3237.596601,0.2766908479,-2.24235363,-0.0007384234363,3225,1033,837,3462,41
337,N,2019,3237.596601,1138.89593,924.4346926,3447.313759,0.2855311537,-4.744078584,-0.001465308736,3462,1125,917,3696,26
337,S,2008,11391.07769,234.1219512,349.4860828,11272.5618,0.03068068643,-3.151762768,-0.0002766869697,10590,219,333,11284,808
337,S,2009,11272.5618,151.7804878,344.063277,11080.68676,0.03052219037,0.4077507459,3.617196812e-05,11284,148,336,10526,-570
337,S,2010,11080.68676,139.2439024,337.7382631,10879.86376,0.0304799035,-2.328639602,-0.0002101530034,10526,131,320,10369,32
337,S,2011,10879.86376,141.2439024,332.3250139,10686.97826,0.03054496098,-1.804382737,-0.0001658460784,10369,137,321,10553,368
337,S,2012,10686.97826,122,325,10477,0.03041084131,-6.978262921,-0.0006529687578,10553,122,325,10477,127
337,S,2013,10477,204.3658537,320.5771943,10358.4565,0.03059818596,-2.332156425,-0.0002225977307,10477,206,328,10755,400
337,S,2014,10358.4565,252.7560976,317.8705697,10288.64912,0.03068705937,-4.692906127,-0.0004530507152,10755,261,334,10907,225
337,S,2015,10288.64912,227.6341463,315.2521804,10197.1657,0.03064077476,-3.865391504,-0.0003756947542,10907,241,338,10989,179
337,S,2016,10197.1657,253.2682927,313.447764,10133.80132,0.03073871439,-3.184906425,-0.0003123325166,10989,268,337,10982,62
337,S,2017,10133.80132,453.7804878,313.6337911,10253.95728,0.03094927373,-19.99073756,-0.00197267905,10982,489,346,11504,379
337,S,2018,10253.95728,425.9756098,316.5359993,10346.85638,0.03086964287,-16.54050702,-0.001613085228,11504,477,364,12277,660
337,S,2019,10346.85638,415.5853659,318.5264428,10433.5439,0.03078485203,-10.37140414,-0.001002372484,12277,492,389,12898,518
339,E,2008,31898.94197,4946.144023,4338.82159,32505.52537,0.1360177273,-0.7390310604,-2.316788629e-05,29970,4856,4213,31402,789
339,E,2009,32505.52537,4208.900274,4402.715867,32298.88574,0.1354451533,-12.82403958,-0.0003945187606,31402,4162,4299,31175,-90
339,E,2010,32298.88574,4702.737075,4449.323175,32542.87678,0.1377546956,-9.422862621,-0.0002917395571,31175,4655,4354,31742,266
339,E,2011,32542.87678,5120.134875,4564.625615,33096.27379,0.1402649694,-2.112248673,-6.490663648e-05,31742,5110,4522,32893,563
339,E,2012,33096.27379,5479,4713,33825,0.1424027378,-37.27378806,-0.0011262231,32893,5479,4713,33825,166
339,E,2013,33825,5707.584192,4884.013759,34623.21695,0.1443906507,-25.35348666,-0.0007495487556,33825,5634,4863,34484,-112
339,E,2014,34623.21695,6362.825793,5092.16932,35853.06359,0.1470738357,-40.80983249,-0.001178684019,34484,6183,5039,35589,-39
339,E,2015,35853.06359,7534.354313,5403.656818,37946.50795,0.1507167387,-37.25313598,-0.001039050286,35589,7264,5298,37274,-281
339,E,2016,37946.50795,7776.058858,5761.323273,39910.48714,0.1518274957,-50.75638865,-0.001337577327,37274,7391,5576,38991,-98
339,E,2017,39910.48714,6485.34837,5979.315484,40353.95728,0.1498181534,-62.56274295,-0.00156757653,38991,6121,5756,39456,100
339,E,2018,40353.95728,8950.148513,6262.44476,42975.19282,0.1551878721,-66.46821722,-0.001647130088,39456,8366,6009,42190,377
339,E,2019,42975.19282,8866.842997,6690.373021,45105.43988,0.1556798837,-46.2229132,-0.001075571979,42190,8253,6390,44152,99
339,N,2008,25179.74845,5415.474979,4968.363881,25622.59651,0.1973158664,-4.263042886,-0.0001693044271,23411,5244,4784,24070,199
339,N,2009,25622.59651,6034.94262,5167.868356,26487.66067,0.2016918291,-2.010103105,-7.845040622e-05,24070,5767,4932,24979,74
339,N,2010,26487.66067,6046.185097,5379.664212,27149.02805,0.2031007675,-5.153506077,-0.0001945625226,24979,5843,5196,26156,530
339,N,2011,27149.02805,6823.815861,5640.858705,28326.08025,0.207773873,-5.904953176,-0.0002175014577,26156,6738,5571,28013,690
339,N,2012,28326.08025,7292,6011,29601,0.2122072643,-6.08025251,-0.0002146520964,28013,7292,6011,29601,307
339,N,2013,29601,7570.388511,6348.366081,30821.20595,0.2144645816,-1.816477215,-6.136540032e-05,29601,7610,6375,31766,930
339,N,2014,30821.20595,7544.074568,6580.176083,31788.45261,0.2134950882,3.34817214,0.0001086320939,31766,7689,6695,33149,389
339,N,2015,31788.45261,7828.154657,6827.368726,32787.52327,0.2147751201,-1.715270631,-5.395892187e-05,33149,8024,6999,33854,-320
339,N,2016,32787.52327,8339.686969,7129.147211,33997.53502,0.2174347587,-0.5280075002,-1.610391538e-05,33854,8425,7187,35661,569
339,N,2017,33997.53502,8123.416067,7313.528322,34809.8937,0.2151193702,2.470932238,7.267974684e-05,35661,8421,7526,37764,1208
339,N,2018,34809.8937,9107.697448,7601.599016,36309.37747,0.218374669,-6.614656764,-0.0001900223201,37764,9526,7986,39994,690
339,N,2019,36309.37747,9372.12669,8027.404192,37655.00531,0.2210834983,0.9053377004,2.493399126e-05,39994,9929,8477,41978,532
339,S,2008,32905.18108,980.1051807,1015.753877,32872.1027,0.03086911676,2.57031637,7.811281645e-05,30589,940,975,32916,2362
339,S,2009,32872.1027,841.0182585,1013.945935,32698.31267,0.0308451803,-0.8623556604,-2.623366288e-05,32916,823,993,31061,-1685
339,S,2010,32698.31267,697.5844959,1004.035742,32389.76527,0.03070604137,-2.096153431,-6.41058593e-05,31061,669,959,30875,104
339,S,2011,32389.76527,925.8788412,998.6220089,32315.51226,0.03083140617,-1.509842097,-4.661478971e-05,30875,902,975,31906,1104
339,S,2012,32315.51226,856,995,32159,0.03079016641,-17.51226125,-0.0005419150131,31906,856,995,32159,392
339,S,2013,32159,797.8794418,989.5959988,31975.51505,0.0307719767,8.231604366,0.0002559658063,32159,824,1013,33210,1240
339,S,2014,31975.51505,899.8044889,986.9728187,31909.23432,0.03086651825,20.88760424,0.0006532374602,33210,970,1042,33833,695
339,S,2015,31909.23432,903.9211183,985.2749173,31850.45282,0.03087742274,22.57229724,0.0007073907513,33833,993,1061,34320,555
339,S,2016,31850.45282,919.5968848,983.477878,31814.17067,0.03087798731,27.59883968,0.0008665132591,34320,1025,1065,34458,178
339,S,2017,31814.17067,820.5417736,979.8429669,31656.03199,0.03079894734,1.162520799,3.654097451e-05,34458,959,1087,35513,1183
339,S,2018,31656.03199,923.4446584,978.0540271,31658.49865,0.0308962926,57.07602153,0.001803006187,35513,1147,1134,37577,2051
339,S,2019,31658.49865,1059.307976,978.8513287,31821.92367,0.03091906978,82.96837196,0.002620729836,37577,1398,1202,39360,1587
42,E,2008,225673.4339,31988.73963,35074.22615,222568.7836,0.1554202706,-19.16374429,-8.491803384e-05,213190,31721,34112,215317,4518
42,E,2009,222568.7836,23931.23905,33969.50595,212477.3168,0.1526247545,-53.19987208,-0.000239026656,215317,23868,33194,205224,-767
42,E,2010,212477.3168,32523.85791,33189.07281,211778.6722,0.1562005456,-33.42971042,-0.0001573330787,205224,32037,32403,206161,1303
42,E,2011,211778.6722,39487.95425,33824.10686,217433.884,0.1597144155,-8.635628727,-4.077666857e-05,206161,39169,33451,215719,3840
42,E,2012,217433.884,41821,35039,224189,0.1611478366,-26.88397436,-0.0001236420648,215719,41821,35039,224189,1688
42,E,2013,224189,37528.84804,35951.9765,225734.0448,0.1603645875,-31.82671597,-0.0001419637715,224189,37490,35973,225318,-388
42,E,2014,225734.0448,46009.48631,37019.12329,234725.7198,0.1639944179,1.311929771,5.811838317e-06,225318,46004,37109,234432,219
42,E,2015,234725.7198,42449.97101,38281.42694,238883.9485,0.1630900396,-10.3153501,-4.394639886e-05,234432,42300,38268,236443,-2021
42,E,2016,238883.9485,43932.07084,39255.90258,243546.8128,0.1643304325,-13.3039577,-5.569213749e-05,236443,43464,38984,240491,-432
42,E,2017,243546.8128,43874.12149,40161.73947,247261.3787,0.1649035724,2.183845536,8.966840958e-06,240491,43555,40017,245463,1434
42,E,2018,247261.3787,44766.67517,41008.02237,251010.1604,0.1658488786,-9.871058619,-3.992155456e-05,245463,45083,41469,253051,3974
42,E,2019,251010.1604,45264.51279,41858.00474,254413.1518,0.1667582088,-3.51667695,-1.401009801e-05,253051,45814,42538,256582,255
42,N,2008,42746.00583,17204.48573,15498.45042,44450.82533,0.3625707272,-1.215816531,-2.844281022e-05,42577,17875,16134,44689,371
42,N,2009,44450.82533,15315.32895,15761.12789,44007.15403,0.3545744712,2.127644404,4.786512709e-05,44689,15717,16163,43591,-652
42,N,2010,44007.15403,16683.58924,15850.21745,44835.4826,0.3601736534,-5.043234423,-0.0001146003311,43591,16740,15910,44433,12
42,N,2011,44835.4826,19896.15869,16725.10898,47988.80001,0.3730328751,-17.73230049,-0.0003954970365,44433,20038,16844,48083,456
42,N,2012,47988.80001,21229,18143,51054,0.3780673823,-20.80000939,-0.0004334346637,48083,21229,18143,51054,-115
42,N,2013,51054,20206.24816,19091.25461,52159.68877,0.3739423867,-9.304780572,-0.0001822537034,51054,20091,18981,52592,428
42,N,2014,52159.68877,25512.06135,20507.27744,57124.46331,0.3931633398,-40.00937573,-0.0007670554919,52592,25195,20264,57487,-36
42,N,2015,57124.46331,24910.51657,22211.46507,59804.78096,0.3888257987,-18.73385981,-0.0003279481105,57487,24420,21722,59663,-522
42,N,2016,59804.78096,28668.6642,23764.38108,64668.43918,0.3973659079,-40.62490324,-0.0006792918992,59663,27671,22897,64408,-29
42,N,2017,64668.43918,31607.81058,25984.41045,70245.31097,0.4018097666,-46.5283335,-0.0007194905907,64408,30316,24809,70367,452
42,N,2018,70245.31097,34909.83052,28390.55124,76721.80955,0.4041629376,-42.78070746,-0.0006090186928,70367,33215,26657,76577,-348
42,N,2019,76721.80955,37301.32685,30635.23423,83360.25708,0.3993028111,-27.64510053,-0.0003603290993,76577,35498,28502,83127,-446
42,S,2008,242371.8971,13541.34962,6114.265428,249841.6445,0.02522679197,42.66324409,0.0001760238897,223504,12887,5809,245934,15352
42,S,2009,249841.6445,9816.770635,6271.652134,253398.1441,0.02510250901,11.38108534,4.555319574e-05,245934,9551,6093,237557,-11835
42,S,2010,253398.1441,7074.300969,6347.972612,254118.3185,0.02505137768,-6.153990453,-2.428585448e-05,237557,6705,5993,239430,1161
42,S,2011,254118.3185,7785.977812,6388.303144,255520.3295,0.02513908947,4.336319371,1.706417466e-05,239430,7563,6179,250378,9564
42,S,2012,255520.3295,7646,6432,256730,0.02517216541,-4.329488672,-1.694381297e-05,250378,7646,6432,256730,5138
42,S,2013,256730,7384.377033,6468.656542,257638.6255,0.02519634068,-7.0950404,-2.763619523e-05,256730,7531,6612,265211,7562
42,S,2014,257638.6255,10509.22406,6531.337378,261628.2402,0.02535076938,11.72803874,4.552127507e-05,265211,11025,6858,275412,6034
42,S,2015,261628.2402,15416.45787,6706.557693,270387.9408,0.0256339212,49.8004387,0.000190348101,275412,16506,7177,289769,5028
42,S,2016,270387.9408,17169.18441,6954.659018,280657.4168,0.02572103992,54.95061301,0.0002032287862,289769,18604,7547,305071,4245
42,S,2017,280657.4168,15349.50846,7185.88141,288885.0103,0.0256037467,63.96648058,0.0002279165871,305071,16968,8000,323364,9325
42,S,2018,288885.0103,14637.72971,7366.666377,296219.2706,0.02550034136,63.19696025,0.0002187616456,323364,16804,8513,346606,14951
42,S,2019,296219.2706,12022.2895,7503.065825,300777.4653,0.02532943184,38.9710224,0.0001315614015,346606,14488,9104,366924,14934
441,E,2008,26947.39336,3270.523618,4324.515512,25865.75196,0.1604799193,-27.64950176,-0.00102605478,25579,3208,4195,25091,499
441,E,2009,25865.75196,2113.140094,4049.392258,23929.96758,0.1565542059,0.4677834902,1.808505281e-05,25091,2094,3949,23197,-39
441,E,2010,23929.96758,3762.713519,3887.590686,23806.327,0.1624569976,1.236583989,5.167512179e-05,23197,3669,3784,23208,126
441,E,2011,23806.327,4672.980131,3980.279536,24507.74389,0.167194189,8.716296755,0.000366133623,23208,4616,3933,24373,482
441,E,2012,24507.74389,6184,4254,26378,0.1735777891,-59.7438932,-0.002437755734,24373,6184,4254,26378,75
441,E,2013,26378,4641.104898,4490.941543,26531.9306,0.1702532998,3.767241792,0.0001428175674,26378,4651,4501,26581,53
441,E,2014,26531.9306,5767.308928,4626.487101,27677.39379,0.1743743104,4.641365036,0.0001749350662,26581,5802,4662,27833,112
441,E,2015,27677.39379,5482.035462,4792.932768,28361.1659,0.1731713905,-5.330576679,-0.0001925967712,27833,5515,4838,28402,-108
441,E,2016,28361.1659,6085.463915,4973.103384,29469.0136,0.175349046,-4.512834171,-0.0001591201922,28402,6094,5001,29536,41
441,E,2017,29469.0136,6945.74577,5219.896117,31129.53088,0.1771316878,-65.33237216,-0.002216985375,29536,6949,5270,31228,13
441,E,2018,31129.53088,6978.883563,5492.164794,32550.96204,0.1764294109,-65.28761004,-0.002097288594,31228,7042,5593,33074,397
441,E,2019,32550.96204,6764.309118,5723.377711,33589.18579,0.1758282199,-2.70766163,-8.318223058e-05,33074,6852,5869,34190,133
441,N,2008,3146.74125,985.3457866,1085.579079,3048.082948,0.3449851746,1.574991132,0.0005005149794,3200,1064,1197,3075,8
441,N,2009,3048.082948,834.324982,983.3278186,2901.442208,0.3226053343,2.362096501,0.0007749449543,3075,874,1043,2852,-54
441,N,2010,2901.442208,930.025646,929.1616477,2903.324148,0.320241308,1.017941894,0.000350839969,2852,946,948,2868,18
441,N,2011,2903.324148,1036.956086,941.8624067,2995.298627,0.3244082847,-3.119200699,-0.00107435496,2868,1052,959,3001,40
441,N,2012,2995.298627,1199,1012,3179,0.3378628064,-3.298626516,-0.001101267996,3001,1199,1012,3179,-9
441,N,2013,3179,1076.750693,1045.196541,3213.483552,0.3287815479,2.929399761,0.0009214846686,3179,1066,1032,3274,61
441,N,2014,3213.483552,1376.801474,1075.373739,3514.961685,0.3346442333,0.05039842797,1.568342491e-05,3274,1359,1056,3591,14
441,N,2015,3514.961685,1432.410258,1152.007802,3796.027304,0.3277440566,0.6631626193,0.0001886685201,3591,1418,1121,3842,-46
441,N,2016,3796.027304,1706.094733,1241.687617,4260.082329,0.3271018666,-0.3520901678,-9.275227483e-05,3842,1666,1194,4352,38
441,N,2017,4260.082329,2085.475402,1413.777448,4928.115604,0.3318662266,-3.664679156,-0.000860236698,4352,2047,1366,5137,104
441,N,2018,4928.115604,2390.888893,1635.820637,5683.34094,0.3319363361,0.1570804123,3.187433593e-05,5137,2368,1582,5972,49
441,N,2019,5683.34094,2572.728017,1833.122955,6420.65716,0.3225431967,-2.288843223,-0.0004027284737,5972,2583,1779,6818,42
441,S,2008,172926.4898,2226.348194,4405.072958,170548.0752,0.02547367359,-199.6898752,-0.001154767412,158798,2134,4183,167093,10344
441,S,2009,170548.0752,1394.673678,4337.23616,167583.0969,0.02543116453,-22.41585103,-0.0001314342071,167093,1361,4205,155986,-8263
441,S,2010,167583.0969,1648.652056,4267.614517,164941.1947,0.02546566209,-22.9397423,-0.0001368857762,155986,1558,4015,154477,948
441,S,2011,164941.1947,1803.173666,4203.356912,162520.8066,0.02548397276,-20.204792,-0.0001224969422,154477,1744,4053,158437,6269
441,S,2012,162520.8066,2107,4140,160051,0.02547366141,-436.8066351,-0.002687696696,158437,2107,4140,160051,3647
441,S,2013,160051,3151.125215,4097.42954,159096.576,0.02560077438,-8.119722938,-5.073209751e-05,160051,3234,4209,163571,4495
441,S,2014,159096.576,2020.266823,4057.366071,157038.5086,0.02550253547,-20.96810048,-0.0001317947942,163571,2130,4270,165041,3610
441,S,2015,157038.5086,2539.880644,4014.561637,155555.6161,0.02556418596,-8.21150157,-5.228973226e-05,165041,2732,4304,166501,3032
441,S,2016,155555.6161,3290.028825,3986.949029,154861.0606,0.02563037664,2.364731163,1.520183727e-05,166501,3598,4343,168414,2658
441,S,2017,154861.0606,3245.532963,3964.702122,153842.3667,0.02560167227,-299.5247283,-0.001934151342,168414,3649,4439,172568,4944
441,S,2018,153842.3667,2895.104608,3934.404081,152531.9292,0.02557425607,-271.1381051,-0.001762441068,172568,3372,4556,177640,6256
441,S,2019,152531.9292,2523.669957,3897.838932,151153.751,0.02555424922,-4.009235842,-2.628456785e-05,177640,3082,4740,184223,8241
445,E,2008,50873.55336,8372.624443,7270.21517,51949.99058,0.1429075559,-25.97205633,-0.0005105217665,47127,8085,6971,49970,1729
445,E,2009,51949.99058,6880.955042,7333.394537,51501.98289,0.1411625768,4.431804089,8.530904509e-05,49970,6709,7105,49393,-181
445,E,2010,51501.98289,9703.369486,7513.106774,53697.43817,0.1458799517,5.192570997,0.0001008227394,49393,9446,7285,52050,496
445,E,2011,53697.43817,7921.119373,7755.344635,53870.13612,0.1444267157,6.923206024,0.0001289299129,52050,7839,7651,53437,1199
445,E,2012,53870.13612,7720,7800,53645,0.1447926544,-145.1361167,-0.002694185074,53437,7720,7800,53645,288
445,E,2013,53645,6967.535923,7764.552191,52846.55374,0.1447395319,-1.429994818,-2.665662816e-05,53645,6984,7792,52952,115
445,E,2014,52846.55374,7535.336568,7704.571019,52672.12339,0.1457913615,-5.195896633,-9.832044412e-05,52952,7582,7775,53031,272
445,E,2015,52672.12339,8029.497144,7717.977095,52983.16358,0.1465286873,-0.4798560102,-9.110246166e-06,53031,8088,7795,53082,-242
445,E,2016,52983.16358,7968.309861,7745.214754,53205.87386,0.146182565,-0.3848296984,-7.263245008e-06,53082,7998,7791,53352,63
445,E,2017,53205.87386,8126.036991,7744.206574,53502.54367,0.1455517223,-85.16060172,-0.001600586468,53352,8258,7861,54253,504
445,E,2018,53502.54367,8342.463661,7759.567097,54011.38696,0.1450317418,-74.05327859,-0.001384107624,54253,8657,8027,55954,1071
445,E,2019,54011.38696,8574.706029,7807.907024,54801.3619,0.1445603874,23.17593584,0.0004290935143,55954,8994,8180,57150,382
445,N,2008,3451.507588,1379.393935,1188.020906,3642.949215,0.3442034751,0.06859758571,1.98746733e-05,3459,1485,1293,3663,12
445,N,2009,3642.949215,1267.280688,1221.179223,3688.099475,0.3352171966,-0.951204731,-0.0002611084248,3663,1333,1291,3637,-68
445,N,2010,3688.099475,1442.75054,1260.934951,3867.361935,0.3418928801,-2.553127778,-0.0006922610943,3637,1472,1290,3836,17
445,N,2011,3867.361935,1361.488284,1287.709838,3940.2112,0.3329685351,-0.9291805457,-0.0002402621118,3836,1377,1310,3950,47
445,N,2012,3940.2112,1397,1286,4050,0.3263784439,-1.211199935,-0.0003073946734,3950,1397,1286,4050,-11
445,N,2013,4050,1608.61906,1337.224142,4321.091712,0.3301788006,-0.3032056064,-7.486558183e-05,4050,1593,1321,4402,80
445,N,2014,4321.091712,2013.206059,1477.166149,4853.541042,0.3418502192,-3.590579052,-0.0008309425701,4402,1987,1450,4955,16
445,N,2015,4853.541042,2454.568223,1715.423236,5587.71955,0.3534374637,-4.966478502,-0.001023269085,4955,2408,1668,5630,-65
445,N,2016,5587.71955,2953.64286,2022.137994,6512.003437,0.3618896717,-7.220979833,-0.001292294606,5630,2854,1934,6592,42
445,N,2017,6512.003437,3498.964359,2396.741165,7606.677235,0.3680497389,-7.549395298,-0.001159304563,6592,3384,2289,7816,129
445,N,2018,7606.677235,4035.063595,2812.037282,8819.888253,0.3696801106,-9.815296014,-0.001290352635,7816,3904,2670,9093,43
445,N,2019,8819.888253,4486.057285,3222.15411,10076.33162,0.3653282238,-7.459807113,-0.0008457938354,9093,4361,3050,10431,27
445,S,2008,170911.9232,4434.545433,4429.785258,170635.4576,0.02591852677,-281.2257937,-0.001645442801,156654,4132,4197,167011,10422
445,S,2009,170635.4576,2304.996102,4396.620411,168487.5454,0.02576615946,-56.28795092,-0.0003298725347,167011,2203,4260,156754,-8200
445,S,2010,168487.5454,1951.986087,4338.225644,166064.3842,0.02574804942,-36.92157646,-0.0002191353455,156754,1825,4082,155460,963
445,S,2011,166064.3842,2338.015004,4280.948994,164091.4028,0.02577885086,-30.04743031,-0.0001809384381,155460,2248,4128,159908,6328
445,S,2012,164091.4028,2023,4221,161453,0.02572346831,-440.402801,-0.002683887111,159908,2023,4221,161453,3743
445,S,2013,161453,2408.15648,4163.598198,159675.3712,0.02578829875,-22.18704341,-0.0001374210663,161453,2470,4276,164142,4495
445,S,2014,159675.3712,3496.142672,4131.972606,159028.0152,0.02587733208,-11.52605615,-7.218430782e-05,164142,3680,4351,167121,3650
445,S,2015,159028.0152,3763.033022,4117.311503,158657.7211,0.02589047908,-16.01562952,-0.000100709485,167121,4034,4417,169840,3102
445,S,2016,158657.7211,4940.139965,4121.290688,159465.3386,0.02597598565,-11.23185706,-7.079300636e-05,169840,5383,4493,173523,2793
445,S,2017,159465.3386,4466.075676,4130.495471,159481.6566,0.02590215221,-319.2621351,-0.002002078558,173523,5003,4630,179018,5122
445,S,2018,159481.6566,4784.86214,4131.805923,159834.998,0.02590771886,-299.7148386,-0.001879306028,179018,5542,4794,186177,6411
445,S,2019,159834.998,3677.073555,4128.760741,159360.9638,0.02583139358,-22.34704941,-0.0001398132429,186177,4473,5027,194328,8705
452,E,2008,42923.18784,5216.563175,6421.394112,41671.2754,0.1496019852,-47.08150851,-0.001096878188,40231,5220,6306,40667,1522
452,E,2009,41671.2754,3376.324341,6103.481743,38938.24659,0.1464673611,-5.871406798,-0.0001408981785,40667,3365,6004,37575,-453
452,E,2010,38938.24659,5089.104359,5820.532607,38202.70363,0.1494811173,-4.114712124,-0.0001056727635,37575,5015,5684,37111,205
452,E,2011,38202.70363,7585.384455,5906.152996,39877.62812,0.154600393,-4.306970334,-0.0001127399353,37111,7521,5844,39688,900
452,E,2012,39877.62812,7789,6176,41375,0.154873805,-115.6281158,-0.002899573553,39688,7789,6176,41375,74
452,E,2013,41375,8190.792112,6450.980167,43109.17055,0.1559149285,-5.641395467,-0.0001363479267,41375,8180,6464,43224,133
452,E,2014,43109.17055,7761.821304,6678.106828,44177.90972,0.1549115129,-14.9753067,-0.0003473809983,43224,7694,6729,44377,188
452,E,2015,44177.90972,10984.1628,7088.368687,48048.95185,0.1604505223,-24.75197773,-0.0005602795128,44377,10615,7091,47414,-487
452,E,2016,48048.95185,9768.437766,7565.902607,50216.32177,0.1574623861,-35.16524266,-0.0007318628463,47414,9086,7445,48865,-190
452,E,2017,50216.32177,10211.72837,7886.237369,52420.68964,0.157045301,-121.1231292,-0.002412027104,48865,9353,7737,50761,280
452,E,2018,52420.68964,11225.71104,8272.346277,55246.88632,0.1578068952,-127.1680827,-0.002425913959,50761,10360,8160,53690,729
452,E,2019,55246.88632,10896.3996,8657.90159,57445.72161,0.1567129329,-39.6627114,-0.0007179175886,53690,9887,8486,54992,-99
452,N,2008,4146.64626,2033.540937,1818.913828,4359.493816,0.4386469726,-1.779552259,-0.000429154586,4365,2252,2046,4569,-2
452,N,2009,4359.493816,1645.698331,1771.514491,4237.436446,0.4063578401,3.758790963,0.0008622081192,4569,1758,1925,4278,-124
452,N,2010,4237.436446,2105.732943,1777.766955,4562.664102,0.419538317,-2.738332593,-0.0006462238733,4278,2177,1844,4594,-17
452,N,2011,4562.664102,3101.650193,2134.349039,5515.083357,0.467785704,-14.88189942,-0.003261668861,4594,3189,2195,5601,13
452,N,2012,5515.083357,3579,2678,6402,0.4855774295,-14.08335652,-0.002553607192,5601,3579,2678,6402,-100
452,N,2013,6402,3860.227755,3138.227777,7115.510854,0.4901949043,-8.489124032,-0.001326011252,6402,3780,3068,7137,23
452,N,2014,7115.510854,3880.301107,3423.993099,7568.283663,0.4812013037,-3.535198973,-0.00049682996,7137,3740,3283,7536,-58
452,N,2015,7568.283663,5296.33276,3910.898309,8933.803531,0.5167483783,-19.91458359,-0.00263132098,7536,4980,3661,8723,-132
452,N,2016,8933.803531,5214.03219,4456.826224,9686.054202,0.4988722003,-4.955294096,-0.0005546679059,8723,4824,4081,9432,-34
452,N,2017,9686.054202,5669.027785,4786.273654,10561.22971,0.4941407052,-7.578619055,-0.0007824258358,9432,5195,4324,10371,68
452,N,2018,10561.22971,6932.306024,5345.599087,12130.22758,0.5061530931,-17.70906746,-0.001676799761,10371,6282,4751,11900,-2
452,N,2019,12130.22758,7472.142715,6005.661621,13586.69858,0.4950988413,-10.01009697,-0.0008252192224,11900,6805,5307,13408,10
452,S,2008,143788.5098,11781.76242,3777.835335,151809.8463,0.02627355509,17.40933178,0.0001210759594,131917,11176,3584,148606,9097
452,S,2009,151809.8463,7991.908811,3938.471689,155909.2591,0.02594345351,45.9757322,0.0003028507921,148606,7743,3818,145091,-7440
452,S,2010,155909.2591,5724.967658,4016.121541,157639.6988,0.02575935235,21.59358956,0.0001385010081,145091,5387,3779,147604,905
452,S,2011,157639.6988,5061.199261,4053.605931,158662.3253,0.02571437246,15.03314259,9.536393882e-05,147604,4883,3911,154658,6082
452,S,2012,158662.3253,4397,4067,158584,0.0256330543,-408.3253003,-0.0025735492,154658,4397,4067,158584,3596
452,S,2013,158584,5208.162487,4082.172451,159725.3424,0.02574138911,15.35235918,9.680900457e-05,158584,5354,4195,164176,4433
452,S,2014,159725.3424,5493.827327,4114.294261,161120.5461,0.02575855653,15.67059041,9.810960601e-05,164176,5783,4331,169291,3663
452,S,2015,161120.5461,5605.13051,4150.866892,162595.0621,0.0257624927,20.2524674,0.000125697609,169291,6012,4449,174002,3148
452,S,2016,162595.0621,5824.682779,4190.107864,164249.2413,0.02577020365,19.60425986,0.0001205710653,174002,6349,4565,178624,2838
452,S,2017,164249.2413,7059.274149,4240.945414,166779.8541,0.02582018267,-287.7159556,-0.001751703407,178624,7913,4751,187066,5280
452,S,2018,166779.8541,6884.897507,4298.905705,169096.2206,0.02577592916,-269.6252677,-0.001616653697,187066,7978,4979,196817,6752
452,S,2019,169096.2206,6071.643124,4346.158781,170842.84,0.0257022822,21.13507471,0.0001249884511,196817,7382,5279,208137,9217
481,E,2008,168257.703,17614.50898,12894.88597,173019.8727,0.07663771549,42.54671791,0.0002528663898,155344,16708,12433,166987,7368
481,E,2009,173019.8727,11003.41542,13004.118,171010.3899,0.07515967844,-8.780212337,-5.074684311e-05,166987,10606,12626,162279,-2688
481,E,2010,171010.3899,12130.42357,12926.55261,170224.9479,0.07558928212,10.68700175,6.249328915e-05,162279,11659,12503,163884,2449
481,E,2011,170224.9479,12650.76404,12920.88388,169955.5743,0.07590476038,0.7462641203,4.383987949e-06,163884,12383,12701,167682,4116
481,E,2012,169955.5743,11964,12934,168829,0.07610224055,-156.5743138,-0.0009212661275,167682,11964,12934,168829,2117
481,E,2013,168829,15893.02176,13075.82238,171664.9766,0.07745009671,18.77719919,0.000111220224,168829,16101,13207,174087,2364
481,E,2014,171664.9766,18792.76468,13457.69888,177040.3683,0.07839513422,40.3259606,0.0002349108211,174087,19376,13759,182143,2439
481,E,2015,177040.3683,19469.31749,13902.64102,182650.4362,0.07852808461,43.3913627,0.0002450930435,182143,20272,14306,188262,153
481,E,2016,182650.4362,18487.07976,14271.79669,186896.0204,0.07813721659,30.30114079,0.0001658968981,188262,19366,14731,194665,1768
481,E,2017,186896.0204,22682.91373,14648.39219,194688.0543,0.07837722902,-242.4876085,-0.001297446612,194665,24257,15379,206985,3442
481,E,2018,194688.0543,20628.79673,15038.46004,200329.4553,0.07724387659,51.06433661,0.0002622879806,206985,22591,16186,219155,5765
481,E,2019,200329.4553,9702.410519,14976.43223,195032.3718,0.07475901238,-23.06185418,-0.000115119637,219155,10841,16526,217940,4470
481,N,2008,2110.672842,713.7457557,735.1263962,2086.238878,0.348290072,-3.053323162,-0.00144661129,2104,803,793,2124,10
481,N,2009,2086.238878,678.6671243,763.4907875,2000.514367,0.3659651804,-0.9008478872,-0.0004318047643,2124,737,810,2004,-47
481,N,2010,2000.514367,595.9959065,734.023101,1864.106496,0.3669171854,1.619322946,0.0008094532949,2004,613,752,1861,-4
481,N,2011,1864.106496,766.5735735,727.4801305,1901.043095,0.3902567435,-2.156843504,-0.001157038779,1861,784,741,1918,14
481,N,2012,1901.043095,993,805,2089,0.4234517366,-0.04309523331,-2.266925638e-05,1918,993,805,2089,-17
481,N,2013,2089,1249.584279,950.2107915,2386.068958,0.45486395,-2.304529334,-0.001103173449,2089,1234,937,2393,7
481,N,2014,2386.068958,1466.686818,1129.420434,2719.860675,0.4733393938,-3.474667573,-0.001456230995,2393,1427,1100,2703,-17
481,N,2015,2719.860675,1595.646687,1301.36502,3011.051228,0.4784675302,-3.091114677,-0.001136497434,2703,1528,1246,2955,-30
481,N,2016,3011.051228,1737.421163,1452.945564,3293.434192,0.4825376433,-2.09263571,-0.0006949850904,2955,1640,1370,3203,-22
481,N,2017,3293.434192,1740.891884,1565.53194,3466.543974,0.4753493918,-2.250161512,-0.0006832264987,3203,1625,1458,3359,-11
481,N,2018,3466.543974,1865.781675,1656.795186,3671.02183,0.4779386034,-4.508633683,-0.00130061344,3359,1705,1510,3508,-46
481,N,2019,3671.02183,1710.918302,1700.211228,3680.677171,0.463143862,-1.051733545,-0.0002864961294,3508,1548,1530,3478,-48
481,S,2008,58392.65535,835.1991794,1363.013558,57870.71654,0.02334220887,5.875564722,0.0001006216396,57668,883,1383,58855,1687
481,S,2009,57870.71654,518.7303909,1346.575276,57036.65816,0.02326868159,-6.21349252,-0.0001073685085,58855,533,1348,54412,-3628
481,S,2010,57036.65816,227.5382343,1325.601457,55924.37378,0.02324121889,-14.2211563,-0.0002493336174,54412,223,1275,53224,-136
481,S,2011,55924.37378,519.1047282,1303.285635,55133.50897,0.02330442966,-6.683902568,-0.0001195168066,53224,513,1273,53798,1334
481,S,2012,55133.50897,890,1289,54681,0.02337961113,-53.50896986,-0.0009705344511,53798,890,1289,54681,1282
481,S,2013,54681,759.3839732,1277.292037,54157.11086,0.02335897363,-5.981080798,-0.0001093813353,54681,792,1322,56648,2497
481,S,2014,54157.11086,550.8146723,1264.05061,53435.3345,0.02334043656,-8.540421835,-0.0001576971463,56648,605,1364,57817,1928
481,S,2015,53435.3345,666.4730748,1245.65843,52849.22412,0.02331151179,-6.925022756,-0.0001295963209,57817,758,1387,58641,1453
481,S,2016,52849.22412,1653.066269,1246.27829,53264.31885,0.02358177079,8.30675125,0.0001571783009,58641,1966,1429,61450,2272
481,S,2017,53264.31885,2673.154961,1266.585298,54616.7833,0.0237792452,-54.10520892,-0.001015787118,61450,3329,1513,65062,1796
481,S,2018,54616.7833,3048.132656,1303.125634,56393.00323,0.02385943579,31.21290528,0.0005714892638,65062,3970,1627,70632,3227
481,S,2019,56393.00323,2896.907102,1343.701302,57979.43591,0.02382744711,33.22687695,0.0005892021181,70632,3943,1757,75649,2831
482,E,2008,36088.69647,4202.707059,3359.818297,36949.36223,0.09309890977,17.77699701,0.0004925918293,33944,4150,3272,35675,853
482,E,2009,36949.36223,2789.062424,3383.31726,36354.91526,0.09156632364,-0.1921330946,-5.199902867e-06,35675,2748,3303,34680,-440
482,E,2010,36354.91526,3074.594282,3325.462311,36116.10279,0.09147215133,12.05555548,0.0003316073053,34680,3014,3244,34642,192
482,E,2011,36116.10279,4887.850329,3349.169449,37691.95881,0.09273341225,37.17514004,0.001029323132,34642,4840,3316,36965,799
482,E,2012,37691.95881,5281,3412,39589,0.09052328687,28.04118854,0.0007439567861,36965,5281,3412,39589,755
482,E,2013,39589,5965.712803,3459.242155,42175.52962,0.08737887177,80.05897026,0.002022252905,39589,6104,3503,42421,231
482,E,2014,42175.52962,8725.324738,3610.905806,47426.95,0.08561613424,137.0014449,0.003248363356,42421,9034,3690,48583,818
482,E,2015,47426.95,10270.0435,3896.897241,53960.3874,0.08216630504,160.2911371,0.003379747951,48583,10866,4047,56268,866
482,E,2016,53960.3874,8000.403263,4140.801893,57923.3657,0.07673780884,103.3769306,0.001915792965,56268,8506,4323,59866,-585
482,E,2017,57923.3657,4880.643529,4193.559186,58573.25578,0.07239840323,-37.19425954,-0.0006421287694,59866,5167,4383,60964,314
482,E,2018,58573.25578,4483.040939,4140.247075,58935.2007,0.07068494007,19.15105055,0.0003269589559,60964,4737,4353,61517,169
482,E,2019,58935.2007,4317.996097,4090.156431,59180.07235,0.06940090783,17.03198773,0.0002889951595,61517,4554,4308,61812,49
482,N,2008,1060.369394,278.7576431,297.7104239,1042.350312,0.2807610494,0.9336984252,0.0008805407155,1024,310,311,1029,6
482,N,2009,1042.350312,261.3218575,312.5354756,991.5569256,0.2998372735,0.4202316927,0.0004031578328,1029,280,323,972,-14
482,N,2010,991.5569256,357.0719278,332.210905,1016.243732,0.3350396699,-0.1742160137,-0.0001756994573,972,369,337,1010,6
482,N,2011,1016.243732,679.1143479,432.5301121,1262.299015,0.4256165114,-0.5289534579,-0.0005204986177,1010,697,441,1275,9
482,N,2012,1262.299015,760,572,1449,0.4531414454,-1.299014611,-0.001029086291,1275,760,572,1449,-14
482,N,2013,1449,757.3984983,657.4089884,1547.33437,0.4536984047,-1.655139417,-0.001142263228,1449,746,646,1553,4
482,N,2014,1547.33437,1092.65568,771.5050207,1866.87046,0.4986026521,-1.614570049,-0.001043452585,1553,1063,749,1855,-12
482,N,2015,1866.87046,1392.520532,970.4105458,2285.764659,0.5198060427,-3.215786885,-0.001722554915,1855,1331,924,2238,-24
482,N,2016,2285.764659,1231.223593,1104.074534,2415.044036,0.4830219637,2.13031825,0.000931993695,2238,1165,1036,2349,-18
482,N,2017,2415.044036,952.4633433,1079.766792,2289.105124,0.4471002499,1.364537023,0.0005650153799,2349,896,1005,2234,-6
482,N,2018,2289.105124,1108.147118,1042.905105,2355.072202,0.4555951116,0.7250644487,0.0003167458065,2234,1023,955,2276,-26
482,N,2019,2355.072202,1143.443325,1067.802483,2431.343118,0.4534054123,0.6300738717,0.0002675390891,2276,1048,967,2332,-25
482,S,2008,330715.8997,8668.598324,7179.721117,332213.8118,0.02170963393,9.03489073,2.73191907e-05,301548,8093,6714,312096,9169
482,S,2009,332213.8118,8097.494029,7218.813973,333097.7535,0.02172942159,5.261648368,1.583813852e-05,312096,7693,6872,315268,2351
482,S,2010,333097.7535,8972.89313,7261.516941,334820.5037,0.02179995771,11.37402976,3.414622177e-05,315268,8658,7012,323671,6757
482,S,2011,334820.5037,8342.425066,7306.990208,335866.2689,0.02182360437,10.3303415,3.085337185e-05,323671,8232,7207,330408,5712
482,S,2012,335866.2689,8960,7344,337186,0.02186584567,-296.2689008,-0.0008821037665,330408,8960,7344,337186,5162
482,S,2013,337186,8704.4881,7387.550068,338514.3056,0.02190942111,11.36753432,3.371294869e-05,337186,8867,7524,343492,4963
482,S,2014,338514.3056,9593.324547,7437.487295,340693.1591,0.02197096894,23.0163306,6.799219477e-05,343492,9896,7671,350468,4751
482,S,2015,340693.1591,10679.97139,7511.376911,343890.5144,0.02204733705,28.76080748,8.441850595e-05,350468,11193,7871,360303,6513
482,S,2016,343890.5144,8764.034865,7573.234393,345095.8503,0.02202222532,14.5353483,4.226737199e-05,360303,9327,8057,366812,5239
482,S,2017,345095.8503,8995.92348,7609.25902,345964.0881,0.02204969725,-518.42663,-0.001502268514,366812,9740,8236,373513,5197
482,S,2018,345964.0881,8648.347426,7644.366926,346980.5511,0.02209583939,12.48246944,3.608024609e-05,373513,9511,8401,380901,6278
482,S,2019,346980.5511,8069.409309,7670.129609,347385.159,0.02210535889,5.328291781,1.535616842e-05,380901,9066,8611,390303,8947
483,E,2008,35143.69107,3357.99238,2718.724241,35780.91612,0.07736023616,-2.043087715,-5.813526278e-05,32968,3206,2625,34447,898
483,E,2009,35780.91612,3903.128979,2776.226946,36909.69696,0.07758959935,1.878806956,5.250863196e-05,34447,3771,2716,35720,218
483,E,2010,36909.69696,3536.700643,2823.408705,37619.79781,0.07649503891,-3.191089253,-8.645666357e-05,35720,3447,2771,36988,592
483,E,2011,37619.79781,3063.022503,2827.387291,37852.31363,0.07515689758,-3.119389093,-8.291881602e-05,36988,3033,2814,37776,569
483,E,2012,37852.31363,4012,2844,38986,0.07513411274,-34.31363287,-0.0009065134883,37776,4012,2844,38986,42
483,E,2013,38986,4370.273214,2901.181222,40453.53364,0.07441597552,-1.558352558,-3.997210685e-05,38986,4390,2908,40871,403
483,E,2014,40453.53364,5090.774409,2998.474454,42547.22028,0.0741214471,1.386681169,3.427836938e-05,40871,5188,3036,43446,423
483,E,2015,42547.22028,5781.940403,3140.210102,45190.91271,0.07380529402,1.962127514,4.61164678e-05,43446,5967,3212,46502,301
483,E,2016,45190.91271,4830.886463,3266.323271,46757.20961,0.07227832048,1.733710265,3.836413476e-05,46502,4997,3343,48325,169
483,E,2017,46757.20961,3846.779531,3309.478549,47220.00866,0.07078006957,-74.50192557,-0.001593378352,48325,4018,3416,49181,254
483,E,2018,47220.00866,3443.671159,3311.741234,47347.81922,0.0701342784,-4.119363753,-8.723767466e-05,49181,3631,3471,49995,654
483,E,2019,47347.81922,2454.028289,3278.823785,46522.40985,0.06924973185,-0.6138768479,-1.296526129e-05,49995,2628,3479,50082,938
483,N,2008,353.9773519,122.0279146,131.3348171,345.3312593,0.3710260457,0.6608099936,0.001866814332,358,140,143,356,1
483,N,2009,345.3312593,143.423145,141.0850762,349.0165505,0.4085499715,1.34722234,0.003901246422,356,160,151,354,-11
483,N,2010,349.0165505,131.5713495,145.144838,335.9949913,0.4158680664,0.5519292355,0.001581384134,354,138,152,339,-1
483,N,2011,335.9949913,146.0410004,147.696279,334.8976792,0.4395788115,0.5579664738,0.00166063926,339,152,151,340,0
483,N,2012,334.8976792,270,181,422,0.5404635841,-1.897679194,-0.005666444743,340,270,181,422,-7
483,N,2013,422,541.8969181,283.5553296,675.4060789,0.6719320606,-4.935509587,-0.01169552035,422,531,277,673,-3
483,N,2014,675.4060789,1323.83622,568.9247861,1421.328273,0.8423447817,-8.989239835,-0.01330938544,673,1278,544,1392,-15
483,N,2015,1421.328273,2053.648702,1055.688182,2407.596254,0.742747613,-11.69253896,-0.008226487279,1392,1944,989,2322,-25
483,N,2016,2407.596254,2639.363802,1612.551083,3424.812998,0.6697763713,-9.595976153,-0.003985708208,2322,2461,1486,3258,-39
483,N,2017,3424.812998,2036.924833,1913.145145,3557.851979,0.5586130239,9.259293204,0.002703590885,3258,1869,1735,3353,-39
483,N,2018,3557.851979,3640.133099,2310.955678,4876.886106,0.6495367686,-10.14329392,-0.002850960069,3353,3246,2042,4485,-72
483,N,2019,4876.886106,1886.772589,2499.291198,4286.746422,0.5124768436,22.37892531,0.004588773415,4485,1660,2177,3887,-81
483,S,2008,6625.746666,99.00535716,165.2475472,6560.331328,0.02494021512,0.8268518932,0.0001247937681,6662,100,169,6764,171
483,S,2009,6560.331328,67.10504633,163.7821183,6462.884828,0.02496552539,-0.7694281897,-0.0001172849588,6764,65,162,6242,-425
483,S,2010,6462.884828,148.3043072,162.0796559,6448.33713,0.02507853076,-0.7723496133,-0.0001195053964,6242,143,155,6187,-43
483,S,2011,6448.33713,56.6891325,159.5814946,6344.409979,0.02474769719,-1.034788516,-0.0001604736996,6187,56,156,6201,114
483,S,2012,6344.409979,101,158,6281,0.02490381304,-6.409979127,-0.001010334948,6201,101,158,6281,137
483,S,2013,6281,190.9585751,158.2142043,6311.957847,0.02518933359,-1.786523985,-0.0002844330497,6281,197,163,6653,338
483,S,2014,6311.957847,395.1710724,160.4902365,6547.267981,0.02542637965,0.6292986125,9.969943205e-05,6653,429,173,7162,253
483,S,2015,6547.267981,259.4860305,163.5619677,6643.021215,0.0249817127,-0.1708292168,-2.609167935e-05,7162,291,183,7475,205
483,S,2016,6643.021215,132.0423383,163.4509032,6609.857261,0.02460490459,-1.755389444,-0.0002642456478,7475,152,189,7764,326
483,S,2017,6609.857261,238.5767516,164.3398386,6671.405177,0.02486284229,-12.68899607,-0.001919708031,7764,294,198,8098,238
483,S,2018,6671.405177,420.3499893,168.2072687,6925.542544,0.02521316938,1.994645937,0.0002989843795,8098,545,212,8860,429
483,S,2019,6925.542544,459.154524,174.4617956,7211.305836,0.02519106546,1.0705639,0.0001545819542,8860,619,231,9603,355
484,E,2008,95506.97475,14831.13752,17098.66429,93222.99712,0.1790305298,-16.45085772,-0.0001722477103,87152,13909,15886,87827,2652
484,E,2009,93222.99712,10017.99152,16290.53281,86928.44123,0.1747480055,-22.01459819,-0.000236149865,87827,9559,15444,82630,688
484,E,2010,86928.44123,14055.7905,15556.29741,85421.87371,0.1789552095,-6.060606991,-6.971949462e-05,82630,13505,14937,82503,1305
484,E,2011,85421.87371,19698.60329,15759.17678,89378.1813,0.184486433,16.88108603,0.0001976201797,82503,19281,15441,88300,1957
484,E,2012,89378.1813,21179,16522,93985,0.1848549585,-50.1813032,-0.0005614491419,88300,21179,16522,93985,1028
484,E,2013,93985,19950.31239,17185.81035,96772.15909,0.182856949,22.65704929,0.000241070908,93985,20124,17324,97745,960
484,E,2014,96772.15909,25803.98373,18136.25692,104477.4446,0.1874119281,37.55865532,0.0003881142642,97745,26340,18492,106432,839
484,E,2015,104477.4446,25583.112,19408.47198,110688.2297,0.1857671008,36.14509131,0.0003459607139,106432,26473,20029,113653,777
484,E,2016,110688.2297,22273.74247,20171.23254,112816.2668,0.1822346658,25.52722193,0.0002306227321,113653,23115,20905,116551,688
484,E,2017,112816.2668,21829.43498,20468.74056,114009.4204,0.1814343014,-167.5408821,-0.001485077346,116551,22949,21474,118872,846
484,E,2018,114009.4204,27161.8612,21137.23335,120075.0847,0.1853990072,41.03646461,0.0003599392443,118872,30911,23945,132209,6371
484,E,2019,120075.0847,26277.60596,22095.19662,124287.5708,0.1840115015,30.0768255,0.0002504834836,132209,30467,25508,138043,875
484,N,2008,1248.032085,338.4703906,458.9706775,1130.016963,0.3677555113,2.485164706,0.00199126668,1274,377,498,1159,6
484,N,2009,1130.016963,286.3833634,413.2810162,1005.694699,0.3657299226,2.575389278,0.002279071345,1159,311,438,1008,-24
484,N,2010,1005.694699,329.4886134,382.9933839,951.9518661,0.3808247019,-0.2380624272,-0.0002367144098,1008,341,391,955,-3
484,N,2011,951.9518661,466.2827182,405.0595272,1012.380112,0.4255042105,-0.7949446959,-0.0008350681629,955,479,413,1025,4
484,N,2012,1012.380112,545,464,1093,0.4583258741,-0.3801124445,-0.000375464156,1025,545,464,1093,-13
484,N,2013,1093,605.9787436,521.3297636,1178.382293,0.4769714214,0.7333126369,0.0006709173256,1093,595,512,1179,3
484,N,2014,1178.382293,956.1819206,637.8525935,1497.473167,0.5412951276,0.7615474402,0.0006462651764,1179,927,613,1481,-12
484,N,2015,1497.473167,980.9992374,776.3831687,1705.69727,0.5184621573,3.608034397,0.002409415057,1481,937,735,1667,-16
484,N,2016,1705.69727,1221.261437,906.8053987,2026.005371,0.531633259,5.852062382,0.003430891568,1667,1153,844,1960,-16
484,N,2017,2026.005371,1392.943936,1066.475865,2357.683929,0.5263934044,5.210486712,0.002571803011,1960,1300,981,2270,-9
484,N,2018,2357.683929,1767.567187,1276.439996,2854.305505,0.5413957235,5.494384764,0.002330416175,2270,1610,1147,2698,-35
484,N,2019,2854.305505,1719.582002,1464.486715,3115.196179,0.5130798762,5.795386437,0.002030401591,2698,1548,1299,2904,-43
484,S,2008,23682.11084,725.8786867,692.892696,23727.64709,0.02925806322,12.5502613,0.0005299469033,22063,714,666,23679,1568
484,S,2009,23727.64709,953.9588813,696.2281391,23998.46791,0.02934248544,13.09007862,0.0005516804331,23679,936,682,22703,-1230
484,S,2010,23998.46791,387.113261,697.7454541,23693.54255,0.02907458329,5.706837706,0.0002378000849,22703,372,662,22504,91
484,S,2011,23693.54255,240.2432546,683.9926782,23249.45409,0.0288683162,-0.3390384633,-1.43093192e-05,22504,233,666,22877,806
484,S,2012,23249.45409,337,671,22893,0.02886089271,-22.45409132,-0.0009657900453,22877,337,671,22893,350
484,S,2013,22893,457.0248704,660.7782843,22691.5529,0.0288637699,2.306315897,0.0001007432795,22893,470,676,23541,854
484,S,2014,22691.5529,548.9993962,653.8448167,22590.4966,0.02881445882,3.789113641,0.0001669834434,23541,589,689,23991,550
484,S,2015,22590.4966,684.2371857,650.5918394,22630.83242,0.0287993598,6.690474371,0.000296163227,23991,750,699,24460,418
484,S,2016,22630.83242,1365.81528,655.9736607,23356.71056,0.02898583882,16.03652087,0.0007086138314,24460,1529,715,25620,346
484,S,2017,23356.71056,693.1457516,659.7855209,23361.05086,0.02824822097,-29.01992472,-0.001242466256,25620,802,741,26506,825
484,S,2018,23361.05086,1111.642901,662.1532141,23824.66359,0.02834432483,14.12303617,0.0006045548316,26506,1373,776,28507,1404
484,S,2019,23824.66359,1441.031117,673.1289299,24611.57461,0.02825344952,19.00883443,0.0007978637079,28507,1832,832,30734,1227
485,E,2008,17940.28498,2127.97932,2518.046118,17550.83748,0.1403570858,0.6192990987,3.452002572e-05,16592,2015,2361,16591,345
485,E,2009,17550.83748,2007.212835,2440.428741,17121.49246,0.1390491334,3.870885371,0.0002205527444,16591,1934,2325,16357,157
485,E,2010,17121.49246,2414.088574,2413.652322,17124.35444,0.1409720752,2.425729266,0.0001416774427,16357,2332,2326,16581,218
485,E,2011,17124.35444,1763.825871,2381.230813,16511.44675,0.1390552164,4.497257967,0.000262623504,16581,1733,2339,16336,361
485,E,2012,16511.44675,2326,2339,16480,0.1416593007,-18.44675368,-0.001117210015,16336,2326,2339,16480,157
485,E,2013,16480,4174.525169,2499.531564,18163.65177,0.1516706046,8.658166569,0.000525374185,16480,4201,2512,18292,123
485,E,2014,18163.65177,2758.498666,2663.985985,18263.48798,0.1466657706,5.323528932,0.0002930869298,18292,2800,2699,18513,120
485,E,2015,18263.48798,4660.485775,2842.267159,20089.77202,0.1556256484,8.06541712,0.0004416142813,18513,4786,2903,20502,106
485,E,2016,20089.77202,4604.657506,3157.902228,21542.3873,0.1571895503,5.860001126,0.0002916907729,20502,4739,3232,22104,95
485,E,2017,21542.3873,6969.564605,3609.611492,24891.52073,0.1675585646,-10.81968258,-0.0005022508614,22104,7228,3725,25642,35
485,E,2018,24891.52073,8521.139939,4303.00257,29121.74867,0.1728702162,12.09057648,0.0004857307281,25642,9164,4615,31074,883
485,E,2019,29121.74867,6459.232716,4839.325967,30749.18772,0.1661756655,7.532299024,0.0002586485829,31074,7015,5246,32997,154
485,N,2008,272.0332983,94.08333333,92.44763886,270.5327731,0.339839422,-3.136219683,-0.01152880806,268,106,102,275,3
485,N,2009,270.5327731,180.875,120.6307468,328.1432773,0.4459006775,-2.633748971,-0.009735415567,275,200,131,334,-10
485,N,2010,328.1432773,205.1979167,158.4421885,372.9845588,0.482844536,-1.914446679,-0.005834179187,334,214,166,380,-2
485,N,2011,372.9845588,179.9270833,177.4685251,375.1261555,0.4758066276,-0.3169616271,-0.0008497982546,380,186,183,381,-2
485,N,2012,375.1261555,294,208,459,0.5544801315,-2.126155462,-0.005667841155,381,294,208,459,-8
485,N,2013,459,407.4375,274.5132931,588.5313025,0.5980681767,-3.392904365,-0.007391948507,459,399,270,584,-4
485,N,2014,588.5313025,240.5520833,296.3236946,532.8592437,0.503496914,0.09955245516,0.000169154053,584,231,285,522,-8
485,N,2015,532.8592437,297.1458333,280.8582068,547.3320378,0.5270776666,-1.814832434,-0.003405838325,522,281,265,530,-8
485,N,2016,547.3320378,279.0104167,281.2646557,544.6371849,0.5138830477,-0.4406138974,-0.0008050212065,530,260,261,523,-6
485,N,2017,544.6371849,379.59375,297.8496359,626.2193277,0.5468771583,-0.1619711953,-0.0002973928328,523,350,273,597,-3
485,N,2018,626.2193277,475.8125,352.1641356,748.0482143,0.5623654845,-1.81947781,-0.002905496093,597,427,315,699,-10
485,N,2019,748.0482143,358.21875,375.8874558,729.9559874,0.5024909473,-0.4235210971,-0.0005661681815,699,319,333,674,-11
485,S,2008,28113.50121,107.4125201,672.8557572,27547.60356,0.02393354538,-0.4544104307,-1.616342366e-05,25816,109,633,26349,1057
485,S,2009,27547.60356,122.2225789,659.0415702,27008.24696,0.0239237351,-2.537612752,-9.21173686e-05,26349,125,632,25336,-506
485,S,2010,27008.24696,312.1161717,646.7074834,26672.41458,0.02394481524,-1.241072407,-4.595160909e-05,25336,305,618,25395,372
485,S,2011,26672.41458,108.6286784,637.0620089,26139.01079,0.02388467707,-4.97045538,-0.0001863519092,25395,108,622,25607,726
485,S,2012,26139.01079,121,624,25607,0.02387236476,-29.01079092,-0.001109865677,25607,121,624,25607,503
485,S,2013,25607,192.8972713,612.7683393,25182.67155,0.02392971997,-4.457382843,-0.0001740689203,25607,199,626,25771,591
485,S,2014,25182.67155,50.1464687,599.7063304,24627.83031,0.02381424581,-5.281375244,-0.0002097225957,25771,54,628,25689,492
485,S,2015,24627.83031,98.47451846,587.7829339,24135.79679,0.02386661458,-2.725102029,-0.0001106513239,25689,108,624,25575,402
485,S,2016,24135.79679,719.8344703,581.7632327,24285.4632,0.02410375086,11.59516635,0.000480413655,25575,805,630,26173,423
485,S,2017,24285.4632,78.77487961,576.7567858,23743.924,0.02374905437,-43.5572939,-0.001793554174,26173,90,638,26149,524
485,S,2018,23743.924,78.49077047,563.9452158,23250.77161,0.02375113801,-7.697939467,-0.0003242067094,26149,94,644,26448,849
485,S,2019,23250.77161,83.45425361,553.804708,22776.35934,0.02381876684,-4.061817156,-0.0001746960154,26448,106,652,26725,823
486,E,2008,21361.51316,7546.333759,3359.713457,25541.86905,0.1572788141,-6.264412748,-0.0002932569758,20187,7174,3254,24944,837
486,E,2009,25541.86905,4104.598956,3697.304651,25937.41506,0.1447546632,-11.74829716,-0.0004599623126,24944,3936,3581,24824,-475
486,E,2010,25937.41506,3600.908612,3715.943799,25815.13139,0.1432657723,-7.248481934,-0.0002794604596,24824,3454,3576,24946,244
486,E,2011,25815.13139,2551.656724,3628.410449,24732.19144,0.1405536309,-6.186220821,-0.0002396354575,24946,2509,3569,24476,590
486,E,2012,24732.19144,3085,3514,24266,0.1420820313,-37.19144398,-0.001503766622,24476,3085,3514,24266,219
486,E,2013,24266,6703.194926,3733.647123,27246.97562,0.1538633118,11.42782254,0.0004709396911,24266,6719,3742,27192,-51
486,E,2014,27246.97562,11280.19316,4505.210241,34048.44519,0.1653471675,26.48664758,0.0009720949565,27192,11328,4525,33974,-21
486,E,2015,34048.44519,7415.579462,5207.070439,36267.17535,0.1529312252,10.2211334,0.0003001938367,33974,7378,5196,35656,-500
486,E,2016,36267.17535,10667.88752,5745.710883,41206.15292,0.1584273059,16.80094256,0.0004632547862,35656,10455,5663,40240,-208
486,E,2017,41206.15292,7957.785106,6226.648461,42878.43578,0.1511096771,-58.85378952,-0.001428276734,40240,7830,6149,42131,210
486,E,2018,42878.43578,6975.033068,6379.817738,43479.80414,0.1487884906,6.153034223,0.000143499503,42131,6958,6385,43476,772
486,E,2019,43479.80414,6325.746144,6397.401769,43402.38562,0.1471350181,-5.762902193,-0.0001325420458,43476,6380,6496,43373,13
486,N,2008,837.6941627,523.407236,383.7807572,973.9274528,0.458139467,-3.393188586,-0.004050629379,864,591,426,1028,-1
486,N,2009,973.9274528,405.1738124,431.8722383,946.7184762,0.443433684,-0.5105506208,-0.0005242183279,1028,441,468,971,-30
486,N,2010,946.7184762,372.3118466,418.4380526,902.322273,0.4419878381,1.730002772,0.001827367708,971,386,433,916,-8
486,N,2011,902.322273,334.3972924,391.7590345,845.7069534,0.4341675322,0.7464224694,0.0008272238109,916,342,401,858,1
486,N,2012,845.7069534,478,401,920,0.4741595164,-2.706953369,-0.003200817208,858,478,401,920,-15
486,N,2013,920,902.3130629,536.4307909,1277.285971,0.5830769466,-8.596300702,-0.009343805111,920,882,526,1274,-2
486,N,2014,1277.285971,1199.458777,767.3055904,1702.80856,0.6007312439,-6.630597444,-0.005191161254,1274,1154,737,1674,-17
486,N,2015,1702.80856,767.2504387,845.9782328,1622.302453,0.4968134719,-1.778312718,-0.001044340955,1674,728,799,1580,-23
486,N,2016,1622.302453,943.9807131,819.9432066,1740.292688,0.5054194457,-6.047271682,-0.003727585858,1580,888,767,1689,-12
486,N,2017,1740.292688,542.3277697,753.4320609,1530.952043,0.432934107,1.763645773,0.001013419056,1689,518,701,1502,-4
486,N,2018,1530.952043,538.2861075,631.2067864,1437.412406,0.4122969034,-0.6189573844,-0.000404295737,1502,511,583,1415,-15
486,N,2019,1437.412406,572.17802,573.2959022,1433.224513,0.3988388438,-3.070011153,-0.002135790076,1415,545,531,1416,-13
486,S,2008,134742.4721,12133.31306,3638.713488,143229.1608,0.02700494826,-7.910903206,-5.871128147e-05,106500,10417,3137,127924,14144
486,S,2009,143229.1608,8521.177583,3834.426908,147902.5094,0.02677127261,-13.40207641,-9.357086463e-05,127924,6996,3201,122029,-9690
486,S,2010,147902.5094,8800.118826,3956.48892,152732.6144,0.02675065445,-13.5248446,-9.144432136e-05,122029,7481,3392,135330,9212
486,S,2011,152732.6144,6258.262573,4042.12354,154946.8262,0.02646535944,-1.927209627,-1.261819314e-05,135330,5815,3758,151689,14302
486,S,2012,154946.8262,14281,4204,164846,0.02713188842,-177.826247,-0.001147659822,151689,14281,4204,164846,3080
486,S,2013,164846,14723.14277,4473.787987,175056.4497,0.02713919651,-38.90510476,-0.0002360087886,164846,14611,4448,175056,47
486,S,2014,175056.4497,17520.57383,4765.634969,187763.5628,0.02722341838,-47.82574496,-0.0002732018446,175056,17537,4828,192378,4613
486,S,2015,187763.5628,15319.8358,5049.622758,197996.91,0.02689351801,-36.86587298,-0.0001963419975,192378,15253,5099,193286,-9246
486,S,2016,197996.91,12033.22018,5247.879188,204756.0635,0.02650485399,-26.18750219,-0.0001322621762,193286,11589,5125,204055,4305
486,S,2017,204756.0635,13631.70339,5407.012264,212625.616,0.02640709229,-355.1386018,-0.001734447302,204055,13962,5570,220499,8052
486,S,2018,212625.616,12327.29344,5561.957814,219397.9321,0.02615845597,6.980470787,3.282986744e-05,220499,13328,5916,241936,14025
486,S,2019,219397.9321,17231.56659,5760.825927,230860.2615,0.02625743038,-8.411279548,-3.833800742e-05,241936,19511,6465,271197,16215
487OS,E,2008,74405.10815,5162.865533,7779.155977,71765.39053,0.1045513698,-23.42717778,-0.0003148598041,69608,5070,7497,69002,1821
487OS,E,2009,71765.39053,3598.880799,7451.372005,67875.33417,0.103829603,-37.56515756,-0.000523443923,69002,3559,7232,64708,-621
487OS,E,2010,67875.33417,4189.109915,7112.945158,64919.77419,0.1047942562,-31.72472893,-0.0004673970201,64708,4113,6912,62491,582
487OS,E,2011,64919.77419,6666.012433,7086.902777,64478.5873,0.1091640084,-20.29654601,-0.0003126404282,62491,6599,6992,63451,1353
487OS,E,2012,64478.5873,6142,7220,63314,0.111975158,-86.58730445,-0.001342884639,63451,6142,7220,63314,941
487OS,E,2013,63314,4176.74011,7098.685017,60359.50489,0.112118726,-32.55020365,-0.0005141075221,63314,4194,7160,60753,405
487OS,E,2014,60359.50489,7908.978745,7084.450866,61180.27881,0.1173709241,-3.753955163,-6.219327295e-05,60753,7986,7195,62301,757
487OS,E,2015,61180.27881,11187.80504,7571.149436,64803.01331,0.12375147,6.078896128,9.936038615e-05,62301,11293,7736,66261,403
487OS,E,2016,64803.01331,7487.872252,7902.88152,64370.79555,0.1219523771,-17.2084963,-0.000265550866,66261,7465,8050,65490,-186
487OS,E,2017,64370.79555,10542.84611,8061.575459,66745.15723,0.1252365361,-106.9089646,-0.001660830252,65490,10558,8237,68222,411
487OS,E,2018,66745.15723,12822.14512,8581.796749,70986.21229,0.1285755717,0.7066806035,1.058774348e-05,68222,13249,8996,73599,1124
487OS,E,2019,70986.21229,14854.91979,9399.378257,76438.95318,0.1324113226,-2.800647796,-3.945340518e-05,73599,15311,9940,79267,297
487OS,N,2008,2169.310761,833.038688,951.9258986,2053.429844,0.4388149064,3.00629354,0.001385828897,2281,925,1050,2166,10
487OS,N,2009,2053.429844,719.5242331,888.3405558,1886.906574,0.4326130539,2.293052563,0.001116693891,2166,778,952,1929,-63
487OS,N,2010,1886.906574,709.9525584,822.3433626,1776.165977,0.4358156223,1.650207037,0.0008745568329,1929,732,847,1797,-17
487OS,N,2011,1776.165977,1139.325795,878.0977507,2034.364871,0.4943782069,-3.029150154,-0.001705443181,1797,1165,895,2067,0
487OS,N,2012,2034.364871,1152,1002,2185,0.4925370145,0.635128885,0.0003122000846,2067,1152,1002,2185,-32
487OS,N,2013,2185,791.256277,992.5187175,1985.746695,0.454241976,2.009135726,0.000919512918,2185,780,977,1983,-5
487OS,N,2014,1985.746695,1563.891923,1075.938186,2471.349197,0.5418305306,-2.351235929,-0.001184056322,1983,1519,1042,2440,-20
487OS,N,2015,2471.349197,2196.995498,1423.847515,3241.35875,0.5761417758,-3.138429235,-0.001269925448,2440,2097,1354,3151,-32
487OS,N,2016,3241.35875,1737.924774,1648.179648,3333.394651,0.5084841805,2.290775375,0.0007067330558,3151,1636,1543,3209,-35
487OS,N,2017,3333.394651,2504.409951,1837.612261,3997.76077,0.5512735373,-2.431571548,-0.0007294580458,3209,2325,1697,3805,-32
487OS,N,2018,3997.76077,3336.172299,2294.92201,5029.895133,0.5740518609,-9.115925895,-0.002280257979,3805,3015,2064,4682,-74
487OS,N,2019,5029.895133,4478.142206,2981.059722,6517.608701,0.5926683646,-9.368915468,-0.001862646282,4682,3981,2633,5932,-98
487OS,S,2008,61881.70705,1191.188653,1274.961921,61790.69802,0.02060321187,-7.235760337,-0.0001169289065,56747,1123,1205,59191,2526
487OS,S,2009,61790.69802,1596.007067,1281.846399,62098.97515,0.0207449736,-5.883536668,-9.521719057e-05,59191,1471,1232,58322,-1108
487OS,S,2010,62098.97515,1261.208734,1290.12277,62064.87181,0.02077526669,-5.189306707,-8.356509418e-05,58322,1160,1226,59146,890
487OS,S,2011,62064.87181,1746.739839,1299.032615,62496.75122,0.02093023924,-15.82781148,-0.000255020449,59146,1659,1269,61289,1753
487OS,S,2012,62496.75122,1651,1317,62766,0.02107309539,-64.75121768,-0.001036073339,61289,1651,1317,62766,1143
487OS,S,2013,62766,1282.216627,1324.44018,62714.77519,0.02110123602,-9.001262003,-0.0001434098398,62766,1292,1354,63984,1280
487OS,S,2014,62714.77519,1263.05984,1327.530601,62643.69367,0.02116774871,-6.610754728,-0.0001054098449,63984,1297,1383,65090,1192
487OS,S,2015,62643.69367,1612.935738,1332.286789,62928.62308,0.02126769211,4.280457013,6.833021429e-05,65090,1687,1409,66258,890
487OS,S,2016,62928.62308,1420.961038,1338.257149,63016.22086,0.02126627094,4.893892475,7.776894258e-05,66258,1509,1430,67422,1085
487OS,S,2017,63016.22086,2309.748011,1351.531344,63894.12858,0.02144735634,-80.30894306,-0.001274416999,67422,2445,1480,69879,1492
487OS,S,2018,63894.12858,4106.03811,1400.295923,66644.5158,0.02191587793,44.64503622,0.0006987345662,69879,4520,1574,75110,2285
487OS,S,2019,66644.5158,3828.420929,1465.445141,69049.95538,0.02198898323,42.46379083,0.00063716857,75110,4395,1709,80493,2697
493,E,2008,8260.125036,1693.289341,1265.018673,8700.673193,0.1531476422,12.2774892,0.001486356338,7771,1668,1229,8455,245
493,E,2009,8700.673193,1255.002845,1296.278648,8668.101411,0.1489860174,8.704021043,0.001000384781,8455,1241,1270,8381,-45
493,E,2010,8668.101411,1292.749602,1297.598285,8666.36472,0.1496980969,3.111992491,0.0003590166224,8381,1269,1267,8440,57
493,E,2011,8666.36472,923.3472152,1267.522071,8326.452011,0.1462576422,4.262145676,0.0004918031739,8440,914,1253,8264,163
493,E,2012,8326.452011,1429,1250,8501,0.1501239662,-4.45201069,-0.0005346828017,8264,1429,1250,8501,58
493,E,2013,8501,1431.362145,1267.147966,8665.529051,0.1490586949,0.3148709186,3.703927992e-05,8501,1435,1269,8696,29
493,E,2014,8665.529051,2883.590544,1394.823465,10160.54356,0.1609622975,6.247426876,0.0007209515817,8696,2908,1405,10243,44
493,E,2015,10160.54356,1947.210724,1540.277733,10568.05218,0.1515940289,0.5756338286,5.665384193e-05,10243,1962,1555,10583,-67
493,E,2016,10568.05218,2285.203676,1626.904455,11233.89471,0.1539455357,7.543303831,0.000713783742,10583,2290,1630,11250,7
493,E,2017,11233.89471,2924.89441,1758.796634,12386.94921,0.1565616093,-13.04327134,-0.001161064054,11250,2955,1777,12527,99
493,E,2018,12386.94921,3282.559809,1948.641562,13732.67714,0.1573140835,11.8096815,0.0009533971039,12527,3397,2009,14201,286
493,E,2019,13732.67714,3531.357723,2154.736888,15128.49209,0.1569058142,19.19411863,0.001397696781,14201,3703,2254,15720,70
493,N,2008,384.5674727,207.6021781,172.9926241,421.3708995,0.4498368593,2.193872796,0.005704779919,395,226,184,438,1
493,N,2009,421.3708995,219.0426641,190.1358865,451.4104165,0.4512316507,1.132739402,0.002688224089,438,232,200,458,-12
493,N,2010,451.4104165,243.3181535,207.9750355,488.8519871,0.4607227212,2.0984525,0.004648657682,458,248,211,493,-2
493,N,2011,488.8519871,202.7346567,213.9931915,480.3613952,0.4377463878,2.767942896,0.00566212876,493,206,214,486,1
493,N,2012,480.3613952,384,245,620,0.5100326597,0.6386047774,0.001329425686,486,384,245,620,-5
493,N,2013,620,411.4960416,308.6005674,725.9635803,0.4977428506,3.068106111,0.004948558244,620,408,303,723,-2
493,N,2014,725.9635803,880.8943086,447.7083688,1159.496731,0.616709131,0.3472109752,0.0004782760246,723,862,433,1143,-9
493,N,2015,1159.496731,646.0683997,575.5177305,1232.170298,0.4963513178,2.122897866,0.001830878698,1143,622,549,1205,-11
493,N,2016,1232.170298,878.8412698,651.9605674,1464.36315,0.5291156331,5.312148939,0.004311213269,1205,835,612,1414,-14
493,N,2017,1464.36315,1040.297479,779.6609929,1727.72819,0.5324232539,2.72855416,0.001863304305,1414,973,722,1650,-15
493,N,2018,1727.72819,1257.12082,936.3049645,2054.747782,0.5419283947,6.203736907,0.003590690331,1650,1146,843,1919,-34
493,N,2019,2054.747782,1433.944846,1108.007092,2386.324502,0.5392423837,5.638965133,0.002744358788,1919,1286,982,2185,-38
493,S,2008,30003.06908,2369.127537,708.8963533,31698.53883,0.02362746129,35.23856076,0.001174498538,27548,2241,673,31052,1936
493,S,2009,31698.53883,1711.997435,741.6043817,32680.10432,0.02339553838,11.17243433,0.0003524589696,31052,1607,717,30366,-1576
493,S,2010,32680.10432,1412.00164,762.0994265,33335.26268,0.02331998145,5.256147453,0.000160836312,30366,1288,715,31196,257
493,S,2011,33335.26268,846.6075321,773.1410158,33409.22586,0.02319288806,0.4966638137,1.489905205e-05,31196,808,745,32608,1349
493,S,2012,33409.22586,306,768,32911,0.02298766225,-36.22585741,-0.001084306999,32608,306,768,32911,765
493,S,2013,32911,1211.57565,766.2217583,33358.4535,0.02328163101,2.099606325,6.37964913e-05,32911,1234,786,34256,897
493,S,2014,33358.4535,1441.202433,780.8720028,34026.86218,0.02340851931,8.078248314,0.0002421649527,34256,1510,822,35719,775
493,S,2015,34026.86218,1292.396724,796.1502978,34529.50866,0.02339769955,6.400056779,0.0001880883622,35719,1385,851,36744,491
493,S,2016,34529.50866,1524.805779,815.1056774,35255.01739,0.0236060607,15.80863233,0.0004578296347,36744,1656,882,38106,588
493,S,2017,35255.01739,1752.802911,838.5275409,36134.39832,0.0237846299,-34.89444636,-0.0009897724902,38106,1973,934,40328,1183
493,S,2018,36134.39832,1998.053991,867.1275813,37293.39777,0.0239972885,28.07304241,0.0007769063198,40328,2341,1000,43392,1723
493,S,2019,37293.39777,2506.448568,904.8321581,38931.74326,0.02426252935,36.72908396,0.0009848682652,43392,3083,1098,47440,2063
4A0,E,2008,137764.7228,24005.1394,21884.6143,139785.8504,0.1588549946,-99.39754402,-0.0007215021522,130128,23716,21411,136683,4250
4A0,E,2009,139785.8504,19906.78689,21853.74773,137827.9217,0.1563373379,-10.96781984,-7.846158828e-05,136683,19832,21464,133717,-1334
4A0,E,2010,137827.9217,23533.71261,21855.83538,139490.7157,0.1585733508,-15.08326496,-0.0001094354814,133717,23253,21380,136201,611
4A0,E,2011,139490.7157,29029.43707,22621.20228,145882.1968,0.1621699492,-16.75363995,-0.000120105771,136201,28902,22406,145405,2708
4A0,E,2012,145882.1968,29903,23731,151652,0.1626723515,-402.1968292,-0.002756997344,145405,29903,23731,151652,75
4A0,E,2013,151652,29969.77526,24680.41792,156915.802,0.1627437681,-25.55531243,-0.0001685128612,151652,29811,24672,156523,-268
4A0,E,2014,156915.802,35407.45965,25823.1945,166462.6441,0.1645672021,-37.42302544,-0.0002384911204,156523,34869,25833,165471,-88
4A0,E,2015,166462.6441,35343.2622,27082.63181,174660.3164,0.1626949514,-62.95815429,-0.0003782119082,165471,34030,26867,170390,-2244
4A0,E,2016,174660.3164,36557.86303,28137.62691,183003.2161,0.1610991408,-77.3364467,-0.0004427820142,170390,34071,27466,175846,-1149
4A0,E,2017,183003.2161,43235.62254,29500.92111,196249.8557,0.1612043861,-488.0618347,-0.002666957692,175846,39569,28654,187257,496
4A0,E,2018,196249.8557,39352.72407,30844.98114,204312.4371,0.157171994,-445.1615313,-0.002268340681,187257,36213,30074,195575,2179
4A0,E,2019,204312.4371,45512.81447,32239.9989,217483.9177,0.1577975348,-101.3349678,-0.0004959804172,195575,41504,31285,205194,-600
4A0,N,2008,15767.61204,7225.050483,6525.463853,16462.61131,0.4138523853,-4.587356659,-0.0002909354091,16256,7804,7123,16996,59
4A0,N,2009,16462.61131,7116.973061,6675.410435,16903.8993,0.4054891601,-0.2746369769,-1.668246742e-05,16996,7519,7098,17010,-407
4A0,N,2010,16903.8993,7356.910863,6795.250821,17468.16478,0.4019930963,2.605429017,0.0001541318349,17010,7494,6957,17483,-64
4A0,N,2011,17468.16478,8982.962423,7235.286597,19201.96322,0.4141984399,-13.87737869,-0.0007944382751,17483,9127,7367,19356,113
4A0,N,2012,19201.96322,9907,8033,21067,0.4183426407,-8.963221966,-0.0004667867479,19356,9907,8033,21067,-163
4A0,N,2013,21067,10254.50585,8753.71868,22557.45555,0.4155180462,-10.33161137,-0.0004904168305,21067,10139,8645,22715,154
4A0,N,2014,22557.45555,12410.83404,9681.214858,25265.86971,0.4291802697,-21.2050284,-0.0009400452258,22715,12153,9454,25344,-70
4A0,N,2015,25265.86971,12674.76449,10658.22582,27272.22754,0.4218428236,-10.18084446,-0.0004029485065,25344,12293,10262,27072,-303
4A0,N,2016,27272.22754,14048.87771,11486.12857,29821.11003,0.4211657649,-13.86664136,-0.0005084528334,27072,13424,10889,29596,-11
4A0,N,2017,29821.11003,17351.73511,12929.92561,34206.20339,0.4335829753,-36.71613923,-0.00123121303,29596,16438,12141,34145,252
4A0,N,2018,34206.20339,17974.64748,14491.3478,37669.96482,0.4236467766,-19.53824447,-0.0005711900923,34145,16977,13404,37626,-92
4A0,N,2019,37669.96482,21787.55101,16160.87826,43261.18321,0.4290123004,-35.45436206,-0.0009411838379,37626,20484,14838,43154,-118
4A0,S,2008,420786.2876,17200.94991,11003.35545,426755.7607,0.0261495105,-228.1213873,-0.000542131229,388470,16491,10501,419203,24743
4A0,S,2009,426755.7607,9944.577709,11068.55228,425682.8055,0.02593650349,51.01933607,0.0001195516048,419203,9711,10755,396976,-21183
4A0,S,2010,425682.8055,7375.477864,11006.22217,422054.9159,0.02585545394,2.854757889,6.706303031e-06,396976,6988,10373,395757,2166
4A0,S,2011,422054.9159,7508.632531,10913.71451,418639.6069,0.0258585177,-10.22705672,-2.423157825e-05,395757,7277,10538,408211,15715
4A0,S,2012,418639.6069,9316,10834,416015,0.02587906118,-1106.606902,-0.002643340198,408211,9316,10834,416015,9322
4A0,S,2013,416015,9277.322995,10781.82771,414492.6061,0.02591692056,-17.88922492,-4.300139399e-05,416015,9525,11077,426578,12115
4A0,S,2014,414492.6061,12573.85538,10785.32564,416310.2827,0.02602055014,29.14690382,7.031947832e-05,426578,13231,11368,438270,9829
4A0,S,2015,416310.2827,13618.64414,10846.77634,419112.1341,0.02605454824,29.98355965,7.202214524e-05,438270,14598,11652,449478,8262
4A0,S,2016,419112.1341,17752.87489,10979.75825,425979.6741,0.02619766253,94.42344194,0.0002252939828,449478,19298,11990,464684,7898
4A0,S,2017,425979.6741,14883.52683,11109.60718,428961.0928,0.02608013447,-792.501016,-0.00186041979,464684,16653,12476,482512,13651
4A0,S,2018,428961.0928,14061.07318,11176.87679,431113.9735,0.02605568891,-731.3156679,-0.001704853145,482512,16301,12992,503886,18065
4A0,S,2019,431113.9735,14300.8681,11246.10905,434232.4376,0.02608616222,63.70507863,0.0001477685312,503886,17418,13708,530924,23328
511,E,2008,25244.02624,4800.022167,4798.607457,25237.83949,0.1900888318,-7.601461154,-0.0003011192066,26109,5470,5154,26174,-251
511,E,2009,25237.83949,5248.271666,5000.386825,25474.65448,0.1981305423,-11.06985439,-0.0004386213167,26174,5669,5215,25852,-776
511,E,2010,25474.65448,6194.821775,5312.377934,26334.07155,0.2085358189,-23.02676984,-0.000903909015,25852,6483,5452,26655,-228
511,E,2011,26334.07155,7534.517243,5835.220761,28019.20185,0.22158445,-14.16617981,-0.000537941115,26655,7665,5894,28162,-264
511,E,2012,28019.20185,5816,6177,27617,0.2204559585,-41.20185038,-0.001470486226,28162,5816,6177,27617,-184
511,E,2013,27617,6504.989143,6272.694905,27844.78445,0.2271316546,-4.509787611,-0.0001632975201,27617,6424,6228,27364,-449
511,E,2014,27844.78445,9218.247964,6660.959856,30377.152,0.2392175047,-24.92055977,-0.0008949812418,27364,8915,6569,29304,-406
511,E,2015,30377.152,7829.912427,7002.401329,31176.68944,0.2305153995,-27.97365367,-0.0009208780886,29304,7276,6779,28887,-914
511,E,2016,31176.68944,7994.445543,7059.546664,32077.78712,0.2264366997,-33.80120129,-0.001084181865,28887,7065,6661,28720,-571
511,E,2017,32077.78712,9999.509068,7267.668732,34621.42514,0.2265639056,-188.2023186,-0.005867060528,28720,8606,6777,30457,-92
511,E,2018,34621.42514,11423.47245,7804.080736,38110.45455,0.225411886,-130.3623012,-0.003765364964,30457,9858,7240,32693,-382
511,E,2019,38110.45455,10670.62133,8312.010873,40416.05408,0.2181031681,-53.01091709,-0.001390980971,32693,8886,7508,33258,-813
511,N,2008,159549.5443,47101.89819,36743.77159,169906.1208,0.2302969386,-1.550099596,-9.715474924e-06,145687,44664,34968,158132,2749
511,N,2009,169906.1208,46225.30363,39100.6092,177019.3158,0.2301306688,-11.49939513,-6.76808762e-05,158132,43844,37146,166784,1954
511,N,2010,177019.3158,49424.3026,41207.78016,185241.1912,0.2327869136,5.352993234,3.023959961e-05,166784,47425,39615,177775,3181
511,N,2011,185241.1912,53947.18401,43737.03587,195439.5279,0.2361085868,-11.81150743,-6.376285616e-05,177775,52988,42965,192353,4555
511,N,2012,195439.5279,50181,45655,199960,0.2336016695,-5.527859519,-2.828424515e-05,192353,50181,45655,199960,3081
511,N,2013,199960,57061.4797,47363.27184,209638.7742,0.2368637319,-19.4336374,-9.718762453e-05,199960,57673,47869,215360,5596
511,N,2014,209638.7742,61021.13517,50377.16894,220240.3499,0.2403046341,-42.39059832,-0.0002022078143,215360,62603,51748,230112,3897
511,N,2015,220240.3499,55099.45153,52458.25655,222860.03,0.2381864022,-21.51481162,-9.768787434e-05,230112,57372,54569,232711,-204
511,N,2016,222860.03,56724.65602,53247.54508,226313.5359,0.2389281967,-23.60511129,-0.000105918999,232711,58362,54809,239430,3166
511,N,2017,226313.5359,58417.2608,54498.55103,230186.0015,0.240809949,-46.24409757,-0.0002043364193,239430,61048,57109,250055,6686
511,N,2018,230186.0015,58252.2323,56001.94181,232384.7883,0.2432899544,-51.50369125,-0.0002237481468,250055,61753,59780,256413,4385
511,N,2019,232384.7883,56459.79709,56810.85762,232001.1116,0.2444689174,-32.61614727,-0.0001403540546,256413,60482,61085,259451,3641
511,S,2008,41735.0135,3701.370449,1194.798161,44242.90137,0.02862819635,1.315580989,3.152223706e-05,38810,3521,1141,44047,2857
511,S,2009,44242.90137,3805.199213,1259.667393,46788.68813,0.02847162717,0.2549362473,5.762195502e-06,44047,3717,1232,44440,-2092
511,S,2010,46788.68813,1270.178056,1293.914122,46763.91199,0.0276544219,-1.040068775,-2.222906468e-05,44440,1208,1232,44521,105
511,S,2011,46763.91199,1456.533641,1296.614987,46925.28637,0.02772682891,1.455726404,3.112926918e-05,44521,1418,1261,46345,1667
511,S,2012,46925.28637,1052,1293,46629,0.02755444026,-55.28637195,-0.00117817868,46345,1052,1293,46629,525
511,S,2013,46629,1245.078489,1287.593064,46585.03555,0.02761356804,-1.449872493,-3.10937934e-05,46629,1266,1311,48113,1529
511,S,2014,46585.03555,1715.722376,1291.180775,47011.15515,0.02771664247,1.577996973,3.387347362e-05,48113,1795,1354,49662,1108
511,S,2015,47011.15515,2377.606411,1310.105014,48082.01948,0.02786796048,3.362934574,7.153482112e-05,49662,2547,1404,51717,912
511,S,2016,48082.01948,2297.744866,1334.417931,49045.8367,0.027752951,0.4902837333,1.019682074e-05,51717,2492,1447,53366,604
511,S,2017,49045.8367,2639.052558,1356.937132,50089.40005,0.02766671391,-238.5520788,-0.004863859909,53366,2924,1505,56070,1285
511,S,2018,50089.40005,1763.44328,1369.623312,50365.00069,0.0273435759,-118.2193275,-0.002360166569,56070,2036,1586,59537,3017
511,S,2019,50365.00069,2199.555867,1380.422646,51185.58535,0.02740837143,1.451437766,2.881838074e-05,59537,2658,1678,62764,2247
512,E,2008,10194.44569,1934.088585,1630.537476,10497.63387,0.159943711,-0.3629289639,-3.560065695e-05,11194,2154,1769,11456,-123
512,E,2009,10497.63387,1767.16958,1683.584261,10578.28101,0.1603774985,-2.938178794,-0.0002798896237,11456,1901,1776,11088,-493
512,E,2010,10578.28101,2464.630404,1773.744339,11262.9023,0.1676779372,-6.264780762,-0.0005922305102,11088,2566,1820,11595,-239
512,E,2011,11262.9023,1910.94865,1853.53779,11315.62742,0.1645701739,-4.685736816,-0.0004160328033,11595,1948,1885,11484,-174
512,E,2012,11315.62742,1875,1871,11304,0.165346554,-15.62742022,-0.001381047611,11484,1875,1871,11304,-184
512,E,2013,11304,1665.387256,1846.632812,11119.8379,0.163361006,-2.91654184,-0.0002580097169,11304,1630,1821,10772,-341
512,E,2014,11119.8379,1667.25411,1784.76533,10999.43425,0.160502819,-2.892428976,-0.0002601143112,10772,1569,1722,10284,-335
512,E,2015,10999.43425,2103.18251,1751.544892,11335.81051,0.1592395438,-15.26136435,-0.001387468119,10284,1872,1635,10064,-457
512,E,2016,11335.81051,2212.922237,1755.805029,11781.44973,0.1548901182,-11.4779803,-0.001012541652,10064,1853,1569,10049,-299
512,E,2017,11781.44973,2568.51597,1784.009242,12477.86357,0.151425273,-88.09288931,-0.007477253759,10049,2076,1557,10452,-116
512,E,2018,12477.86357,2037.227604,1795.22524,12668.27855,0.1438728056,-51.58738131,-0.004134312017,10452,1622,1545,10401,-128
512,E,2019,12668.27855,2671.300411,1832.021395,13494.11062,0.1446148652,-13.4469534,-0.001061466508,10401,2059,1534,10740,-186
512,N,2008,208324.8534,29684.0958,27347.92777,210645.2874,0.1312753967,-15.73409332,-7.552672216e-05,210385,30267,28025,213060,433
512,N,2009,210645.2874,27169.34734,27366.78739,210422.8033,0.129918821,-25.044075,-0.0001188921685,213060,27512,27755,210743,-2074
512,N,2010,210422.8033,31189.57234,27508.98162,214082.4361,0.1307319415,-20.95787848,-9.959889399e-05,210743,31485,27778,214665,215
512,N,2011,214082.4361,28806.3682,27661.26305,215201.1549,0.1292084654,-26.38639793,-0.0001232534458,214665,28816,27708,213259,-2514
512,N,2012,215201.1549,27353,27546,214976,0.1280011718,-32.15486146,-0.0001494176993,213259,27353,27546,214976,1910
512,N,2013,214976,31183.72983,27713.9092,218398.7958,0.1289162939,-47.02486361,-0.0002187447139,214976,31019,27660,218111,-224
512,N,2014,218398.7958,30842.14653,28132.39866,221068.1288,0.1288120594,-40.41486967,-0.0001850507899,218111,30912,28265,221729,971
512,N,2015,221068.1288,33218.17005,28682.42157,225559.5389,0.1297447159,-44.338297,-0.0002005639494,221729,33665,29127,231101,4834
512,N,2016,225559.5389,33426.17098,29386.48511,229558.8243,0.1302826085,-40.40048082,-0.000179112269,231101,34481,30358,238434,3210
512,N,2017,229558.8243,34588.02267,30108.675,233993.1377,0.1311588657,-45.03433418,-0.0001961777523,238434,36212,31582,247700,4636
512,N,2018,233993.1377,35609.17926,30883.66278,238675.5859,0.1319853355,-43.06824832,-0.000184057741,247700,37697,32740,254199,1542
512,N,2019,238675.5859,36859.9356,31741.93084,243748.6731,0.1329919469,-44.91756014,-0.0001881950346,254199,39261,33912,264046,4498
512,S,2008,34444.92893,536.3314336,972.2005227,34009.96102,0.02822477946,0.9011785789,2.616288106e-05,34031,547,988,34735,1145
512,S,2009,34009.96102,595.2993825,959.7034488,33646.49663,0.02821830487,0.9396697033,2.762924964e-05,34735,603,963,32307,-2068
512,S,2010,33646.49663,734.3758142,952.0024908,33431.42554,0.02829425308,2.555592616,7.59541965e-05,32307,717,919,31970,-135
512,S,2011,33431.42554,520.7838038,942.3923256,33003.86922,0.02818881667,-5.947802634,-0.0001779105299,31970,512,924,32327,769
512,S,2012,33003.86922,636,931,32683,0.02820881376,-25.86921775,-0.0007838237869,32327,636,931,32683,651
512,S,2013,32683,753.3407462,925.1219336,32510.88995,0.02830590624,-0.3288659883,-1.006229503e-05,32683,779,958,34042,1538
512,S,2014,32510.88995,547.5445036,918.2143659,32135.95037,0.02824328609,-4.269714511,-0.0001313318251,34042,584,990,34792,1156
512,S,2015,32135.95037,1191.148011,913.9894917,32415.85366,0.02844134003,2.744770955,8.541122708e-05,34792,1312,1018,35996,910
512,S,2016,32415.85366,891.9508574,917.5637759,32388.78855,0.02830601919,-1.452190858,-4.479878498e-05,35996,1003,1053,37258,1312
512,S,2017,32388.78855,920.0792499,912.9314502,32166.51208,0.02818665011,-229.4242683,-0.007083447037,37258,1070,1086,38124,882
512,S,2018,32166.51208,653.3090541,905.9815937,31796.88058,0.02816536625,-116.9589663,-0.003636047514,38124,799,1124,39631,1832
512,S,2019,31796.88058,650.5808102,896.0537173,31548.38648,0.02818055423,-3.02118558,-9.501515636e-05,39631,838,1165,40860,1556
513,E,2008,228285.4681,49903.02504,30075.20482,247766.8277,0.1317438428,-346.4606088,-0.001517663878,298253,66181,38013,310040,-16381
513,E,2009,247766.8277,47934.58038,32264.51803,263150.2446,0.1302212985,-286.6454194,-0.001156916049,310040,58304,38070,303891,-26383
513,E,2010,263150.2446,61955.22146,34912.12193,289767.1114,0.1326699201,-426.2328263,-0.001619731826,303891,69083,38332,318818,-15824
513,E,2011,289767.1114,67074.47654,38362.71888,318050.4281,0.1323915565,-428.44089,-0.001478569766,318818,71634,40667,331220,-18565
513,E,2012,318050.4281,74932,42151,350097,0.1325292981,-734.4281188,-0.002309156203,331220,74932,42151,350097,-13904
513,E,2013,350097,83357.19593,46392.79956,386525.6072,0.1325141305,-535.7892027,-0.001530402153,350097,79021,44187,354801,-30130
513,E,2014,386525.6072,98030.51768,51449.69925,432435.1511,0.1331081261,-671.2745203,-0.001736688354,354801,84861,45106,361918,-32638
513,E,2015,432435.1511,115656.181,57781.8319,489487.5289,0.1336196462,-821.9713076,-0.001900796699,361918,90432,46130,367499,-38721
513,E,2016,489487.5289,135343.2689,65547.53898,558297.3946,0.1339105393,-985.8642285,-0.002014074252,367499,95671,47615,386583,-28972
513,E,2017,558297.3946,154464.9229,74627.20335,636262.024,0.1336692667,-1873.090129,-0.003355004245,386583,103276,51522,427580,-10757
513,E,2018,636262.024,154001.6936,83729.5112,705047.2396,0.131595959,-1486.966809,-0.002337035298,427580,98224,55161,446002,-24641
513,E,2019,705047.2396,155558.1246,91875.95761,767819.7441,0.1303117755,-909.6625606,-0.001290215052,446002,93604,57218,461444,-20944
513,N,2008,128625.8967,33820.51261,29959.46853,132378.8778,0.2329194144,-108.06294,-0.0008401336187,131152,35714,31290,135739,163
513,N,2009,132378.8778,33932.03495,30760.41778,135442.4198,0.2323665096,-108.0751551,-0.0008164078509,135739,35523,31773,136548,-2941
513,N,2010,135442.4198,35952.95386,31456.57499,139827.9698,0.2322505389,-110.8288677,-0.000818272945,136548,36442,31754,140163,-1073
513,N,2011,139827.9698,39386.04702,32472.43273,146610.058,0.2322313109,-131.5260846,-0.0009406278645,140163,39643,32639,146035,-1132
513,N,2012,146610.058,42946,34053,155351,0.2322691939,-152.058019,-0.001037159531,146035,42946,34053,155351,423
513,N,2013,155351,40331.29166,35490.8601,160050.9531,0.2284559488,-140.4784207,-0.0009042646699,155351,39760,35171,159448,-492
513,N,2014,160050.9531,45361.918,37012.98361,168237.3574,0.231257502,-162.5301108,-0.001015489802,159448,44774,36676,168086,540
513,N,2015,168237.3574,47432.93697,39021.3805,176480.9266,0.2319424241,-167.9873099,-0.0009985137219,168086,47039,38757,178215,1847
513,N,2016,176480.9266,52966.26251,41454.32296,187807.0586,0.2348940691,-185.8075275,-0.001052847643,178215,52744,41304,191625,1970
513,N,2017,187807.0586,57373.66702,44624.69914,200351.2897,0.2376092756,-204.7367915,-0.001090144285,191625,57457,44670,207813,3401
513,N,2018,200351.2897,62011.95282,48101.48853,214055.1586,0.2400857444,-206.5953265,-0.001031165444,207813,62588,48284,223438,1321
513,N,2019,214055.1586,64536.86204,51309.72783,227084.754,0.2397032996,-197.5388837,-0.000922841033,223438,65710,51708,240263,2823
513,S,2008,757796.1876,33676.04332,18987.25405,773340.3108,0.02505588489,855.3339353,0.001128712376,671718,30422,17083,698437,13380
513,S,2009,773340.3108,25171.04189,19262.23431,779960.6914,0.02490783687,711.5729971,0.0009201291944,698437,22344,17108,696587,-7086
513,S,2010,779960.6914,19299.06994,19343.06934,780230.3307,0.02480005667,313.6387646,0.0004021212454,696587,18023,17927,752370,55687
513,S,2011,780230.3307,17889.20571,19321.36582,779008.0586,0.02476366921,209.8879733,0.0002690077085,752370,17954,19109,780048,28833
513,S,2012,779008.0586,15959,19247,775103,0.02470706148,-617.0585836,-0.0007921080877,780048,15959,19247,775103,-1657
513,S,2013,775103,17568.1377,19165.30674,773480.6154,0.02472614187,-25.21557417,-3.253190114e-05,775103,17597,19265,780751,7316
513,S,2014,773480.6154,15615.70655,19088.73761,769989.8292,0.02467901229,-17.75517752,-2.295490949e-05,780751,15715,19356,785451,8341
513,S,2015,769989.8292,18133.53324,19019.04997,769084.3124,0.02470039116,-20.00003659,-2.597441659e-05,785451,18369,19472,786999,2651
513,S,2016,769084.3124,18595.04685,18990.84339,768668.384,0.02469279777,-20.13183414,-2.617636821e-05,786999,18863,19487,786920,545
513,S,2017,768668.384,20157.8647,18974.34944,768792.8425,0.02468470128,-1059.056799,-0.001377781135,786920,20449,19581,795785,7997
513,S,2018,768792.8425,17778.69328,18941.31635,767074.631,0.02463773764,-555.5883589,-0.0007226762896,795785,18597,20156,828871,34645
513,S,2019,767074.631,13443.1288,18842.93186,761672.0723,0.02456466568,-2.755673664,-3.592445314e-06,828871,14598,20801,846898,24230
514,E,2008,17747.2885,4814.89636,3796.337675,18750.81363,0.213910856,-15.03355281,-0.0008470901234,20902,5730,4342,21434,-856
514,E,2009,18750.81363,5462.310706,4104.937616,20093.8722,0.2189205064,-14.31451898,-0.0007634078852,21434,6103,4472,21755,-1310
514,E,2010,20093.8722,11833.36648,5179.461976,26687.35154,0.2577632585,-60.42516786,-0.003007144031,21755,12648,5463,28206,-734
514,E,2011,26687.35154,12843.09422,6924.030611,32557.86603,0.2594498971,-48.54912642,-0.001819181133,28206,13227,7088,33199,-1146
514,E,2012,32557.86603,14184,8677,37978,0.266510096,-86.86602858,-0.002668050434,33199,14184,8677,37978,-728
514,E,2013,37978,20405.26202,10834.7646,47471.01073,0.2852905524,-77.48669726,-0.002040304841,37978,20009,10693,45816,-1478
514,E,2014,47471.01073,23406.26355,13293.85739,57493.23239,0.2800415913,-90.18449728,-0.001899780432,45816,22323,12935,53625,-1579
514,E,2015,57493.23239,25944.80561,15563.85924,67766.47634,0.2707076745,-107.7024194,-0.001873306038,53625,23698,14789,59752,-2782
514,E,2016,67766.47634,34013.575,18133.68081,83479.99092,0.2675907291,-166.3796076,-0.002455190481,59752,29532,16703,70326,-2255
514,E,2017,83479.99092,44082.20703,21640.19543,105474.8969,0.2592261354,-447.105636,-0.005355841934,70326,37416,19610,87632,-500
514,E,2018,105474.8969,51923.87485,26162.33989,130836.8298,0.2480432848,-399.6020719,-0.003788598839,87632,44093,23566,106089,-2070
514,E,2019,130836.8298,45608.34751,29913.76834,146348.6404,0.2286341575,-182.7685115,-0.001396919444,106089,37406,26166,113650,-3679
514,N,2008,44855.04934,12856.12031,13094.29393,44624.32033,0.2919246355,7.444611757,0.0001659704284,43515,12889,13253,43559,408
514,N,2009,44624.32033,12926.41958,12889.09291,44662.61551,0.2888356129,0.9685144884,2.170373647e-05,43559,12869,12855,43294,-279
514,N,2010,44662.61551,19747.29671,14061.72087,50330.77364,0.3148432018,-17.41771659,-0.0003899842495,43294,19597,13915,49361,385
514,N,2011,50330.77364,21365.72408,16242.7263,55442.1594,0.3227195834,-11.61201646,-0.0002307140467,49361,21370,16246,55272,787
514,N,2012,55442.1594,22224,18020,59638,0.3250234153,-8.15940115,-0.0001471696131,55272,22224,18020,59638,162
514,N,2013,59638,30619.02484,20886.16733,69330.84357,0.3502157572,-40.01393767,-0.0006709470081,59638,30545,20847,70232,896
514,N,2014,69330.84357,36623.86223,25313.55576,80591.49703,0.3651124731,-49.65301769,-0.0007161750115,70232,36452,25196,81667,179
514,N,2015,80591.49703,41190.84166,29916.37006,91818.66636,0.3712100056,-47.30226083,-0.0005869386049,81667,40790,29561,92175,-721
514,N,2016,91818.66636,55121.21029,36184.7492,110660.7955,0.3940892482,-94.33193055,-0.00102737204,92175,53712,35205,110831,149
514,N,2017,110660.7955,71205.69415,45792.85062,135933.0849,0.4138127727,-140.5541135,-0.001270134675,110831,68785,44125,136385,894
514,N,2018,135933.0849,86422.49536,57522.37771,164685.2153,0.4231668673,-147.9872585,-0.00108867726,136385,82260,54323,163485,-837
514,N,2019,164685.2153,83000.2235,66302.34648,181342.6916,0.4026004784,-40.40071766,-0.000245320854,163485,79022,61885,179208,-1414
514,S,2008,14538.87093,1602.342745,367.0223559,15763.65769,0.0252442131,-10.5336218,-0.0007245144315,13288,1463,342,15310,901
514,S,2009,15763.65769,1812.329543,401.6842972,17167.53801,0.02548166834,-6.764926468,-0.0004291470038,15310,1681,383,16096,-512
514,S,2010,17167.53801,3698.006212,459.6840484,20392.84926,0.02677635245,-13.01091483,-0.0007578789002,16096,3456,434,19450,332
514,S,2011,20392.84926,2321.937224,525.3378921,22186.16527,0.02576088733,-3.283325712,-0.0001610037749,19450,2276,513,22005,792
514,S,2012,22186.16527,1853,564,23443,0.02542124758,-32.16526664,-0.001449789373,22005,1853,564,23443,149
514,S,2013,23443,3506.004813,619.2849174,26337.38292,0.02641662404,7.663021993,0.0003268788974,23443,3545,626,26960,598
514,S,2014,26337.38292,7287.193193,739.784112,32897.30589,0.02808874801,12.51389272,0.0004751380484,26960,7506,765,34281,580
514,S,2015,32897.30589,10038.16516,940.0596683,42014.67318,0.02857558219,19.26179028,0.0005855126965,34281,10486,989,44285,507
514,S,2016,42014.67318,11400.3199,1184.748861,52258.69674,0.02819845476,28.45252186,0.0006772044076,44285,12009,1254,55400,360
514,S,2017,52258.69674,9242.385609,1405.28607,59918.90019,0.02689095131,-176.896082,-0.00338500753,55400,9774,1508,64691,1025
514,S,2018,59918.90019,16145.90439,1671.283339,74230.63395,0.02789242348,-162.8872986,-0.002718462758,64691,17647,1856,83978,3496
514,S,2019,74230.63395,20442.32581,2071.11298,92515.66499,0.02790105472,-86.18179354,-0.001161000371,83978,23358,2390,107968,3022
521CI,E,2008,396372.8265,62138.18337,65567.4294,392766.6011,0.1654185782,-176.9793681,-0.0004464972276,378325,61697,63695,378667,2340
521CI,E,2009,392766.6011,31268.44008,61810.3836,362128.517,0.1573717913,-96.14058757,-0.0002447779096,378667,32118,60301,350839,355
521CI,E,2010,362128.517,54603.94112,58950.64178,357788.0161,0.1627892834,6.199717296,1.712021286e-05,350839,53915,57666,348147,1059
521CI,E,2011,357788.0161,62737.10755,59373.27451,361155.1055,0.1659453974,3.256365089,9.101381105e-06,348147,62288,58853,358291,6709
521CI,E,2012,361155.1055,73695,60573,373721,0.1677201819,-556.1054894,-0.001539796838,358291,73695,60573,373721,2308
521CI,E,2013,373721,82364.93909,63806.85698,392375.1515,0.1707339352,96.06944187,0.0002570619309,373721,82613,63957,392764,387
521CI,E,2014,392375.1515,91582.72658,67549.20624,416558.9202,0.1721546484,150.248338,0.0003829201147,392764,92132,67893,419016,2013
521CI,E,2015,416558.9202,100694.3105,71994.34229,445390.9128,0.1728311142,132.0243208,0.000316940328,419016,101268,72468,447133,-683
521CI,E,2016,445390.9128,99989.46011,77027.35631,468489.3464,0.1729432597,136.3298586,0.000306090346,447133,100264,77254,469493,-650
521CI,E,2017,468489.3464,92382.52194,80091.82336,480182.5788,0.1709576194,-597.4662185,-0.001275303746,469493,92633,80238,480327,-1561
521CI,E,2018,480182.5788,99795.7168,82653.77599,496543.7743,0.1721298932,-780.745356,-0.001625934364,480327,100559,83088,501106,3308
521CI,E,2019,496543.7743,107824.1079,86397.54232,518079.8354,0.1739978362,109.4955077,0.0002205153169,501106,107958,87030,522842,808
521CI,N,2008,28644.93991,12825.82973,12633.63274,28818.85147,0.4410423894,-18.28542985,-0.000638347642,29830,14142,13820,30267,115
521CI,N,2009,28818.85147,14005.56325,13134.3003,29675.04754,0.4557537735,-15.0668753,-0.0005228131774,30267,15076,14069,30374,-900
521CI,N,2010,29675.04754,14468.37667,13663.09961,30474.6279,0.460423849,-5.696703621,-0.0001919694859,30374,14895,14079,30868,-322
521CI,N,2011,30474.6279,16570.99682,14423.47335,32600.79412,0.473294486,-21.35725072,-0.0007008207217,30868,16930,14743,33061,6
521CI,N,2012,32600.79412,20220,16099,36682,0.4938223266,-39.79411799,-0.001220648731,33061,20220,16099,36682,-500
521CI,N,2013,36682,19726.61191,17702.5847,38686.02033,0.4825959517,-20.00687663,-0.0005454140077,36682,19436,17430,38635,-53
521CI,N,2014,38686.02033,22566.21621,19108.90051,42106.22244,0.4939484688,-37.1135921,-0.000959354097,38635,21907,18540,41663,-339
521CI,N,2015,42106.22244,28921.20653,21952.59018,48997.9024,0.5213621386,-76.9363851,-0.001827197517,41663,27544,20886,47788,-533
521CI,N,2016,48997.9024,34800.41535,26138.37457,57571.20649,0.5334590522,-88.73668934,-0.00181103037,47788,32636,24416,55547,-461
521CI,N,2017,57571.20649,39682.1157,30742.30667,66415.15985,0.5339875356,-95.85566702,-0.001664993195,55547,36658,28253,63641,-311
521CI,N,2018,66415.15985,47520.77149,36190.61786,77612.07105,0.5449150156,-133.2424187,-0.002006204894,63641,42777,32427,73062,-929
521CI,N,2019,77612.07105,63586.81765,44591.57345,96383.72283,0.5745443054,-223.5924152,-0.002880897419,73062,56371,39291,89021,-1121
521CI,S,2008,360798.3736,16546.53403,9260.758394,368006.567,0.02566740615,-77.58218795,-0.0002150292065,338815,15882,8907,366366,20576
521CI,S,2009,368006.567,9914.954471,9351.916217,368624.4794,0.02541236232,54.87410461,0.0001491117538,366366,9749,9170,350194,-16751
521CI,S,2010,368624.4794,6024.759116,9317.699672,365334.3801,0.02527694224,2.841283709,7.707799855e-06,350194,5757,8874,347413,336
521CI,S,2011,365334.3801,4860.210392,9215.84624,360965.8062,0.02522578422,-12.9380811,-3.541435411e-05,347413,4743,8970,355907,12721
521CI,S,2012,360965.8062,5607,9105,356710,0.02522399586,-757.8061553,-0.002099384879,355907,5607,9105,356710,4301
521CI,S,2013,356710,4487.147055,8987.797063,352174.7511,0.02519636978,-34.59892323,-9.699454243e-05,356710,4554,9156,362491,10383
521CI,S,2014,352174.7511,6371.257821,8897.79936,349619.813,0.02526529609,-28.39653022,-8.063193098e-05,362491,6646,9314,368331,8508
521CI,S,2015,349619.813,6213.559228,8826.528775,346985.0538,0.02524607716,-21.78963486,-6.232379874e-05,368331,6642,9445,372182,6654
521CI,S,2016,346985.0538,8534.990415,8787.626743,346708.6076,0.02532566359,-23.8099239,-6.861945099e-05,372182,9263,9535,377497,5587
521CI,S,2017,346708.6076,8709.954719,8771.423192,346158.9808,0.02529912151,-488.1582979,-0.001407978594,377497,9687,9732,386584,9132
521CI,S,2018,346158.9808,9967.640873,8767.750079,346742.0233,0.02532868007,-616.8482498,-0.001781979622,386584,11547,10128,407556,19553
521CI,S,2019,346742.0233,14215.26048,8838.003966,352152.992,0.0254887016,33.71215855,9.72254768e-05,407556,17216,10690,428938,14856
523,E,2008,26178.92275,6097.8867,4710.218661,27566.1457,0.1799240827,-0.4450885902,-1.700179165e-05,29056,7126,5254,30411,-517
523,E,2009,27566.1457,7418.035719,5090.33634,29879.65516,0.1846589797,-14.18992133,-0.0005147589902,30411,8275,5478,31587,-1621
523,E,2010,29879.65516,7331.146666,5509.079456,31689.36804,0.1843756037,-12.35432688,-0.0004134695269,31587,7795,5742,32892,-748
523,E,2011,31689.36804,6772.402972,5779.437966,32676.94363,0.1823778234,-5.389418226,-0.0001700702336,32892,6989,5905,33225,-751
523,E,2012,32676.94363,5711,5840,32475,0.178719285,-72.94362622,-0.002232265877,33225,5711,5840,32475,-621
523,E,2013,32475,6321.406508,5838.383358,32946.79054,0.1797808578,-11.23260459,-0.0003458846678,32475,6169,5732,31756,-1156
523,E,2014,32946.79054,6604.446958,5918.763655,33620.94496,0.1796461372,-11.52888693,-0.0003499244309,31756,6274,5682,31281,-1067
523,E,2015,33620.94496,7107.39503,6083.009668,34632.3843,0.1809291701,-12.94602555,-0.0003850583487,31281,6542,5670,30684,-1469
523,E,2016,34632.3843,7380.209893,6317.771083,35674.90145,0.1824237982,-19.92165282,-0.0005752319172,30684,6601,5707,30588,-990
523,E,2017,35674.90145,8191.076913,6661.77659,37132.81719,0.186735669,-71.38458214,-0.002000974894,30588,7383,5956,31849,-166
523,E,2018,37132.81719,8207.735717,7038.899996,38220.10096,0.1895600853,-81.55195239,-0.002196223141,31849,7405,6305,32597,-352
523,E,2019,38220.10096,8869.429669,7425.718561,39648.44438,0.1942883031,-15.36768587,-0.0004020838638,32597,7685,6519,32911,-852
523,N,2008,16534.73883,7699.012748,7228.686311,17002.70313,0.4371817654,-2.362131399,-0.0001428587063,17120,8431,7861,17776,86
523,N,2009,17002.70313,11274.63125,8281.562465,19967.51644,0.4870732847,-28.25547899,-0.001661822757,17776,12096,8850,20460,-562
523,N,2010,19967.51644,10412.83823,9406.121132,20969.62826,0.47107116,-4.605280439,-0.0002306386201,20460,10719,9688,21259,-232
523,N,2011,20969.62826,10839.65232,9916.008934,21886.0249,0.472874808,-7.246746741,-0.0003455829857,21259,11080,10131,22199,-9
523,N,2012,21886.0249,10110,10156,21839,0.4640404115,-1.024898093,-4.682888272e-05,22199,10110,10156,21839,-314
523,N,2013,21839,11628.02825,10450.29851,23008.28984,0.4785154315,-8.43989954,-0.0003864599817,21839,11461,10294,22978,-28
523,N,2014,23008.28984,12991.40213,11206.72462,24781.08468,0.4870733416,-11.88266892,-0.0005164516357,22978,12632,10880,24535,-195
523,N,2015,24781.08468,14576.17484,12223.80915,27120.95818,0.4932717558,-12.49218962,-0.0005041018092,24535,13965,11665,26539,-296
523,N,2016,27120.95818,17437.98055,13657.69913,30880.99662,0.5035846828,-20.24299428,-0.0007463967218,26539,16498,12836,29984,-217
523,N,2017,30880.99662,21206.83919,15820.14192,36235.71227,0.5122937616,-31.98162111,-0.001035640835,29984,19836,14678,35026,-116
523,N,2018,36235.71227,22719.90871,18201.6127,40729.03125,0.502311437,-24.97702983,-0.0006892931935,35026,20772,16513,38805,-480
523,N,2019,40729.03125,26576.36584,20710.27479,46556.2866,0.5084892558,-38.83569272,-0.0009535137843,38805,24010,18530,43730,-555
523,S,2008,98081.35934,5048.963361,2552.27773,100585.5504,0.02602204687,7.505390271,7.652208658e-05,92831,4906,2479,100534,5276
523,S,2009,100585.5504,4941.481199,2613.647067,102931.8158,0.0259843194,18.43127549,0.0001832397936,100534,4897,2575,98000,-4856
523,S,2010,102931.8158,2166.026024,2638.575054,102460.0577,0.02563420294,0.7909317973,7.684036188e-06,98000,2076,2521,97515,-40
523,S,2011,102460.0577,1820.206289,2621.195598,101653.6928,0.02558260904,-5.375536139,-5.246469952e-05,97515,1776,2555,100089,3353
523,S,2012,101653.6928,1549,2596,100426,0.02553768513,-180.6928263,-0.001777533322,100089,1549,2596,100426,1384
523,S,2013,100426,1399.760259,2564.606623,99255.67799,0.02553727743,-5.475648588,-5.452421274e-05,100426,1435,2620,102617,3376
523,S,2014,99255.67799,1647.971376,2537.513883,98362.43971,0.02556542794,-3.695769958,-3.723484674e-05,102617,1750,2678,104491,2802
523,S,2015,98362.43971,2544.553616,2529.129361,98377.85469,0.02571234883,-0.009277585955,-9.432041318e-08,104491,2767,2738,106777,2257
523,S,2016,98377.85469,3447.42233,2540.559524,99290.72653,0.02582450625,6.009038236,6.108120831e-05,106777,3837,2808,110256,2450
523,S,2017,99290.72653,3230.252204,2558.99081,99806.8775,0.02577270707,-155.1104255,-0.001562184415,110256,3692,2907,113806,2765
523,S,2018,99806.8775,4602.796671,2587.023351,101632.0117,0.02592029143,-190.6391322,-0.001910080116,113806,5499,3067,122086,5848
523,S,2019,101632.0117,5298.017588,2644.468133,104299.2328,0.02602003138,13.67162748,0.0001345208783,122086,6622,3282,129957,4531
524,E,2008,49117.6121,7680.623943,8251.571717,48518.48891,0.1679961904,-28.17542034,-0.0005736317206,48441,8260,8485,48832,616
524,E,2009,48518.48891,6575.334871,8185.949278,46921.33521,0.1687181415,13.46071153,0.0002774346818,48832,6932,8306,46428,-1030
524,E,2010,46921.33521,7124.931165,8084.062261,45965.61545,0.1722896892,3.411331656,7.270320932e-05,46428,7310,8109,45520,-109
524,E,2011,45965.61545,7534.813967,8061.091143,45430.25252,0.1753722008,-9.085751777,-0.000197664095,45520,7596,8069,45372,325
524,E,2012,45430.25252,8652,8182,45787,0.1801002536,-113.2525211,-0.002492887775,45372,8652,8182,45787,-55
524,E,2013,45787,10220.76586,8511.88236,47482.66554,0.1859017267,-13.2179532,-0.0002886835389,45787,10147,8475,47178,-281
524,E,2014,47482.66554,10707.29873,8918.039597,49272.91699,0.1878167431,0.9923113542,2.089839193e-05,47178,10578,8864,48786,-106
524,E,2015,49272.91699,12439.51361,9400.975498,52300.15014,0.1907939711,-11.30496107,-0.0002294355959,48786,12135,9269,50899,-753
524,E,2016,52300.15014,13322.28611,9996.131265,55619.4176,0.1911300682,-6.887384567,-0.0001316895754,50899,12769,9727,53477,-464
524,E,2017,55619.4176,14561.06111,10590.29226,59545.55521,0.1904063854,-44.63123798,-0.0008024398655,53477,14116,10300,57489,196
524,E,2018,59545.55521,14976.57803,11210.46377,63217.41081,0.1882670122,-94.25866166,-0.001582967214,57489,14661,10995,61628,473
524,E,2019,63217.41081,14690.74756,11851.55168,66066.24273,0.1874729054,9.63603952,0.000152426988,61628,13940,11574,63685,-309
524,N,2008,35907.90648,17815.22373,16459.64662,37227.6466,0.4583850254,-35.83698269,-0.0009980248421,37531,19766,18090,39340,133
524,N,2009,37227.6466,19298.20555,17596.388,38904.86684,0.4726699002,-24.59731393,-0.0006607270719,39340,20845,18935,39991,-1259
524,N,2010,38904.86684,17999.73949,18113.53217,38792.81718,0.4655852504,1.743022966,4.480218307e-05,39991,18582,18712,39384,-477
524,N,2011,38792.81718,20339.9564,18564.44238,40540.66977,0.4785536016,-27.66143173,-0.0007130555021,39384,20819,19000,41165,-38
524,N,2012,40540.66977,24291,20252,44527,0.4995477409,-52.66977112,-0.001299183546,41165,24291,20252,44527,-677
524,N,2013,44527,27522.52271,22733.17419,49261.84164,0.5105480762,-54.50687849,-0.001224130943,44527,27068,22351,49115,-129
524,N,2014,49261.84164,27161.13725,24588.61135,51821.26907,0.4991411309,-13.09847702,-0.0002658949927,49115,26346,23794,51185,-482
524,N,2015,51821.26907,29867.00109,26000.97351,55661.9064,0.5017432798,-25.39024881,-0.0004899580667,51185,28524,24720,54339,-650
524,N,2016,55661.9064,33067.79509,27887.31997,60820.36851,0.5010126633,-22.01301992,-0.0003954772903,54339,31228,26128,58974,-465
524,N,2017,60820.36851,33482.93299,29545.27006,64752.96437,0.4857792018,-5.067064544,-8.331196716e-05,58974,31381,27389,62786,-180
524,N,2018,64752.96437,37104.59716,31432.3458,70386.77485,0.4854194107,-38.44087272,-0.0005936542535,62786,34026,28575,67450,-787
524,N,2019,70386.77485,43317.92591,34689.07502,78948.80143,0.4928351256,-66.82430973,-0.0009493872944,67450,39306,31138,74745,-873
524,S,2008,161561.7306,3620.237517,4189.951893,160909.6564,0.02593406172,-82.35980812,-0.0005097730001,151598,3475,4037,160283,9247
524,S,2009,160909.6564,3595.569348,4171.185631,160348.9748,0.02592253146,14.93463664,9.281379985e-05,160283,3543,4093,152168,-7565
524,S,2010,160348.9748,1611.180119,4128.846789,157814.06,0.0257491312,-17.24805502,-0.0001075657331,152168,1540,3933,149969,194
524,S,2011,157814.06,1495.612553,4058.685708,155229.9235,0.02571815025,-21.06340491,-0.0001334697612,149969,1457,3952,152897,5423
524,S,2012,155229.9235,1708,3994,152643,0.02572957527,-300.9234872,-0.001938566228,152897,1708,3994,152643,2032
524,S,2013,152643,2092.234947,3932.939503,150783.5414,0.02576560669,-18.75400368,-0.0001228618651,152643,2124,4011,155377,4621
524,S,2014,150783.5414,3153.22681,3892.57328,150027.4537,0.02581563772,-16.74125119,-0.0001110283724,155377,3287,4084,158153,3573
524,S,2015,150027.4537,5333.743027,3898.21071,151451.5336,0.02598331581,-11.4524118,-7.633544073e-05,158153,5698,4176,162505,2830
524,S,2016,151451.5336,3852.087916,3912.720469,151380.1354,0.02583480257,-10.76563314,-7.10830249e-05,162505,4179,4245,164734,2295
524,S,2017,151380.1354,3908.681708,3901.953207,151111.8275,0.02577586019,-275.0364835,-0.001816859806,164734,4330,4335,168904,4175
524,S,2018,151111.8275,3467.118625,3883.254395,150363.5633,0.0256978852,-332.1283755,-0.002197897948,168904,4002,4492,176775,8361
524,S,2019,150363.5633,3233.650244,3863.618865,149711.7314,0.02569518027,-21.8632843,-0.0001454028078,176775,3903,4683,182611,6616
525,E,2008,822.1738739,292.5944444,121.464881,995.9500097,0.1477362451,2.646572361,0.003218993506,765,291,118,975,37
525,E,2009,995.9500097,180.7400673,140.5593254,1040.061212,0.1411309042,3.930460116,0.003946443173,975,186,138,1007,-16
525,E,2010,1040.061212,190.225012,152.2083333,1075.436167,0.1463455531,-2.641723017,-0.00253996879,1007,192,150,1054,5
525,E,2011,1075.436167,162.1434103,164.4496032,1076.318711,0.152914332,3.188736596,0.002965063565,1054,162,162,1075,21
525,E,2012,1076.318711,197,175,1098,0.1625912457,-0.3187111529,-0.0002961122478,1075,197,175,1098,1
525,E,2013,1098,62.00703463,175.3684524,987.8882172,0.159716259,3.249634941,0.002959594664,1098,63,172,989,0
525,E,2014,987.8882172,64.02092352,161.2565476,891.5188396,0.1632335975,0.8662465334,0.0008768669555,989,62,159,896,4
525,E,2015,891.5188396,88.85952381,149.0696429,833.532781,0.1672086289,2.224060413,0.002494686948,896,85,143,824,-14
525,E,2016,833.532781,122.5770924,140.8835317,815.464359,0.1690197854,0.2380174212,0.0002855525621,824,112,135,792,-9
525,E,2017,815.464359,171.0838745,145.0242063,832.2235086,0.1778424829,-9.300518506,-0.01140518087,792,159,137,818,4
525,E,2018,832.2235086,87.13354978,144.1871032,774.5209803,0.1732552634,-0.6489749723,-0.0007798085077,818,83,139,774,12
525,E,2019,774.5209803,116.6996753,139.6053571,747.0350181,0.1802473538,-4.580280361,-0.005913694371,774,108,130,744,-8
525,N,2008,149.4601173,166.8510342,72.10753517,242.6654318,0.482453356,-1.53818452,-0.0102916052,148,175,77,248,2
525,N,2009,242.6654318,235.9708955,120.699037,355.32475,0.4973886724,-2.612540333,-0.0107660177,248,244,127,360,-5
525,N,2010,355.32475,350.4267143,183.2774707,523.0414684,0.5158027148,0.5674748786,0.001597059813,360,354,186,525,-3
525,N,2011,523.0414684,463.4304524,262.4033004,721.2405543,0.5016873733,-2.828066155,-0.00540696355,525,467,267,727,2
525,N,2012,721.2405543,807,397,1131,0.5504404843,-0.2405542956,-0.0003335285214,727,807,397,1131,-6
525,N,2013,1131,305.8745811,451.7198909,985.9005377,0.3993986657,0.7458475652,0.0006594585015,1131,305,449,986,-1
525,N,2014,985.9005377,349.734154,405.1313922,931.4179277,0.4109252168,0.9146282027,0.0009277083923,986,345,400,928,-3
525,N,2015,931.4179277,536.0213629,420.8397057,1045.887543,0.4518269331,-0.7120415476,-0.00076447052,928,525,413,1031,-9
525,N,2016,1045.887543,853.5101542,530.1280551,1367.596526,0.5068690783,-1.673116946,-0.001599710176,1031,822,512,1334,-7
525,N,2017,1367.596526,933.6422428,672.7479399,1626.739927,0.4919198955,-1.750901133,-0.00128027609,1334,887,639,1573,-9
525,N,2018,1626.739927,463.4061466,681.1717998,1408.259102,0.418734297,-0.7151715638,-0.0004396348499,1573,431,631,1343,-30
525,N,2019,1408.259102,566.2568588,611.4959283,1362.411925,0.4342211794,-0.6081083633,-0.0004318156809,1343,521,561,1278,-25
525,S,2008,40889.22826,1322.889945,1026.63289,41184.72194,0.0251076612,-0.7633720268,-1.866926962e-05,38379,1263,988,40985,2331
525,S,2009,41184.72194,467.0540315,1023.767699,40623.86794,0.02485794854,-4.140338625,-0.0001005309355,40985,458,1005,38624,-1814
525,S,2010,40623.86794,276.8850766,1008.458443,39888.88359,0.02482428421,-3.410981417,-8.396495928e-05,38624,265,959,37947,17
525,S,2011,39888.88359,146.1010091,987.7197814,39043.15067,0.02476178054,-4.114143787,-0.0001031401086,37947,143,962,38517,1389
525,S,2012,39043.15067,129,967,38200,0.02476746839,-5.15067121,-0.0001319225299,38517,129,967,38200,521
525,S,2013,38200,20.74825175,943.7078293,37270.56406,0.02470439344,-6.476365128,-0.0001695383541,38200,21,961,38346,1086
525,S,2014,37270.56406,31.57342657,921.1845391,36376.89671,0.02471614161,-4.056230653,-0.0001088320168,38346,33,963,38317,901
525,S,2015,36376.89671,6.314685315,897.8825058,35479.69097,0.0246827681,-5.637925077,-0.0001549864223,38317,7,962,38061,699
525,S,2016,35479.69097,36.08391608,876.26097,34633.99589,0.02469753671,-5.518020225,-0.0001555261637,38061,39,952,37731,583
525,S,2017,34633.99589,152.4545455,855.522308,33880.49416,0.02470180774,-50.43396982,-0.001456198412,37731,169,950,37832,882
525,S,2018,33880.49416,47.81118881,836.5961729,33032.96649,0.02469256112,-58.74269258,-0.001733820419,37832,56,966,38829,1907
525,S,2019,33032.96649,70.36363636,815.8575109,32281.38948,0.02469828168,-6.083134414,-0.0001841534401,38829,85,987,39302,1375
532RL,E,2008,358165.3057,49181.1684,52099.73688,355267.9802,0.1454628241,21.24294863,5.931045885e-05,332255,46764,49425,336412,6818
532RL,E,2009,355267.9802,29417.70748,49482.54846,335130.408,0.1392823199,-72.73118524,-0.0002047220388,336412,28480,47420,318729,1257
532RL,E,2010,335130.408,50019.62097,47782.8302,337413.3803,0.1425798109,46.1815328,0.0001378016787,318729,48114,46059,324161,3377
532RL,E,2011,337413.3803,61489.50346,48982.51661,350017.6297,0.1451706407,97.26252613,0.0002882592446,324161,60292,48136,345124,8807
532RL,E,2012,350017.6297,76242,51744,374696,0.1478325536,180.3702823,0.0005153177069,345124,76242,51744,374696,5074
532RL,E,2013,374696,72421.95038,55234.34513,392019.7143,0.1474110883,136.1090184,0.0003632518586,374696,72943,55578,394643,2582
532RL,E,2014,392019.7143,79839.55164,58123.76814,413903.2943,0.1482674621,167.7965781,0.0004280309688,394643,80978,58881,420961,4221
532RL,E,2015,413903.2943,89006.02623,61731.45329,441342.0175,0.149144629,164.1502329,0.0003965907862,420961,90648,62857,449653,901
532RL,E,2016,441342.0175,81133.07545,65234.92581,457344.6954,0.1478103675,104.5282035,0.0002368417222,449653,82404,66332,467178,1453
532RL,E,2017,457344.6954,78523.28646,67043.68864,468892.9622,0.1465933449,68.66903149,0.0001501472132,467178,79888,68318,481392,2644
532RL,E,2018,468892.9622,84663.78995,68817.67662,484775.0864,0.1467662818,36.01087186,7.679977045e-05,481392,86910,70824,506372,8894
532RL,E,2019,484775.0864,88073.62387,71579.69361,501290.571,0.1476554708,21.55434536,4.446256823e-05,506372,90508,74297,526636,4053
532RL,N,2008,1515.751186,593.7876336,692.8433165,1416.26739,0.4570956783,-0.4281127755,-0.0002824426459,1610,663,770,1508,5
532RL,N,2009,1416.26739,556.7769538,644.6741157,1327.975849,0.455192374,-0.3943796942,-0.0002784641494,1508,603,699,1367,-45
532RL,N,2010,1327.975849,577.3306254,611.6265296,1294.030147,0.4605705218,0.3502025719,0.0002637115519,1367,597,634,1313,-17
532RL,N,2011,1294.030147,736.8620398,631.615066,1394.439607,0.4880991895,-4.837513438,-0.003738331328,1313,754,648,1417,-2
532RL,N,2012,1394.439607,995,735,1650,0.5270934618,-4.439607437,-0.00318379327,1417,995,735,1650,-27
532RL,N,2013,1650,1512.794058,955.8231189,2200.882707,0.5792867387,-6.08823192,-0.003689837527,1650,1489,939,2192,-8
532RL,N,2014,2200.882707,2389.071276,1374.484539,3203.162627,0.624515125,-12.30681804,-0.005591764613,2192,2314,1328,3147,-31
532RL,N,2015,3203.162627,3484.334767,2034.162884,4637.461698,0.6350482699,-15.87281164,-0.004955356154,3147,3315,1927,4488,-47
532RL,N,2016,4637.461698,4387.06435,2830.646467,6174.52738,0.6103870289,-19.35220046,-0.004173015698,4488,4110,2636,5898,-64
532RL,N,2017,6174.52738,5523.265675,3716.15833,7958.763793,0.6018530815,-22.87093253,-0.003704078243,5898,5092,3406,7514,-70
532RL,N,2018,7958.763793,6788.750212,4745.627572,9972.955411,0.5962769716,-28.93102195,-0.003635115038,7514,6089,4235,9216,-152
532RL,N,2019,9972.955411,7543.976087,5765.47566,11723.61672,0.5781110436,-27.83911433,-0.002791460824,9216,6665,5068,10630,-183
532RL,S,2008,21594.2317,2320.652208,604.4404066,23348.20404,0.02799082713,37.7605357,0.001748639925,19914,2220,570,22930,1366
532RL,S,2009,23348.20404,845.0870067,627.7760061,23581.24307,0.02688755011,15.72802993,0.000673629111,22930,825,606,22122,-1027
532RL,S,2010,23581.24307,518.4977977,628.8071998,23476.6443,0.02666556627,5.710631275,0.0002421683733,22122,493,593,22138,116
532RL,S,2011,23476.6443,583.9508265,624.3016067,23433.21742,0.02659245499,-3.076098197,-0.0001310280191,22138,565,607,22978,882
532RL,S,2012,23433.21742,622,626,23431,0.02671421465,1.782580087,7.607065026e-05,22978,622,626,23431,457
532RL,S,2013,23431,602.820816,625.911932,23412.74981,0.02671298417,4.840927206,0.0002066035255,23431,619,640,24095,685
532RL,S,2014,23412.74981,818.1247087,627.6068256,23605.37364,0.02680619879,2.105945113,8.994864467e-05,24095,863,658,24863,563
532RL,S,2015,23605.37364,1302.792242,640.8877391,24273.62037,0.02715007815,6.342228517,0.0002686773196,24863,1400,686,26032,455
532RL,S,2016,24273.62037,1212.395848,657.7568737,24834.35935,0.02709760076,6.100002907,0.0002513017347,26032,1322,716,27041,403
532RL,S,2017,24834.35935,1491.701619,676.930758,25672.18268,0.02725783051,23.05247286,0.000928249146,27041,1649,755,28753,818
532RL,S,2018,25672.18268,1311.186962,697.2297571,26306.12383,0.02715895901,19.9839399,0.0007784277692,28753,1507,806,30793,1339
532RL,S,2019,26306.12383,2087.8343,722.9730233,27707.55716,0.02748306927,36.57205989,0.001390248907,30793,2525,880,33786,1348
5411,E,2008,15460.27876,3713.710563,3034.314291,16127.25966,0.1962651734,-12.41536882,-0.0008030494804,15550,3944,3132,16454,92
5411,E,2009,16127.25966,3300.648856,3145.817843,16265.29482,0.1950621438,-16.79585823,-0.001041457667,16454,3462,3202,16330,-384
5411,E,2010,16265.29482,3037.17028,3182.384914,16116.5936,0.1956549174,-3.486586273,-0.0002143573979,16330,3099,3201,16119,-109
5411,E,2011,16116.5936,2749.495393,3150.579014,15708.22796,0.1954866576,-7.282017457,-0.000451833535,16119,2769,3158,15773,43
5411,E,2012,15708.22796,3364,3167,15901,0.2016140846,-4.227957189,-0.0002691555789,15773,3364,3167,15901,-69
5411,E,2013,15901,3484.817697,3244.890929,16137.35473,0.204068356,-3.572034382,-0.000224642122,15901,3448,3227,15949,-173
5411,E,2014,16137.35473,2737.693483,3212.139552,15662.97727,0.1990499438,0.06860974979,4.251610684e-06,15949,2683,3178,15334,-120
5411,E,2015,15662.97727,3225.762252,3142.135361,15739.67534,0.2006090736,-6.928826664,-0.0004423697068,15334,3117,3080,15050,-321
5411,E,2016,15739.67534,2955.557071,3099.535564,15595.55305,0.1969249998,-0.1437988263,-9.136073218e-06,15050,2810,2994,14685,-181
5411,E,2017,15595.55305,3619.787915,3100.879267,16106.01022,0.198830991,-8.451476974,-0.0005419158236,14685,3427,2987,15121,-4
5411,E,2018,16106.01022,2985.104419,3112.912555,15941.08919,0.1932764547,-37.11289077,-0.002304288292,15121,2848,3014,15015,60
5411,E,2019,15941.08919,3036.557289,3073.853823,15894.95981,0.1928258343,-8.832847651,-0.0005540931077,15015,2866,2961,14775,-145
5411,N,2008,2185.951148,1591.913024,1273.520373,2499.662796,0.5825932451,-4.681002959,-0.00214140328,2390,1790,1433,2749,2
5411,N,2009,2499.662796,1890.511554,1488.89255,2898.449464,0.5956373606,-2.832336388,-0.001133087388,2749,2075,1634,3063,-127
5411,N,2010,2898.449464,1562.813699,1593.056592,2866.120847,0.5496237255,-2.085723456,-0.0007195997316,3063,1630,1666,2962,-65
5411,N,2011,2866.120847,1526.964503,1570.337288,2823.971676,0.547896398,1.223613691,0.0004269232723,2962,1574,1617,2893,-26
5411,N,2012,2823.971676,2133,1697,3254,0.6009267071,-5.971675525,-0.002114637189,2893,2133,1697,3254,-75
5411,N,2013,3254,2348.106659,1942.036574,3655.425153,0.5968151734,-4.644931143,-0.001427452718,3254,2303,1905,3614,-38
5411,N,2014,3655.425153,1973.892624,2021.429719,3609.678165,0.5529944218,1.790107262,0.0004897124649,3614,1905,1945,3518,-56
5411,N,2015,3609.678165,2298.30836,2045.003008,3864.638171,0.5665333347,1.654654059,0.0004583937913,3518,2180,1930,3722,-46
5411,N,2016,3864.638171,2215.799284,2107.834141,3972.161857,0.5454156501,-0.4414577151,-0.000114230025,3722,2077,1964,3781,-54
5411,N,2017,3972.161857,2841.600617,2255.982676,4556.30137,0.5679483256,-1.478428264,-0.0003721973869,3781,2634,2074,4289,-52
5411,N,2018,4556.30137,2451.215867,2399.556766,4609.92478,0.5266457529,1.964308183,0.0004311190203,4289,2210,2152,4252,-95
5411,N,2019,4609.92478,2551.745499,2431.430152,4730.775163,0.5274338016,0.5350350159,0.0001160615501,4252,2261,2150,4272,-91
5411,S,2008,23951.27522,1536.448337,615.4474191,24896.75382,0.02569581007,24.47767449,0.001021977922,22260,1483,586,24643,1486
5411,S,2009,24896.75382,722.1496498,628.0803305,24996.43668,0.02522739853,5.613548962,0.0002254731281,24643,713,613,23683,-1060
5411,S,2010,24996.43668,256.7859028,625.3893618,24629.67935,0.02501914052,1.846120566,7.385534944e-05,23683,247,593,23374,37
5411,S,2011,24629.67935,379.4117273,617.2923301,24391.9438,0.02506294627,0.1450527365,5.889347338e-06,23374,370,599,24050,905
5411,S,2012,24391.9438,341,611,24122,0.02504925418,0.05620473972,2.304233733e-06,24050,341,611,24122,342
5411,S,2013,24122,595.6253298,607.4227642,24110.44443,0.02518127702,0.2418637118,1.002668567e-05,24122,606,616,24790,678
5411,S,2014,24110.44443,653.2084433,607.4468898,24157.73067,0.02519434644,1.524687575,6.323763877e-05,24790,683,634,25444,605
5411,S,2015,24157.73067,644.2110818,608.3733663,24194.16818,0.02518338227,0.5997956869,2.482831252e-05,25444,690,650,25980,496
5411,S,2016,24194.16818,834.9551451,612.0068951,24420.4019,0.02529563697,3.285466404,0.0001357957992,25980,908,663,26656,431
5411,S,2017,24420.4019,842.4890062,616.5427748,24647.72406,0.02524703637,1.375933732,5.634361537e-05,26656,937,684,27576,667
5411,S,2018,24647.72406,898.1854112,622.8753143,24872.2678,0.02527110871,-50.76636185,-0.002059677466,27576,1041,719,29293,1395
5411,S,2019,24872.2678,1098.926836,631.0205972,25343.92939,0.02537044882,3.755353155,0.0001509855549,29293,1333,763,30928,1065
5412OP,E,2008,110423.9293,23213.23145,19288.28893,114301.5243,0.1746749012,-47.34744218,-0.0004287788209,110739,24318,19763,115703,409
5412OP,E,2009,114301.5243,19372.0498,19684.6027,113950.3424,0.1722164495,-38.62901723,-0.0003379571485,115703,20017,19961,114032,-1727
5412OP,E,2010,113950.3424,24600.50773,20176.84966,118315.928,0.1770670385,-58.07251283,-0.0005096299985,114032,24935,20249,118068,-650
5412OP,E,2011,118315.928,22981.77085,20872.983,120375.9716,0.1764173544,-48.74422632,-0.000411983637,118068,23120,20915,120693,420
5412OP,E,2012,120375.9716,26164,21600,124876,0.179437804,-63.97159525,-0.0005314316005,120693,26164,21600,124876,-381
5412OP,E,2013,124876,27209.10721,22490.86764,129528.8966,0.1801056059,-65.34295432,-0.0005232627112,124876,26899,22329,128115,-1331
5412OP,E,2014,129528.8966,26062.11677,23050.04463,132504.0943,0.1779529142,-36.87449431,-0.000284681606,128115,25519,22718,129954,-962
5412OP,E,2015,132504.0943,26551.12596,23360.75932,135682.3438,0.1763021698,-12.11709303,-9.144693298e-05,129954,25792,22812,131126,-1808
5412OP,E,2016,135682.3438,26287.58933,23570.00869,138407.7289,0.1737146339,7.804481111,5.752024097e-05,131126,25360,22785,132971,-730
5412OP,E,2017,138407.7289,29707.57685,23977.72844,144135.5242,0.1732398084,-2.05318659,-1.48343348e-05,132971,28747,23192,138866,340
5412OP,E,2018,144135.5242,31062.35388,24744.17432,149969.9936,0.1716729756,-483.7101296,-0.003355939713,138866,30242,24056,145204,152
5412OP,E,2019,149969.9936,33981.25285,25813.80421,158116.9714,0.1721264607,-20.47085572,-0.0001364996773,145204,32897,25107,152836,-158
5412OP,N,2008,180844.0569,53210.4773,43930.25443,190117.1099,0.2429178774,-7.16981696,-3.964640632e-05,171476,52364,43359,182152,1671
5412OP,N,2009,190117.1099,53030.07406,46018.19748,197124.0341,0.2420518463,-4.952420015,-2.604931253e-05,182152,51630,44982,188693,-107
5412OP,N,2010,197124.0341,55921.47651,47997.3013,205045.3957,0.2434878198,-2.813630589,-1.427340204e-05,188693,54575,46891,199006,2629
5412OP,N,2011,205045.3957,56244.71372,49811.55691,211478.4606,0.2429294096,-0.09190268851,-4.482065457e-07,199006,55719,49418,209769,4462
5412OP,N,2012,211478.4606,61364,51864,220962,0.2452448342,-16.4605772,-7.783571506e-05,209769,61364,51864,220962,1693
5412OP,N,2013,220962,59615.48759,54062.92629,226501.8961,0.2446706958,-12.66520573,-5.731847889e-05,220962,59826,54246,231903,5361
5412OP,N,2014,226501.8961,57181.873,55045.62976,228636.9808,0.2430250285,-1.158526871,-5.114866106e-06,231903,57926,55698,236220,2089
5412OP,N,2015,228636.9808,59642.96646,55515.33078,232759.6352,0.2428099365,-4.981301685,-2.178694657e-05,236220,60800,56413,238771,-1836
5412OP,N,2016,232759.6352,61496.69541,56248.07058,238005.5455,0.2416573241,-2.714503195,-1.166225919e-05,238771,61978,56505,246963,2719
5412OP,N,2017,238005.5455,69181.98777,58089.46701,249077.2075,0.2440677039,-20.8587303,-8.763968189e-05,246963,70564,59010,264982,6465
5412OP,N,2018,249077.2075,77450.78162,61460.5906,265043.4047,0.2467531703,-23.99382024,-9.633085453e-05,264982,80146,63011,285270,3153
5412OP,N,2019,265043.4047,87813.99966,66076.7046,286749.5669,0.2493052211,-31.1328331,-0.0001174631496,285270,91321,67831,310714,1954
5412OP,S,2008,101588.5897,8891.712815,2766.218424,107740.8901,0.02722961733,26.80599537,0.000263868171,94549,8548,2642,106878,6423
5412OP,S,2009,107740.8901,7329.447107,2918.581181,112165.8943,0.02708889056,14.13820156,0.000131224102,106878,7148,2849,106341,-4836
5412OP,S,2010,112165.8943,5403.760371,3023.024302,114552.4521,0.02695136808,5.821787758,5.190336864e-05,106341,5131,2874,108911,313
5412OP,S,2011,114552.4521,4898.94575,3085.754013,116368.44,0.02693747673,2.796127479,2.440914557e-05,108911,4755,3002,114818,4154
5412OP,S,2012,116368.44,4973,3141,118204,0.0269918545,3.560024283,3.059269579e-05,114818,4973,3141,118204,1554
5412OP,S,2013,118204,4433.131125,3184.295927,119454.8565,0.02693898622,2.021311755,1.710019759e-05,118204,4516,3243,123225,3748
5412OP,S,2014,119454.8565,4489.825089,3220.181582,120727.6603,0.02695730987,3.160310299,2.64561056e-05,123225,4713,3378,127403,2843
5412OP,S,2015,120727.6603,9136.498167,3326.933122,126569.3857,0.02755733949,32.16030164,0.0002663871854,127403,9811,3565,135757,2108
5412OP,S,2016,126569.3857,9309.156542,3499.165328,132410.4152,0.02764622195,31.03827179,0.0002452273243,135757,10094,3785,143692,1626
5412OP,S,2017,132410.4152,9830.853002,3672.636393,138612.0006,0.02773676367,43.3688796,0.0003275337484,143692,10947,4069,154816,4246
5412OP,S,2018,138612.0006,10334.47983,3839.933573,144542.0213,0.0277027498,-564.5256104,-0.004072703718,154816,11986,4435,170304,7937
5412OP,S,2019,144542.0213,11389.34732,4026.126975,151958.2842,0.02785437023,53.04252806,0.0003669696022,170304,13896,4890,185986,6676
5415,E,2008,19498.40271,6711.545909,5104.752969,21092.95652,0.2618036485,-12.23912926,-0.0006276990706,22729,7961,5976,23760,-954
5415,E,2009,21092.95652,8725.348928,5795.316041,23998.11299,0.2747512439,-24.87641447,-0.00117937068,23760,9831,6420,25695,-1476
5415,E,2010,23998.11299,8881.085983,6586.869196,26265.47558,0.2744744638,-26.85419293,-0.001119012688,25695,9530,7017,27516,-692
5415,E,2011,26265.47558,7290.311985,7122.684435,26430.76569,0.271180486,-2.337447839,-8.899316639e-05,27516,7487,7300,26776,-927
5415,E,2012,26430.76569,8079,7460,27038,0.2822468365,-11.76568655,-0.0004451511806,26776,8079,7460,27038,-357
5415,E,2013,27038,9111.411427,7795.944058,28344.43099,0.288332867,-9.036375092,-0.0003342101891,27038,8952,7678,27805,-507
5415,E,2014,28344.43099,6659.865878,7812.962683,27201.87036,0.2756436594,10.53617351,0.0003717193515,27805,6440,7621,26299,-325
5415,E,2015,27201.87036,7109.110588,7573.40749,26741.65226,0.2784149541,4.078799813,0.0001499455647,26299,6676,7236,24930,-809
5415,E,2016,26741.65226,6401.887433,7250.822026,25900.30895,0.2711433817,7.591279862,0.0002838747505,24930,5788,6738,23395,-585
5415,E,2017,25900.30895,6464.348208,6855.742275,25510.66505,0.2646973165,1.750174891,6.757351406e-05,23395,5705,6251,22794,-55
5415,E,2018,25510.66505,8590.669373,6758.359965,27231.39445,0.2649229234,-111.5800138,-0.004373857505,22794,7537,6090,23866,-375
5415,E,2019,27231.39445,9209.961935,6983.872477,29446.11897,0.2564640048,-11.36494137,-0.0004173470218,23866,7797,6063,24762,-838
5415,N,2008,40375.11659,20294.9621,18942.48474,41727.62772,0.469162354,0.03378177084,8.366977905e-07,38539,19731,18488,40054,272
5415,N,2009,41727.62772,21988.12033,19763.91265,43942.42725,0.473640936,-9.40815276,-0.000225465795,40054,21223,19016,42105,-156
5415,N,2010,43942.42725,18917.55895,20002.26031,42862.49735,0.4551924317,4.771461663,0.0001085843901,42105,18354,19379,41690,610
5415,N,2011,42862.49735,19527.47196,19642.58171,42749.17061,0.4582696511,1.783010668,4.159838502e-05,41690,19301,19409,42461,879
5415,N,2012,42749.17061,17235,19141,40841,0.4477513768,-2.170612052,-5.077553602e-05,42461,17235,19141,40841,286
5415,N,2013,40841,18236.03996,18694.38201,40364.80676,0.457735658,-17.85119621,-0.0004370900862,40841,18236,18759,41206,888
5415,N,2014,40364.80676,18898.91112,18715.36679,40544.82667,0.4636555528,-3.524423047,-8.731425542e-05,41206,19100,18942,41613,249
5415,N,2015,40544.82667,23273.79899,19621.53651,44182.97846,0.4839467357,-14.11068821,-0.0003480268477,41613,23654,19944,44896,-427
5415,N,2016,44182.97846,26149.35093,21558.48204,48763.20016,0.487936368,-10.64719225,-0.0002409795043,44896,26233,21583,50000,454
5415,N,2017,48763.20016,24833.14562,23115.24033,50460.51642,0.4740304216,-20.58902138,-0.0004222245734,50000,24983,23422,52641,1080
5415,N,2018,50460.51642,31935.70821,25327.95706,57018.88437,0.5019361444,-49.38320541,-0.0009786504163,52641,32196,25803,59424,390
5415,N,2019,57018.88437,37449.37874,29091.56971,65337.61166,0.5102093812,-39.08174375,-0.0006854175452,59424,38075,29568,68139,208
5415,S,2008,23423.79678,1598.194953,601.7666667,24430.99494,0.0256903982,10.76986985,0.0004597832686,21801,1531,576,24200,1444
5415,S,2009,24430.99494,1373.718796,626.2333333,25188.75424,0.02563273968,10.27383933,0.0004205248027,24200,1346,613,23916,-1017
5415,S,2010,25188.75424,693.8612981,638.0777778,25250.31131,0.02533185134,5.773546104,0.0002292112603,23916,664,608,24033,61
5415,S,2011,25250.31131,895.3145843,642.5925926,25503.81458,0.02544889783,0.7812787927,3.094135289e-05,24033,874,626,25207,926
5415,S,2012,25503.81458,839,648,25696,0.0254079639,1.185423194,4.648023104e-05,25207,839,648,25696,298
5415,S,2013,25696,1013.444563,654.2,26057.3754,0.02545921544,2.130837873,8.292488611e-05,25696,1028,664,26800,740
5415,S,2014,26057.3754,732.0538664,660.5,26128.00957,0.02534790975,-0.919692777,-3.52949122e-05,26800,763,689,27524,650
5415,S,2015,26128.00957,749.1547076,662.3111111,26214.9328,0.02534870133,0.07962645999,3.0475517e-06,27524,801,707,28146,528
5415,S,2016,26214.9328,1508.664386,674.0111111,27050.92441,0.02571096086,1.338339015,5.105254417e-05,28146,1637,731,29497,445
5415,S,2017,27050.92441,1019.437602,688.4111111,27387.72727,0.02544870928,5.776365613,0.0002135367178,29497,1135,763,30596,727
5415,S,2018,27387.72727,1338.227559,698.2851852,27919.5297,0.02549628081,-108.1399397,-0.003948481691,30596,1553,807,32906,1564
5415,S,2019,27919.5297,1132.585901,709.8666667,28346.62372,0.02542545216,4.374786264,0.0001566926919,32906,1373,859,34578,1158
55,E,2008,39389.00733,7346.37614,6127.389389,40605.28363,0.155560899,-2.710452878,-6.881241904e-05,38333,7803,6241,40639,744
55,E,2009,40605.28363,6900.393962,6367.030461,41123.73507,0.1568030043,-14.91205305,-0.0003672441545,40639,7267,6446,40690,-770
55,E,2010,41123.73507,7358.030964,6553.692273,41905.68863,0.1593652002,-22.38513796,-0.0005443362069,40690,7559,6569,41625,-55
55,E,2011,41905.68863,8894.486906,6850.724255,43925.72316,0.1634795771,-23.72811385,-0.0005662265584,41625,9043,6868,43994,194
55,E,2012,43925.72316,9427,7248,46067,0.1650058207,-37.72316383,-0.0008587943718,43994,9427,7248,46067,-106
55,E,2013,46067,9600.326141,7623.866475,48006.63185,0.1654951804,-36.82781997,-0.0007994403796,46067,9420,7567,47253,-667
55,E,2014,48006.63185,9671.317449,7938.278642,49701.66973,0.1653579586,-38.00092325,-0.000791576534,47253,9251,7791,48059,-654
55,E,2015,49701.66973,9853.801884,8224.822324,51290.25327,0.1654838231,-40.39602259,-0.0008127699293,48059,9129,7909,48018,-1261
55,E,2016,51290.25327,10830.32147,8555.571024,53523.82339,0.1668069561,-41.18032128,-0.0008028878521,48018,9689,8031,48887,-789
55,E,2017,53523.82339,12497.25262,9068.177587,56923.31149,0.1694232028,-29.58693519,-0.0005527806743,48887,11174,8422,51661,22
55,E,2018,56923.31149,12475.71041,9658.777395,59724.49715,0.1696805253,-15.74734656,-0.0002766414348,51661,11149,8944,53859,-7
55,E,2019,59724.49715,12734.583,10175.04052,62249.39714,0.170366282,-34.64249144,-0.0005800382271,53859,11053,9299,55043,-570
55,N,2008,27261.37343,17763.36426,12152.9771,32853.90524,0.445794748,-17.85534927,-0.0006549688083,27471,18345,12541,33596,321
55,N,2009,32853.90524,19877.10801,14560.43778,38156.7875,0.4431874286,-13.78796709,-0.0004196751343,33596,20373,14917,38399,-653
55,N,2010,38156.7875,18413.9504,16208.51683,40358.3034,0.4247872499,-3.917678538,-0.0001026731755,38399,18476,16270,40335,-270
55,N,2011,40358.3034,22233.40944,17716.65747,44860.30756,0.4389841985,-14.74780386,-0.0003654217996,40335,22393,17837,45088,197
55,N,2012,44860.30756,24888,19900,49826,0.443599277,-22.30755816,-0.0004972671695,45088,24888,19900,49826,-250
55,N,2013,49826,22538.07347,21386.09532,50963.80723,0.4292155766,-14.17091817,-0.0002844081036,49826,22418,21286,50920,-38
55,N,2014,50963.80723,21157.10866,21698.17432,50409.30503,0.4257565417,-13.43654797,-0.0002636488265,50920,20872,21445,50098,-249
55,N,2015,50409.30503,19659.75597,21405.44038,48652.5824,0.4246327215,-11.03822004,-0.000218971875,50098,19159,20939,47986,-332
55,N,2016,48652.5824,20913.785,21232.5692,48313.40381,0.4364119673,-20.39439362,-0.0004191841956,47986,20081,20496,47168,-403
55,N,2017,48313.40381,21917.37529,21622.59897,48575.55334,0.4475486566,-32.62679432,-0.00067531558,47168,20695,20566,46941,-356
55,N,2018,48575.55334,22789.70603,22208.17104,49132.32081,0.4571882256,-24.76752068,-0.0005098762438,46941,20980,20528,46479,-914
55,N,2019,49132.32081,24844.84606,23012.79114,50940.83332,0.4683839632,-23.54240458,-0.000479163292,46479,22530,20864,47190,-955
55,S,2008,299459.6153,4396.268022,7664.174711,296217.5553,0.02559334989,25.84668356,8.63110825e-05,277993,4247,7304,293280,18344
55,S,2009,296217.5553,3354.663603,7565.804543,292012.8046,0.02554137798,6.390229354,2.157275705e-05,293280,3277,7385,276267,-12905
55,S,2010,292012.8046,2749.869802,7447.673197,287308.6478,0.02550461172,-6.353339512,-2.175705795e-05,276267,2619,7074,272542,730
55,S,2011,287308.6478,2235.636955,7320.635349,282208.8194,0.0254800383,-14.83000838,-5.161699272e-05,272542,2184,7110,278044,10428
55,S,2012,282208.8194,3558,7202,278547,0.02552010959,-17.81942579,-6.314269634e-05,278044,3558,7202,278547,4147
55,S,2013,278547,2439.658143,7092.493373,273875.4896,0.02546246548,-18.67516125,-6.704491972e-05,278547,2483,7224,281879,8073
55,S,2014,273875.4896,2616.266127,6971.925191,269503.4899,0.02545655035,-16.34065664,-5.966454559e-05,281879,2731,7300,283933,6623
55,S,2015,269503.4899,2981.189621,6865.031242,265603.0072,0.0254728844,-16.6411148,-6.174730728e-05,283933,3173,7348,284991,5233
55,S,2016,265603.0072,4605.378815,6787.654011,263417.9507,0.0255556369,-2.781214022,-1.047131978e-05,284991,4961,7364,286846,4258
55,S,2017,263417.9507,4116.325628,6727.591924,260817.7692,0.02553961074,11.08473186,4.208039669e-05,286846,4553,7472,291576,7649
55,S,2018,260817.7692,3976.164814,6657.441477,258145.4554,0.02552526041,8.962862193,3.436446152e-05,291576,4582,7691,303363,14896
55,S,2019,258145.4554,3966.172547,6590.152756,255525.8217,0.02552883508,4.346537439,1.683755165e-05,303363,4788,7980,311638,11467
561,E,2008,68890.85756,12441.91157,12017.99646,69313.17555,0.174449802,-1.597125341,-2.318341501e-05,68481,12838,12136,69838,655
561,E,2009,69313.17555,12828.76087,12162.64468,69970.06961,0.1754737765,-9.222125784,-0.0001330501122,69838,13177,12204,69560,-1251
561,E,2010,69970.06961,15352.53377,12563.34585,72755.21883,0.1795531421,-4.038701118,-5.772041017e-05,69560,15404,12483,72205,-276
561,E,2011,72755.21883,16195.01827,13208.79038,75726.34786,0.1815511051,-15.09886104,-0.0002075295942,72205,16223,13171,75734,477
561,E,2012,75726.34786,16585,13881,78415,0.1833047597,-15.34786138,-0.0002026753146,75734,16585,13881,78415,-23
561,E,2013,78415,18765.43088,14657.73986,82512.96759,0.1869252039,-9.72342191,-0.0001239995143,78415,18672,14609,81743,-735
561,E,2014,82512.96759,19505.97544,15491.94902,86519.433,0.1877516889,-7.561015262,-9.16342665e-05,81743,19343,15390,85117,-579
561,E,2015,86519.433,20061.5732,16250.07704,90330.88984,0.1878199669,-0.03931528991,-4.544099348e-07,85117,19844,16054,87628,-1279
561,E,2016,90330.88984,21270.0835,17040.69714,94567.02124,0.1886475066,6.745034532,7.467029877e-05,87628,20995,16699,91365,-559
561,E,2017,94567.02124,18809.84815,17560.46715,95832.609,0.1856933519,16.20675925,0.0001713785529,91365,18747,17270,93045,203
561,E,2018,95832.609,20235.46003,17950.1683,98128.75008,0.1873075197,10.84934299,0.0001132113912,93045,20393,17860,96495,917
561,E,2019,98128.75008,22870.89048,18682.44012,102326.7278,0.1903870181,9.527338449,9.709018449e-05,96495,23038,18663,100672,-198
561,N,2008,21113.41439,10185.54517,9649.333277,21651.85263,0.4570238191,2.226349452,0.0001054471537,21895,10787,10254,22617,189
561,N,2009,21651.85263,13656.83253,10483.14736,24813.63884,0.4841686087,-11.89895614,-0.0005495583378,22617,14257,10966,25310,-598
561,N,2010,24813.63884,13790.04488,11672.53351,26930.96054,0.4704079714,-0.1896655417,-7.643600477e-06,25310,13972,11850,27144,-288
561,N,2011,26930.96054,15170.32352,12699.13785,29393.3864,0.4715441855,-8.759810821,-0.0003252691565,27144,15358,12860,29674,32
561,N,2012,29393.3864,17652,14099,32932,0.4796657251,-14.38640126,-0.0004894434777,29674,17652,14099,32932,-295
561,N,2013,32932,19550.28222,15841.36379,36622.24486,0.4810325455,-18.67356933,-0.0005670341712,32932,19391,15709,36488,-126
561,N,2014,36622.24486,21250.20236,17657.72638,40191.50128,0.4821584927,-23.21955742,-0.0006340287853,36488,20856,17331,39728,-285
561,N,2015,40191.50128,21614.14094,19199.40525,42589.43157,0.4776981362,-16.80539907,-0.0004181331509,39728,20920,18593,41729,-326
561,N,2016,42589.43157,24374.03556,20804.92082,46130.79402,0.4884996126,-27.75228004,-0.0006516236309,41729,23253,19870,44651,-461
561,N,2017,46130.79402,23454.23719,22188.80969,47378.89599,0.4809977839,-17.32553077,-0.0003755740853,44651,22012,20880,45316,-467
561,N,2018,47378.89599,26120.68366,23411.32816,50058.73384,0.4941298794,-29.51765036,-0.0006230126251,45316,23837,21418,46751,-984
561,N,2019,50058.73384,29977.56948,25442.00776,54557.982,0.5082431338,-36.31355884,-0.0007254190439,46751,26893,22828,49751,-1065
561,S,2008,51399.26043,2705.957273,1295.575971,52837.42598,0.02520612087,27.78425415,0.0005405574695,48506,2680,1252,52747,2813
561,S,2009,52837.42598,4066.30793,1346.88068,55592.94436,0.0254910351,36.09112941,0.0006830599473,52747,4058,1325,52910,-2570
561,S,2010,55592.94436,1927.299853,1386.161853,56141.77516,0.02493413272,7.692795975,0.0001383771999,52910,1858,1323,53450,5
561,S,2011,56141.77516,1820.446356,1396.659755,56570.37519,0.02487737075,4.8134261,8.573697725e-05,53450,1783,1361,55690,1818
561,S,2012,56570.37519,1967,1405,57134,0.02483632105,1.62481345,2.872198469e-05,55690,1967,1405,57134,882
561,S,2013,57134,2072.303232,1417.801237,57790.09902,0.02481536804,1.597027529,2.795231437e-05,57134,2113,1448,59718,1919
561,S,2014,57790.09902,2254.132259,1431.819059,58617.47093,0.02477620014,5.058709384,8.753591825e-05,59718,2364,1512,62141,1571
561,S,2015,58617.47093,3190.071655,1460.197281,60346.48852,0.02491061552,-0.8567818349,-1.461649268e-05,62141,3407,1581,65180,1213
561,S,2016,60346.48852,4403.182239,1515.623614,63240.69323,0.02511535718,6.646077627,0.0001101319694,65180,4760,1672,69584,1316
561,S,2017,63240.69323,2838.559479,1563.153547,64506.80406,0.02471752707,-9.295100155,-0.0001469797322,69584,3132,1769,72787,1840
561,S,2018,64506.80406,4070.843197,1606.202361,66968.76569,0.02489973554,-2.679208799,-4.153373955e-05,72787,4677,1897,79469,3902
561,S,2019,66968.76569,3831.516095,1658.408244,69135.0182,0.02476390639,-6.855335829,-0.0001023661667,79469,4615,2054,84928,2898
562,E,2008,25582.51439,3234.580107,3715.850246,24899.70538,0.1452496103,-201.538871,-0.007877993068,23257,3053,3477,23578,745
562,E,2009,24899.70538,3199.936824,3625.323945,24463.94682,0.1455970619,-10.37143302,-0.0004165283431,23578,3067,3451,23237,43
562,E,2010,24463.94682,3778.738348,3610.943198,24629.7854,0.1476026425,-1.956570802,-7.997772461e-05,23237,3647,3467,23730,313
562,E,2011,24629.7854,5155.350286,3762.336927,26022.56444,0.1527555708,-0.2343194469,-9.513661736e-06,23730,5070,3688,25729,617
562,E,2012,26022.56444,4027,3909,26134,0.1502157871,-6.564440229,-0.0002522595436,25729,4027,3909,26134,287
562,E,2013,26134,4692.115957,4000.674283,26826.14209,0.153083121,0.7004184462,2.680104256e-05,26134,4714,4022,26890,64
562,E,2014,26826.14209,5183.06182,4157.667545,27860.4056,0.1549856677,8.869232843,0.0003306190213,26890,5250,4209,28068,137
562,E,2015,27860.4056,4916.899674,4306.007652,28481.99606,0.1545565314,10.6984391,0.0003840015559,28068,5016,4381,28608,-95
562,E,2016,28481.99606,5582.410146,4458.262201,29618.95134,0.1565291348,12.80733485,0.0004496642307,28608,5695,4536,29799,32
562,E,2017,29618.95134,6237.074545,4682.045095,31199.89554,0.1580759913,25.91474424,0.0008749379391,29799,6451,4810,31745,305
562,E,2018,31199.89554,6123.791863,4916.79563,32422.47508,0.1575901312,15.58330968,0.0004994667261,31745,6616,5276,34175,1090
562,E,2019,32422.47508,6786.457876,5161.860731,34064.65235,0.1592062518,17.58013009,0.0005422204829,34175,7480,5648,36272,265
562,N,2008,874.1276327,179.4226935,237.5361994,801.8739471,0.2717408655,-14.14017971,-0.01617633304,850,187,248,784,-5
562,N,2009,801.8739471,208.7509495,226.4989675,781.7472304,0.2824620607,-2.378698648,-0.002966424656,784,216,233,761,-6
562,N,2010,781.7472304,229.9309215,232.5834826,778.5429584,0.2975175013,-0.5517108979,-0.0007057407772,761,231,232,766,6
562,N,2011,778.5429584,329.6665754,256.7374359,850.0440075,0.3297665635,-1.428090396,-0.001834311621,766,333,259,851,11
562,N,2012,850.0440075,317,286,880,0.3364531689,-1.044007476,-0.001228180503,851,317,286,880,-2
562,N,2013,880,340.6382221,301.775352,914.4280503,0.3429265364,-4.434819734,-0.00503956788,880,336,301,928,13
562,N,2014,914.4280503,355.777925,317.3984674,951.661797,0.3471005371,-1.145710951,-0.001252926297,928,351,314,967,2
562,N,2015,951.661797,331.2789007,320.5502438,960.5707596,0.3368321024,-1.819694247,-0.001912122829,967,327,316,968,-10
562,N,2016,960.5707596,381.642163,324.404737,1016.452128,0.3377208121,-1.356058058,-0.00141172115,968,374,316,1029,3
562,N,2017,1016.452128,401.4735611,337.6373712,1077.973066,0.3321724281,-2.31525122,-0.002277776943,1029,395,330,1113,19
562,N,2018,1077.973066,459.5694022,356.9508633,1177.36664,0.3311315231,-3.224965393,-0.00299169385,1113,453,349,1222,5
562,N,2019,1177.36664,530.7122112,390.1339379,1316.653585,0.3313614678,-1.291328063,-0.001096793487,1222,526,379,1370,1
562,S,2008,74758.11814,1315.848841,1736.389112,73779.37086,0.02322676326,-558.2070074,-0.007466841346,67345,1228,1602,68842,1871
562,S,2009,73779.37086,895.6881755,1716.37811,72955.33627,0.02326365879,-3.344655649,-4.533320913e-05,68842,831,1584,66069,-2020
562,S,2010,72955.33627,938.8920673,1697.927538,72190.80091,0.02327352083,-5.499889326,-7.538707389e-05,66069,856,1575,67329,1979
562,S,2011,72190.80091,735.9572309,1676.458296,71242.42695,0.02322260281,-7.87289117,-0.000109056709,67329,708,1617,69590,3170
562,S,2012,71242.42695,516,1655,70094,0.02323053931,-9.426952456,-0.000132322169,69590,516,1655,70094,1643
562,S,2013,70094,663.1827552,1631.949372,69116.06052,0.02328229765,-9.172867281,-0.0001308652279,70094,670,1660,70563,1459
562,S,2014,69116.06052,663.3177649,1608.803502,68161.21952,0.02327684029,-9.355262866,-0.0001353558463,70563,687,1681,71557,1988
562,S,2015,68161.21952,1186.919929,1596.441622,67745.69218,0.02342155309,-6.005643815,-8.810939501e-05,71557,1258,1700,71810,695
562,S,2016,67745.69218,1478.37732,1592.870944,67626.65257,0.02351250526,-4.545991173,-6.710376744e-05,71810,1592,1718,73173,1489
562,S,2017,67626.65257,977.7380533,1590.879682,67006.58038,0.02352444815,-6.930554034,-0.000102482583,73173,1084,1757,74172,1672
562,S,2018,67006.58038,1121.519178,1579.688242,66541.26213,0.02357512103,-7.149185303,-0.0001066937794,74172,1285,1812,76960,3315
562,S,2019,66541.26213,1595.861825,1577.697266,66550.50343,0.02371005923,-8.92326054,-0.0001341011615,76960,1924,1880,78921,1917
61,E,2008,38079.84296,9405.134476,6760.356875,40711.47234,0.1775311123,-13.14821429,-0.0003452801606,38836,9879,7022,41892,199
61,E,2009,40711.47234,9152.122746,7191.274955,42657.59823,0.1766400118,-14.72190183,-0.000361615559,41892,9490,7377,43262,-743
61,E,2010,42657.59823,9849.182045,7600.506798,44893.24711,0.1781747476,-13.02637016,-0.0003053704546,43262,10036,7697,45219,-382
61,E,2011,44893.24711,9976.239347,8017.663254,46843.17551,0.1785939706,-8.64769495,-0.0001926279676,45219,10073,8073,47245,26
61,E,2012,46843.17551,9456,8344,47948,0.1781262673,-7.175506223,-0.0001531814644,47245,9456,8344,47948,-409
61,E,2013,47948,8958.865168,8489.332064,48406.82636,0.177052892,-10.70674188,-0.0002232990298,47948,8830,8401,47862,-515
61,E,2014,48406.82636,8934.351995,8517.529775,48809.64238,0.1759572031,-14.00620322,-0.0002893435548,47862,8646,8347,47677,-484
61,E,2015,48809.64238,10471.24104,8634.975864,50619.10197,0.1769112709,-26.80558703,-0.0005491863026,47677,9921,8352,48428,-818
61,E,2016,50619.10197,9114.320225,8729.48614,50985.06437,0.1724543858,-18.87168299,-0.0003728174198,48428,8418,8296,48078,-472
61,E,2017,50985.06437,9207.583973,8698.796014,51469.10532,0.1706145932,-24.74701078,-0.000485377651,48078,8372,8199,48224,-27
61,E,2018,51469.10532,8647.951997,8653.855303,51446.52913,0.1681368901,-16.67288239,-0.0003239396194,48224,7814,8117,48047,126
61,E,2019,51446.52913,9166.941417,8635.036676,51951.25589,0.1678448833,-27.17797534,-0.0005282761694,48047,8131,8013,47897,-268
61,N,2008,16227.81537,6492.588315,4886.57569,17836.70612,0.3011234463,2.878129823,0.0001773578117,15731,6582,4970,17627,284
61,N,2009,17836.70612,7645.644706,5526.827462,19958.16346,0.3098569559,2.640095909,0.0001480147674,17627,7720,5597,19569,-181
61,N,2010,19958.16346,8216.245874,6219.756441,21960.08625,0.3116397184,5.433355779,0.0002722372622,19569,8175,6205,21616,77
61,N,2011,21960.08625,9156.264043,6915.847544,24203.99241,0.3149280683,3.489653483,0.0001589089151,21616,9174,6938,24140,288
61,N,2012,24203.99241,10194,7707,26696,0.3184185431,5.00759467,0.0002068912676,24140,10194,7707,26696,69
61,N,2013,26696,10001.23822,8306.359746,28402.61405,0.3111462296,11.73557557,0.0004396005233,26696,10014,8302,28700,292
61,N,2014,28402.61405,10040.02376,8610.477839,29844.77473,0.3031579355,12.61475708,0.0004441407069,28700,10102,8621,30158,-23
61,N,2015,29844.77473,11209.81541,8995.098274,32072.81883,0.3013960854,13.32696486,0.0004465426522,30158,11131,8901,32014,-374
61,N,2016,32072.81883,10520.06706,9287.182138,33322.62084,0.2895655099,16.91708912,0.000527458756,32014,10466,9169,33615,304
61,N,2017,33322.62084,10469.65681,9345.340647,34461.55442,0.280450349,14.61741093,0.000438663303,33615,10466,9249,35221,389
61,N,2018,34461.55442,10626.17974,9421.969822,35680.01134,0.2734052477,14.24700123,0.0004134172549,35221,10705,9339,36969,382
61,N,2019,35680.01134,11423.48161,9632.768861,37485.35096,0.2699766199,14.62686329,0.0004099455897,36969,11511,9547,38696,-237
61,S,2008,398863.189,19533.49933,7880.783101,410524.6893,0.01975811085,8.78409497,2.202282691e-05,343855,17487,7055,388554,34267
61,S,2009,410524.6893,17266.23095,8086.466205,419716.7994,0.01969788034,12.3453608,3.007215187e-05,388554,16374,7672,392012,-5244
61,S,2010,419716.7994,13910.53164,8231.044165,425402.1572,0.01961094761,5.870309987,1.398635936e-05,392012,13095,7754,401828,4475
61,S,2011,425402.1572,13228.90536,8328.668135,430304.9448,0.01957834015,2.550380307,5.995221848e-06,401828,12812,8070,425164,18594
61,S,2012,430304.9448,14227,8429,436111,0.01958843397,8.055214432,1.871978124e-05,425164,14227,8429,436111,5149
61,S,2013,436111,12982.88161,8523.217075,440573.5765,0.01954368745,2.91201332,6.677229696e-06,436111,13192,8669,456504,15870
61,S,2014,440573.5765,13692.68955,8614.921807,445656.633,0.01955387764,5.288718474,1.200416629e-05,456504,14397,9062,471399,9560
61,S,2015,445656.633,15541.46883,8736.587718,452476.1549,0.01960385434,14.64081771,3.285223785e-05,471399,16684,9368,487886,9171
61,S,2016,452476.1549,17203.50351,8889.090782,460806.0154,0.01964543476,15.44772224,3.414041176e-05,487886,18659,9625,499361,2441
61,S,2017,460806.0154,19051.50504,9071.824737,470809.1606,0.01968686266,23.46493224,5.092149723e-05,499361,21171,10044,526776,16288
61,S,2018,470809.1606,19486.62307,9275.172583,481042.1391,0.01970049302,21.52802261,4.572558143e-05,526776,22564,10704,566991,28355
61,S,2019,481042.1391,16425.8757,9447.223498,488031.9896,0.01963907676,11.19823402,2.327911239e-05,566991,20095,11525,601298,25737
621,E,2008,109146.24,25253.58027,19397.73437,114884.5998,0.1777224243,-117.4860508,-0.001076409511,115100,27040,20545,120847,-748
621,E,2009,114884.5998,22819.60964,20181.24135,117487.398,0.1756653318,-35.57010852,-0.0003096159848,120847,23879,21053,121991,-1682
621,E,2010,117487.398,29490.47229,21151.83436,125723.9832,0.1800349205,-102.0527164,-0.0008686269178,121991,30266,21717,129191,-1349
621,E,2011,125723.9832,27042.62333,22295.88118,130430.8934,0.1773399204,-39.83201909,-0.000316821167,129191,27464,22652,133023,-980
621,E,2012,130430.8934,29000,23181,135651,0.1777262994,-598.8933709,-0.004591652755,133023,29000,23181,135651,-3191
621,E,2013,135651,31237.83973,24263.84352,142504.5763,0.1788696251,-120.4199392,-0.0008877187724,135651,30396,23644,139920,-2483
621,E,2014,142504.5763,31001.32565,25337.19344,148048.361,0.1777991563,-120.3474365,-0.0008445162929,139920,29410,24161,143228,-1941
621,E,2015,148048.361,32539.57138,26326.59151,154144.4506,0.1778242685,-116.8903217,-0.0007895414773,143228,30646,24907,148271,-696
621,E,2016,154144.4506,32489.95498,27262.16165,159271.6413,0.1768611296,-100.6026002,-0.0006526514565,148271,30247,25516,151838,-1164
621,E,2017,159271.6413,36881.13591,28382.71775,167336.2224,0.17820321,-433.8370454,-0.0027238813,151838,33808,26224,157912,-1510
621,E,2018,167336.2224,37265.68565,29736.87586,174704.0021,0.1777073453,-161.0301062,-0.0009623146968,157912,33567,27036,163119,-1324
621,E,2019,174704.0021,36748.33738,30925.39604,180359.9802,0.1770159565,-166.9632611,-0.000955692251,163119,32466,27809,167379,-397
621,N,2008,11200.09386,2921.785766,2913.67607,11205.31122,0.260147469,-2.892335896,-0.0002582421123,10751,3078,3009,10889,69
621,N,2009,11205.31122,2965.42788,3036.208133,11130.82185,0.2709615177,-3.709118668,-0.0003310143374,10889,3079,3094,10779,-95
621,N,2010,11130.82185,3554.776934,3229.443954,11449.23989,0.2901352658,-6.914930032,-0.0006212416413,10779,3601,3245,11245,110
621,N,2011,11449.23989,3889.645334,3484.829903,11850.24694,0.3043721623,-3.808383451,-0.0003326319901,11245,3933,3518,11842,182
621,N,2012,11850.24694,4513,3806,12549,0.3211747417,-8.246941319,-0.0006959299127,11842,4513,3806,12549,0
621,N,2013,12549,4711.102737,4135.504138,13121.19111,0.3295485009,-3.407488048,-0.0002715346281,12549,4668,4094,13346,223
621,N,2014,13121.19111,4895.343804,4333.021154,13684.77728,0.3302307784,1.263523449,9.629639859e-05,13346,4845,4270,13967,46
621,N,2015,13684.77728,5481.619188,4536.615748,14627.43755,0.33150819,-2.343174969,-0.0001712249254,13967,5412,4442,14780,-157
621,N,2016,14627.43755,6052.490536,4827.248814,15851.79306,0.3300132916,-0.8862110797,-6.058553159e-05,14780,5910,4660,16146,116
621,N,2017,15851.79306,6989.459942,5244.615011,17593.06363,0.3308531086,-3.574361223,-0.0002254862406,16146,6865,5079,18279,347
621,N,2018,17593.06363,7798.175659,5773.479382,19612.63739,0.3281679362,-5.122518484,-0.000291166939,18279,7735,5594,20566,146
621,N,2019,19612.63739,8364.728591,6251.506195,21723.67284,0.3187488797,-2.186940672,-0.0001115067101,20566,8427,6077,23029,113
621,S,2008,178067.7084,6493.401793,4112.915586,180481.7797,0.02309748141,33.58503761,0.0001886082429,179307,6901,4203,186769,4764
621,S,2009,180481.7797,5780.069299,4165.730317,182121.5351,0.02308116822,25.41644421,0.0001408255407,186769,5917,4196,177097,-11393
621,S,2010,182121.5351,4419.227118,4192.892528,182356.7502,0.02302249718,8.880535757,4.876159072e-05,177097,4322,4063,176236,-1120
621,S,2011,182356.7502,4460.363857,4201.789518,182623.7919,0.02304159024,8.467342211,4.643284221e-05,176236,4403,4130,180246,3737
621,S,2012,182623.7919,5952,4219,183563,0.02310213776,-793.7919252,-0.004346596447,180246,5952,4219,183563,1584
621,S,2013,183563,6534.131812,4258.41876,185856.6627,0.02319867707,17.94965402,9.778470617e-05,183563,6678,4345,192343,6447
621,S,2014,185856.6627,5953.580603,4306.096636,187511.2037,0.02316891186,7.057015749,3.797020589e-05,192343,6264,4525,197724,3642
621,S,2015,187511.2037,6500.566071,4349.041941,189668.8535,0.02319350447,6.125725575,3.266858435e-05,197724,6902,4637,201798,1809
621,S,2016,189668.8535,6373.402598,4396.779166,191646.9439,0.02318134519,1.466888331,7.733944205e-06,201798,6815,4732,205488,1607
621,S,2017,191646.9439,7945.304784,4455.353501,194707.7278,0.02324771484,-429.1673122,-0.002239364237,205488,8619,4879,214145,4917
621,S,2018,194707.7278,7802.325803,4521.620715,197933.9258,0.02322260532,-54.50715097,-0.0002799434392,214145,8782,5161,228901,11135
621,S,2019,197933.9258,8438.408881,4596.987633,201740.4102,0.02322485958,-34.93679809,-0.0001765073771,228901,9945,5496,240727,7377
622,E,2008,141088.0259,37912.71922,24201.72301,154333.9307,0.171536336,-465.0914666,-0.003296463067,146031,39926,25257,160088,-612
622,E,2009,154333.9307,37007.63764,26272.42742,164936.0105,0.1702310523,-133.1303708,-0.0008626124552,160088,38321,27142,169613,-1654
622,E,2010,164936.0105,35446.06963,27813.44323,172467.9438,0.1686317205,-100.6930864,-0.0006104978903,169613,36248,28382,176317,-1162
622,E,2011,172467.9438,41396.56509,29461.59645,184233.821,0.1708236081,-169.0914311,-0.0009804223751,176317,42053,29884,187387,-1099
622,E,2012,184233.821,44994,31649,197250,0.1717871335,-328.8210264,-0.001784802728,187387,44994,31649,197250,-3482
622,E,2013,197250,48814.10347,34133.10917,211640.7313,0.1730449134,-290.2630273,-0.001471548934,197250,47424,33283,207904,-3487
622,E,2014,211640.7313,48572.81294,36542.54718,223389.0422,0.1726631115,-281.9548859,-0.001332233565,207904,45916,34848,216270,-2702
622,E,2015,223389.0422,52067.90471,38856.16679,236309.2026,0.1739394485,-291.5774855,-0.001305245247,216270,48802,36771,227637,-664
622,E,2016,236309.2026,55622.04132,41366.4005,250246.2676,0.1750520083,-318.575808,-0.001348131196,227637,51470,38719,238627,-1761
622,E,2017,250246.2676,60047.58441,44151.0009,265714.7059,0.1764302074,-428.1452666,-0.001710895713,238627,54534,40696,250356,-2109
622,E,2018,265714.7059,64262.58543,47218.12556,282373.7828,0.1777023421,-385.3829319,-0.001450363579,250356,57248,42702,262294,-2608
622,E,2019,282373.7828,68617.61767,50496.94365,300056.677,0.1788301419,-437.779825,-0.001550355775,262294,60110,45042,276631,-731
622,N,2008,13212.16915,5779.7747,4557.757788,14409.58218,0.3449666543,-24.60387751,-0.00186221333,13125,6144,4866,14475,72
622,N,2009,14409.58218,6382.532071,5076.651829,15710.11238,0.3523108279,-5.35004086,-0.0003712835523,14475,6648,5318,15550,-255
622,N,2010,15710.11238,6147.111694,5423.357234,16434.8876,0.3452144136,1.020756878,6.497451152e-05,15550,6206,5513,16286,43
622,N,2011,16434.8876,7475.572729,5877.638329,18020.41754,0.3576317935,-12.4044579,-0.0007547637809,16286,7579,5965,18087,187
622,N,2012,18020.41754,8720,6744,19981,0.3742421608,-15.41754392,-0.0008555597495,18087,8720,6744,19981,-82
622,N,2013,19981,9380.448457,7588.325021,21766.45113,0.3797770392,-6.672310832,-0.0003339327778,19981,9286,7498,22002,233
622,N,2014,21766.45113,9544.566204,8153.671293,23155.24036,0.3745981026,-2.105678918,-9.67396525e-05,22002,9401,7993,23397,-13
622,N,2015,23155.24036,10623.86055,8724.285806,25048.45738,0.3767737096,-6.357720672,-0.0002745694095,23397,10353,8452,25014,-284
622,N,2016,25048.45738,11914.88494,9572.365108,27379.89033,0.3821538773,-11.08688195,-0.000442617355,25014,11427,9136,27380,75
622,N,2017,27379.89033,13377.57217,10631.76206,30114.56909,0.3883055019,-11.13136043,-0.0004065524111,27380,12776,10085,30382,311
622,N,2018,30114.56909,14284.70073,11763.66944,32620.54835,0.3906305088,-15.05202748,-0.0004998254312,30382,13433,11012,32804,1
622,N,2019,32620.54835,14625.36327,12711.30383,34527.41235,0.3896716785,-7.195437465,-0.0002205799053,32804,13669,11789,34555,-129
622,S,2008,545788.2456,28787.5812,10580.35355,563380.7191,0.01938545513,-614.7541361,-0.001126360161,574936,30749,11302,597221,2838
622,S,2009,563380.7191,28210.94597,10919.88121,580801.7512,0.01938277409,129.9673961,0.0002306919489,597221,28928,11197,571809,-43143
622,S,2010,580801.7512,25609.1818,11231.76934,595285.7231,0.01933838753,106.5594074,0.0001834695008,571809,25099,11005,580112,-5791
622,S,2011,595285.7231,24302.43345,11496.44429,608189.9699,0.01931248112,98.25759658,0.000165059555,580112,24014,11359,599907,7140
622,S,2012,608189.9699,24339,11715,617747,0.01926207366,-3066.969864,-0.005042782709,599907,24339,11715,617747,5216
622,S,2013,617747,21855.55993,11907.8862,627770.9274,0.01927631571,76.25366288,0.0001234383378,617747,22350,12177,651573,23653
622,S,2014,627770.9274,20363.22836,12089.93215,636104.7168,0.01925850914,60.49320438,9.636190805e-05,651573,21469,12747,670788,10493
622,S,2015,636104.7168,22436.38949,12275.24038,646334.0307,0.0192975151,68.16477089,0.000107159669,670788,23832,13040,684389,2809
622,S,2016,646334.0307,23534.28905,12491.78534,657454.0919,0.01932713542,77.5574971,0.0001199959981,684389,25153,13353,698909,2720
622,S,2017,657454.0919,23608.84853,12702.80858,666820.0016,0.01932121,-1540.130265,-0.002342567008,698909,25583,13772,727757,17037
622,S,2018,666820.0016,23753.08962,12912.25681,677728.2449,0.01936393147,67.41049115,0.0001010924852,727757,26750,14559,776761,36813
622,S,2019,677728.2449,23673.15225,13134.40157,688331.633,0.01938004158,64.63745525,9.537370728e-05,776761,27864,15478,813246,24099
623,E,2008,14728.7958,3008.708859,2259.346611,15478.01268,0.1533965601,-0.1453664065,-9.869537769e-06,14118,2987,2225,15241,361
623,E,2009,15478.01268,3058.893264,2367.851296,16161.43997,0.1529816097,-7.614682351,-0.0004919677032,15241,3048,2341,15842,-106
623,E,2010,16161.43997,3264.262433,2484.411018,16933.74167,0.1537246076,-7.549716818,-0.0004671438209,15842,3236,2446,16695,63
623,E,2011,16933.74167,3636.505979,2629.029236,17938.00704,0.1552538882,-3.211368429,-0.0001896431687,16695,3629,2616,17931,223
623,E,2012,17938.00704,2874,2721,18053,0.151689092,-38.00704333,-0.002118799666,17931,2874,2721,18053,-31
623,E,2013,18053,3602.157784,2797.785665,18851.97342,0.1549762181,-5.398699484,-0.0002990472212,18053,3584,2788,18788,-61
623,E,2014,18851.97342,3712.285811,2930.215434,19639.67495,0.1554328223,5.631156656,0.0002987038296,18788,3681,2914,19564,9
623,E,2015,19639.67495,3403.626329,3023.082682,20021.76443,0.1539273277,1.545828969,7.870949862e-05,19564,3378,3004,19849,-89
623,E,2016,20021.76443,3632.650111,3100.610627,20559.49609,0.1548620072,5.69218059,0.0002842996485,19849,3595,3073,20339,-32
623,E,2017,20559.49609,3682.229748,3187.758883,21031.83076,0.1550504384,-22.13619918,-0.001076689773,20339,3648,3165,20882,60
623,E,2018,21031.83076,3360.056245,3248.358124,21145.56628,0.1544496131,2.037397051,9.687207331e-05,20882,3355,3249,21216,228
623,E,2019,21145.56628,3840.050909,3312.427822,21673.21069,0.1566488113,0.02132097174,1.008295141e-06,21216,3841,3335,21801,79
623,N,2008,1881.5428,480.3598578,453.8933177,1907.816638,0.2412346494,-0.1927022539,-0.0001024171514,1790,492,462,1832,12
623,N,2009,1907.816638,514.5607328,479.5194681,1942.157431,0.2513446306,-0.7004713775,-0.000367158648,1832,526,482,1866,-10
623,N,2010,1942.157431,544.9793273,507.2473005,1982.022636,0.2611772312,2.133177975,0.00109835482,1866,545,504,1933,26
623,N,2011,1982.022636,673.1078343,545.9817309,2109.645159,0.2754669502,0.4964197562,0.0002504611941,1933,678,547,2103,39
623,N,2012,2109.645159,668,586,2193,0.2777718316,1.354840575,0.0006422125392,2103,668,586,2193,8
623,N,2013,2193,817.233224,634.9791422,2377.061115,0.2895481725,1.807033639,0.0008240007473,2193,812,627,2433,55
623,N,2014,2377.061115,945.1888843,707.1303672,2618.306259,0.2974809367,3.186626625,0.001340574125,2433,941,698,2693,17
623,N,2015,2618.306259,1019.005619,767.3719859,2870.984334,0.2930795369,1.044441416,0.0003988996368,2693,1022,757,2926,-32
623,N,2016,2870.984334,1204.445064,838.0924554,3237.800632,0.2919181569,0.4636891729,0.0001615087785,2926,1191,816,3340,39
623,N,2017,3237.800632,1379.204088,937.8537213,3678.154052,0.2896576497,-0.996946519,-0.0003079085565,3340,1383,922,3897,96
623,N,2018,3678.154052,1533.214479,1046.521143,4166.646896,0.2845234671,1.79950813,0.0004892421863,3897,1574,1041,4484,54
623,N,2019,4166.646896,1836.57971,1176.763942,4828.370265,0.2824246863,1.907601242,0.0004578264704,4484,1902,1179,5255,48
623,S,2008,53094.32887,4121.282508,1194.151436,56041.86247,0.02249112969,20.4025332,0.0003842695375,53493,4322,1222,57983,1390
623,S,2009,56041.86247,3240.455798,1241.586772,58052.93733,0.02215463079,12.20583252,0.0002177984809,57983,3296,1252,56426,-3601
623,S,2010,58052.93733,3015.518644,1279.590219,59809.47099,0.02204178251,20.60523228,0.0003549386684,56426,2947,1240,57784,-349
623,S,2011,59809.47099,3284.070139,1312.647274,61790.85904,0.02194714737,9.965179537,0.0001666154101,57784,3241,1291,60927,1193
623,S,2012,61790.85904,3194,1345,63395,0.02176697364,-244.8590364,-0.003962706462,60927,3194,1345,63395,619
623,S,2013,63395,2938.264938,1373.909925,64969.59555,0.02167221272,10.24053954,0.0001615354451,63395,3006,1406,67341,2346
623,S,2014,64969.59555,3798.858992,1412.729723,67374.73288,0.02174447464,19.00805999,0.0002925685443,67341,4007,1490,71200,1342
623,S,2015,67374.73288,3361.942105,1452.58369,69300.01653,0.02155976918,15.92522975,0.0002363679835,71200,3584,1555,73923,694
623,S,2016,69300.01653,3370.584348,1488.504739,71196.79203,0.02147913974,14.69589541,0.0002120619323,73923,3623,1610,76645,709
623,S,2017,71196.79203,3874.098206,1527.947956,73404.10539,0.02146091015,-138.8368931,-0.001950044224,76645,4242,1684,81096,1893
623,S,2018,73404.10539,3270.44447,1566.386373,75121.70801,0.02133922026,13.54452636,0.0001845200113,81096,3732,1795,87239,4206
623,S,2019,75121.70801,3434.824374,1599.315266,76969.52488,0.02128965526,12.30776517,0.0001638376642,87239,4096,1920,92279,2864
624,E,2008,9628.471853,1930.139286,1732.624332,9829.297765,0.1799480082,3.310957712,0.0003438715678,9476,1966,1735,9823,116
624,E,2009,9829.297765,1911.664872,1760.117804,9975.605684,0.17906852,-5.239149674,-0.0005330136292,9823,1945,1758,9897,-113
624,E,2010,9975.605684,2086.13924,1801.065846,10265.07928,0.1805470167,4.400202016,0.0004410962256,9897,2084,1789,10174,-18
624,E,2011,10265.07928,2411.597702,1880.341258,10798.84626,0.1831784447,2.510532554,0.000244570206,10174,2407,1877,10815,111
624,E,2012,10798.84626,2083,1936,10930,0.1792784112,-15.84625614,-0.001467402699,10815,2083,1936,10930,-32
624,E,2013,10930,2072.516149,1952.6759,11049.53861,0.1786528728,-0.3016411197,-2.759754069e-05,10930,2065,1947,11013,-35
624,E,2014,11049.53861,2400.875349,1985.607855,11463.68417,0.179700522,-1.121933027,-0.0001015366403,11013,2386,1982,11396,-21
624,E,2015,11463.68417,2213.459392,2021.513128,11654.89227,0.176340616,-0.7381587943,-6.439106168e-05,11396,2187,2003,11439,-141
624,E,2016,11654.89227,2124.783989,2025.094825,11747.88408,0.1737549158,-6.697359714,-0.0005746393494,11439,2074,1996,11467,-50
624,E,2017,11747.88408,1809.797341,1997.058622,11547.86834,0.169993048,-12.75446113,-0.001085681561,11467,1763,1970,11287,27
624,E,2018,11547.86834,2559.861631,2016.795506,12079.43205,0.1746465622,-11.50241465,-0.0009960638899,11287,2517,2009,11952,157
624,E,2019,12079.43205,2821.236177,2123.14271,12768.86605,0.1757651106,-8.659463687,-0.0007168767251,11952,2776,2126,12590,-12
624,N,2008,718.4731082,315.2184299,301.781771,729.495228,0.4200321035,-2.414539204,-0.003360653553,745,349,334,761,1
624,N,2009,729.495228,432.1452801,338.7767572,822.9764608,0.4643988668,0.1127099347,0.0001545040054,761,469,364,841,-25
624,N,2010,822.9764608,433.3514745,382.1594648,873.9934779,0.4643625705,-0.1749926363,-0.0002126338293,841,449,397,887,-6
624,N,2011,873.9934779,554.9527646,430.50122,996.9905765,0.4925680007,-1.454445992,-0.001664138267,887,568,442,1012,-1
624,N,2012,996.9905765,584,490,1088,0.4914790686,-2.990576541,-0.002999603618,1012,584,490,1088,-18
624,N,2013,1088,621.8973214,533.9375364,1177.19912,0.4907514121,1.239335161,0.001139094817,1088,612,525,1174,-1
624,N,2014,1177.19912,784.4520227,596.8700905,1362.055646,0.5070256002,-2.72540605,-0.002315161474,1174,761,578,1348,-9
624,N,2015,1362.055646,750.3193851,654.6427627,1454.570337,0.4806285004,-3.161931957,-0.002321441099,1348,719,623,1426,-18
624,N,2016,1454.570337,794.6327542,685.0977961,1564.926117,0.4709966777,0.8208220201,0.0005643054855,1426,754,645,1528,-7
624,N,2017,1564.926117,768.0023805,705.5492405,1625.862157,0.4508514701,-1.517100043,-0.0009694387656,1528,726,659,1595,0
624,N,2018,1625.862157,1126.695526,789.67268,1960.254656,0.4856947292,-2.630346817,-0.001617816619,1595,1040,723,1898,-14
624,N,2019,1960.254656,1291.417052,945.2881149,2300.798257,0.4822272006,-5.585336284,-0.002849291172,1898,1184,856,2204,-22
624,S,2008,42184.59872,1812.352436,1034.596414,42964.29457,0.02452545348,1.939833488,4.598440064e-05,40655,1741,1030,43244,1878
624,S,2009,42964.29457,2282.176298,1059.029645,44190.70018,0.02464906397,3.258948625,7.585248768e-05,43244,2235,1053,42293,-2133
624,S,2010,44190.70018,1087.922032,1071.087507,44205.90119,0.02423784875,-1.633511285,-3.696504645e-05,42293,1039,1032,42262,-38
624,S,2011,44205.90119,1013.719044,1069.774684,44146.72098,0.02419981619,-3.124570926,-7.068221304e-05,42262,990,1048,43467,1263
624,S,2012,44146.72098,1913,1073,44772,0.02430531591,-214.7209795,-0.004863803579,43467,1913,1073,44772,465
624,S,2013,44772,3185.42287,1100.039924,46863.45975,0.02456981873,6.07680582,0.0001357278169,44772,3255,1129,48679,1781
624,S,2014,46863.45975,1890.718662,1128.444741,47627.47291,0.02407941597,1.739238132,3.71128837e-05,48679,2007,1202,50756,1272
624,S,2015,47627.47291,2384.236935,1150.215338,48865.3695,0.02415024918,3.874994041,8.136047966e-05,50756,2592,1256,53093,1001
624,S,2016,48865.3695,2142.008516,1179.749215,49830.58652,0.02414284854,2.95772019,6.052794075e-05,53093,2369,1308,55192,1038
624,S,2017,49830.58652,2018.184836,1199.728167,50546.13763,0.02407613978,-102.9055632,-0.002065108408,55192,2317,1370,57624,1485
624,S,2018,50546.13763,1481.346406,1209.598278,50813.66009,0.02393057777,-4.225670871,-8.360027233e-05,57624,1781,1447,61018,3060
624,S,2019,50813.66009,5014.380917,1261.264005,54587.62509,0.02482135714,20.84809627,0.0004102852705,61018,6289,1578,68130,2401
711AS,E,2008,15492.02535,3128.474114,2467.859595,16156.93403,0.1592987062,4.29416461,0.0002771854882,14973,3138,2433,16063,385
711AS,E,2009,16156.93403,2750.614321,2536.132342,16372.15745,0.1569686635,0.741439318,4.58898524e-05,16063,2765,2509,16128,-191
711AS,E,2010,16372.15745,3199.071705,2594.953004,16975.80635,0.1584979262,-0.4698061659,-2.869543414e-05,16128,3199,2560,16783,16
711AS,E,2011,16975.80635,4003.547704,2741.507967,18234.95259,0.1614950071,-2.893497506,-0.0001704483102,16783,4011,2729,18263,198
711AS,E,2012,18234.95259,3430,2884,18776,0.1581578009,-4.95258714,-0.0002715985751,18263,3430,2884,18776,-33
711AS,E,2013,18776,4500.890381,3038.416073,20234.29255,0.1618244606,-4.181760778,-0.0002227184053,18776,4466,3028,20138,-76
711AS,E,2014,20234.29255,5728.481516,3336.340401,22622.78156,0.1648854485,-3.652103002,-0.000180490768,20138,5614,3310,22300,-142
711AS,E,2015,22622.78156,4711.096469,3593.396887,23736.86529,0.1588397464,-3.615849753,-0.0001598322356,22300,4506,3523,22898,-385
711AS,E,2016,23736.86529,5772.964729,3809.660936,25692.88044,0.1604955367,-7.288644352,-0.0003070601051,22898,5361,3664,24389,-206
711AS,E,2017,25692.88044,4332.451111,3957.642851,26067.41793,0.1540365573,-0.2707748493,-1.05389059e-05,24389,3970,3791,24651,83
711AS,E,2018,26067.41793,3983.668239,3951.779751,26105.16022,0.1515984346,5.853806504,0.0002245641099,24651,3651,3802,24747,247
711AS,E,2019,26105.16022,4213.045404,3950.066628,26364.70666,0.1513136328,-3.432336971,-0.0001314811686,24747,3821,3782,24759,-27
711AS,N,2008,49033.51849,8732.414184,8655.061869,49131.18545,0.1765131717,20.31464921,0.0004143012746,45142,8337,8334,46260,1115
711AS,N,2009,49131.18545,8648.145726,8664.144967,49132.99245,0.1763471589,17.80623731,0.0003624223016,46260,8372,8417,46757,542
711AS,N,2010,49132.99245,8057.20976,8622.134481,48579.95257,0.1754856371,11.88484448,0.0002418913217,46757,7881,8430,46835,627
711AS,N,2011,48579.95257,8124.072127,8554.770334,48156.62244,0.1760967206,7.368071585,0.0001516689744,46835,7985,8424,46941,545
711AS,N,2012,48156.62244,8020,8479,47707,0.1760713184,9.377562458,0.0001947304853,46941,8020,8479,47707,1225
711AS,N,2013,47707,7978.961162,8409.724196,47281.24835,0.1762786215,5.011382402,0.0001050450123,47707,8074,8517,48049,785
711AS,N,2014,47281.24835,8615.34457,8457.117276,47447.38438,0.1788683161,7.908740586,0.0001672701306,48049,8841,8696,49091,897
711AS,N,2015,47447.38438,8660.982877,8561.205075,47556.88718,0.1804357645,9.724990343,0.0002049636765,49091,9047,8958,50481,1301
711AS,N,2016,47556.88718,9417.873878,8730.937596,48252.23028,0.1835893414,8.406827301,0.0001767741288,50481,10001,9306,51959,783
711AS,N,2017,48252.23028,9874.380186,8959.859787,49181.56545,0.1856879927,14.81476232,0.0003070275141,51959,10704,9708,54049,1094
711AS,N,2018,49181.56545,10361.46808,9188.938618,50371.32672,0.1868370503,17.23181028,0.0003503713255,54049,11378,10081,55995,649
711AS,N,2019,50371.32672,11045.7742,9494.810636,51943.95092,0.1884963382,21.66062561,0.0004300189615,55995,12248,10529,58921,1207
711AS,S,2008,77292.9633,4682.38788,2027.732027,79960.20868,0.02623436779,12.58953053,0.0001628806815,74663,4572,2039,80099,2903
711AS,S,2009,79960.20868,3702.956351,2079.704073,81597.82913,0.02600923768,14.36816589,0.0001796914506,80099,3665,2068,77724,-3972
711AS,S,2010,81597.82913,2822.95926,2109.054464,82318.56107,0.02584694331,6.827145679,8.366822687e-05,77724,2721,2030,78417,2
711AS,S,2011,82318.56107,3755.420346,2139.840704,83953.24162,0.02599463202,19.10090528,0.000232036433,78417,3680,2094,82208,2205
711AS,S,2012,83953.24162,3645,2181,85435,0.02597874672,17.75838413,0.0002115270809,82208,3645,2181,85435,1763
711AS,S,2013,85435,3175.054832,2209.969363,86408.76892,0.02586726005,8.683446254,0.0001016380436,85435,3291,2291,90492,4057
711AS,S,2014,86408.76892,3926.963664,2242.798138,88107.33512,0.02595567749,14.40067663,0.0001666575836,90492,4259,2434,95314,2997
711AS,S,2015,88107.33512,4321.142263,2297.172884,90158.76109,0.02607243632,27.45659329,0.0003116266455,95314,4853,2564,99990,2387
711AS,S,2016,90158.76109,4920.379204,2361.840275,92748.81063,0.02619645885,31.51061445,0.0003495014136,99990,5709,2722,106395,3418
711AS,S,2017,92748.81063,4551.816191,2429.075032,94900.53349,0.02618982406,28.98169371,0.0003124750982,106395,5521,2906,112361,3351
711AS,S,2018,94900.53349,4752.341941,2493.807374,97189.28709,0.02627811755,30.21903381,0.0003184284924,112361,6034,3122,121151,5878
711AS,S,2019,97189.28709,4729.305804,2558.611173,99386.46417,0.02632606174,26.48244861,0.0002724832068,121151,6269,3357,128970,4907
713,E,2008,31228.50082,5677.45288,5016.928962,31885.01504,0.1606522513,-4.009698378,-0.000128398683,29670,5531,4866,31294,959
713,E,2009,31885.01504,5921.362004,5145.797664,32665.64442,0.1613860824,5.065038943,0.0001588532712,31294,5822,5044,31910,-162
713,E,2010,32665.64442,4682.313245,5175.759101,32168.1642,0.1584465634,-4.034366315,-0.0001235048745,31910,4585,5068,31564,137
713,E,2011,32168.1642,4451.060712,5088.740968,31528.98862,0.1581918364,-1.49532138,-4.648451093e-05,31564,4406,5040,31497,567
713,E,2012,31528.98862,5127,5054,31600,0.1602969274,-1.988621444,-6.307279525e-05,31497,5127,5054,31600,30
713,E,2013,31600,5813.089407,5123.420047,32280.93203,0.1621335458,-8.737330283,-0.0002764977938,31600,5815,5135,32479,199
713,E,2014,32280.93203,6348.682864,5257.061225,33365.16007,0.1628534523,-7.393595827,-0.0002290391065,32479,6348,5302,33660,135
713,E,2015,33365.16007,7059.858465,5450.918962,34968.0011,0.1633715813,-6.098475605,-0.0001827797496,33660,6970,5489,34967,-174
713,E,2016,34968.0011,8693.802338,5774.19231,37874.26318,0.165127892,-13.3479524,-0.0003817190569,34967,8372,5762,37569,-8
713,E,2017,37874.26318,8144.061571,6103.81664,39892.11801,0.1611600102,-22.39009439,-0.0005911691082,37569,7701,6093,39464,287
713,E,2018,39892.11801,10083.90751,6494.394846,43467.77142,0.162798948,-13.85924957,-0.0003474182435,39464,9594,6522,43253,717
713,E,2019,43467.77142,8786.472672,6881.068003,45361.86951,0.1583027558,-11.30657739,-0.0002601140344,43253,8356,6918,44778,87
713,N,2008,1175.847852,371.0092876,363.4476482,1180.942972,0.3090941125,-2.466519691,-0.002097652078,1159,407,393,1179,6
713,N,2009,1180.942972,436.9071241,396.9840981,1216.900306,0.3361585679,-3.965691366,-0.003358071864,1179,472,422,1208,-21
713,N,2010,1216.900306,372.1030376,410.6001533,1178.132728,0.3374147834,-0.2704625588,-0.0002222553133,1208,382,422,1171,3
713,N,2011,1178.132728,417.5465472,405.2328767,1188.472624,0.3439619892,-1.973774327,-0.001675341224,1171,426,414,1195,12
713,N,2012,1188.472624,542,444,1284,0.3735887482,-2.472624305,-0.002080505898,1195,542,444,1284,-9
713,N,2013,1284,720.4388112,528.7508382,1473.65435,0.4117997182,-2.033622956,-0.001583818502,1284,709,520,1489,16
713,N,2014,1473.65435,930.3463724,646.9703995,1753.039962,0.4390245239,-3.990361259,-0.002707800007,1489,907,629,1762,-5
713,N,2015,1753.039962,1139.253387,791.2040425,2096.976992,0.4513325765,-4.11231408,-0.002345818789,1762,1099,759,2077,-25
713,N,2016,2096.976992,1599.70389,1004.662803,2682.40112,0.4791005369,-9.616959676,-0.004586106434,2077,1516,946,2644,-3
713,N,2017,2682.40112,1828.122705,1257.160456,3245.136997,0.4686698223,-8.226371986,-0.003066794122,2644,1728,1175,3215,18
713,N,2018,3245.136997,2508.285948,1583.047993,4153.697141,0.4878216219,-16.67781171,-0.005139324388,3215,2332,1456,4077,-14
713,N,2019,4153.697141,2393.86156,1869.50091,4665.714564,0.4500811799,-12.34322695,-0.002971624203,4077,2239,1708,4584,-24
713,S,2008,108950.285,6639.269193,3210.087442,112452.2361,0.02946378195,72.76932102,0.0006679130852,111691,7059,3376,116838,1464
713,S,2009,112452.2361,7474.768896,3320.934576,116678.6977,0.02953195678,72.62730086,0.0006458502149,116838,7646,3380,112981,-8123
713,S,2010,116678.6977,5537.514619,3416.970788,118845.2807,0.02928530104,46.03912415,0.0003945803737,112981,5408,3326,114109,-954
713,S,2011,118845.2807,4369.067634,3461.754317,119770.5527,0.02912824386,17.95864956,0.0001511094884,114109,4306,3405,116790,1780
713,S,2012,119770.5527,5535,3505,121843,0.02926428844,42.44734385,0.0003544055105,116790,5535,3505,121843,3023
713,S,2013,121843,5753.96136,3569.359682,124068.1153,0.02929474555,40.51357947,0.0003325064178,121843,6012,3724,131135,7004
713,S,2014,124068.1153,7693.701482,3663.817644,128168.9366,0.02953069478,70.9375515,0.0005717629493,131135,8478,4022,141057,5466
713,S,2015,128168.9366,6136.666071,3758.027295,130588.9939,0.02932089002,41.41846206,0.0003231552289,141057,6998,4267,148164,4376
713,S,2016,130588.9939,10749.80342,3893.891439,137557.874,0.02981791438,112.9681412,0.0008650663267,148164,12783,4612,164105,7770
713,S,2017,137557.874,10713.82452,4091.603474,144290.8356,0.02974459662,110.7405183,0.0008050467419,164105,13326,5061,177726,5356
713,S,2018,144290.8356,11564.16925,4296.449872,151679.3527,0.02977631847,120.7977523,0.0008371824297,177726,15083,5569,196622,9382
713,S,2019,151679.3527,11296.83539,4503.137918,158584.1876,0.02968853596,111.1373901,0.0007327127133,196622,15372,6095,213718,7819
721,E,2008,38873.43822,7822.706758,6106.101935,40489.78045,0.1570764567,-100.2625919,-0.002579205661,36384,7713,5952,39516,1371
721,E,2009,40489.78045,4553.726969,6144.463784,38889.25589,0.1517534478,-9.787745622,-0.0002417337292,39516,4490,6027,37547,-432
721,E,2010,38889.25589,4323.33221,5884.26428,37330.25654,0.151308225,1.932719401,4.969802987e-05,37547,4206,5719,36177,143
721,E,2011,37330.25654,4464.697522,5633.214203,36160.9432,0.1509021026,-0.7966608017,-2.134088741e-05,36177,4411,5555,35943,910
721,E,2012,36160.9432,4669,5440,35389,0.1504385538,-0.9432000842,-2.608339276e-05,35943,4669,5440,35389,217
721,E,2013,35389,4831.415925,5302.51515,34912.07138,0.1498351225,-5.829393245,-0.0001647233108,35389,4837,5319,34973,66
721,E,2014,34912.07138,5532.483946,5251.851499,35190.20708,0.1504308192,-2.496749244,-7.151535686e-05,34973,5547,5293,35353,126
721,E,2015,35190.20708,5783.147241,5283.50372,35683.00086,0.150141308,-6.849742463,-0.0001946491093,35353,5790,5314,35592,-237
721,E,2016,35683.00086,5130.960206,5282.106427,35524.59171,0.1480286495,-7.262927748,-0.0002035402733,35592,5113,5290,35395,-20
721,E,2017,35524.59171,6055.895015,5305.940251,36202.72011,0.1493596406,-71.82635941,-0.002021877127,35395,6083,5355,36473,350
721,E,2018,36202.72011,7296.339624,5483.673996,38018.31204,0.1514713253,2.926300051,8.083094425e-05,36473,7470,5640,39085,782
721,E,2019,38018.31204,7990.080021,5782.009807,40218.64262,0.1520848638,-7.739635438,-0.0002035765141,39085,8244,6012,41374,57
721,N,2008,2285.637375,890.1859757,731.8623391,2436.607178,0.3202005476,-7.353833404,-0.003217410375,2243,978,788,2441,8
721,N,2009,2436.607178,699.9593393,779.0773504,2357.558353,0.3197385928,0.06918600984,2.839440451e-05,2441,745,822,2322,-42
721,N,2010,2357.558353,684.8174717,749.8003384,2295.115464,0.3180410518,2.539977402,0.00107737626,2322,699,767,2268,14
721,N,2011,2295.115464,856.858962,765.1000458,2384.141448,0.3333601546,-2.732932173,-0.001190760211,2268,876,779,2393,28
721,N,2012,2384.141448,1028,853,2555,0.3577807855,-4.141447801,-0.001737081416,2393,1028,853,2555,-13
721,N,2013,2555,1121.010663,951.4907338,2722.202129,0.3724034183,-2.317799902,-0.0009071623883,2555,1105,938,2760,38
721,N,2014,2722.202129,1354.688903,1058.156232,3020.174804,0.3887133216,1.440003536,0.0005289847954,2760,1327,1031,3055,-1
721,N,2015,3020.174804,1458.596616,1168.119973,3308.566244,0.3867723057,-2.085203903,-0.0006904249051,3055,1420,1125,3310,-40
721,N,2016,3308.566244,1461.253646,1226.156511,3545.719639,0.3706005626,2.056260224,0.0006214958602,3310,1414,1166,3576,18
721,N,2017,3545.719639,1875.153541,1331.122212,4089.414914,0.3754166566,-0.3360531713,-9.477714134e-05,3576,1817,1267,4189,63
721,N,2018,4089.414914,2421.764972,1583.570038,4925.824719,0.3872363336,-1.785129041,-0.0004365243142,4189,2333,1497,5046,21
721,N,2019,4925.824719,2908.22218,1926.105111,5904.904061,0.3910218534,-3.037726526,-0.0006166939954,5046,2797,1807,6044,8
721,S,2008,264068.7072,30906.45246,7713.964304,286967.684,0.02921195921,-293.5113341,-0.001111496085,275599,33022,8248,300931,558
721,S,2009,286967.684,20529.07686,8211.197736,299498.5992,0.02861366695,213.0360333,0.0007423694205,300931,21064,8422,291282,-22291
721,S,2010,299498.5992,8744.335558,8391.091426,299858.2307,0.02801713079,6.387415248,2.132702879e-05,291282,8548,8205,288612,-3013
721,S,2011,299858.2307,7813.630662,8387.784299,299271.0495,0.0279724998,-13.02756954,-4.344576271e-05,288612,7701,8265,291549,3501
721,S,2012,299271.0495,9148,8389,300045,0.02803144512,14.95048334,4.99563301e-05,291549,9148,8389,300045,7737
721,S,2013,300045,10710.95229,8433.989382,302363.715,0.02810908158,41.75213573,0.0001391529128,300045,11203,8819,320710,18281
721,S,2014,302363.715,10976.58171,8500.933984,304883.049,0.02811492769,43.68626837,0.0001444825096,320710,12132,9391,337376,13925
721,S,2015,304883.049,15479.6803,8635.275447,311847.6596,0.02832323894,120.2056717,0.0003942681368,337376,17704,9870,356203,10993
721,S,2016,311847.6596,14468.34754,8814.402002,317602.0585,0.02826508948,100.4534342,0.0003221234186,356203,17293,10524,382744,19772
721,S,2017,317602.0585,10379.33454,8906.503569,318409.1899,0.0280429655,-665.6996378,-0.00209601802,382744,12961,11126,396150,11571
721,S,2018,318409.1899,10697.66787,8943.604061,320195.4635,0.02808839803,32.20984242,0.0001011586457,396150,14009,11715,419192,20748
721,S,2019,320195.4635,10301.52346,8988.779492,321534.222,0.02807278839,26.01446906,8.12455891e-05,419192,14084,12290,437412,16426
722,E,2008,76406.11926,10608.11264,11481.87095,75530.35237,0.1502742327,-2.008584235,-2.6288264e-05,70663,10127,10884,72477,2571
722,E,2009,75530.35237,10691.63613,11362.26443,74857.38503,0.1504330917,-2.339041207,-3.096822845e-05,72477,10360,10943,71899,5
722,E,2010,74857.38503,9003.124027,11148.92806,72708.81501,0.14893558,-2.765997035,-3.695022253e-05,71899,8740,10777,70677,815
722,E,2011,72708.81501,11838.77409,11043.10298,73503.93591,0.1518812125,-0.5502128711,-7.567347522e-06,70677,11714,10905,73151,1665
722,E,2012,73503.93591,13688,11276,75915,0.1534067511,-0.9359050538,-1.273272026e-05,73151,13688,11276,75915,352
722,E,2013,75915,16442.87473,11838.20595,80510.09655,0.1559402746,-9.572233347,-0.0001260914621,75915,16449,11871,80728,235
722,E,2014,80510.09655,14918.61563,12424.22574,82992.78435,0.1543188528,-11.70209005,-0.0001453493481,80728,14972,12524,83676,500
722,E,2015,82992.78435,14268.51469,12778.6365,84467.97111,0.1539728616,-14.69143488,-0.0001770206289,83676,14351,12929,85006,-92
722,E,2016,84467.97111,12791.58426,12929.02857,84313.43706,0.1530642728,-17.08973983,-0.00020232213,85006,12839,13057,84974,186
722,E,2017,84313.43706,17145.618,13288.03304,87965.62647,0.1576027915,-205.3955417,-0.002436094991,84974,17338,13546,89585,819
722,E,2018,87965.62647,15088.57273,13782.57959,89241.07206,0.1566814236,-30.54755331,-0.0003472669329,89585,15542,14309,92775,1957
722,E,2019,89241.07206,15465.43015,14077.76662,90597.61276,0.1577498599,-31.12283729,-0.0003487501502,92775,16082,14796,94675,614
722,N,2008,1880.753575,438.0759768,505.1550775,1818.392089,0.2685918476,4.717614678,0.002508364062,1819,474,527,1779,13
722,N,2009,1818.392089,497.810364,525.1697781,1793.046808,0.2888099774,2.014133503,0.001107645329,1779,534,540,1752,-21
722,N,2010,1793.046808,433.5230103,526.9115237,1702.297281,0.2938637861,2.638986593,0.001471789013,1752,445,533,1676,12
722,N,2011,1702.297281,613.0632167,549.8749203,1765.890399,0.3230193259,0.4048207671,0.0002378085024,1676,627,556,1772,25
722,N,2012,1765.890399,801,644,1921,0.3646885449,-1.89039868,-0.001070507366,1772,801,644,1921,-8
722,N,2013,1921,1382.443084,859.4091259,2439.531303,0.4473759114,-4.502656031,-0.002343912561,1921,1359,843,2459,22
722,N,2014,2439.531303,1639.194408,1137.034687,2943.877576,0.4660873527,2.18655202,0.0008963000464,2459,1597,1099,2946,-11
722,N,2015,2943.877576,1880.387044,1373.979335,3452.897568,0.4667243455,2.612283518,0.0008873614647,2946,1807,1306,3406,-41
722,N,2016,3452.897568,2086.669914,1592.214015,3949.122304,0.4611240221,1.768836663,0.0005122760314,3406,1980,1491,3886,-9
722,N,2017,3949.122304,3490.701739,2063.597752,5369.902828,0.5225459211,-6.323462416,-0.001601232357,3886,3265,1911,5254,14
722,N,2018,5369.902828,3453.111361,2620.449391,6207.663426,0.4879882326,5.098626837,0.0009494821414,5254,3184,2378,6019,-41
722,N,2019,6207.663426,3746.603768,2971.314296,6987.749666,0.4786526092,4.796768124,0.0007727171716,6019,3433,2671,6728,-53
722,S,2008,153343.8207,4688.783958,4094.326946,153950.0537,0.02670030607,11.7760409,7.679501431e-05,142242,4470,3925,151618,8831
722,S,2009,153950.0537,3145.949888,4088.055616,153000.5711,0.02655442799,-7.376837139,-4.791708065e-05,151618,3061,3980,142977,-7722
722,S,2010,153000.5711,2590.587302,4055.877685,151517.7266,0.02650890552,-17.55419241,-0.0001147328554,142977,2443,3832,142251,663
722,S,2011,151517.7266,3087.986874,4020.130486,150574.0896,0.02653241028,-11.49336677,-7.58549315e-05,142251,2984,3889,146774,5428
722,S,2012,150574.0896,3798,4005,150361,0.02659820166,-6.089592827,-4.044250138e-05,146774,3798,4005,150361,3794
722,S,2013,150361,4457.035945,4006.596054,150832.323,0.02664651109,20.88314213,0.0001388866936,150361,4602,4124,155489,4650
722,S,2014,150832.323,4426.362809,4019.553375,151277.4041,0.02664915115,38.27165966,0.0002537364597,155489,4726,4250,159722,3757
722,S,2015,151277.4041,4780.571567,4035.297232,152085.9377,0.02667481806,63.25926313,0.0004181672967,159722,5248,4356,163781,3167
722,S,2016,152085.9377,5751.876042,4071.58359,153879.4005,0.02677159803,113.1703444,0.0007441210288,163781,6532,4479,169124,3290
722,S,2017,153879.4005,6674.173764,4128.752134,156268.8383,0.02683109058,-155.9838483,-0.001013675955,169124,7882,4682,177357,5033
722,S,2018,156268.8383,5689.301581,4182.842259,157898.1851,0.02676696329,122.8874671,0.0007863849788,177357,6975,4926,186480,7074
722,S,2019,157898.1851,7148.099664,4247.091096,160979.5276,0.0268976562,180.3339691,0.001142090196,186480,9238,5248,199056,8586
81,E,2008,83533.41729,15524.33934,13131.00439,85910.79448,0.1571946272,-15.95776266,-0.0001910344767,79712,15399,12841,84032,1762
81,E,2009,85910.79448,11115.37608,13194.60503,83818.19848,0.1535849494,-13.36705725,-0.00015559229,84032,11067,12951,81654,-494
81,E,2010,83818.19848,14056.92034,13138.86465,84727.1927,0.1567543193,-9.061477725,-0.0001081087149,81654,13849,12867,83047,411
81,E,2011,84727.1927,15153.37264,13421.62058,86450.73048,0.1584098345,-8.214281884,-9.694977046e-05,83047,15058,13310,86193,1398
81,E,2012,86450.73048,15203,13721,87932,0.1587146797,-0.7304797952,-8.449665967e-06,86193,15203,13721,87932,257
81,E,2013,87932,14657.95744,13944.5676,88635.17206,0.1585835373,-10.21778141,-0.000116200944,87932,14620,13939,88454,-159
81,E,2014,88635.17206,18217.71549,14350.30418,92483.72354,0.1619030442,-18.85983292,-0.0002127804626,88454,18102,14360,92194,-2
81,E,2015,92483.72354,20134.11985,15119.30352,97479.68777,0.1634806963,-18.85209772,-0.0002038423303,92194,19841,15076,96149,-810
81,E,2016,97479.68777,20304.46794,15951.93376,101804.0502,0.163643669,-28.17171185,-0.000289000842,96149,19726,15770,99855,-250
81,E,2017,101804.0502,16101.01285,16302.86282,101578.0511,0.1601396288,-24.1491863,-0.0002372124316,99855,15535,16142,99743,495
81,E,2018,101578.0511,17474.43809,16399.70667,102625.1981,0.161449314,-27.58439044,-0.0002715585714,99743,16993,16374,101752,1390
81,E,2019,102625.1981,18720.4501,16706.70687,104617.1057,0.1627934189,-21.83569089,-0.0002127712422,101752,18194,16718,103365,137
81,N,2008,22505.80879,6617.17308,5318.724915,23797.26195,0.2363267619,-6.995000932,-0.0003108086893,21299,6611,5328,22774,192
81,N,2009,23797.26195,6632.167811,5629.209819,24798.16032,0.2365486345,-2.059618103,-8.654853263e-05,22774,6515,5564,23673,-52
81,N,2010,24798.16032,6842.306962,5875.302896,25761.42172,0.23692495,-3.742668357,-0.0001509252423,23673,6715,5779,24994,385
81,N,2011,25761.42172,7218.554626,6188.16425,26782.92288,0.24021051,-8.889217252,-0.0003450592653,24994,7199,6171,26576,554
81,N,2012,26782.92288,7551,6587,27738,0.2459402967,-8.922881607,-0.0003331556323,26576,7551,6587,27738,198
81,N,2013,27738,8544.597915,7025.855259,29250.69369,0.2532935056,-6.048961313,-0.0002180748905,27738,8541,7017,29967,705
81,N,2014,29250.69369,10688.43158,7771.224906,32151.68353,0.265676602,-16.21683584,-0.0005544085898,29967,10720,7793,33137,243
81,N,2015,32151.68353,12321.49513,8855.109714,35605.39282,0.2754166731,-12.67612683,-0.0003942601268,33137,12343,8839,36264,-377
81,N,2016,35605.39282,13802.29367,10004.40385,39390.09626,0.2809800161,-13.18638633,-0.0003703480085,36264,13648,9837,40536,461
81,N,2017,39390.09626,14021.99095,10923.26904,42483.86591,0.2773100366,-4.952257794,-0.0001257234245,40536,14081,10825,44832,1040
81,N,2018,42483.86591,16328.47725,11840.93566,46961.87433,0.2787160585,-9.533175879,-0.0002243952068,44832,16573,11830,50161,586
81,N,2019,46961.87433,17975.41497,13058.95869,51861.97151,0.2780757557,-16.35910108,-0.0003483485554,50161,18338,13074,55790,365
81,S,2008,456250.8798,15641.77633,9751.539619,462205.7396,0.02137319631,64.6230585,0.0001416393072,459179,15911,10024,475501,10435
81,S,2009,462205.7396,15298.55792,9896.727013,467652.2666,0.02141195179,44.69617372,9.67019011e-05,475501,15302,9965,450622,-30216
81,S,2010,467652.2666,9632.370031,9965.685598,467316.4528,0.02131003378,-2.498260082,-5.342131879e-06,450622,9326,9645,447580,-2723
81,S,2011,467316.4528,6979.802546,9926.131332,464332.665,0.02124070589,-37.4590145,-8.015770528e-05,447580,6848,9735,453718,9025
81,S,2012,464332.665,6321,9849,460751,0.02121108581,-53.66502161,-0.000115574513,453718,6321,9849,460751,10561
81,S,2013,460751,6466.980619,9770.580917,457392.8982,0.02120577257,-54.50149475,-0.0001182883917,460751,6694,10129,481073,23757
81,S,2014,457392.8982,6624.336495,9703.322708,454259.15,0.02121441488,-54.7619761,-0.0001197263366,481073,7149,10535,495575,17888
81,S,2015,454259.15,8207.079815,9663.016294,452763.9513,0.02127203446,-39.26226341,-8.643142005e-05,495575,9082,10811,507777,13931
81,S,2016,452763.9513,10563.04109,9675.348143,453626.8801,0.02136951963,-24.76407381,-5.469533018e-05,507777,11937,11194,530290,21770
81,S,2017,453626.8801,8620.741383,9695.150205,452545.488,0.0213725214,-6.983371272,-1.539452704e-05,530290,10133,11645,545334,16556
81,S,2018,452545.488,7982.571623,9680.483311,450824.9862,0.02139118292,-22.59006836,-4.991778497e-05,545334,9809,12154,571110,28121
81,S,2019,450824.9862,8741.77394,9665.734577,449883.2419,0.02144010397,-17.78362823,-3.944685581e-05,571110,11197,12686,592130,22509
HS,R,2008,16193771.71,503775.6754,385084.9933,16301629.69,0.02377982104,-10832.71135,-0.0006689430693,16407226,515983,399232,16095710,-428267
HS,R,2009,16301629.69,395159.0801,382767.6774,16313219.28,0.02348033201,-801.8075314,-4.918572847e-05,16095710,390006,381339,15757989,-346388
HS,R,2010,16313219.28,382982.3414,379451.2419,16316061.53,0.02326035318,-688.8510572,-4.222655537e-05,15757989,376574,375207,15783021,23665
HS,R,2011,16316061.53,382330.5865,376661.9848,16320951.31,0.02308534962,-778.8245124,-4.773360967e-05,15783021,378837,372960,15892680,103782
HS,R,2012,16320951.31,432014,375646,16352383,0.02301618288,-24936.30646,-0.001527870894,15892680,432014,375646,16352383,403335
HS,R,2013,16352383,486640.999,377479.4183,16463188.83,0.02308406171,1644.249277,0.0001005510497,16352383,511364,397829,17495619,1029701
HS,R,2014,16463188.83,508117.5307,380481.9834,16592587.93,0.02311107449,1763.54802,0.0001071206823,17495619,563648,425018,18313830,679581
HS,R,2015,16592587.93,562300.0943,384245.9467,16773355.08,0.02315768634,2713.005663,0.0001635070837,18313830,640218,440971,18968136,455059
HS,R,2016,16773355.08,602432.4513,389730.792,16989365.43,0.02323511248,3308.687466,0.000197258536,18968136,709297,462904,20232952,1018423
HS,R,2017,16989365.43,629018.5563,395590.2329,17164487.09,0.02328457968,-58306.66137,-0.003431950512,20232952,772608,491190,21188487,674117
HS,R,2018,17164487.09,627476.9191,400576.4581,17362168.61,0.02333751402,-29218.93517,-0.001702290026,21188487,811907,527639,22394323,921568
HS,R,2019,17362168.61,622203.9545,405258.7966,17582304.23,0.02334148491,3190.457595,0.0001837591643,22394323,827121,549018,23201593,529167
ORE,E,2008,55067.31063,14526.61034,9636.627476,59976.05992,0.1749972419,18.76642992,0.0003407907468,53347,14654,9623,59621,1243
ORE,E,2009,59976.05992,10523.85996,10031.10086,60473.59696,0.1672517481,4.77794254,7.966416177e-05,59621,10576,9993,59361,-843
ORE,E,2010,60473.59696,13341.14311,10283.62723,63530.63633,0.1700515224,-0.4765073185,-7.879592788e-06,59361,13177,10156,62394,12
ORE,E,2011,63530.63633,9574.53229,10398.21137,62713.481,0.1636723945,6.523757175,0.000102686791,62394,9507,10338,62569,1006
ORE,E,2012,62713.481,13353,10488,65570,0.16723677,-8.481004285,-0.0001352341498,62569,13353,10488,65570,136
ORE,E,2013,65570,18204.89507,11299.66703,72473.47597,0.1723298311,-1.752077888,-2.672072423e-05,65570,18188,11292,72428,-38
ORE,E,2014,72473.47597,17898.07553,12350.93034,78007.25178,0.1704200078,-13.36937067,-0.0001844726017,72428,17925,12381,78151,179
ORE,E,2015,78007.25178,19898.20134,13381.77216,84515.53233,0.1715452327,-8.14863442,-0.0001044599602,78151,19847,13369,83890,-739
ORE,E,2016,84515.53233,23646.78764,14732.98883,93396.87407,0.1743228544,-32.45706671,-0.0003840367069,83890,23358,14598,92389,-261
ORE,E,2017,93396.87407,24704.92227,16239.56555,102020.5935,0.1738769708,158.3627025,0.001695588895,92389,24695,16135,101506,557
ORE,E,2018,102020.5935,24303.50969,17554.65487,108927.1384,0.1720697191,157.6901129,0.001545669433,101506,24638,17663,110545,2064
ORE,E,2019,108927.1384,22819.87198,18508.19418,113326.5521,0.1699135261,87.73584607,0.0008054544288,110545,23058,18702,114843,-58
ORE,N,2008,3229.91444,2085.990949,1663.029216,3644.363991,0.5148833649,-8.51218271,-0.002635420494,3428,2367,1864,3935,4
ORE,N,2009,3644.363991,1988.140528,1870.395642,3758.950677,0.5132296462,-3.158200614,-0.0008665985676,3935,2194,2049,3924,-156
ORE,N,2010,3758.950677,2251.259115,2008.452453,3998.545774,0.5343119997,-3.211564471,-0.0008543779228,3924,2361,2102,4117,-66
ORE,N,2011,3998.545774,1775.268641,2020.389893,3754.532699,0.5052811716,1.108176892,0.0002771449809,4117,1831,2083,3840,-25
ORE,N,2012,3754.532699,2733,2147,4331,0.5718421365,-9.532698815,-0.002538984097,3840,2733,2147,4331,-95
ORE,N,2013,4331,4139.222252,2771.967419,5677.522265,0.6400294202,-20.73256843,-0.004787016492,4331,4046,2709,5626,-42
ORE,N,2014,5677.522265,4536.770549,3498.201063,6702.778197,0.6161492461,-13.31355401,-0.002344958484,5626,4348,3342,6533,-99
ORE,N,2015,6702.778197,5376.568072,4143.319357,7922.376096,0.6181495547,-13.65081509,-0.002036590603,6533,5040,3862,7597,-114
ORE,N,2016,7922.376096,7223.541668,5094.532663,10026.62952,0.6430561489,-24.75557792,-0.003124766815,7597,6658,4664,9470,-121
ORE,N,2017,10026.62952,8148.139647,6234.235406,11919.14842,0.6217678026,-21.38534337,-0.002132854647,9470,7382,5603,11135,-114
ORE,N,2018,11919.14842,8724.080649,7198.167117,13428.3474,0.6039162248,-16.71455341,-0.001402327819,11135,7693,6307,12321,-200
ORE,N,2019,13428.3474,8871.5838,7881.510013,14411.60044,0.5869307502,-6.820751718,-0.0005079367934,12321,7739,6819,13050,-191
ORE,S,2008,1064183.411,50385.39059,28169.90892,1086630.448,0.02647091528,231.5551253,0.0002175894896,1024818,49221,27847,1093628,47436
ORE,S,2009,1086630.448,31714.60221,28530.80252,1089850.734,0.02625621486,36.48656603,3.357771365e-05,1093628,31263,28219,1036932,-59740
ORE,S,2010,1089850.734,21932.86475,28504.38493,1083216.69,0.02615439347,-62.52463984,-5.736991119e-05,1036932,20935,27273,1030412,-182
ORE,S,2011,1083216.69,20293.83261,28310.01873,1075119.626,0.02613513898,-80.8773742,-7.466407689e-05,1030412,19729,27595,1054013,31467
ORE,S,2012,1075119.626,23135,28118,1069873,0.02615336872,-263.6260792,-0.0002452062754,1054013,23135,28118,1069873,20843
ORE,S,2013,1069873,23191.18471,27966.75014,1065051.423,0.02614025229,-46.01123551,-4.300625916e-05,1069873,23821,28747,1104689,39742
ORE,S,2014,1065051.423,27656.21957,27882.02311,1064820.79,0.02617903934,-4.830263842,-4.535240023e-06,1104689,29316,29639,1134162,29796
ORE,S,2015,1064820.79,34002.18642,27943.1906,1070921.025,0.02624215349,41.23984054,3.872937207e-05,1134162,36902,30390,1163734,23060
ORE,S,2016,1070921.025,38392.5812,28148.60452,1081244.164,0.0262844821,79.16188034,7.391943801e-05,1163734,42584,31252,1201945,26879
ORE,S,2017,1081244.164,46314.16512,28503.42085,1099232.692,0.02636168758,177.7839152,0.0001644253178,1201945,53200,32595,1258722,36172
ORE,S,2018,1099232.692,41309.60493,28882.97286,1111784.817,0.02627557665,125.4927489,0.0001141639525,1258722,49404,34402,1335151,61427
ORE,S,2019,1111784.817,34251.50459,29093.62174,1116995.24,0.02616839275,52.54040835,4.725771351e-05,1335151,43014,36324,1395398,53557
