caso,h,gruppo,n,MAE,RMSE,WMAE,WRMSE,sMAPE,errore_tassi,segno,theil_U,rapporto_WMAE
P0,1,aggregati,5,109.8494408,157.6942101,180.8602507,218.1444038,0.0248527221,0.02588560474,0.8,0.4488122283,0.360523768
P0,1,consumo,71,3.632620385,7.31105535,10.71426338,16.67390294,0.05789056303,0.05893893229,0.3174603175,0.951767825,1.069614809
P0,1,importazioni,71,1.808961433,4.650096412,8.006556223,10.56097739,0.08345925461,0.08634681839,0.4222222222,0.6747099718,0.6327664609
P0,1,investimento_ind,196,1.318428115,4.203161313,11.0241989,20.9853387,0.1640648369,0.1944119771,0.25,0.9517787529,0.9325587346
P0,1,investimento_tipo,4,33.4528177,37.9858434,28.94650064,33.47867528,0.06943950249,0.07411123176,0.5,0.6365472068,0.4785329309
P0,1,produzione,71,10.46317171,15.85360053,16.32785876,22.06705262,0.03580122239,0.03620728389,0.4507042254,0.7551447585,0.7320779412
P0,1,scorte,11,7.627749455,10.91397592,7.831992121,10.94806138,0.04078621613,0.04221340386,0.4545454545,0.8248912857,0.655774047
P0,1,stock_ind,196,1.335413985,3.979750957,14.92885361,19.77331715,0.02509455764,0.0267447783,0.6989795918,0.6447220272,0.7654601189
P0,1,stock_tipo,4,29.61626752,35.41652788,32.56405979,34.92382604,0.003635270489,0.003723938747,1,0.2888122124,0.4183250729
P0,2,aggregati,5,227.2223084,279.7139978,319.0583888,370.0246211,0.05676616273,0.06053547552,0.8,0.4220834797,0.334691467
P0,2,consumo,71,5.462328466,11.25377336,18.11655942,27.78955035,0.07808278218,0.08302809521,0.3015873016,0.9267950159,1.085624286
P0,2,importazioni,71,2.773750187,8.789391094,15.79048322,25.64998471,0.1192249833,0.1286413107,0.3777777778,1.128888217,1.101813435
P0,2,investimento_ind,196,2.347755752,8.383879304,21.30209467,43.45080325,0.2819158432,0.3747055692,0.2295918367,1.018006252,0.9836261597
P0,2,investimento_tipo,4,66.83411167,76.2492697,66.63683565,76.24937383,0.1189342214,0.1346600527,0.5,0.7460244417,0.6382412251
P0,2,produzione,71,19.0182245,29.87303219,33.77591211,45.74986447,0.05471539839,0.05590138242,0.4647887324,0.8055055582,0.8640281157
P0,2,scorte,11,12.85664777,18.34924995,13.85148259,17.94598621,0.06020544278,0.0656598246,0.4545454545,0.7854664732,0.6186868432
P0,2,stock_ind,196,3.162820886,11.62461784,65.21021057,90.43759645,0.05782348399,0.06698042581,0.6887755102,0.7644846111,0.8758929256
P0,2,stock_tipo,4,89.67232939,102.9866433,109.0708655,114.2058532,0.01021902186,0.01070858186,1,0.383134582,0.5437736039
P0,3,aggregati,5,384.2073238,475.3366539,602.4448374,681.2778394,0.08038953763,0.08867288662,0.8,0.4403579414,0.3841864665
P0,3,consumo,71,7.595769776,17.77367769,28.04658386,47.12698102,0.1130613688,0.1386940308,0.3174603175,0.9299245308,1.123866424
P0,3,importazioni,71,3.966026657,12.02024126,21.56746263,34.66496451,0.1644780613,0.1944114947,0.4222222222,0.9783926519,0.8581512962
P0,3,investimento_ind,196,3.331014007,10.72296704,27.51566831,53.06702173,0.3503060564,0.5491867539,0.2346938776,1.024706352,0.9800631356
P0,3,investimento_tipo,4,102.086073,115.7599522,105.2678788,120.8270561,0.1677881426,0.1995827798,0.5,0.7565420392,0.6599162342
P0,3,produzione,71,27.75333894,45.40352563,49.35499828,71.21717672,0.07941100507,0.08356336555,0.4788732394,0.7868929857,0.8427061043
P0,3,scorte,11,19.28249043,25.77829135,20.61645699,26.13698817,0.0914766019,0.1012552928,0.4545454545,0.7549304063,0.616416416
P0,3,stock_ind,196,5.459036421,21.44226606,125.3362096,174.6288702,0.0959149156,0.1275604218,0.6887755102,0.8073835944,0.9023503879
P0,3,stock_tipo,4,177.1959207,200.3267291,215.6017133,223.9041885,0.01995309642,0.02145472105,1,0.4489720362,0.608491379
P0,4,aggregati,5,533.2125064,614.466254,799.7817612,861.4516062,0.106316713,0.1200343863,0.8,0.4291117948,0.3812034392
P0,4,consumo,71,11.09562274,25.21422146,39.57286091,65.2423048,0.1430427248,0.1634038885,0.3333333333,0.8539039321,1.020998686
P0,4,importazioni,71,6.436028993,18.52362586,36.74622292,53.37412825,0.2657402763,0.2827972068,0.3777777778,1.23555765,1.16725426
P0,4,investimento_ind,196,4.729766504,15.58856203,40.51381499,76.44665989,0.4248699118,0.6913132414,0.2142857143,1.073870636,1.062779211
P0,4,investimento_tipo,4,148.3407107,176.4970114,164.0983238,195.8304488,0.2151444119,0.2720213798,0.5,0.9443097873,0.8476244403
P0,4,produzione,71,37.01703284,65.76719484,68.01412102,106.320381,0.1018106775,0.1097705716,0.4929577465,0.8629215807,0.8429760873
P0,4,scorte,11,28.81746795,35.44623664,30.26973764,35.77671179,0.1394472937,0.1588876514,0.4545454545,0.7613724007,0.6327511379
P0,4,stock_ind,196,8.152525857,33.65417616,207.3844279,292.1860025,0.1304335086,0.194476052,0.6836734694,0.8355513424,0.9226270901
P0,4,stock_tipo,4,274.2807655,311.9840906,342.0356798,358.3176668,0.02953962049,0.0325024202,1,0.49345843,0.6466034868
P0,5,aggregati,5,629.9993602,699.6391679,901.2385302,948.1971776,0.1254109768,0.1437006184,0.8,0.4065826474,0.3562497696
P0,5,consumo,71,14.64047009,32.98341343,51.64106349,81.4943416,0.1689975721,0.2053293378,0.3333333333,0.8394018348,0.9882166116
P0,5,importazioni,71,8.38194905,24.79138619,50.09948548,71.83502612,0.3266210473,0.3869291496,0.3555555556,1.437372889,1.411429917
P0,5,investimento_ind,196,6.601387157,21.25758926,54.12146028,96.65320277,0.497413162,0.8985647437,0.2142857143,1.151525474,1.09955361
P0,5,investimento_tipo,4,195.0085531,264.3810822,233.9496204,308.6969144,0.2449459501,0.3302476572,0.5,1.255445959,1.085543477
P0,5,produzione,71,47.79248184,86.31515468,85.3847234,138.5222589,0.1328985118,0.1461733088,0.4647887324,0.9302968484,0.8488454877
P0,5,scorte,11,35.01302335,42.11118537,37.39296051,42.06366485,0.1665035955,0.1946008185,0.4545454545,0.8158156413,0.7273356351
P0,5,stock_ind,196,10.96336853,48.40197079,303.8953516,433.5004591,0.1648013519,0.2727342573,0.6530612245,0.8575479786,0.9346002777
P0,5,stock_tipo,4,370.605139,421.9369334,472.0022445,502.3802831,0.03970785239,0.0447561214,1,0.5198138496,0.6664872561
P1|E6|agg+ind|T1,1,aggregati,5,144.0839103,182.9793389,250.8484652,273.0851251,0.02568374039,0.02600353072,0.8,0.5207760307,0.5000370921
P1|E6|agg+ind|T1,1,consumo,71,7.305492662,13.13082216,12.99203541,17.53673043,0.1232047269,0.111903255,0.619047619,1.709396722,1.297006896
P1|E6|agg+ind|T1,1,importazioni,71,5.018655748,17.93201561,28.92996296,50.09755156,0.1366169195,0.1346697429,0.6666666667,2.601862128,2.286365044
P1|E6|agg+ind|T1,1,investimento_ind,196,3.472966928,12.96354359,33.00414326,68.23076939,0.4839373137,0.6014382622,0.1326530612,2.935510782,2.791885593
P1|E6|agg+ind|T1,1,investimento_tipo,4,95.22123853,103.9452088,88.40869528,95.33618066,0.1689699755,0.1997695682,0.5,1.741860293,1.461540122
P1|E6|agg+ind|T1,1,produzione,71,18.38491393,31.15704747,27.09897666,39.86259796,0.0557215199,0.05614862687,0.6338028169,1.484084391,1.215013146
P1|E6|agg+ind|T1,1,scorte,11,30.88637301,35.92381126,37.86184476,42.45398434,0.1621478607,0.158510169,0.2727272727,2.715164398,3.170178772
P1|E6|agg+ind|T1,1,stock_ind,196,3.445188949,14.02686024,85.51919613,123.0153339,0.1003336989,0.1533657002,0.7602040816,2.272359721,4.384900257
P1|E6|agg+ind|T1,1,stock_tipo,4,90.44909856,105.1147934,116.2184338,131.0288146,0.01245603477,0.01271689841,1,0.8571827291,1.492967556
P1|E6|agg+ind|T1,2,aggregati,5,295.1672099,327.7373386,408.9450365,431.1941972,0.06823704951,0.0703153623,0.8,0.4945498522,0.4289823398
P1|E6|agg+ind|T1,2,consumo,71,8.495575131,16.02189751,14.52434453,21.7027694,0.09364025489,0.1006625366,0.6031746032,1.31946986,0.8703628977
P1|E6|agg+ind|T1,2,importazioni,71,3.453504194,8.617612082,16.20897253,20.88187205,0.1652629471,0.1482390824,0.7333333333,1.106825335,1.131014387
P1|E6|agg+ind|T1,2,investimento_ind,196,3.79078004,12.25501637,31.09249859,62.74459493,0.5511908614,0.7455479745,0.137755102,1.488056165,1.435698952
P1|E6|agg+ind|T1,2,investimento_tipo,4,115.517586,119.7108717,117.8923871,121.4635469,0.1845611736,0.2231946692,0.5,1.17125366,1.129161984
P1|E6|agg+ind|T1,2,produzione,71,21.16315229,32.1278824,35.34743488,47.66636549,0.06023928271,0.06184785341,0.7605633803,0.8663060275,0.9042295426
P1|E6|agg+ind|T1,2,scorte,11,44.11186724,53.1459225,57.1560622,63.94092715,0.1998713106,0.1998689531,0.09090909091,2.274988919,2.552918322
P1|E6|agg+ind|T1,2,stock_ind,196,6.492577752,24.94068837,151.0278547,216.7847062,0.1698526449,0.2725149688,0.7346938776,1.640206388,2.028581542
P1|E6|agg+ind|T1,2,stock_tipo,4,188.0507838,204.9229703,225.6737353,242.6768654,0.02690108507,0.02814298009,1,0.7623617396,1.125098071
P1|E6|agg+ind|T1,3,aggregati,5,436.3815654,556.1762109,733.8645977,851.0200236,0.09018179898,0.09646253353,0.8,0.5152487385,0.4679944606
P1|E6|agg+ind|T1,3,consumo,71,10.65178641,19.74080625,23.53462521,29.44108248,0.1106978953,0.1359592776,0.6984126984,1.032845329,0.9430658364
P1|E6|agg+ind|T1,3,importazioni,71,4.461890283,11.43373669,19.53644633,27.34863061,0.197339207,0.196177521,0.8,0.9306538632,0.7773388567
P1|E6|agg+ind|T1,3,investimento_ind,196,4.45638913,12.6504729,33.01317688,62.35917178,0.5814401228,0.8664151192,0.137755102,1.20890234,1.175875406
P1|E6|agg+ind|T1,3,investimento_tipo,4,158.3959492,162.5785232,169.0529567,173.9931651,0.2399170931,0.292341415,0.5,1.062521927,1.059779981
P1|E6|agg+ind|T1,3,produzione,71,27.58584926,42.91658021,47.5806615,65.67213035,0.0740117017,0.08036332933,0.8450704225,0.7437914891,0.8124104
P1|E6|agg+ind|T1,3,scorte,11,46.53225661,58.79594613,60.50720574,70.43682268,0.2054763647,0.2114705351,0.09090909091,1.721869262,1.809119526
P1|E6|agg+ind|T1,3,stock_ind,196,9.696911814,35.57137016,215.3858365,307.0768487,0.2268534516,0.3784577837,0.7142857143,1.33939858,1.550657178
P1|E6|agg+ind|T1,3,stock_tipo,4,316.9619502,332.6799276,359.579209,372.3453771,0.04606393539,0.04942922509,1,0.7456018736,1.014838173
P1|E6|agg+ind|T1,4,aggregati,5,556.169026,727.2787028,957.2344761,1127.450573,0.1106275182,0.1222751092,0.8,0.5078942374,0.4562508076
P1|E6|agg+ind|T1,4,consumo,71,13.52172621,25.16498044,34.20822567,42.94810096,0.1321945506,0.1524125752,0.746031746,0.8522363375,0.8825885386
P1|E6|agg+ind|T1,4,importazioni,71,4.487533494,12.00623707,19.39787714,28.95776766,0.2321709862,0.2283512169,0.7555555556,0.8008366271,0.6161791047
P1|E6|agg+ind|T1,4,investimento_ind,196,4.713678618,11.21263109,27.68394143,48.83056976,0.6250419079,0.9637834294,0.1479591837,0.772419884,0.7262193759
P1|E6|agg+ind|T1,4,investimento_tipo,4,168.0096093,177.7981712,188.3461956,198.2013146,0.2407683652,0.2929773176,0.5,0.9512713662,0.9728730616
P1|E6|agg+ind|T1,4,produzione,71,36.68758254,56.93353772,67.8954377,90.08891988,0.08785983278,0.09722539191,0.7887323944,0.7470164797,0.8415051105
P1|E6|agg+ind|T1,4,scorte,11,56.38922275,66.97192891,70.52476846,78.56370992,0.252800582,0.2710173288,0.09090909091,1.43853292,1.474232384
P1|E6|agg+ind|T1,4,stock_ind,196,12.6352133,43.4680134,261.2611141,371.3893096,0.2707872308,0.4704641916,0.7091836735,1.079205052,1.162317653
P1|E6|agg+ind|T1,4,stock_tipo,4,441.3823479,457.510463,477.3589823,487.1879422,0.06520517277,0.07172768637,1,0.7236343185,0.902426269
P1|E6|agg+ind|T1,5,aggregati,5,683.8441462,855.4541769,1207.972022,1361.605718,0.1165641882,0.1338096426,0.8,0.4971317215,0.4774981763
P1|E6|agg+ind|T1,5,consumo,71,16.31765417,31.08876247,43.81087916,55.10278376,0.151693779,0.1849968541,0.746031746,0.7911844635,0.8383761996
P1|E6|agg+ind|T1,5,importazioni,71,6.280545349,21.03452064,32.80884991,59.45540257,0.2829456359,0.3051754853,0.7111111111,1.219554626,0.9243087399
P1|E6|agg+ind|T1,5,investimento_ind,196,5.566202567,11.77557664,25.81484874,38.42668264,0.6771084809,1.112727586,0.137755102,0.6378840192,0.5244649715
P1|E6|agg+ind|T1,5,investimento_tipo,4,170.5678485,189.0980198,196.9630005,211.8121477,0.2353344477,0.2828683419,0.5,0.8979551142,0.9139228357
P1|E6|agg+ind|T1,5,produzione,71,47.01376304,72.94414075,84.74757235,114.0341218,0.1148105644,0.1281343586,0.7323943662,0.7861852823,0.8425113008
P1|E6|agg+ind|T1,5,scorte,11,43.36409137,51.61850697,51.41087375,56.85646468,0.1887364124,0.2182564644,0,1,1
P1|E6|agg+ind|T1,5,stock_ind,196,15.83764965,49.36866711,290.0402126,408.0664425,0.3122106522,0.5607149109,0.6632653061,0.8746751423,0.8919901597
P1|E6|agg+ind|T1,5,stock_tipo,4,553.0661724,567.5823402,567.8571811,576.1986546,0.08493077363,0.09584468021,1,0.6992446925,0.8018385058
P1|E6|agg+ind|T2,1,aggregati,5,222.6021183,273.4152495,212.7012894,262.6827765,0.05416321273,0.05439642369,0.8,0.7781649516,0.4239951565
P1|E6|agg+ind|T2,1,consumo,71,11.38594861,23.26198805,23.95928424,37.68525455,0.1507049313,0.1435556762,0.619047619,3.028292183,2.391877476
P1|E6|agg+ind|T2,1,importazioni,71,6.416279338,22.67580518,33.04021266,56.69279593,0.1934699241,0.1642757441,0.7111111111,3.290166593,2.611202351
P1|E6|agg+ind|T2,1,investimento_ind,196,2.147131028,5.107259714,12.49058734,21.35712774,0.370114948,0.496428941,0.07653061224,1.156506001,1.056603426
P1|E6|agg+ind|T2,1,investimento_tipo,4,50.12597776,50.18565718,49.68975316,49.7669717,0.093072886,0.09790669674,0.5,0.8409854051,0.8214527728
P1|E6|agg+ind|T2,1,produzione,71,21.58461397,40.79083063,33.0544364,55.58035786,0.06254787442,0.06253495728,0.5915492958,1.942964432,1.482032893
P1|E6|agg+ind|T2,1,scorte,11,38.61475996,46.08542431,48.44768318,55.38091927,0.1953159751,0.1884515311,0,3.483191202,4.056532843
P1|E6|agg+ind|T2,1,stock_ind,196,1.956284337,4.29645863,17.22702547,22.82209937,0.0909302862,0.1358028472,0.7602040816,0.6960288592,0.8832962872
P1|E6|agg+ind|T2,1,stock_tipo,4,37.09234683,37.52433382,35.94385283,36.23118677,0.007349015769,0.007527620092,0.75,0.3060008001,0.4617426374
P1|E6|agg+ind|T2,2,aggregati,5,310.7155838,324.2021712,325.3276579,328.9158053,0.08229154444,0.08499438704,0.8,0.4892153471,0.3412679148
P1|E6|agg+ind|T2,2,consumo,71,10.39088597,19.564743,20.46152151,27.80849799,0.1088047929,0.1164336048,0.6031746032,1.611237913,1.226144775
P1|E6|agg+ind|T2,2,importazioni,71,5.281738515,15.37619907,26.87023221,38.4131662,0.1854473264,0.1663001814,0.7111111111,1.974881964,1.874925703
P1|E6|agg+ind|T2,2,investimento_ind,196,2.949125831,8.693219637,22.12407236,43.16262947,0.4628197256,0.7211499891,0.1173469388,1.055567669,1.021581055
P1|E6|agg+ind|T2,2,investimento_tipo,4,74.19145514,76.40136223,71.24130997,72.94726776,0.1357457907,0.1497312965,0.5,0.7475125182,0.6823424388
P1|E6|agg+ind|T2,2,produzione,71,21.24203252,37.44388124,37.05251461,54.71109689,0.05811737649,0.06055877499,0.7746478873,1.009648243,0.9478475157
P1|E6|agg+ind|T2,2,scorte,11,39.1267942,47.89378263,49.6684528,56.94249001,0.1856478156,0.1854170334,0.1818181818,2.050163393,2.21847864
P1|E6|agg+ind|T2,2,stock_ind,196,4.328501054,12.57978319,69.97554048,98.31759494,0.1660789545,0.2663138862,0.75,0.8273003717,0.9399000607
P1|E6|agg+ind|T2,2,stock_tipo,4,99.67932235,103.5706431,113.9563269,117.8280939,0.01604705696,0.01682418863,0.75,0.3853071987,0.5681301079
P1|E6|agg+ind|T2,3,aggregati,5,453.878613,514.6810285,654.8816601,711.7447201,0.1015747719,0.1091742712,0.8,0.476807072,0.4176260719
P1|E6|agg+ind|T2,3,consumo,71,12.33649437,21.36889334,25.63802643,31.25388609,0.1350202348,0.1641386391,0.6825396825,1.118027369,1.027352109
P1|E6|agg+ind|T2,3,importazioni,71,3.903721052,9.080806376,15.27969636,20.17986858,0.1983546093,0.1975193396,0.8222222222,0.7391360987,0.6079663363
P1|E6|agg+ind|T2,3,investimento_ind,196,3.805710297,10.68839511,28.11290325,52.44596793,0.4963757168,0.847679623,0.1071428571,1.021402595,1.001335668
P1|E6|agg+ind|T2,3,investimento_tipo,4,122.2284713,122.8011291,125.1178198,125.7578696,0.2045491589,0.2335639197,0.5,0.8025592174,0.7843539876
P1|E6|agg+ind|T2,3,produzione,71,29.64782402,47.89503416,53.2214113,72.46007055,0.07542868693,0.08221644801,0.8028169014,0.830073566,0.9087227179
P1|E6|agg+ind|T2,3,scorte,11,43.72381986,54.46770156,55.25922508,64.25990194,0.2009062753,0.2075557959,0.09090909091,1.595114413,1.652208888
P1|E6|agg+ind|T2,3,stock_ind,196,7.206064423,22.66225758,132.7013267,186.6584925,0.2228702638,0.3795581352,0.7295918367,0.8533209567,0.9553750987
P1|E6|agg+ind|T2,3,stock_tipo,4,202.1149975,207.3376578,228.4650263,232.9210291,0.03075235482,0.03308331205,0.75,0.4646849218,0.6447954275
P1|E6|agg+ind|T2,4,aggregati,5,522.0048969,659.8453724,826.0921964,972.1784226,0.113322059,0.1265660812,0.8,0.4608022493,0.3937438957
P1|E6|agg+ind|T2,4,consumo,71,15.02451794,26.85506627,35.62400654,43.68864631,0.1453967722,0.1681454088,0.7301587302,0.9094727244,0.9191163601
P1|E6|agg+ind|T2,4,importazioni,71,4.750999037,11.40077587,18.87108108,25.21039829,0.3000122868,0.2697626158,0.7555555556,0.7604513258,0.5994452774
P1|E6|agg+ind|T2,4,investimento_ind,196,4.503785163,14.5129871,37.5567692,74.36055582,0.5357579588,0.9402334008,0.1326530612,0.9997760312,0.9852084669
P1|E6|agg+ind|T2,4,investimento_tipo,4,154.1542809,157.2797331,159.1987026,161.7508066,0.2480787461,0.2925580869,0.5,0.8414918194,0.8223162068
P1|E6|agg+ind|T2,4,produzione,71,40.79840928,65.96622112,75.38664784,103.0749553,0.09551075455,0.1059298457,0.7464788732,0.865532975,0.934352168
P1|E6|agg+ind|T2,4,scorte,11,58.88633311,66.28243048,71.53159961,76.14901325,0.2676102879,0.2885438865,0,1.423722742,1.495278934
P1|E6|agg+ind|T2,4,stock_ind,196,10.21983339,35.82470872,217.2809517,309.1013125,0.2639146021,0.4745666508,0.7346938776,0.8894403868,0.9666554728
P1|E6|agg+ind|T2,4,stock_tipo,4,325.5095089,336.0570272,369.0197095,378.4076344,0.04760865035,0.05246183933,0.75,0.5315340687,0.6976156142
P1|E6|agg+ind|T2,5,aggregati,5,652.6248418,837.4923924,1112.654271,1300.456842,0.1256250338,0.1436832246,0.8,0.4866935553,0.4398201081
P1|E6|agg+ind|T2,5,consumo,71,16.85849449,30.83456206,39.50985841,49.04912224,0.1667287243,0.2035718771,0.746031746,0.7847152637,0.7560707654
P1|E6|agg+ind|T2,5,importazioni,71,6.370231,17.46424375,30.22171793,46.13580267,0.3199624625,0.315841731,0.7333333333,1.012554534,0.8514226525
P1|E6|agg+ind|T2,5,investimento_ind,196,5.770387032,18.59261666,49.03293107,92.46343937,0.5871010009,1.083877565,0.1326530612,1.007163674,0.9961729799
P1|E6|agg+ind|T2,5,investimento_tipo,4,176.7786986,185.5335329,181.1146071,187.6850405,0.276304857,0.3349329542,0.5,0.8810287111,0.8403851226
P1|E6|agg+ind|T2,5,produzione,71,48.41163872,81.33278092,88.98768688,128.1441345,0.1154593722,0.1287759087,0.7042253521,0.8765972794,0.8846640647
P1|E6|agg+ind|T2,5,scorte,11,43.36409137,51.61850697,51.41087375,56.85646468,0.1887364124,0.2182564644,0,1,1
P1|E6|agg+ind|T2,5,stock_ind,196,13.90698516,52.2135766,319.4703965,455.5756423,0.3005566446,0.5646647224,0.6887755102,0.9250790069,0.982499797
P1|E6|agg+ind|T2,5,stock_tipo,4,457.921691,476.0207593,518.4511847,538.3819002,0.0667936134,0.07542563686,0.75,0.586443527,0.7320751363
P1|E6|agg+ind|T3,1,aggregati,5,105.9545868,182.4935025,252.6917113,310.1016415,0.01310335684,0.01328512063,0.8,0.5193932956,0.5037113879
P1|E6|agg+ind|T3,1,consumo,71,5.462651519,9.985891375,10.52718401,13.76802804,0.1044035789,0.09095270812,0.619047619,1.299983335,1.050938504
P1|E6|agg+ind|T3,1,importazioni,71,3.588118927,13.76564664,19.97201479,38.60235228,0.1076749255,0.1102784709,0.6666666667,1.997339029,1.57840909
P1|E6|agg+ind|T3,1,investimento_ind,196,2.903296919,12.57480198,32.07863193,68.27032964,0.4217485631,0.5089980712,0.1020408163,2.847482752,2.713594764
P1|E6|agg+ind|T3,1,investimento_tipo,4,82.81040336,96.51079088,70.8717132,83.29765077,0.1533861367,0.184234712,0.5,1.617278145,1.171625167
P1|E6|agg+ind|T3,1,produzione,71,16.16668066,27.55904188,23.58603822,35.64151839,0.05167266766,0.05166179513,0.6197183099,1.312702814,1.057506594
P1|E6|agg+ind|T3,1,scorte,11,38.15044893,42.52663282,45.89502116,48.81933142,0.1897575527,0.193234471,0.2727272727,3.214213507,3.842798013
P1|E6|agg+ind|T3,1,stock_ind,196,2.88106376,13.66593695,85.37997333,123.3219599,0.09397681728,0.1310397903,0.7602040816,2.213889931,4.377761766
P1|E6|agg+ind|T3,1,stock_tipo,4,78.03826339,99.59593422,110.1482082,129.0576413,0.009317858998,0.009504019644,1,0.8121779245,1.414988104
P1|E6|agg+ind|T3,2,aggregati,5,256.9190278,315.0650129,411.9982518,457.5019442,0.05450032701,0.05598492489,0.8,0.4754275366,0.4321851552
P1|E6|agg+ind|T3,2,consumo,71,7.68744736,15.54202537,13.85754292,21.37229105,0.08698925095,0.0928934694,0.6031746032,1.279950395,0.8304051993
P1|E6|agg+ind|T3,2,importazioni,71,3.358416147,8.503185703,15.29439688,20.20365907,0.1627459217,0.1454323958,0.7333333333,1.092128686,1.067197991
P1|E6|agg+ind|T3,2,investimento_ind,196,3.417376566,11.91802336,30.40635046,62.57398105,0.5077352931,0.7220888557,0.1224489796,1.447137041,1.404015999
P1|E6|agg+ind|T3,2,investimento_tipo,4,90.60122677,97.54052273,82.0473085,88.01461944,0.1549715654,0.1925029934,0.5,0.9543385045,0.785841257
P1|E6|agg+ind|T3,2,produzione,71,21.07240185,31.46578191,34.54108612,46.2696007,0.06104149183,0.06256405558,0.7323943662,0.8484529478,0.8836021798
P1|E6|agg+ind|T3,2,scorte,11,43.44285519,53.47486315,56.60214429,64.4380707,0.1946609124,0.1965544914,0.1818181818,2.289069704,2.528177163
P1|E6|agg+ind|T3,2,stock_ind,196,5.599931421,24.30608497,150.6337033,216.9847832,0.1700533762,0.2545596136,0.7448979592,1.598472154,2.023287364
P1|E6|agg+ind|T3,2,stock_tipo,4,151.5546299,182.7102525,206.7089591,233.0598386,0.01846750125,0.01928504925,1,0.6797251951,1.03054904
P1|E6|agg+ind|T3,3,aggregati,5,407.4510511,560.3260166,736.3956514,882.3160569,0.08082801621,0.08609821271,0.8,0.5190931714,0.4696085446
P1|E6|agg+ind|T3,3,consumo,71,9.798066174,18.59382263,22.52794647,28.32576909,0.1070018513,0.131517389,0.6984126984,0.9728347776,0.9027267904
P1|E6|agg+ind|T3,3,importazioni,71,4.226760476,10.68574995,18.12207931,24.7735483,0.1934383139,0.1918286859,0.8,0.8697711642,0.7210623761
P1|E6|agg+ind|T3,3,investimento_ind,196,4.066141067,12.27265072,32.27723127,62.15578525,0.5366440274,0.8404830253,0.1224489796,1.172796961,1.149662226
P1|E6|agg+ind|T3,3,investimento_tipo,4,133.4795899,134.2852111,133.2078781,134.0063427,0.2104760695,0.2616497392,0.5,0.8776127282,0.8350699407
P1|E6|agg+ind|T3,3,produzione,71,26.75903015,41.74633153,45.97552178,63.67470648,0.07259858404,0.07871707826,0.8309859155,0.7235097937,0.7850036309
P1|E6|agg+ind|T3,3,scorte,11,46.80367969,58.49614722,60.73445173,70.08146781,0.2070699893,0.213082447,0.09090909091,1.713089498,1.815914009
P1|E6|agg+ind|T3,3,stock_ind,196,8.589767317,34.70871793,214.9056023,307.1765811,0.2261153002,0.3626146403,0.7244897959,1.306916413,1.547199762
P1|E6|agg+ind|T3,3,stock_tipo,4,259.6932305,286.7272502,329.3465728,350.5665465,0.03335773531,0.03580364237,1,0.6426127855,0.929512791
P1|E6|agg+ind|T3,4,aggregati,5,575.6185111,744.4880534,1024.799365,1177.167776,0.1044656898,0.1153773662,0.8,0.5199123673,0.4884545528
P1|E6|agg+ind|T3,4,consumo,71,12.7926115,24.0044685,33.43996531,41.9536657,0.1246300766,0.1432237645,0.746031746,0.8129344811,0.8627670548
P1|E6|agg+ind|T3,4,importazioni,71,4.189324141,10.77558748,17.43767309,24.47416678,0.2261529832,0.2212681443,0.7555555556,0.7187501864,0.5539126633
P1|E6|agg+ind|T3,4,investimento_ind,196,4.258893036,10.72084916,26.83205828,48.54090454,0.5773154306,0.9332188397,0.1428571429,0.7385418279,0.7038723394
P1|E6|agg+ind|T3,4,investimento_tipo,4,143.09325,145.586925,152.501117,155.0370454,0.2114447632,0.2622856418,0.5,0.7789319323,0.7877208676
P1|E6|agg+ind|T3,4,produzione,71,36.92050562,56.3321941,67.57662752,88.65389413,0.08851502147,0.09795154675,0.7887323944,0.7391263395,0.8375537346
P1|E6|agg+ind|T3,4,scorte,11,54.96838462,65.71049558,68.40241105,76.72523999,0.2481974193,0.2668387763,0.09090909091,1.411437786,1.429867148
P1|E6|agg+ind|T3,4,stock_ind,196,11.22548646,42.33167752,260.5652881,371.3842639,0.2669827996,0.4540958484,0.7295918367,1.050992596,1.159222011
P1|E6|agg+ind|T3,4,stock_tipo,4,366.1599362,386.0775783,437.2658969,451.1331086,0.04901840975,0.05406441898,1,0.6106504831,0.8266320453
P1|E6|agg+ind|T3,5,aggregati,5,690.815072,868.3496411,1247.603553,1393.716006,0.1109603854,0.1272652157,0.8,0.5046256873,0.4931640884
P1|E6|agg+ind|T3,5,consumo,71,15.56080538,30.58484541,42.60278594,54.64902565,0.1514187661,0.1846087183,0.746031746,0.7783601721,0.8152578184
P1|E6|agg+ind|T3,5,importazioni,71,6.324085155,20.28008284,33.26647677,56.91703464,0.2800710995,0.3016257902,0.7111111111,1.175813286,0.9372012523
P1|E6|agg+ind|T3,5,investimento_ind,196,5.124484092,11.34143617,25.03123923,38.08050457,0.6272086084,1.079892789,0.137755102,0.6143665917,0.5085448418
P1|E6|agg+ind|T3,5,investimento_tipo,4,145.6514892,156.9519706,161.1179219,169.9908484,0.2061157308,0.2521766661,0.5,0.7453056611,0.7475990298
P1|E6|agg+ind|T3,5,produzione,71,46.62465423,72.23770734,83.49259804,112.7632912,0.1140439385,0.1272868539,0.7183098592,0.7785714076,0.8300350728
P1|E6|agg+ind|T3,5,scorte,11,43.36409137,51.61850697,51.41087375,56.85646468,0.1887364124,0.2182564644,0,1,1
P1|E6|agg+ind|T3,5,stock_ind,196,14.15307606,47.99284134,289.1171086,407.9569316,0.3038653421,0.5424102164,0.6836734694,0.8502993456,0.8891512441
P1|E6|agg+ind|T3,5,stock_tipo,4,462.2914461,472.7745819,519.122105,526.0866138,0.06589029112,0.07475162802,1,0.5824443322,0.7330225043
P1|E6|agg|T1,1,aggregati,5,193.1307369,252.6458972,177.9329709,231.4477235,0.04844261719,0.04777913851,0.8,0.7190534643,0.3546885779
P1|E6|agg|T1,1,consumo,71,10.83109969,22.72179688,20.87721138,35.4641469,0.1387769361,0.1293669903,0.619047619,2.957969015,2.084191296
P1|E6|agg|T1,1,importazioni,71,6.721902339,23.53384193,34.21047561,58.86342609,0.2057955,0.1775360714,0.6666666667,3.414664216,2.703689448
P1|E6|agg|T1,1,investimento_ind,196,12.63173481,25.51611982,53.74580037,82.38417088,1.768477479,2.583950359,0.3673469388,5.777960656,4.54646329
P1|E6|agg|T1,1,investimento_tipo,4,112.0353457,122.0519676,111.32978,119.8321857,0.18977907,0.2237579436,0.25,2.045284034,1.840463086
P1|E6|agg|T1,1,produzione,71,21.79122991,42.12245537,34.58265858,59.15809622,0.06335484204,0.06271169968,0.661971831,2.00639289,1.550552456
P1|E6|agg|T1,1,scorte,11,36.3149827,45.45525431,46.92993467,56.0734969,0.1824352561,0.1739820272,0,3.435562204,3.929451499
P1|E6|agg|T1,1,stock_ind,196,12.60777814,26.05609338,101.8168435,134.7639061,0.2713908752,0.4351809344,0.4591836735,4.221102659,5.220543734
P1|E6|agg|T1,1,stock_tipo,4,107.2632057,121.712608,130.5023748,144.918193,0.01505417616,0.01537141823,1,0.9925334213,1.676462204
P1|E6|agg|T1,2,aggregati,5,304.0030813,337.4492565,234.1303905,281.8308329,0.08682341343,0.08954822474,0.8,0.5092049647,0.2456022051
P1|E6|agg|T1,2,consumo,71,10.99326544,20.19682582,17.51725127,26.67912704,0.1112622378,0.1215919361,0.6349206349,1.663292561,1.049711094
P1|E6|agg|T1,2,importazioni,71,7.681217244,24.62473074,42.9904788,66.49088372,0.2102778503,0.2047038141,0.6,3.162741091,2.999749055
P1|E6|agg|T1,2,investimento_ind,196,11.19694139,21.76610765,49.33388344,71.12144492,1.715411999,1.805444433,0.3571428571,2.642933284,2.277996557
P1|E6|agg|T1,2,investimento_tipo,4,153.5757998,162.3834333,169.5699677,179.1100248,0.2408237648,0.2743668881,0.25,1.588762891,1.624124898
P1|E6|agg|T1,2,produzione,71,27.36986737,44.39830027,43.5876962,62.96404952,0.08117848386,0.08854530135,0.7042253521,1.19716932,1.115025255
P1|E6|agg|T1,2,scorte,11,40.4062295,50.80077801,52.21515761,61.11805815,0.187341973,0.1866152419,0.1818181818,2.17460158,2.332229118
P1|E6|agg|T1,2,stock_ind,196,20.01298923,39.23501637,173.3110302,224.9653596,0.4188452274,0.6605984333,0.4591836735,2.580262564,2.327885525
P1|E6|agg|T1,2,stock_tipo,4,225.7233984,244.7932866,254.3615759,268.347434,0.03261580652,0.03406658679,1,0.9106887116,1.268121512
P1|E6|agg|T1,3,aggregati,5,456.4846762,482.1416402,529.2627024,537.0033574,0.1101405538,0.1183099317,0.6,0.4466621675,0.3375173209
P1|E6|agg|T1,3,consumo,71,14.79624678,27.21614318,31.70690678,43.27322872,0.1522808284,0.1844278777,0.6984126984,1.423957361,1.270540758
P1|E6|agg|T1,3,importazioni,71,8.20947874,23.63239765,42.89648303,62.47649331,0.2451738063,0.257627066,0.7333333333,1.923569062,1.706815176
P1|E6|agg|T1,3,investimento_ind,196,11.70413058,24.56106337,55.89419532,80.42786489,1.664532531,3.467045877,0.3520408163,2.34710016,1.990859888
P1|E6|agg|T1,3,investimento_tipo,4,217.1825146,231.743285,244.8475752,259.8934062,0.3331224132,0.3772606889,0.25,1.514543969,1.534930614
P1|E6|agg|T1,3,produzione,71,36.22252431,59.3692738,65.11651602,90.6849849,0.08918321877,0.09971948108,0.7887323944,1.028934746,1.111824282
P1|E6|agg|T1,3,scorte,11,45.95328409,57.68128499,58.76253098,68.77552328,0.2062212716,0.2125834506,0,1.689225842,1.756955075
P1|E6|agg|T1,3,stock_ind,196,26.24893218,53.55192478,244.4778185,315.2213054,0.5035760685,2.002749402,0.4387755102,2.016435455,1.760103127
P1|E6|agg|T1,3,stock_tipo,4,393.058448,419.9420745,417.2805948,430.2200457,0.05803807218,0.06192243865,0.75,0.9411736974,1.177688436
P1|E6|agg|T1,4,aggregati,5,564.0452425,630.533721,773.9222185,835.1923039,0.1278351744,0.1415407835,0.8,0.4403324917,0.3688778936
P1|E6|agg|T1,4,consumo,71,17.03356287,30.21917743,42.53239999,51.4315621,0.155346143,0.1800776614,0.746031746,1.023401594,1.097356206
P1|E6|agg|T1,4,importazioni,71,7.151436299,24.0583256,39.09079668,69.49384346,0.2766394181,0.2778761303,0.7333333333,1.604731625,1.241730315
P1|E6|agg|T1,4,investimento_ind,196,12.03947542,25.06143395,52.46344633,75.72550901,1.613791073,4.331682985,0.3826530612,1.726441345,1.376248081
P1|E6|agg|T1,4,investimento_tipo,4,228.6365648,245.9990131,259.1513534,274.058794,0.3491703411,0.3903965915,0.25,1.316165491,1.338606122
P1|E6|agg|T1,4,produzione,71,43.82787778,71.53605823,80.72573114,110.7428521,0.1042870163,0.1185471607,0.7323943662,0.9386139792,1.000525479
P1|E6|agg|T1,4,scorte,11,53.96676578,64.10637337,66.74465684,75.19394781,0.2464716487,0.2652989423,0,1.376981819,1.395213862
P1|E6|agg|T1,4,stock_ind,196,31.0721548,68.64126036,299.1362825,383.7129091,0.5277808157,2.996796204,0.4744897959,1.704195549,1.330819487
P1|E6|agg|T1,4,stock_tipo,4,563.4559553,591.5997213,569.3036839,583.0062754,0.08724641635,0.09478499398,0.75,0.9357203731,1.076243704
P1|E6|agg|T1,5,aggregati,5,545.6431068,608.2845265,708.0309056,773.5913845,0.1285390836,0.1467102923,0.8,0.35349355,0.2798769011
P1|E6|agg|T1,5,consumo,71,20.15398677,35.34750153,50.41501322,59.96975449,0.1775301395,0.2164570454,0.7619047619,0.8995660107,0.9647545997
P1|E6|agg|T1,5,importazioni,71,10.79644874,33.14973185,55.8807935,86.08509738,0.3388643326,0.3826233664,0.6222222222,1.921979089,1.574304066
P1|E6|agg|T1,5,investimento_ind,196,20.36895208,70.31934861,69.70135509,115.8166421,1.983986364,2.11875132,0.1326530612,3.80920528,1.416081093
P1|E6|agg|T1,5,investimento_tipo,4,237.8143265,262.3033138,265.9461245,284.6385576,0.3676297997,0.4052876158,0.25,1.245579421,1.234009614
P1|E6|agg|T1,5,produzione,71,61.16778688,100.3917622,106.2356213,148.4373453,0.1461108125,0.172260087,0.7042253521,1.082013237,1.056133043
P1|E6|agg|T1,5,scorte,11,43.36409137,51.61850697,51.41087375,56.85646468,0.1887364124,0.2182564644,0,1,1
P1|E6|agg|T1,5,stock_ind,196,42.02537189,107.0481582,348.2711894,443.1312909,0.591560087,1.615874594,0.4183673469,1.896594915,1.071073804
P1|E6|agg|T1,5,stock_tipo,4,736.6068218,756.696694,708.5277887,723.0046351,0.122681702,0.1349963264,0.5,0.9322279951,1.00047139
P1|E6|agg|T2,1,aggregati,5,217.2611791,268.4313907,204.7191326,252.4821053,0.05417624696,0.05401230342,0.8,0.763980431,0.4080836599
P1|E6|agg|T2,1,consumo,71,11.28531777,23.26994188,22.13168925,36.17753091,0.1319917723,0.1221899197,0.619047619,3.02932763,2.209426981
P1|E6|agg|T2,1,importazioni,71,6.689101219,23.66206143,33.88282312,59.00734381,0.2249376508,0.1937907285,0.6888888889,3.433268341,2.677794731
P1|E6|agg|T2,1,investimento_ind,196,13.94787786,28.81766372,34.063034,47.34685843,1.780665137,3.323910519,0.362244898,6.525573965,2.88145925
P1|E6|agg|T2,1,investimento_tipo,4,42.20606677,44.11261999,45.02974457,46.61629832,0.07205416225,0.07608840759,0.75,0.7392165745,0.74441522
P1|E6|agg|T2,1,produzione,71,23.04177156,43.65888429,35.5200334,59.24611442,0.07356303982,0.07046354865,0.6338028169,2.07957666,1.592580712
P1|E6|agg|T2,1,scorte,11,35.91435443,43.66902128,45.61889321,53.25817291,0.1834342535,0.1754659608,0,3.300556586,3.819677772
P1|E6|agg|T2,1,stock_ind,196,13.72620938,28.67639734,23.95779974,37.92853529,0.2793660845,0.5492028627,0.4387755102,4.645593463,1.228409141
P1|E6|agg|T2,1,stock_tipo,4,29.17243584,32.58523801,20.98681291,23.18671604,0.007480677855,0.007670841556,1,0.2657238088,0.2696012136
P1|E6|agg|T2,2,aggregati,5,250.6646793,287.5825343,177.0850882,236.4259643,0.07245372264,0.07499424272,0.8,0.4339569621,0.185761823
P1|E6|agg|T2,2,consumo,71,10.94811056,19.97743207,20.27171635,27.52769616,0.1102475123,0.1202601155,0.619047619,1.645224574,1.214770811
P1|E6|agg|T2,2,importazioni,71,9.522793952,29.46711757,55.1285209,78.98504664,0.238455304,0.2460928314,0.6444444444,3.78468559,3.846705901
P1|E6|agg|T2,2,investimento_ind,196,12.2178242,28.93455183,49.83483614,78.81681495,1.686538129,1.544943492,0.3265306122,3.513356238,2.301128094
P1|E6|agg|T2,2,investimento_tipo,4,53.37255295,57.54497802,56.52097614,59.58944993,0.08676753012,0.09813683527,1,0.5630212626,0.5413524923
P1|E6|agg|T2,2,produzione,71,32.07400381,60.93620415,51.27494194,84.57778907,0.09055784534,0.1066766112,0.7323943662,1.643102408,1.31167417
P1|E6|agg|T2,2,scorte,11,36.86036913,46.38583667,46.46234753,55.00936952,0.1767352797,0.1769895082,0.2727272727,1.985613561,2.075275548
P1|E6|agg|T2,2,stock_ind,196,21.01584433,38.92347813,68.54674689,80.7469535,0.4268107905,0.6568625696,0.4591836735,2.559774476,0.920708738
P1|E6|agg|T2,2,stock_tipo,4,56.6926707,60.49734494,61.98551065,67.2291726,0.009536495577,0.01008338171,1,0.2250643794,0.3090292203
P1|E6|agg|T2,3,aggregati,5,340.7890633,359.8378943,407.4042273,416.6160052,0.08266027564,0.08895284104,0.8,0.3333584168,0.2598066758
P1|E6|agg|T2,3,consumo,71,12.99499319,22.08119336,25.03060334,30.92591864,0.1400384657,0.1702746694,0.6825396825,1.155295135,1.003011803
P1|E6|agg|T2,3,importazioni,71,6.753223369,19.88772173,31.88169489,50.40214255,0.2847042162,0.2996368347,0.8,1.618769572,1.26854597
P1|E6|agg|T2,3,investimento_ind,196,12.82529959,31.46666087,50.72004005,80.71721786,1.610262494,1.870117569,0.3571428571,3.007011693,1.806564933
P1|E6|agg|T2,3,investimento_tipo,4,73.36631582,75.6858172,79.20538049,81.36231616,0.1113413549,0.1328699183,1,0.4946399978,0.4965324373
P1|E6|agg|T2,3,produzione,71,39.94761321,69.89522445,67.2546622,100.4151538,0.103135244,0.1264712201,0.7887323944,1.211361036,1.148331807
P1|E6|agg|T2,3,scorte,11,42.99845426,54.18396484,54.51796836,63.8644577,0.1951753806,0.2021179367,0.09090909091,1.586805038,1.630045874
P1|E6|agg|T2,3,stock_ind,196,27.86591182,57.15874006,119.3079701,149.2017644,0.5246859609,0.8587319432,0.4336734694,2.152245891,0.8589504456
P1|E6|agg|T2,3,stock_tipo,4,92.83805663,110.6703897,120.4210944,129.3333514,0.009270591498,0.009968751157,1,0.2480343508,0.3398637084
P1|E6|agg|T2,4,aggregati,5,353.1814606,434.604583,520.7694447,612.415087,0.0815108047,0.09189773103,0.8,0.3035056057,0.2482165923
P1|E6|agg|T2,4,consumo,71,14.27508607,25.61083711,30.34154161,39.84567963,0.1439192897,0.1664122252,0.7301587302,0.8673357039,0.7828262454
P1|E6|agg|T2,4,importazioni,71,7.503896111,20.77914522,36.40123147,53.27646219,0.3177807014,0.3474682829,0.7333333333,1.386004664,1.156295508
P1|E6|agg|T2,4,investimento_ind,196,14.3688078,42.89057475,64.9204746,113.5782175,1.636254828,4.008097361,0.3673469388,2.954661801,1.703027247
P1|E6|agg|T2,4,investimento_tipo,4,76.4483917,82.8371842,80.86061098,85.55183991,0.1120673084,0.1418640855,1,0.4432027667,0.4176729448
P1|E6|agg|T2,4,produzione,71,52.00511488,93.84488718,86.96709236,133.6776565,0.1276812481,0.1667478228,0.7042253521,1.231324805,1.077881742
P1|E6|agg|T2,4,scorte,11,45.75435315,58.83660018,59.14703633,69.0820032,0.1930527008,0.2098336125,0.2727272727,1.263788988,1.236395075
P1|E6|agg|T2,4,stock_ind,196,33.92378158,88.19163106,190.4555469,252.8934057,0.562684905,2.411382088,0.4693877551,2.189583705,0.8473126398
P1|E6|agg|T2,4,stock_tipo,4,156.6830918,175.596153,194.5770042,208.6072035,0.01842508329,0.02065373341,1,0.2777366045,0.3678393127
P1|E6|agg|T2,5,aggregati,5,339.6572303,392.3885908,424.3843021,492.5331377,0.08636909614,0.0997412576,1,0.2280295321,0.1677544898
P1|E6|agg|T2,5,consumo,71,17.87247141,32.62730483,39.97555852,52.18509435,0.172012539,0.2097112088,0.7619047619,0.830339152,0.7649825219
P1|E6|agg|T2,5,importazioni,71,10.03562366,36.85209896,49.41541909,96.39809254,0.3595782115,0.4946734932,0.6222222222,2.136637602,1.392158027
P1|E6|agg|T2,5,investimento_ind,196,23.93438336,89.30484596,101.2540804,173.6039558,1.98259112,2.120725305,0.137755102,4.837651336,2.057119099
P1|E6|agg|T2,5,investimento_tipo,4,89.05627408,106.1868362,83.28175812,98.37334297,0.1383113763,0.1818174355,1,0.504241201,0.3864334944
P1|E6|agg|T2,5,produzione,71,73.17652097,131.8972358,112.3585331,173.9728473,0.1779163748,0.2457618502,0.661971831,1.421576352,1.117003488
P1|E6|agg|T2,5,scorte,11,42.7648625,51.11286104,50.64083326,56.20324739,0.1852317356,0.2146407657,0.1818181818,0.9902041736,0.9850218362
P1|E6|agg|T2,5,stock_ind,196,48.26509944,149.100441,295.6414655,397.3431527,0.6223499925,1.419677889,0.4081632653,2.641644125,0.9092162624
P1|E6|agg|T2,5,stock_tipo,4,211.04507,250.7621977,277.9547431,313.9410022,0.02326921443,0.02677299296,1,0.308931627,0.3924839262
P1|E6|agg|T3,1,aggregati,5,153.1203576,200.9752544,182.3326589,199.0372913,0.03522753128,0.0343770395,0.8,0.5719940617,0.3634588415
P1|E6|agg|T3,1,consumo,71,9.176345956,17.08786099,15.81368359,22.80640562,0.1279726356,0.1170066505,0.619047619,2.22453196,1.57869464
P1|E6|agg|T3,1,importazioni,71,6.389053621,23.46153987,31.53444489,58.16015233,0.2006070507,0.172677061,0.6888888889,3.404173483,2.492199959
P1|E6|agg|T3,1,investimento_ind,196,13.45469235,27.74842193,55.14717355,83.76026224,1.785687418,2.793212918,0.3673469388,6.283451063,4.665008212
P1|E6|agg|T3,1,investimento_tipo,4,89.81113437,104.1724358,77.08209401,90.14823782,0.1648242244,0.1987579436,0.5,1.745668047,1.274292904
P1|E6|agg|T3,1,produzione,71,19.57978523,40.09186161,31.1469431,56.28395531,0.05758342803,0.0571490328,0.676056338,1.909670873,1.396508282
P1|E6|agg|T3,1,scorte,11,29.3654593,37.74415547,39.37256702,47.54595389,0.1442989371,0.1372551097,0.1818181818,2.852748179,3.296671806
P1|E6|agg|T3,1,stock_ind,196,13.4223186,28.21838584,102.7774802,135.271262,0.2785807103,0.4948766606,0.4489795918,4.571395327,5.269799295
P1|E6|agg|T3,1,stock_tipo,4,85.0389944,107.2283678,117.0188619,137.8021445,0.01110165827,0.01131779614,1,0.8744183577,1.503250032
P1|E6|agg|T3,2,aggregati,5,218.9623551,250.978612,156.1941177,190.2638078,0.06631343748,0.06815463469,0.8,0.3787222903,0.1638472462
P1|E6|agg|T3,2,consumo,71,9.008786042,17.17562033,14.88777416,22.94498629,0.09479780493,0.1024694847,0.6349206349,1.41448373,0.8921412067
P1|E6|agg|T3,2,importazioni,71,8.839126365,27.78819198,51.90837307,74.84156214,0.2199621504,0.2172271943,0.6666666667,3.569048432,3.622013465
P1|E6|agg|T3,2,investimento_ind,196,11.91865731,25.14461396,55.1987294,78.38132118,1.696962113,1.596512587,0.3367346939,3.053165877,2.548806353
P1|E6|agg|T3,2,investimento_tipo,4,108.8641054,113.3481306,100.7890509,106.1908354,0.1905635746,0.2239461104,0.5,1.109000469,0.9653478697
P1|E6|agg|T3,2,produzione,71,27.23713283,48.13775815,43.32578854,65.98091454,0.0788029898,0.08863365108,0.7323943662,1.298001204,1.108325345
P1|E6|agg|T3,2,scorte,11,37.94663878,47.08382389,48.16275822,56.01070981,0.1791467517,0.1792047941,0.1818181818,2.015491924,2.151225664
P1|E6|agg|T3,2,stock_ind,196,20.6903494,42.08027694,175.423133,226.5742759,0.4171475523,0.6098665754,0.4744897959,2.767379073,2.356254946
P1|E6|agg|T3,2,stock_tipo,4,161.1723898,191.2295006,215.2699466,240.5282261,0.0213445268,0.02222875827,1,0.7114188055,1.073229906
P1|E6|agg|T3,3,aggregati,5,306.6175985,337.1103136,404.4182754,434.1874916,0.07334135168,0.07955642625,0.8,0.312303296,0.2579024976
P1|E6|agg|T3,3,consumo,71,11.25035686,20.12802174,24.3976406,30.01092128,0.1194898433,0.1461369942,0.6984126984,1.053104569,0.977648088
P1|E6|agg|T3,3,importazioni,71,6.771760698,21.11913501,33.67823605,55.65757135,0.2709548521,0.2705646682,0.8,1.71900098,1.34002884
P1|E6|agg|T3,3,investimento_ind,196,12.52582946,27.65271213,57.01571913,80.50496509,1.620726181,1.847531597,0.3418367347,2.642543773,2.030806733
P1|E6|agg|T3,3,investimento_tipo,4,137.9408838,140.2985611,129.9948542,132.7590153,0.2352740363,0.2805928562,0.5,0.916912607,0.8149277407
P1|E6|agg|T3,3,produzione,71,36.21822201,61.50209231,62.97735179,89.05837832,0.09080234361,0.1070267125,0.8169014085,1.065898834,1.075299375
P1|E6|agg|T3,3,scorte,11,45.2500159,54.02195304,56.43873663,62.93480438,0.2047282521,0.2128355977,0,1.58206044,1.687475388
P1|E6|agg|T3,3,stock_ind,196,27.43514367,58.90702057,245.409002,316.3260672,0.5073557497,0.8037479118,0.4489795918,2.21807536,1.766807125
P1|E6|agg|T3,3,stock_tipo,4,252.0567295,291.749714,339.4030944,363.505221,0.02892201355,0.03084673552,0.75,0.6538691256,0.9578952495
P1|E6|agg|T3,4,aggregati,5,376.580418,468.7729357,599.2805907,697.9865514,0.07950604375,0.08970151159,0.8,0.3273670351,0.2856376993
P1|E6|agg|T3,4,consumo,71,14.09350228,25.46076928,35.06514443,43.45254075,0.1382240174,0.159372892,0.746031746,0.8622535121,0.9046974512
P1|E6|agg|T3,4,importazioni,71,7.429143789,21.75737978,37.55182416,57.47938045,0.3033007969,0.3116745923,0.7333333333,1.451254589,1.192844414
P1|E6|agg|T3,4,investimento_ind,196,13.80636346,35.60305031,58.78270888,90.24378193,1.642867428,3.538515231,0.3571428571,2.452636118,1.542018223
P1|E6|agg|T3,4,investimento_tipo,4,123.4899425,125.4824409,120.0298679,122.2453741,0.1992396872,0.2437287588,0.75,0.6713671587,0.6199956665
P1|E6|agg|T3,4,produzione,71,48.40144341,81.31567842,83.56192987,117.6611306,0.1173121526,0.1459878777,0.7464788732,1.066930921,1.035677704
P1|E6|agg|T3,4,scorte,11,56.33033734,63.70582252,69.60473659,74.12167593,0.2457697989,0.2683462591,0.09090909091,1.368378131,1.455000265
P1|E6|agg|T3,4,stock_ind,196,33.27486415,82.15916129,302.6586282,388.5796527,0.5493894072,2.022730703,0.4642857143,2.039812152,1.346489957
P1|E6|agg|T3,4,stock_tipo,4,323.6087397,376.6809532,438.1695371,464.5487164,0.03361928264,0.03661392189,0.75,0.5957880462,0.8283403376
P1|E6|agg|T3,5,aggregati,5,350.5781884,398.5348666,467.9112928,527.4909812,0.08300550116,0.09553048518,1,0.2316013291,0.1849602349
P1|E6|agg|T3,5,consumo,71,18.02480411,33.17669942,46.37001521,57.24720554,0.1626868137,0.1983846533,0.7619047619,0.8443208106,0.8873484823
P1|E6|agg|T3,5,importazioni,71,13.48134907,45.66836022,72.53169003,119.7067766,0.404363694,0.4870871725,0.6222222222,2.647793163,2.043402167
P1|E6|agg|T3,5,investimento_ind,196,22.9157974,92.21588344,80.22428546,151.0464647,1.984660843,2.148515711,0.1428571429,4.995342492,1.629869228
P1|E6|agg|T3,5,investimento_tipo,4,106.7627127,118.2100331,102.5558747,116.7425181,0.1655670579,0.2086197831,0.75,0.5613348245,0.4758668157
P1|E6|agg|T3,5,produzione,71,70.33533849,121.4622553,111.1833784,161.2679637,0.1681719006,0.2223570349,0.676056338,1.309109086,1.10532078
P1|E6|agg|T3,5,scorte,11,42.37224397,50.76235672,49.9330255,55.6181757,0.184050356,0.2134284668,0.1818181818,0.9834138897,0.9712541698
P1|E6|agg|T3,5,stock_ind,196,46.86609834,140.0911596,358.3833895,459.287835,0.608410926,1.270570811,0.4132653061,2.482024778,1.102172881
P1|E6|agg|T3,5,stock_tipo,4,376.6947481,442.6535606,511.2155611,543.2568664,0.03768218051,0.04191376411,0.75,0.5453361229,0.7218581279
P1|E6|ind|T1,1,aggregati,5,123.0510018,154.3046326,177.5154438,187.700197,0.02667407011,0.02654472876,0.8,0.4391651789,0.3538562864
P1|E6|ind|T1,1,consumo,71,7.390184645,13.07996339,12.98561604,17.26958825,0.115881978,0.1036082478,0.619047619,1.702775825,1.296366044
P1|E6|ind|T1,1,importazioni,71,5.343715469,21.9982858,26.54905453,54.76904503,0.1986806813,0.159478016,0.7111111111,3.191861303,2.098199377
P1|E6|ind|T1,1,investimento_ind,196,3.707211225,16.47200566,41.67962119,89.57929724,0.5062034959,0.6196523691,0.1275510204,3.729979375,3.525761387
P1|E6|ind|T1,1,investimento_tipo,4,105.1464505,128.0829689,82.95525718,107.7707644,0.2030799727,0.244673225,0.5,2.146348449,1.371385883
P1|E6|ind|T1,1,produzione,71,18.82143827,39.06452964,29.15671122,53.84110959,0.05517246689,0.05529270491,0.6478873239,1.860736604,1.307273993
P1|E6|ind|T1,1,scorte,11,28.96002964,37.15344737,37.04449384,45.70611952,0.1513525326,0.1467703424,0.2727272727,2.808101757,3.101741839
P1|E6|ind|T1,1,stock_ind,196,3.681321106,17.56171682,109.6645632,158.4509889,0.101470768,0.1547650135,0.75,2.845008593,5.622926699
P1|E6|ind|T1,1,stock_tipo,4,100.3743105,131.6930603,144.8349183,169.5348996,0.01214160469,0.01233582319,0.75,1.073921312,1.860581209
P1|E6|ind|T1,2,aggregati,5,285.2434973,322.0678267,392.1793665,417.3723327,0.0678808072,0.06954007786,0.8,0.485994659,0.4113951931
P1|E6|ind|T1,2,consumo,71,8.296711763,16.12662528,14.48537087,21.94662749,0.08823283186,0.09443003568,0.6031746032,1.328094627,0.8680274238
P1|E6|ind|T1,2,importazioni,71,3.518160175,9.020144545,16.66936464,22.1759516,0.1649036533,0.1475217612,0.7333333333,1.158525635,1.163139193
P1|E6|ind|T1,2,investimento_ind,196,3.809158496,12.98667387,32.98317638,67.52789041,0.5685750064,0.7636426739,0.1173469388,1.576897127,1.523001171
P1|E6|ind|T1,2,investimento_tipo,4,115.8548963,119.90416,106.6133076,110.4456049,0.2034458055,0.2421043825,0.5,1.173144797,1.021132042
P1|E6|ind|T1,2,produzione,71,20.66582781,30.94649727,33.66635977,45.18515251,0.05976463951,0.06155009868,0.7464788732,0.8344507983,0.8612256362
P1|E6|ind|T1,2,scorte,11,41.25574222,51.27564404,53.74042551,61.95981366,0.1889502908,0.1884432771,0.09090909091,2.194928915,2.400356351
P1|E6|ind|T1,2,stock_ind,196,6.765437927,29.1464189,180.3203159,259.376113,0.1695453047,0.2726472324,0.7346938776,1.916793225,2.422033108
P1|E6|ind|T1,2,stock_tipo,4,199.4416771,232.4309337,265.0914064,290.7573657,0.02603692962,0.02705482255,0.75,0.8646978458,1.321615161
P1|E6|ind|T1,3,aggregati,5,425.6832212,535.1221486,699.4952087,807.4418997,0.09001923227,0.09621562946,0.8,0.4957439865,0.4460766794
P1|E6|ind|T1,3,consumo,71,10.85197819,19.93294369,24.75509772,30.50278009,0.1152192954,0.1411376256,0.6984126984,1.042898022,0.991971902
P1|E6|ind|T1,3,importazioni,71,4.177781248,9.809559151,17.75559009,22.3591051,0.2378316943,0.2169435291,0.7777777778,0.7984532409,0.7064800767
P1|E6|ind|T1,3,investimento_ind,196,4.392666301,12.20391751,31.76085166,59.47499369,0.6030662298,0.8845355869,0.1275510204,1.166228689,1.131269628
P1|E6|ind|T1,3,investimento_tipo,4,153.9541271,154.4586791,154.6064502,155.0602198,0.2512400617,0.2987511283,0.5,1.009455186,0.9692159428
P1|E6|ind|T1,3,produzione,71,27.72026151,42.56330825,48.2899615,64.63748574,0.07340224736,0.07988818232,0.8309859155,0.7376688979,0.8245212593
P1|E6|ind|T1,3,scorte,11,46.50381765,57.41572802,59.86996323,68.47968248,0.2075171591,0.2134907112,0.09090909091,1.681448871,1.790066459
P1|E6|ind|T1,3,stock_ind,196,9.946993394,39.19163761,241.0670674,343.8177852,0.2233093875,0.3761395961,0.7142857143,1.475715541,1.735547632
P1|E6|ind|T1,3,stock_tipo,4,325.9960351,350.1360596,401.6307908,418.2836259,0.04453757321,0.04746034619,0.75,0.7847245367,1.133520091
P1|E6|ind|T1,4,aggregati,5,533.1684365,691.8192483,901.508391,1062.96297,0.1081932192,0.1201297302,0.8,0.4831311685,0.4296898427
P1|E6|ind|T1,4,consumo,71,13.53222305,24.92169579,35.15443148,43.67049104,0.1309971329,0.1511417793,0.746031746,0.8439972684,0.9070010998
P1|E6|ind|T1,4,importazioni,71,4.182032902,10.38854184,16.69803958,22.4597212,0.230165987,0.2264739325,0.7555555556,0.6929335777,0.5304179937
P1|E6|ind|T1,4,investimento_ind,196,4.543916096,9.909238688,23.24825725,38.65584026,0.6464608055,0.9788083585,0.1479591837,0.6826313053,0.6098602296
P1|E6|ind|T1,4,investimento_tipo,4,158.7886549,164.4623851,170.732262,175.2514989,0.245037717,0.286887031,0.5,0.879921074,0.8818910193
P1|E6|ind|T1,4,produzione,71,37.61021534,58.05738388,69.31407627,91.31870998,0.08976613775,0.09951682732,0.7887323944,0.761762298,0.859087906
P1|E6|ind|T1,4,scorte,11,53.67308979,63.73978708,66.38400585,74.06459844,0.2437582638,0.2626265229,0.09090909091,1.369107677,1.387674903
P1|E6|ind|T1,4,stock_ind,196,12.78329501,45.30385572,274.827618,389.633458,0.2655615904,0.4664145089,0.7091836735,1.124784552,1.222673313
P1|E6|ind|T1,4,stock_tipo,4,444.2146802,459.2012119,513.9759417,521.952421,0.06289179684,0.06870601433,0.75,0.7263085392,0.9716490285
P1|E6|ind|T1,5,aggregati,5,656.4289456,824.2050127,1148.044499,1306.335903,0.115875178,0.133117442,0.8,0.478971835,0.4538094794
P1|E6|ind|T1,5,consumo,71,17.20832761,32.03523888,45.57418933,56.4561726,0.1564193431,0.1906286225,0.746031746,0.8152715409,0.8721193544
P1|E6|ind|T1,5,importazioni,71,6.286301229,18.98855996,31.60141626,52.23894255,0.2848207055,0.3074821209,0.7111111111,1.10093244,0.8902922633
P1|E6|ind|T1,5,investimento_ind,196,5.442852332,11.12541268,21.49888299,30.68708361,0.6970696347,1.127925867,0.137755102,0.6026645802,0.436780055
P1|E6|ind|T1,5,investimento_tipo,4,161.3468941,177.8650172,179.3490669,191.6821833,0.2396867295,0.2767780552,0.5,0.8446138251,0.8321928858
P1|E6|ind|T1,5,produzione,71,46.93388819,73.96965071,85.01950487,116.010758,0.1144856105,0.127791926,0.7323943662,0.797238135,0.8452146964
P1|E6|ind|T1,5,scorte,11,43.36409137,51.61850697,51.41087375,56.85646468,0.1887364124,0.2182564644,0,1,1
P1|E6|ind|T1,5,stock_ind,196,15.95192724,49.60516773,291.8115512,408.2826108,0.3052140419,0.5554789869,0.6632653061,0.8788652739,0.8974377375
P1|E6|ind|T1,5,stock_tipo,4,550.6245933,558.6062668,599.7130093,603.7560883,0.08196899388,0.09189203978,0.75,0.6881864349,0.8468202909
P1|E6|ind|T2,1,aggregati,5,172.1708339,229.4330392,144.658802,207.5911249,0.04412135033,0.04388500979,0.8,0.6529875351,0.2883604118
P1|E6|ind|T2,1,consumo,71,10.57030302,22.410677,20.71932793,34.97570652,0.1325444334,0.1227671031,0.619047619,2.917466807,2.068429645
P1|E6|ind|T2,1,importazioni,71,7.268934823,24.12887647,39.37547709,61.40261011,0.1973999841,0.1685861854,0.7333333333,3.501001295,3.111884884
P1|E6|ind|T2,1,investimento_ind,196,2.154593352,5.203683714,12.4697751,21.34197895,0.3094357821,0.3444664491,0.08673469388,1.178340593,1.054842878
P1|E6|ind|T2,1,investimento_tipo,4,63.7099088,65.15280105,68.30857414,69.59291785,0.1091992999,0.1155873566,0.5,1.091797096,1.129252292
P1|E6|ind|T2,1,produzione,71,21.00866469,40.61308293,31.09885971,54.0159625,0.06198272037,0.06231066555,0.6338028169,1.934497886,1.394352409
P1|E6|ind|T2,1,scorte,11,31.8161289,38.96370361,39.60975578,46.88324608,0.1678618027,0.1623787846,0.1818181818,2.944923078,3.316531662
P1|E6|ind|T2,1,stock_ind,196,2.001317029,4.463299434,17.33919666,22.84880509,0.06942392547,0.0668116617,0.7959183673,0.7230571688,0.8890477385
P1|E6|ind|T2,1,stock_tipo,4,58.87398524,63.91479821,47.37781028,52.37304594,0.01241103634,0.01277229877,0.75,0.5212079043,0.6086257693
P1|E6|ind|T2,2,aggregati,5,272.0503353,286.0021665,290.1989139,294.5199133,0.073747785,0.07622099485,0.8,0.4315722151,0.3044179486
P1|E6|ind|T2,2,consumo,71,8.956476494,17.14851758,18.56789048,25.1180165,0.1217576585,0.1137582646,0.6031746032,1.412251706,1.112670037
P1|E6|ind|T2,2,importazioni,71,5.609955088,16.82936157,29.68221261,42.68275915,0.2290415532,0.1885018518,0.6888888889,2.161522656,2.071137417
P1|E6|ind|T2,2,investimento_ind,196,2.80556888,8.643399116,21.98939642,43.14413429,0.3945048948,0.5249955453,0.09693877551,1.04951825,1.015362381
P1|E6|ind|T2,2,investimento_tipo,4,73.81667847,80.16587127,67.21091274,74.98827228,0.1399596016,0.1528908641,0.5,0.784344553,0.6437396804
P1|E6|ind|T2,2,produzione,71,20.48319592,37.7449559,36.17424166,54.76300296,0.05461289134,0.05705277557,0.7887323944,1.017766512,0.9253802463
P1|E6|ind|T2,2,scorte,11,37.72130869,45.81446098,47.31076129,54.09634437,0.1825623423,0.1825795108,0.1818181818,1.961154989,2.113170583
P1|E6|ind|T2,2,stock_ind,196,4.317034191,12.66470323,70.10328751,98.32624637,0.1377556492,0.1478561705,0.8010204082,0.8328850771,0.9416159379
P1|E6|ind|T2,2,stock_tipo,4,125.0770033,126.3668947,125.6925972,127.5649061,0.02287865404,0.02407911232,0.75,0.4701146265,0.6266413703
P1|E6|ind|T2,3,aggregati,5,430.1298221,495.2560509,632.5818382,696.2714042,0.09606194928,0.1032825525,0.8,0.458811525,0.4034052018
P1|E6|ind|T2,3,consumo,71,12.1080637,21.4885463,25.62493652,31.3424513,0.1282361964,0.1559829089,0.6666666667,1.124287651,1.026827577
P1|E6|ind|T2,3,importazioni,71,4.061065161,9.524263692,18.19766612,23.23632853,0.237958877,0.2172492435,0.8,0.7752314957,0.7240699119
P1|E6|ind|T2,3,investimento_ind,196,3.590232626,10.56458738,27.85900785,52.40434401,0.4323795597,0.6512694776,0.09693877551,1.009571302,0.9922923288
P1|E6|ind|T2,3,investimento_tipo,4,107.3234718,113.0562197,98.69623401,106.6626583,0.195039206,0.2203784496,0.5,0.7388719625,0.6187190986
P1|E6|ind|T2,3,produzione,71,29.85231697,48.98021176,53.59670748,73.73160075,0.07517048357,0.08199318357,0.8169014085,0.8488808862,0.9151306684
P1|E6|ind|T2,3,scorte,11,44.0082611,53.81725425,55.37366956,63.34725033,0.2025630599,0.2090962667,0.09090909091,1.576065732,1.655630691
P1|E6|ind|T2,3,stock_ind,196,6.947857443,22.62429654,132.6267243,186.6553737,0.1896533977,0.2336312248,0.7806122449,0.851891578,0.9548380037
P1|E6|ind|T2,3,stock_tipo,4,190.9905829,203.7329493,216.8779964,227.180427,0.03233121384,0.03450875978,0.75,0.4566060533,0.6120934248
P1|E6|ind|T2,4,aggregati,5,519.8694227,660.9999535,827.8969264,978.1500321,0.1131773345,0.1258592589,0.8,0.4616085498,0.394604092
P1|E6|ind|T2,4,consumo,71,14.40176171,25.7823815,33.11393244,41.06176705,0.1413074157,0.1634303945,0.7301587302,0.87314522,0.8543552512
P1|E6|ind|T2,4,importazioni,71,4.725664347,11.1715231,20.61951665,26.98226051,0.2717397064,0.2453522301,0.7777777778,0.745159772,0.6549848324
P1|E6|ind|T2,4,investimento_ind,196,4.342158469,14.42953879,37.34219761,74.32877412,0.4749957387,0.7516477072,0.1224489796,0.9940274134,0.9795797148
P1|E6|ind|T2,4,investimento_tipo,4,139.2492814,145.2138029,132.7771167,139.2747302,0.2385491334,0.2793726168,0.5,0.7769356218,0.6858396031
P1|E6|ind|T2,4,produzione,71,40.10049966,65.70199369,73.32529974,101.8600602,0.09373794569,0.1038791175,0.7605633803,0.8620660862,0.9088035447
P1|E6|ind|T2,4,scorte,11,52.70418744,62.32510441,64.42459773,72.00758082,0.2435710557,0.2626079563,0.09090909091,1.338720803,1.346715918
P1|E6|ind|T2,4,stock_ind,196,9.88648998,35.73677654,217.1565811,309.0925232,0.2276268819,0.3113471288,0.7755102041,0.8872572446,0.966102164
P1|E6|ind|T2,4,stock_tipo,4,264.1254346,310.4101493,326.2146744,360.8701946,0.04192782843,0.04523798898,0.75,0.4909689614,0.6166945683
P1|E6|ind|T2,5,aggregati,5,615.6738535,761.3525249,1013.472154,1164.534423,0.1204717001,0.1382090308,0.8,0.4424462485,0.4006144981
P1|E6|ind|T2,5,consumo,71,17.63493587,32.80636639,43.91279708,54.75833495,0.15876878,0.1942034382,0.7619047619,0.8348961275,0.840326527
P1|E6|ind|T2,5,importazioni,71,6.082743858,14.74476408,25.9263022,34.25923939,0.2981129615,0.313298609,0.7555555556,0.8548825782,0.7304098675
P1|E6|ind|T2,5,investimento_ind,196,5.630308592,18.49809973,48.85812004,92.42710653,0.5348270111,0.9010324707,0.1173469388,1.002043684,0.9926214478
P1|E6|ind|T2,5,investimento_tipo,4,161.8736992,178.9141437,154.6930213,172.7941922,0.2666134144,0.3217474842,0.5,0.849595731,0.7177870175
P1|E6|ind|T2,5,produzione,71,50.85617442,83.20538955,91.21511335,129.1825549,0.1216482904,0.1362492886,0.7042253521,0.8967800841,0.9068078491
P1|E6|ind|T2,5,scorte,11,43.36409137,51.61850697,51.41087375,56.85646468,0.1887364124,0.2182564644,0,1,1
P1|E6|ind|T2,5,stock_ind,196,13.54369332,52.07852269,319.3175435,455.5645094,0.2639266597,0.3956458943,0.7295918367,0.9226862282,0.9820297127
P1|E6|ind|T2,5,stock_tipo,4,387.094158,441.0312678,469.4604746,515.5614951,0.06019585763,0.06680515355,0.75,0.5433375061,0.6628981688
P1|E6|ind|T3,1,aggregati,5,136.8839863,174.1241912,239.215084,268.0648149,0.02566719246,0.02670173143,0.8,0.4955734657,0.4768473066
P1|E6|ind|T3,1,consumo,71,4.492600049,7.684281349,9.382408534,11.48974387,0.09586360676,0.08141804107,0.619047619,1.000355133,0.9366545103
P1|E6|ind|T3,1,importazioni,71,4.59689129,18.51189883,21.99798006,46.01877696,0.1640641134,0.1428666285,0.6888888889,2.686000812,1.73852323
P1|E6|ind|T3,1,investimento_ind,196,2.896576598,12.55226167,32.11107523,67.9023202,0.333958166,0.4380871821,0.09183673469,2.842378644,2.716339207
P1|E6|ind|T3,1,investimento_tipo,4,96.4201001,104.4777586,89.45821304,95.79842172,0.1697372365,0.2018495017,0.5,1.750784488,1.478890364
P1|E6|ind|T3,1,produzione,71,15.4936692,29.54167474,23.57153021,40.54540678,0.04840506123,0.04792538819,0.661971831,1.40714034,1.056856111
P1|E6|ind|T3,1,scorte,11,37.96429419,44.67403507,46.78569755,52.3908418,0.1856031509,0.1869153377,0.1818181818,3.376516724,3.9173745
P1|E6|ind|T3,1,stock_ind,196,2.908997328,13.66053185,85.09360536,122.6708175,0.06932919559,0.1038113986,0.806122449,2.213014303,4.363078571
P1|E6|ind|T3,1,stock_tipo,4,99.84566751,111.5242598,120.9995142,133.6802398,0.01460015519,0.01497461881,1,0.9094501954,1.554386368
P1|E6|ind|T3,2,aggregati,5,245.1280282,344.2896998,446.1298754,531.573417,0.04951503664,0.05060962457,0.8,0.5195270727,0.4679891445
P1|E6|ind|T3,2,consumo,71,5.272916522,9.883726836,10.39827227,15.07782406,0.07610907239,0.080700215,0.619047619,0.8139659897,0.6231104178
P1|E6|ind|T3,2,importazioni,71,3.931839144,9.860681619,17.56187241,22.43337556,0.1722551374,0.1493968942,0.7555555556,1.266482191,1.225415758
P1|E6|ind|T3,2,investimento_ind,196,3.347297005,13.46705763,34.33620138,72.47781221,0.4171283168,0.6211480958,0.09693877551,1.635227365,1.585477223
P1|E6|ind|T3,2,investimento_tipo,4,93.98544987,109.280026,78.49054617,95.60186034,0.1659984162,0.2089356992,0.5,1.069198049,0.7517749284
P1|E6|ind|T3,2,produzione,71,19.34807297,28.97889092,32.05176751,42.83791045,0.05702824161,0.05816013904,0.8028169014,0.78139566,0.8199224406
P1|E6|ind|T3,2,scorte,11,42.46240174,51.35361869,53.7559965,60.81241669,0.1955193089,0.1975636289,0.09090909091,2.198266734,2.401051841
P1|E6|ind|T3,2,stock_ind,196,5.61866565,25.9142253,161.4286641,232.8078889,0.1301916758,0.2025039756,0.8010204082,1.704230343,2.168283519
P1|E6|ind|T3,2,stock_tipo,4,180.9696472,204.646429,227.485043,251.7254158,0.02560871013,0.02684059726,1,0.7613329407,1.134128359
P1|E6|ind|T3,3,aggregati,5,411.6282876,569.9492537,779.0856913,919.587149,0.07385826723,0.07882041193,0.8,0.5280082611,0.496832507
P1|E6|ind|T3,3,consumo,71,8.788544194,16.90692324,21.5340434,27.18068781,0.1038414609,0.1279411365,0.6984126984,0.8845756595,0.8628996836
P1|E6|ind|T3,3,importazioni,71,3.5799422,8.907743767,15.5823323,21.45698318,0.1454678485,0.165195243,0.8,0.7250495941,0.6200079672
P1|E6|ind|T3,3,investimento_ind,196,3.888576049,12.51902653,32.99319657,64.30574866,0.4564515915,0.7457523436,0.1071428571,1.196341084,1.17516374
P1|E6|ind|T3,3,investimento_tipo,4,121.307067,126.8750611,109.8753005,117.280456,0.2040318819,0.2534587147,0.5,0.8291841495,0.6887998066
P1|E6|ind|T3,3,produzione,71,26.07896132,40.99808366,45.21327392,61.94315112,0.07042029406,0.07606934907,0.8450704225,0.710541836,0.7719887195
P1|E6|ind|T3,3,scorte,11,48.59811647,57.58267818,61.97574607,68.17636033,0.2159914053,0.222953362,0,1.686338091,1.853027768
P1|E6|ind|T3,3,stock_ind,196,8.41895681,36.55552872,227.7121335,326.2420068,0.1818842809,0.2969626128,0.7806122449,1.376455926,1.639399601
P1|E6|ind|T3,3,stock_tipo,4,251.2117534,294.1637737,327.1937216,362.8190112,0.03503424956,0.03727067813,1,0.6592795134,0.9234368122
P1|E6|ind|T3,4,aggregati,5,563.5711242,731.5849255,1019.107627,1165.906458,0.09860425845,0.1092450821,0.8,0.5109014829,0.4857416748
P1|E6|ind|T3,4,consumo,71,12.8169825,24.5730614,34.11026222,43.10146756,0.1272717786,0.1462956679,0.746031746,0.8321904284,0.8800610348
P1|E6|ind|T3,4,importazioni,71,4.599310528,11.13050542,19.79343081,24.79638368,0.2281972733,0.2240576286,0.7555555556,0.7424238223,0.6287439798
P1|E6|ind|T3,4,investimento_ind,196,4.032276714,9.859085213,24.43753772,43.1581039,0.5023532638,0.8469670284,0.1275510204,0.6791763142,0.6410580459
P1|E6|ind|T3,4,investimento_tipo,4,126.1415947,129.9079885,126.0011124,130.1120165,0.1978994976,0.2415946174,0.5,0.6950451117,0.6508392034
P1|E6|ind|T3,4,produzione,71,37.95220031,57.36759072,68.87948114,89.19698568,0.0898182409,0.09944153287,0.7887323944,0.7527116245,0.853701476
P1|E6|ind|T3,4,scorte,11,56.98221615,65.53323016,70.5458323,76.39414244,0.2565209742,0.2755189092,0,1.407630189,1.474672697
P1|E6|ind|T3,4,stock_ind,196,10.90965245,43.11722081,266.8395067,380.7975426,0.2213208079,0.3820597583,0.7755102041,1.070495726,1.187135216
P1|E6|ind|T3,4,stock_tipo,4,315.0699152,368.7743039,403.9893074,443.8783538,0.04510586196,0.04885910973,1,0.5832822716,0.7637241089
P1|E6|ind|T3,5,aggregati,5,686.8946859,869.3638446,1253.736785,1400.720322,0.1082386662,0.1240484556,0.8,0.5052150733,0.4955884884
P1|E6|ind|T3,5,consumo,71,15.18180453,30.49215297,42.75455386,54.975393,0.1444421577,0.1766953966,0.7777777778,0.7760012227,0.8181620882
P1|E6|ind|T3,5,importazioni,71,6.705419297,20.20920326,35.14407292,56.08239649,0.2837536987,0.3060704501,0.7111111111,1.171703779,0.9900979107
P1|E6|ind|T3,5,investimento_ind,196,4.949988647,10.8131118,22.68397637,33.76471989,0.5627901443,1.003930235,0.1173469388,0.5857472143,0.4608568944
P1|E6|ind|T3,5,investimento_tipo,4,128.699834,147.7022925,134.6179172,152.818076,0.1923873936,0.2314856416,0.5,0.7013824313,0.6246370554
P1|E6|ind|T3,5,produzione,71,46.97501012,72.69470772,84.17696629,113.2785555,0.1136983804,0.126855982,0.7323943662,0.7834969159,0.8368386657
P1|E6|ind|T3,5,scorte,11,43.36409137,51.61850697,51.41087375,56.85646468,0.1887364124,0.2182564644,0,1,1
P1|E6|ind|T3,5,stock_ind,196,13.76210672,47.78026739,289.032675,407.949675,0.2604482293,0.4696709067,0.7295918367,0.8465331277,0.888891577
P1|E6|ind|T3,5,stock_tipo,4,399.6381723,438.2126841,473.943785,502.3567172,0.06116071059,0.06832311672,1,0.5398650941,0.6692287939
P1|E6|nessuna|T1,1,aggregati,5,307.027055,372.4048419,283.2726928,349.8566924,0.07802409486,0.07753338764,0.6,1.059898438,0.5646709997
P1|E6|nessuna|T1,1,consumo,71,13.46937451,25.99866926,29.68164888,44.08011879,0.1561669312,0.1486582834,0.619047619,3.384558823,2.963146425
P1|E6|nessuna|T1,1,importazioni,71,7.092794513,23.9786393,36.2724658,60.05120487,0.2426132277,0.2004843126,0.6444444444,3.479202496,2.866650677
P1|E6|nessuna|T1,1,investimento_ind,196,12.98977068,35.63645842,95.25984072,169.6775992,1.777188945,1.962704673,0.3367346939,8.069646018,8.058217867
P1|E6|nessuna|T1,1,investimento_tipo,4,298.7881879,341.7185861,247.2503929,309.6960025,0.736814475,0.6586855539,0.5,5.726344132,4.087452803
P1|E6|nessuna|T1,1,produzione,71,26.49708882,49.05174212,40.19801333,64.98144685,0.08684958333,0.07950629666,0.6478873239,2.336451325,1.802323211
P1|E6|nessuna|T1,1,scorte,11,31.94839251,40.36146305,40.61018039,49.53077265,0.167346069,0.1602866497,0.09090909091,3.0505674,3.400297387
P1|E6|nessuna|T1,1,stock_ind,196,12.98296538,36.55994816,205.2999729,282.8127173,0.2506600001,0.296030427,0.4132653061,5.922733395,10.52652439
P1|E6|nessuna|T1,1,stock_tipo,4,296.3339344,341.1921074,338.7125943,367.4711487,0.0585593212,0.05648183247,0.5,2.782329417,4.351176469
P1|E6|nessuna|T1,2,aggregati,5,338.0224402,428.4565902,208.5231568,341.6110352,0.1004267166,0.1031830179,0.6,0.646533423,0.2187402798
P1|E6|nessuna|T1,2,consumo,71,12.49893385,22.37607103,23.8030084,32.1750335,0.1247464319,0.1370791674,0.6349206349,1.842762462,1.426381433
P1|E6|nessuna|T1,2,importazioni,71,8.496170504,24.26218637,47.03528237,63.88437571,0.2793693009,0.2393447126,0.6222222222,3.116176766,3.281983541
P1|E6|nessuna|T1,2,investimento_ind,196,11.68397705,25.41812706,61.28265867,93.82357072,1.72485461,1.625703383,0.3316326531,3.086377,2.829732341
P1|E6|nessuna|T1,2,investimento_tipo,4,271.8471489,289.929826,252.3868601,270.1478622,0.6809760391,0.5559325255,0.25,2.836679452,2.417337156
P1|E6|nessuna|T1,2,produzione,71,27.28408409,48.00455232,43.07610578,66.38844057,0.08745270605,0.08835493889,0.7605633803,1.294409401,1.101938162
P1|E6|nessuna|T1,2,scorte,11,38.44320832,44.33503447,46.15610122,51.02992592,0.1869471784,0.1945398096,0.09090909091,1.897825974,2.061596827
P1|E6|nessuna|T1,2,stock_ind,196,21.59199354,55.40084011,301.9538455,409.6411847,0.4081992313,0.5312794511,0.4081632653,3.643396307,4.055794864
P1|E6|nessuna|T1,2,stock_tipo,4,516.2055442,566.0958955,588.7398968,623.872223,0.0918817398,0.08995024014,0.5,2.106010132,2.935167096
P1|E6|nessuna|T1,3,aggregati,5,470.5904537,517.1594117,671.5406648,699.9964305,0.09823698315,0.1052103009,0.8,0.4791030779,0.4282497237
P1|E6|nessuna|T1,3,consumo,71,13.95638412,23.69056469,32.24255156,38.61869643,0.1427803112,0.1734742741,0.6984126984,1.239497961,1.292004805
P1|E6|nessuna|T1,3,importazioni,71,7.382478206,23.57526941,39.43988396,63.69268222,0.2752754235,0.2619890188,0.7777777778,1.918919085,1.56927999
P1|E6|nessuna|T1,3,investimento_ind,196,12.68438066,27.13394232,64.66087206,99.76485657,1.646605146,3.849051669,0.3673469388,2.59296918,2.303114585
P1|E6|nessuna|T1,3,investimento_tipo,4,209.3949948,250.9854925,189.3996208,229.8488195,0.4569241369,0.4513844607,0.75,1.640300231,1.187331653
P1|E6|nessuna|T1,3,produzione,71,34.40576037,51.80513458,55.78983434,73.60471846,0.09885173206,0.1094270412,0.7464788732,0.8978399026,0.9525769545
P1|E6|nessuna|T1,3,scorte,11,46.43865992,57.57533331,59.8364832,69.58981815,0.2115282175,0.2170146463,0.09090909091,1.686122993,1.789065431
P1|E6|nessuna|T1,3,stock_ind,196,29.03391776,73.93962568,404.4018012,546.1640623,0.5108321047,2.143386612,0.4183673469,2.784110625,2.911466075
P1|E6|nessuna|T1,3,stock_tipo,4,650.769979,737.9231445,815.630508,868.4293424,0.08301631301,0.08612597217,0.5,1.653832508,2.301948927
P1|E6|nessuna|T1,4,aggregati,5,498.8818835,553.4821327,672.8981341,726.7577529,0.114754523,0.1276648918,0.8,0.3865236045,0.3207263474
P1|E6|nessuna|T1,4,consumo,71,16.16253444,28.767577,43.69829957,54.03722034,0.1518851988,0.1761694987,0.746031746,0.9742417453,1.127436972
P1|E6|nessuna|T1,4,importazioni,71,7.608737452,26.4559474,41.86161184,74.12088386,0.3060514791,0.2969058557,0.7111111111,1.764657116,1.32974605
P1|E6|nessuna|T1,4,investimento_ind,196,13.15050222,26.57120967,41.53563735,54.52882733,1.603033959,5.097907032,0.4183673469,1.830447334,1.089584181
P1|E6|nessuna|T1,4,investimento_tipo,4,224.3317467,255.083265,221.523563,244.0777693,0.4820027132,0.4401326281,0.75,1.364768852,1.144245607
P1|E6|nessuna|T1,4,produzione,71,45.27056126,82.82523865,81.27802678,126.2206524,0.1122668033,0.1298134814,0.7183098592,1.086737636,1.007370704
P1|E6|nessuna|T1,4,scorte,11,52.27589441,61.73360065,63.37056908,71.24236738,0.2492736553,0.2672044101,0.09090909091,1.326015515,1.324682763
P1|E6|nessuna|T1,4,stock_ind,196,36.09343861,78.68544419,365.0562476,475.2985262,0.5532562292,3.580741745,0.4591836735,1.953568205,1.624089074
P1|E6|nessuna|T1,4,stock_tipo,4,681.347625,872.5240709,895.5700959,1012.552768,0.06368076719,0.06630214512,0.75,1.380052288,1.69303608
P1|E6|nessuna|T1,5,aggregati,5,448.6455956,484.0485337,547.8365297,592.255889,0.1089983059,0.1257423186,0.8,0.2812960499,0.2165538101
P1|E6|nessuna|T1,5,consumo,71,19.09686112,34.85048439,50.0448436,61.49897983,0.1682743149,0.2053464968,0.7619047619,0.886917317,0.9576709391
P1|E6|nessuna|T1,5,importazioni,71,14.08592766,42.9113144,81.69016013,118.2330855,0.4228596486,0.5023092201,0.6222222222,2.48794317,2.301419561
P1|E6|nessuna|T1,5,investimento_ind,196,22.3018982,98.66772054,53.88899878,112.9108989,1.980710625,2.572161049,0.1428571429,5.344839073,1.094830827
P1|E6|nessuna|T1,5,investimento_tipo,4,245.9123715,277.763539,255.4901859,278.064495,0.5172229989,0.4603844698,0.5,1.318994195,1.185493289
P1|E6|nessuna|T1,5,produzione,71,68.1680553,118.4750427,113.4106271,165.4378521,0.1567523804,0.2045980334,0.7042253521,1.276913182,1.127462797
P1|E6|nessuna|T1,5,scorte,11,43.36409137,51.61850697,51.41087375,56.85646468,0.1887364124,0.2182564644,0,1,1
P1|E6|nessuna|T1,5,stock_ind,196,46.62364457,130.4299961,335.149984,426.227881,0.6139181821,1.894355615,0.3979591837,2.310855895,1.030720827
P1|E6|nessuna|T1,5,stock_tipo,4,872.6066833,1064.177509,1029.216295,1198.483489,0.1005655674,0.1110225115,0.75,1.311035285,1.453297209
P1|E6|nessuna|T2,1,aggregati,5,149.0899314,181.2820391,142.6264683,166.1462356,0.03701330976,0.03812232717,0.6,0.5159453594,0.2843091921
P1|E6|nessuna|T2,1,consumo,71,9.261684599,17.25190846,16.7031716,24.34112596,0.1294647128,0.1183052799,0.619047619,2.245887989,1.667493049
P1|E6|nessuna|T2,1,importazioni,71,6.654779248,21.77049928,34.17693096,54.9033514,0.2193871125,0.18685592,0.6888888889,3.15881041,2.70103838
P1|E6|nessuna|T2,1,investimento_ind,196,12.51857426,35.95787574,93.98253365,171.1393239,1.742993596,2.045497008,0.3418367347,8.142428895,7.950167942
P1|E6|nessuna|T2,1,investimento_tipo,4,294.8844506,327.4824501,249.3228662,295.2738275,0.6794690475,0.6437780258,0.5,5.487782294,4.121714171
P1|E6|nessuna|T2,1,produzione,71,22.79311526,44.82707139,34.33878226,59.0366228,0.07177099432,0.06887230018,0.7042253521,2.135220194,1.539617986
P1|E6|nessuna|T2,1,scorte,11,38.3748335,46.9978165,49.0984505,56.25299324,0.1775095937,0.1806565176,0.3636363636,3.55215089,4.111021702
P1|E6|nessuna|T2,1,stock_ind,196,12.49565965,36.8703704,207.1393219,287.3379803,0.241256421,0.3081966279,0.4183673469,5.973021983,10.62083493
P1|E6|nessuna|T2,1,stock_tipo,4,298.310018,328.2663469,339.9402371,360.7754693,0.05668167204,0.0552312339,0.5,2.676923335,4.366947039
P1|E6|nessuna|T2,2,aggregati,5,175.9947137,199.5195168,117.9431191,168.9004504,0.04939521192,0.05284794787,1,0.301071425,0.1237220425
P1|E6|nessuna|T2,2,consumo,71,9.171893918,17.35521472,18.49653884,24.71621581,0.0892464001,0.09618221354,0.6349206349,1.429274075,1.108394331
P1|E6|nessuna|T2,2,importazioni,71,10.62920025,33.46547681,64.79744884,90.84355872,0.2684735716,0.2308602064,0.6222222222,4.298225219,4.521375229
P1|E6|nessuna|T2,2,investimento_ind,196,12.76264111,29.86927954,68.98968091,113.7470508,1.710452857,1.725762705,0.3316326531,3.626854849,3.185604794
P1|E6|nessuna|T2,2,investimento_tipo,4,226.921725,245.1432586,204.8647043,230.733445,0.4511199384,0.4705042112,0.5,2.398486745,1.962174502
P1|E6|nessuna|T2,2,produzione,71,27.25491905,53.68227726,45.02598791,74.69785077,0.0726597895,0.07945987016,0.7605633803,1.44750531,1.151818473
P1|E6|nessuna|T2,2,scorte,11,34.47625685,41.67137623,43.6031504,50.4824521,0.1611999109,0.1701692915,0.3636363636,1.783804189,1.947567367
P1|E6|nessuna|T2,2,stock_ind,196,21.52602893,57.92377953,324.4124031,451.2692821,0.4196637046,0.5677088067,0.4183673469,3.809315599,4.357454552
P1|E6|nessuna|T2,2,stock_tipo,4,480.3018454,519.4584799,548.5157706,576.0585018,0.08815899295,0.08663392605,0.5,1.932507956,2.734629418
P1|E6|nessuna|T2,3,aggregati,5,262.9168406,320.4453295,440.6473257,495.6326172,0.04943387302,0.05556261812,1,0.2968646421,0.2810062076
P1|E6|nessuna|T2,3,consumo,71,11.22942051,20.61665553,29.56862555,36.99377221,0.1118900207,0.1371000153,0.6984126984,1.078670045,1.184856795
P1|E6|nessuna|T2,3,importazioni,71,7.10163438,22.15038532,37.93119901,59.41756292,0.264950631,0.2609987437,0.7777777778,1.802940038,1.509250678
P1|E6|nessuna|T2,3,investimento_ind,196,13.03364366,31.3486874,56.42523324,85.57564353,1.653587075,1.807613752,0.3112244898,2.995737933,2.00977459
P1|E6|nessuna|T2,3,investimento_tipo,4,163.7396871,211.1816198,133.3471844,180.9862771,0.3832646509,0.3751661689,0.75,1.380164472,0.8359432411
P1|E6|nessuna|T2,3,produzione,71,35.44322054,59.56896512,61.62354399,84.38335424,0.09099836693,0.1074575916,0.7887323944,1.032395616,1.052183943
P1|E6|nessuna|T2,3,scorte,11,38.6304468,46.79976422,47.18252387,53.72357282,0.177270686,0.1900208909,0.2727272727,1.370554958,1.410721652
P1|E6|nessuna|T2,3,stock_ind,196,29.28960102,77.65934699,403.2233945,554.0278228,0.5209448477,0.7581436563,0.4030612245,2.924172405,2.902982208
P1|E6|nessuna|T2,3,stock_tipo,4,518.7821025,634.7184237,703.4121041,770.7746284,0.06226553333,0.06454304445,0.75,1.422530206,1.985235621
P1|E6|nessuna|T2,4,aggregati,5,456.1944093,569.7395069,753.9424525,861.7146158,0.08959850111,0.1007885439,0.8,0.3978769228,0.3593548513
P1|E6|nessuna|T2,4,consumo,71,13.78375831,26.30400102,40.65457518,52.35905306,0.1274075671,0.1464813867,0.746031746,0.8908103681,1.04890743
P1|E6|nessuna|T2,4,importazioni,71,7.00186973,21.82602125,35.35780053,58.0631685,0.2977113019,0.3157304505,0.7111111111,1.455833093,1.123150627
P1|E6|nessuna|T2,4,investimento_ind,196,16.38589958,48.71404278,62.86810608,99.64601817,1.640421173,2.398125888,0.3469387755,3.355831024,1.649188461
P1|E6|nessuna|T2,4,investimento_tipo,4,284.0181312,382.0666581,269.4913692,385.9191039,0.4182427671,0.5456720611,0.75,2.044166537,1.39201587
P1|E6|nessuna|T2,4,produzione,71,51.00492526,92.22089354,88.70781367,133.8825663,0.1234862203,0.1550092332,0.7323943662,1.210016626,1.099456474
P1|E6|nessuna|T2,4,scorte,11,55.51774433,67.86959221,70.42640459,80.87000134,0.2513115256,0.2693882617,0.1818181818,1.457814404,1.47217621
P1|E6|nessuna|T2,4,stock_ind,196,36.36253311,92.20253393,337.4720854,449.1639728,0.5844331597,1.060101037,0.4387755102,2.289164668,1.501370625
P1|E6|nessuna|T2,4,stock_tipo,4,614.1233095,740.8823057,729.4516146,825.8865263,0.08556075498,0.1009999847,0.75,1.17183738,1.37899636
P1|E6|nessuna|T2,5,aggregati,5,388.4782204,390.5625122,405.0406565,405.6568955,0.09161576732,0.1082927974,1,0.2269683395,0.1601081575
P1|E6|nessuna|T2,5,consumo,71,16.40336772,32.24562619,46.87454232,59.50365612,0.1500376121,0.1834099273,0.7619047619,0.8206257319,0.8970032422
P1|E6|nessuna|T2,5,importazioni,71,14.29380355,44.42952472,77.96307173,118.2946294,0.4549196159,0.6786305989,0.5111111111,2.575967064,2.196418002
P1|E6|nessuna|T2,5,investimento_ind,196,32.45078962,179.6813683,155.508779,298.856709,1.994476365,3.349261419,0.1326530612,9.733355473,3.159379633
P1|E6|nessuna|T2,5,investimento_tipo,4,586.9392894,753.9488016,555.5469693,755.4032277,0.9656756325,1.143816655,0.5,3.580218253,2.577778874
P1|E6|nessuna|T2,5,produzione,71,88.01807327,178.6580737,136.2542885,227.6090356,0.1874659095,0.2938554758,0.6478873239,1.925560389,1.354561253
P1|E6|nessuna|T2,5,scorte,11,43.28006185,51.58029559,51.34791621,56.83047669,0.1882039542,0.217719843,0.09090909091,0.999259735,0.9987754042
P1|E6|nessuna|T2,5,stock_ind,196,51.54138179,206.6154552,72.4906967,151.6165356,0.6441710384,1.177097961,0.3775510204,3.660649827,0.2229380111
P1|E6|nessuna|T2,5,stock_tipo,4,887.7660528,1232.260785,637.7409749,981.8864006,0.1636369325,0.2490904025,0.75,1.51810892,0.9005173967
P1|E6|nessuna|T3,1,aggregati,5,154.2264713,202.743708,131.1377935,172.4714277,0.04000486273,0.04099697165,0.8,0.5770272432,0.2614078619
P1|E6|nessuna|T3,1,consumo,71,9.636271621,18.705795,17.9682656,27.75135722,0.1301688034,0.1191318364,0.619047619,2.435157849,1.793788552
P1|E6|nessuna|T3,1,importazioni,71,6.967794982,22.00676086,35.81264611,55.90964914,0.2370115482,0.1985779376,0.6666666667,3.193090999,2.830310649
P1|E6|nessuna|T3,1,investimento_ind,196,12.58664967,36.48463931,95.4425071,174.1953724,1.752872433,2.024059702,0.3418367347,8.261711106,8.073669977
P1|E6|nessuna|T3,1,investimento_tipo,4,313.9579678,348.2850549,266.3478342,315.3830452,0.7622234824,0.6829230062,0.5,5.836381636,4.403164697
P1|E6|nessuna|T3,1,produzione,71,24.01486566,47.35836809,36.33477561,62.02081139,0.07932390819,0.07322155437,0.6901408451,2.255791886,1.629110597
P1|E6|nessuna|T3,1,scorte,11,33.91635228,37.66399162,39.74532631,42.41767503,0.1767579379,0.1765838405,0.1818181818,2.8466893,3.327883006
P1|E6|nessuna|T3,1,stock_ind,196,12.56472828,37.39279547,210.1922578,291.128837,0.2420677629,0.3028735971,0.4132653061,6.057655155,10.77737078
P1|E6|nessuna|T3,1,stock_tipo,4,317.3835352,348.6335275,356.8464304,377.5646009,0.06157983036,0.0596543966,0.5,2.843012187,4.584127716
P1|E6|nessuna|T3,2,aggregati,5,188.3218447,214.0571322,159.8650434,186.8155279,0.04907535913,0.05269219276,1,0.3230084298,0.1676980382
P1|E6|nessuna|T3,2,consumo,71,9.171893918,17.35521472,18.49653884,24.71621581,0.0892464001,0.09618221354,0.6349206349,1.429274075,1.108394331
P1|E6|nessuna|T3,2,importazioni,71,9.660485454,29.75204226,58.05254338,81.11769364,0.234420896,0.220599164,0.6222222222,3.821280631,4.050735582
P1|E6|nessuna|T3,2,investimento_ind,196,13.14258859,32.9587414,80.47820906,141.4432404,1.729989035,1.711235692,0.3214285714,4.001990436,3.716088627
P1|E6|nessuna|T3,2,investimento_tipo,4,244.026786,269.8855993,209.1544924,245.7075093,0.4968133256,0.5271592548,0.5,2.640566321,2.003261682
P1|E6|nessuna|T3,2,produzione,71,26.63917548,50.20528781,43.82443242,70.40018288,0.07330509992,0.07967130817,0.7464788732,1.353750705,1.12108125
P1|E6|nessuna|T3,2,scorte,11,41.10809303,47.05937459,47.90551495,52.4950648,0.1994272726,0.2126245812,0.1818181818,2.014445337,2.139735701
P1|E6|nessuna|T3,2,stock_ind,196,22.38563113,62.863959,362.2572975,503.3727933,0.4179837519,0.5544783351,0.4183673469,4.13420294,4.865781008
P1|E6|nessuna|T3,2,stock_tipo,4,491.4671707,563.7316859,589.5685129,638.2356347,0.08803268213,0.08569442009,0.5,2.097214715,2.939298168
P1|E6|nessuna|T3,3,aggregati,5,286.6745086,368.6381625,522.3266558,595.8943111,0.04916853833,0.05468206877,1,0.3415110975,0.3330941189
P1|E6|nessuna|T3,3,consumo,71,11.4026142,21.09978628,30.82602531,39.12300885,0.1122260454,0.1374950839,0.6984126984,1.103947602,1.235242588
P1|E6|nessuna|T3,3,importazioni,71,7.108039891,22.0501336,37.4991804,58.81131167,0.258821823,0.2586691155,0.7555555556,1.794780007,1.492061019
P1|E6|nessuna|T3,3,investimento_ind,196,13.3516829,33.38510372,75.02295772,124.4181947,1.638985436,1.815825518,0.3163265306,3.190341603,2.672195142
P1|E6|nessuna|T3,3,investimento_tipo,4,199.7289991,249.1921245,160.2206474,212.2926723,0.4488904477,0.4638040898,0.75,1.628579785,1.004410913
P1|E6|nessuna|T3,3,produzione,71,34.41914578,55.55205164,58.94516922,78.95266494,0.09259528518,0.1076640918,0.7887323944,0.9627780921,1.006452348
P1|E6|nessuna|T3,3,scorte,11,54.82094536,64.27088146,70.4801396,76.4072579,0.2307203724,0.2492285018,0.2727272727,1.882205535,2.107302679
P1|E6|nessuna|T3,3,stock_ind,196,30.52507919,87.31926131,490.5393957,678.6241232,0.524810882,0.7662232859,0.3928571429,3.287905246,3.531608427
P1|E6|nessuna|T3,3,stock_tipo,4,598.2348375,730.6627272,821.0577232,896.9707594,0.07025140744,0.07271188,0.5,1.637560469,2.317266123
P1|E6|nessuna|T3,4,aggregati,5,354.9527711,500.5854109,690.4913299,806.08953,0.05726456244,0.06297801376,1,0.3495832402,0.3291118684
P1|E6|nessuna|T3,4,consumo,71,14.06066416,27.3577832,43.67900356,57.76973929,0.1254965998,0.1442645562,0.746031746,0.9264977184,1.126939125
P1|E6|nessuna|T3,4,importazioni,71,7.182188109,22.2950934,37.83863172,60.00745532,0.3061917626,0.3178739634,0.7333333333,1.48712101,1.201954938
P1|E6|nessuna|T3,4,investimento_ind,196,14.19907872,40.81174723,36.81148967,66.24268323,1.620731434,2.287324643,0.3571428571,2.811454761,0.9656579112
P1|E6|nessuna|T3,4,investimento_tipo,4,258.4152715,333.1642898,244.431299,323.1841062,0.4971378001,0.5029015173,0.75,1.782524798,1.262571964
P1|E6|nessuna|T3,4,produzione,71,48.35753855,85.86067549,84.14081902,125.3216034,0.1201266911,0.148406671,0.7464788732,1.126565151,1.042852533
P1|E6|nessuna|T3,4,scorte,11,45.76961158,57.37715295,56.31741064,67.79843806,0.219045857,0.2382878644,0.3636363636,1.232440587,1.177245277
P1|E6|nessuna|T3,4,stock_ind,196,38.06463158,99.93856526,469.0011529,634.1290533,0.5875117352,1.037499951,0.4183673469,2.481231511,2.086526811
P1|E6|nessuna|T3,4,stock_tipo,4,712.9378794,865.5674678,930.9314793,1027.627707,0.08221926764,0.09186252542,0.75,1.369049181,1.759885228
P1|E6|nessuna|T3,5,aggregati,5,429.4055395,442.0876663,531.9097196,545.892061,0.09353861029,0.1108019414,0.8,0.2569112508,0.2102581156
P1|E6|nessuna|T3,5,consumo,71,16.80292237,33.35442737,51.1385167,65.96867967,0.1507409172,0.1841695597,0.7619047619,0.8488438467,0.9785997475
P1|E6|nessuna|T3,5,importazioni,71,14.31792696,45.02868069,79.63847508,120.7032798,0.4408024558,0.6356299836,0.5555555556,2.610705362,2.243618376
P1|E6|nessuna|T3,5,investimento_ind,196,29.41846364,164.0651714,98.03862667,200.7143911,1.983675956,3.225931224,0.137755102,8.887424718,1.991792633
P1|E6|nessuna|T3,5,investimento_tipo,4,489.6314134,634.56861,471.0077539,642.0552305,0.7483247401,0.9346932333,0.5,3.013326788,2.185510685
P1|E6|nessuna|T3,5,produzione,71,82.14178953,156.9945294,129.2181517,196.5366614,0.1731344719,0.2681709643,0.6478873239,1.69207269,1.284612055
P1|E6|nessuna|T3,5,scorte,11,43.36409137,51.61850697,51.41087375,56.85646468,0.1887364124,0.2182564644,0,1,1
P1|E6|nessuna|T3,5,stock_ind,196,53.4776242,197.4341618,333.0407103,431.6906494,0.6479503246,1.148387569,0.362244898,3.497982905,1.024233963
P1|E6|nessuna|T3,5,stock_tipo,4,1048.197036,1242.0232,996.5071385,1176.803451,0.1649998697,0.2304325401,0.75,1.530135927,1.407110488
P1|largo|agg+ind|T1,1,aggregati,5,147.1435724,179.9901586,251.9471617,271.1818205,0.02588257445,0.02662914108,0.8,0.5122685485,0.5022272152
P1|largo|agg+ind|T1,1,consumo,71,7.82785079,15.57691918,13.57137137,20.09095885,0.1247982909,0.1149990851,0.619047619,2.027834529,1.35484254
P1|largo|agg+ind|T1,1,importazioni,71,4.79442595,18.30862577,27.21882454,50.89546793,0.1212796084,0.1244010454,0.6444444444,2.656506722,2.151131997
P1|largo|agg+ind|T1,1,investimento_ind,196,3.735437225,13.13335575,33.53760073,68.35363871,0.5196449266,0.6291039999,0.137755102,2.973963649,2.837011813
P1|largo|agg+ind|T1,1,investimento_tipo,4,107.9144008,116.3063072,107.9522342,115.2340875,0.1834761267,0.2140764847,0.25,1.949001216,1.784626739
P1|largo|agg+ind|T1,1,produzione,71,18.75847806,32.53609163,28.1009829,42.35710521,0.05515448495,0.05598848275,0.6338028169,1.549771549,1.259939225
P1|largo|agg+ind|T1,1,scorte,11,31.92436712,36.80356565,38.96965594,43.398839,0.1664332716,0.1662680141,0.3636363636,2.781657281,3.262935993
P1|largo|agg+ind|T1,1,stock_ind,196,3.704451825,14.17598741,85.71793363,123.0810436,0.1054512337,0.1608285671,0.7448979592,2.296518411,4.395090298
P1|largo|agg+ind|T1,1,stock_tipo,4,103.1422609,115.5712113,123.9422637,136.2971936,0.01471766989,0.01502978226,1,0.9424519916,1.592189575
P1|largo|agg+ind|T1,2,aggregati,5,305.8629736,326.9143673,406.9310064,418.2218037,0.06914546536,0.07201609101,0.8,0.493308003,0.4268696272
P1|largo|agg+ind|T1,2,consumo,71,10.04394195,21.50987101,17.27626855,28.53061474,0.09539801912,0.1036283897,0.6031746032,1.77142729,1.035270344
P1|largo|agg+ind|T1,2,importazioni,71,3.911588724,10.52626929,17.9882022,24.60218784,0.1721214554,0.1555332513,0.6666666667,1.351968668,1.255163796
P1|largo|agg+ind|T1,2,investimento_ind,196,4.004049697,12.44569269,31.5671154,62.87235123,0.5824794172,0.7673485091,0.1479591837,1.511208894,1.457614426
P1|largo|agg+ind|T1,2,investimento_tipo,4,128.2693374,136.1599841,137.5277682,145.7290433,0.1990481509,0.2375522384,0.25,1.332192119,1.317227782
P1|largo|agg+ind|T1,2,produzione,71,23.6712246,36.45545495,39.33123276,53.55316047,0.0649822113,0.0670508629,0.7323943662,0.9829960147,1.006139844
P1|largo|agg+ind|T1,2,scorte,11,41.29245867,52.83370941,54.56609492,64.52200779,0.1848067081,0.186112806,0.1818181818,2.261624181,2.437235494
P1|largo|agg+ind|T1,2,stock_ind,196,6.934564032,25.24490656,151.3493844,216.8573802,0.1788280565,0.2846103964,0.7193877551,1.660213079,2.032900277
P1|largo|agg+ind|T1,2,stock_tipo,4,211.7401266,229.7333613,239.9793559,255.7868468,0.03110455273,0.03252194984,1,0.8546622408,1.196418848
P1|largo|agg+ind|T1,3,aggregati,5,460.7041296,548.2338502,730.3550071,812.0500507,0.09584101253,0.1026833246,0.8,0.5078908342,0.4657563516
P1|largo|agg+ind|T1,3,consumo,71,12.6556138,25.00563708,26.58210334,35.36770082,0.1220319806,0.1499751664,0.6984126984,1.308302971,1.06518261
P1|largo|agg+ind|T1,3,importazioni,71,4.94459525,12.45027252,21.40117471,27.83337452,0.2032546164,0.2034854916,0.8,1.013395229,0.8515348392
P1|largo|agg+ind|T1,3,investimento_ind,196,4.694709687,12.89609751,33.50133454,62.55250439,0.6140209631,0.8920431727,0.1428571429,1.232374677,1.193262784
P1|largo|agg+ind|T1,3,investimento_tipo,4,171.1477005,180.8112116,188.6883378,199.7944315,0.2542914489,0.3066989841,0.25,1.18168054,1.182872674
P1|largo|agg+ind|T1,3,produzione,71,30.03183087,46.28049929,51.76518216,70.38409519,0.078359644,0.08511699277,0.8169014085,0.8020919028,0.8838585051
P1|largo|agg+ind|T1,3,scorte,11,47.86872561,60.34930836,62.52529964,72.70731775,0.2100108734,0.2156524716,0.09090909091,1.767360267,1.869459002
P1|largo|agg+ind|T1,3,stock_ind,196,10.31596792,36.04905047,215.8156553,307.1625565,0.2396124921,0.3942207909,0.6989795918,1.357385076,1.553751633
P1|largo|agg+ind|T1,3,stock_tipo,4,350.0286679,372.4007339,379.4745079,394.4301917,0.05188301616,0.05558626499,1,0.8346240991,1.070988551
P1|largo|agg+ind|T1,4,aggregati,5,537.0877421,710.2809933,902.3253928,1081.893018,0.1129164858,0.1248428002,0.8,0.4960239066,0.4300792538
P1|largo|agg+ind|T1,4,consumo,71,14.74825446,27.46787191,36.05449131,44.90765412,0.1337760808,0.1550330202,0.746031746,0.9302259788,0.9302230725
P1|largo|agg+ind|T1,4,importazioni,71,4.54117868,12.20402035,19.23868426,27.87605661,0.2334850616,0.2304982167,0.7555555556,0.8140291114,0.6111222971
P1|largo|agg+ind|T1,4,investimento_ind,196,4.941437363,11.56120667,28.16345924,49.1757381,0.6548137588,0.9883504597,0.1530612245,0.7964326873,0.7387983336
P1|largo|agg+ind|T1,4,investimento_tipo,4,180.7613606,197.344901,207.9815767,224.8958238,0.2550729211,0.3073348868,0.25,1.055851994,1.074296577
P1|largo|agg+ind|T1,4,produzione,71,37.28727358,58.29078681,69.15064558,92.02773709,0.08809110044,0.09789504205,0.8028169014,0.7648247431,0.8570623243
P1|largo|agg+ind|T1,4,scorte,11,56.59408275,67.57319519,71.0331867,79.45721976,0.2524757464,0.2705758883,0.1818181818,1.451447903,1.484860234
P1|largo|agg+ind|T1,4,stock_ind,196,13.41329458,44.17166431,261.7844057,371.4998885,0.2869302162,0.4891326711,0.693877551,1.096674993,1.164645711
P1|largo|agg+ind|T1,4,stock_tipo,4,482.417476,511.2890836,501.9984486,518.4810124,0.07235967782,0.07939927712,1,0.8086947896,0.9490061019
P1|largo|agg+ind|T1,5,aggregati,5,665.0879221,830.1044765,1152.26474,1308.601982,0.1187433921,0.1362998857,0.8,0.4824002016,0.4554776948
P1|largo|agg+ind|T1,5,consumo,71,17.29425343,32.51640916,45.18679051,56.1837444,0.1554621927,0.1901913934,0.746031746,0.8275169447,0.8647059914
P1|largo|agg+ind|T1,5,importazioni,71,6.127479934,20.14557674,31.46841889,55.33823107,0.2818149944,0.3042325746,0.7111111111,1.168014794,0.8865453891
P1|largo|agg+ind|T1,5,investimento_ind,196,5.77058863,12.16782365,26.27397378,39.00279111,0.7029603531,1.13502183,0.1428571429,0.6591320741,0.5337927425
P1|largo|agg+ind|T1,5,investimento_tipo,4,183.3195999,207.4321886,216.5983816,236.7676024,0.2496427746,0.297225911,0.25,0.985017161,1.005032451
P1|largo|agg+ind|T1,5,produzione,71,47.37029991,73.82137454,85.99984455,115.4018523,0.1143765541,0.1278176906,0.7323943662,0.7956400279,0.854960666
P1|largo|agg+ind|T1,5,scorte,11,43.36409137,51.61850697,51.41087375,56.85646468,0.1887364124,0.2182564644,0,1,1
P1|largo|agg+ind|T1,5,stock_ind,196,16.70476841,50.34411888,290.6316904,408.2190578,0.3303551962,0.5807525777,0.6479591837,0.8919574283,0.8938091915
P1|largo|agg+ind|T1,5,stock_tipo,4,600.8646592,632.7811515,596.524778,615.808761,0.09318873198,0.1048003788,1,0.7795677038,0.8423183727
P1|largo|agg+ind|T2,1,aggregati,5,181.0231564,221.0397165,171.7204053,213.216947,0.04349310112,0.04431966949,0.8,0.6290993667,0.3423045545
P1|largo|agg+ind|T2,1,consumo,71,10.52695739,21.37448798,18.90057618,31.73254004,0.1510257853,0.1465049006,0.619047619,2.782573644,1.886861978
P1|largo|agg+ind|T2,1,importazioni,71,7.023627903,22.3086561,37.83257408,57.80671999,0.1918511016,0.1683152882,0.7333333333,3.236894764,2.989947656
P1|largo|agg+ind|T2,1,investimento_ind,196,2.181416713,5.209475896,12.52234712,21.38306053,0.3714727897,0.5056369802,0.08163265306,1.179652196,1.059290049
P1|largo|agg+ind|T2,1,investimento_tipo,4,49.06226729,49.08820148,48.53605144,48.56527171,0.09131609114,0.09620660694,0.5,0.8225948074,0.8023801992
P1|largo|agg+ind|T2,1,produzione,71,20.20618335,40.59878151,29.89250056,53.81891698,0.06016530358,0.06131966267,0.6056338028,1.933816675,1.340263937
P1|largo|agg+ind|T2,1,scorte,11,37.11945574,44.88021069,43.9339084,50.61033393,0.1912742156,0.1892891217,0,3.392099723,3.678593704
P1|largo|agg+ind|T2,1,stock_ind,196,1.990570022,4.406868878,17.24013183,22.83140293,0.09505289069,0.1414446685,0.7653061224,0.7139153851,0.8839683008
P1|largo|agg+ind|T2,1,stock_tipo,4,36.02863635,36.30916508,35.67214443,35.91352485,0.006896490317,0.007066793627,0.75,0.2960914275,0.4582522116
P1|largo|agg+ind|T2,2,aggregati,5,324.6974979,344.6418227,326.798293,339.5167538,0.08363901968,0.08644530687,0.8,0.52005842,0.3428106075
P1|largo|agg+ind|T2,2,consumo,71,11.96372688,24.00791673,22.71235499,32.65898566,0.1106729576,0.121649907,0.6031746032,1.977151739,1.361024662
P1|largo|agg+ind|T2,2,importazioni,71,5.278972782,15.61047421,26.02749403,38.58427831,0.2286277535,0.1893847462,0.6666666667,2.0049717,1.816121914
P1|largo|agg+ind|T2,2,investimento_ind,196,2.973579427,8.777881652,22.1533408,43.18897581,0.4640346815,0.7365067515,0.1173469388,1.065847691,1.022932527
P1|largo|agg+ind|T2,2,investimento_tipo,4,73.1039011,75.39119936,70.0617475,71.798303,0.1340075153,0.1479930984,0.75,0.7376290637,0.6710447025
P1|largo|agg+ind|T2,2,produzione,71,23.96215836,41.13933439,40.96858985,59.31093378,0.06413007161,0.06690557411,0.6901408451,1.10929357,1.048025391
P1|largo|agg+ind|T2,2,scorte,11,39.12453768,48.27158652,49.81674557,57.49514449,0.1849020853,0.1846818827,0.1818181818,2.06633584,2.225102248
P1|largo|agg+ind|T2,2,stock_ind,196,4.406211286,12.71374427,70.01721164,98.32624143,0.1726785788,0.2757261795,0.7551020408,0.8361102255,0.9404597809
P1|largo|agg+ind|T2,2,stock_tipo,4,97.38438187,101.7397504,113.3422144,117.4032951,0.01511233823,0.01584988821,0.75,0.3784958466,0.5650684457
P1|largo|agg+ind|T2,3,aggregati,5,445.2240648,496.468004,624.5776029,670.7354269,0.1007992542,0.1084088707,0.8,0.4599342938,0.3983008027
P1|largo|agg+ind|T2,3,consumo,71,12.93705423,25.20658032,26.67331161,35.46636053,0.1305109846,0.1606159847,0.6825396825,1.318816386,1.068837456
P1|largo|agg+ind|T2,3,importazioni,71,4.504994776,11.42992355,19.3139589,26.97346927,0.3286309243,0.2771075824,0.7333333333,0.9303434903,0.7684862681
P1|largo|agg+ind|T2,3,investimento_ind,196,3.846569895,10.74125354,28.13280432,52.45313601,0.4979436151,0.8652785895,0.1071428571,1.026453844,1.002044512
P1|largo|agg+ind|T2,3,investimento_tipo,4,120.7067649,121.3047709,123.2692252,123.9508736,0.2023776089,0.231337344,0.75,0.7927798606,0.7727652901
P1|largo|agg+ind|T2,3,produzione,71,32.29150992,52.4787206,57.9240687,78.44247304,0.07862418694,0.08617925099,0.8028169014,0.9095138884,0.9890176878
P1|largo|agg+ind|T2,3,scorte,11,43.54003308,54.82998337,55.16563387,64.80347574,0.1994152681,0.2061145713,0.09090909091,1.60572402,1.649410582
P1|largo|agg+ind|T2,3,stock_ind,196,7.302409647,22.79078003,132.7302414,186.6658853,0.2291257254,0.3908174499,0.7346938776,0.8581603199,0.9555832682
P1|largo|agg+ind|T2,3,stock_tipo,4,198.214447,204.4711867,227.2407236,232.0982274,0.02931650914,0.03155627759,0.75,0.4582605899,0.6413400856
P1|largo|agg+ind|T2,4,aggregati,5,520.3505726,642.5179296,806.034611,935.4929841,0.1136076714,0.126854054,0.8,0.4487016498,0.3841837621
P1|largo|agg+ind|T2,4,consumo,71,15.75580492,29.19707433,34.26723527,44.24459534,0.1492739456,0.174781953,0.7301587302,0.9887870866,0.8841110142
P1|largo|agg+ind|T2,4,importazioni,71,5.284162531,13.80382568,23.56468078,32.88922998,0.3183962447,0.2762511059,0.7555555556,0.9207388742,0.7485388116
P1|largo|agg+ind|T2,4,investimento_ind,196,4.543458908,14.55380547,37.57475646,74.3638287,0.539412384,0.9577664449,0.1326530612,1.002587942,0.985680318
P1|largo|agg+ind|T2,4,investimento_tipo,4,152.6325745,155.7496086,157.3501079,159.912861,0.2459160889,0.2903315112,0.75,0.8333052132,0.812767578
P1|largo|agg+ind|T2,4,produzione,71,42.16538617,69.23138774,76.84304869,106.3796987,0.09725133383,0.1081748051,0.7605633803,0.9083747405,0.9524029944
P1|largo|agg+ind|T2,4,scorte,11,56.61115178,63.75066218,68.40157349,72.89149792,0.2598308315,0.2799367156,0,1.36934127,1.42984964
P1|largo|agg+ind|T2,4,stock_ind,196,10.33268627,35.94189634,217.3146128,309.1070017,0.2701217879,0.4869682933,0.7397959184,0.8923498705,0.9668052267
P1|largo|agg+ind|T2,4,stock_tipo,4,320.2091038,332.2232088,367.2513952,377.1981938,0.04575779014,0.05046148262,0.75,0.5254702017,0.6942726934
P1|largo|agg+ind|T2,5,aggregati,5,612.7801681,779.3255408,1012.116323,1187.803972,0.1233680507,0.1412472775,0.8,0.4528909416,0.4000785529
P1|largo|agg+ind|T2,5,consumo,71,19.46809125,35.11055125,45.61508132,56.71270101,0.1875977658,0.2307671907,0.7301587302,0.893535813,0.872901874
P1|largo|agg+ind|T2,5,importazioni,71,7.763289543,22.05655389,41.58329823,60.22885056,0.3283395952,0.3263019495,0.7111111111,1.278810808,1.171507264
P1|largo|agg+ind|T2,5,investimento_ind,196,5.814947506,18.61820427,49.05903287,92.46163138,0.5915894634,1.101769377,0.1326530612,1.008549758,0.9967032747
P1|largo|agg+ind|T2,5,investimento_tipo,4,175.2569923,183.8091433,179.2660125,185.6455692,0.2741621903,0.3327063785,0.75,0.8728402361,0.8318075074
P1|largo|agg+ind|T2,5,produzione,71,52.35617324,85.39699747,94.78065087,132.1794063,0.1215825119,0.1362470017,0.7042253521,0.920401034,0.9422543589
P1|largo|agg+ind|T2,5,scorte,11,43.36409137,51.61850697,51.41087375,56.85646468,0.1887364124,0.2182564644,0,1,1
P1|largo|agg+ind|T2,5,stock_ind,196,14.0324218,52.30980222,319.5085961,455.5796446,0.3064771308,0.5779361055,0.693877551,0.9267838568,0.9826172761
P1|largo|agg+ind|T2,5,stock_tipo,4,451.4284677,471.0761767,516.2056055,536.8007631,0.06460945238,0.07303175267,0.75,0.5803519471,0.7289042829
P1|largo|agg+ind|T3,1,aggregati,5,108.521157,186.1205372,260.1195596,317.3617746,0.01288897372,0.01308108461,0.8,0.5297161702,0.5185179352
P1|largo|agg+ind|T3,1,consumo,71,5.340076806,10.79813793,10.67757715,14.84185732,0.09931250922,0.08538646479,0.619047619,1.405723218,1.06595239
P1|largo|agg+ind|T3,1,importazioni,71,3.806380226,15.67292206,21.48652495,44.58992666,0.1440223717,0.1292045344,0.6444444444,2.274076892,1.698102402
P1|largo|agg+ind|T3,1,investimento_ind,196,2.905774066,12.57867299,32.09091973,68.29775574,0.4234228546,0.5148563196,0.1020408163,2.848359319,2.714634213
P1|largo|agg+ind|T3,1,investimento_tipo,4,82.76900076,96.51191081,70.81972364,83.28486629,0.153318075,0.1841856235,0.5,1.617296912,1.170765694
P1|largo|agg+ind|T3,1,produzione,71,15.99103178,27.17645797,23.25075112,34.95309868,0.05136316097,0.05137443759,0.6056338028,1.294479431,1.042473619
P1|largo|agg+ind|T3,1,scorte,11,32.86343581,37.63889319,40.29174963,44.26214549,0.1647845494,0.1677133491,0.4545454545,2.84479233,3.373635125
P1|largo|agg+ind|T3,1,stock_ind,196,2.883540906,13.6696509,85.41125758,123.367092,0.09469484554,0.1328185169,0.7602040816,2.214491595,4.37936583
P1|largo|agg+ind|T3,1,stock_tipo,4,77.9968608,99.60508648,110.1636738,129.0964424,0.009294167871,0.009479836487,1,0.8122525588,1.415186778
P1|largo|agg+ind|T3,2,aggregati,5,247.5200661,301.6443768,392.216752,434.8293466,0.05311373172,0.05465489731,0.8,0.455176034,0.4114344105
P1|largo|agg+ind|T3,2,consumo,71,7.962430366,18.50478244,14.44422364,24.97438747,0.08394216427,0.08996406038,0.6031746032,1.523945755,0.8655617001
P1|largo|agg+ind|T3,2,importazioni,71,4.542573159,12.88355367,20.80236582,30.17419025,0.1739011378,0.1553987481,0.7111111111,1.654732596,1.451527849
P1|largo|agg+ind|T3,2,investimento_ind,196,3.417142545,11.92015515,30.40838194,62.56915366,0.5073654229,0.7233725449,0.1224489796,1.447395892,1.404109803
P1|largo|agg+ind|T3,2,investimento_tipo,4,90.47111417,97.44456078,81.90785632,87.90214857,0.15476419,0.1922910165,0.5,0.9533996107,0.7845055974
P1|largo|agg+ind|T3,2,produzione,71,21.75921085,35.1681751,35.84468898,51.00298435,0.06137612161,0.06335842747,0.7464788732,0.948285408,0.9169498955
P1|largo|agg+ind|T3,2,scorte,11,39.4111539,49.92246718,51.32771413,60.60664258,0.1800965968,0.1817361026,0.2727272727,2.137004201,2.29259079
P1|largo|agg+ind|T3,2,stock_ind,196,5.60113648,24.31109306,150.6552281,217.0184018,0.170387286,0.2564601038,0.7448979592,1.598801507,2.023576483
P1|largo|agg+ind|T3,2,stock_tipo,4,151.3963269,182.661084,206.6865113,233.0763046,0.01839833389,0.01921277392,1,0.6795422767,1.030437126
P1|largo|agg+ind|T3,3,aggregati,5,400.6705985,552.0274979,726.4238537,871.4107502,0.07908621484,0.08447957587,0.8,0.5114053179,0.4632494068
P1|largo|agg+ind|T3,3,consumo,71,9.676918478,20.32096802,22.76402237,30.61028489,0.1035446461,0.127654331,0.6984126984,1.06319958,0.9121866867
P1|largo|agg+ind|T3,3,importazioni,71,4.209951847,11.49459244,18.02995722,26.4028563,0.1942913462,0.1927530921,0.8,0.9356072428,0.7173969151
P1|largo|agg+ind|T3,3,investimento_ind,196,4.066329044,12.27553753,32.27455121,62.15068563,0.5363702876,0.8419095358,0.1224489796,1.17307283,1.149566767
P1|largo|agg+ind|T3,3,investimento_tipo,4,133.3494773,134.1761248,133.068426,133.8896471,0.2102696526,0.2614377623,0.5,0.8768998015,0.8341957259
P1|largo|agg+ind|T3,3,produzione,71,26.59928642,41.82533679,45.98866936,63.84116727,0.07269183619,0.07838557756,0.8450704225,0.7248790416,0.7852281177
P1|largo|agg+ind|T3,3,scorte,11,47.74556235,58.40828946,61.58685271,69.84391209,0.2118794605,0.2180265378,0,1.710516539,1.841400151
P1|largo|agg+ind|T3,3,stock_ind,196,8.591250092,34.71513249,214.9206657,307.1989754,0.2262504003,0.364510764,0.7244897959,1.307157946,1.547308209
P1|largo|agg+ind|T3,3,stock_tipo,4,259.4500418,286.6185261,329.2963736,350.5599696,0.03325635636,0.03569580283,1,0.6423691133,0.9293711141
P1|largo|agg+ind|T3,4,aggregati,5,565.4669575,734.3471551,1005.643834,1160.204147,0.1036198525,0.1145006973,0.8,0.5128304828,0.4793243694
P1|largo|agg+ind|T3,4,consumo,71,13.13416118,24.97215194,33.97881678,42.65756965,0.1255023797,0.1443577816,0.746031746,0.8457060144,0.8766696798
P1|largo|agg+ind|T3,4,importazioni,71,4.520823544,11.25953617,18.52770994,24.15153933,0.228723203,0.2251767118,0.7555555556,0.751030395,0.588537995
P1|largo|agg+ind|T3,4,investimento_ind,196,4.267467003,10.72393044,26.84017237,48.5353121,0.5774477885,0.9351983118,0.1428571429,0.7387540923,0.7040851924
P1|largo|agg+ind|T3,4,investimento_tipo,4,142.9631374,145.4564801,152.3616649,154.9054298,0.2112393471,0.2620736649,0.5,0.7782340144,0.7870005491
P1|largo|agg+ind|T3,4,produzione,71,37.49837632,57.06486342,68.53970545,89.45677864,0.08857627036,0.09832547467,0.7887323944,0.7487395846,0.8494902508
P1|largo|agg+ind|T3,4,scorte,11,55.32409952,66.01560298,69.0039099,77.27562583,0.2490348899,0.2676099951,0.09090909091,1.417991383,1.442440732
P1|largo|agg+ind|T3,4,stock_ind,196,11.22616215,42.33868185,260.5725481,371.3955824,0.2669892213,0.4559225008,0.7295918367,1.051166497,1.15925431
P1|largo|agg+ind|T3,4,stock_tipo,4,365.8545181,385.9138156,437.1949389,451.1055527,0.04889383239,0.05393004319,1,0.6103914633,0.8264979023
P1|largo|agg+ind|T3,5,aggregati,5,686.1947884,862.6474705,1238.169793,1384.471756,0.1106501543,0.1269302465,0.8,0.501311974,0.4894350261
P1|largo|agg+ind|T3,5,consumo,71,15.72903253,31.24105486,42.92009024,55.10953838,0.1486079137,0.1818385476,0.7619047619,0.7950601847,0.8213298349
P1|largo|agg+ind|T3,5,importazioni,71,6.846880941,20.3598099,36.0084256,55.92703093,0.2840839401,0.3070308299,0.7111111111,1.180435759,1.014448924
P1|largo|agg+ind|T3,5,investimento_ind,196,5.133474546,11.34550025,25.04010036,38.07737103,0.6273518978,1.081889775,0.137755102,0.6145867435,0.508724868
P1|largo|agg+ind|T3,5,investimento_tipo,4,145.5213766,156.7727023,160.9784697,169.8120711,0.2059125938,0.2519646891,0.5,0.7444543838,0.7469519614
P1|largo|agg+ind|T3,5,produzione,71,46.97669118,72.67907452,84.28316111,113.3524364,0.1136693457,0.1270662804,0.7323943662,0.7833284227,0.8378943931
P1|largo|agg+ind|T3,5,scorte,11,43.36409137,51.61850697,51.41087375,56.85646468,0.1887364124,0.2182564644,0,1,1
P1|largo|agg+ind|T3,5,stock_ind,196,14.15288506,48.0005076,289.1167722,407.9575214,0.3037886676,0.5441450107,0.6836734694,0.8504351702,0.8891502097
P1|largo|agg+ind|T3,5,stock_tipo,4,461.9399799,472.5337521,519.035198,526.0337581,0.06574892379,0.07459731481,1,0.5821476369,0.732899788
P1|largo|agg|T1,1,aggregati,5,210.0521159,279.8240568,191.9078651,257.912514,0.05232413879,0.05135469614,0.8,0.7964050066,0.3825458957
P1|largo|agg|T1,1,consumo,71,11.91225384,23.13464585,20.55897348,31.20219748,0.1468586305,0.1408773022,0.619047619,3.011714521,2.052421312
P1|largo|agg|T1,1,importazioni,71,7.323404993,23.3641371,38.43199988,59.03303705,0.2084835664,0.1851000349,0.6666666667,3.39004074,3.0373209
P1|largo|agg|T1,1,investimento_ind,196,12.5014897,25.12459567,52.66576729,81.24130808,1.774371501,2.592408915,0.3724489796,5.689302539,4.455101161
P1|largo|agg|T1,1,investimento_tipo,4,112.0353457,122.0519675,111.32978,119.8321856,0.18977907,0.2237579436,0.25,2.045284034,1.840463086
P1|largo|agg|T1,1,produzione,71,21.69713699,42.54013189,34.32318567,59.89219572,0.0632843316,0.06277611383,0.6478873239,2.026287818,1.538918695
P1|largo|agg|T1,1,scorte,11,34.89645262,44.52684537,45.19713933,54.66478659,0.1763597206,0.168088927,0.09090909091,3.365391952,3.784364248
P1|largo|agg|T1,1,stock_ind,196,12.47064849,25.66589692,101.6661512,134.5786798,0.2729514033,0.4572519485,0.4642857143,4.1578906,5.212817151
P1|largo|agg|T1,1,stock_tipo,4,107.2632057,121.712608,130.5023748,144.918193,0.01505417616,0.01537141823,1,0.9925334212,1.676462204
P1|largo|agg|T1,2,aggregati,5,284.5607303,327.5805517,188.0945034,266.5361062,0.0838571806,0.08681853733,0.8,0.4943132635,0.1973106725
P1|largo|agg|T1,2,consumo,71,11.45877107,23.58636944,18.23350305,30.54677512,0.1141888762,0.1272884953,0.6349206349,1.942435568,1.092632065
P1|largo|agg|T1,2,importazioni,71,8.900562926,28.71874322,52.45888569,78.08956076,0.2173291163,0.2118517674,0.6444444444,3.688566192,3.660426615
P1|largo|agg|T1,2,investimento_ind,196,11.16108124,23.30551939,51.9998841,77.176427,1.703400586,1.771270501,0.362244898,2.8298552,2.40109938
P1|largo|agg|T1,2,investimento_tipo,4,153.5757998,162.3834333,169.5699677,179.1100248,0.2408237648,0.2743668881,0.25,1.588762891,1.624124898
P1|largo|agg|T1,2,produzione,71,30.45821721,53.82625288,49.43245307,75.57530037,0.0838506913,0.0932511756,0.7464788732,1.451387512,1.264541107
P1|largo|agg|T1,2,scorte,11,38.04869369,48.34634502,48.42656164,57.56209519,0.1791422689,0.1788975642,0.2727272727,2.069535987,2.163008642
P1|largo|agg|T1,2,stock_ind,196,20.00865478,39.37452272,174.2053081,226.0091791,0.4220061567,0.6789023436,0.4591836735,2.589437098,2.33989732
P1|largo|agg|T1,2,stock_tipo,4,226.4100898,244.8507748,254.4056945,268.2240756,0.03298556829,0.03444778548,1,0.9109025813,1.268341466
P1|largo|agg|T1,3,aggregati,5,477.5465388,504.6705819,540.4356609,548.086082,0.1143513657,0.1223873808,0.8,0.4675332665,0.3446424537
P1|largo|agg|T1,3,consumo,71,16.4586562,28.79347594,31.04981667,39.45728639,0.1605795,0.1974986815,0.6984126984,1.506483918,1.244210225
P1|largo|agg|T1,3,importazioni,71,7.807187804,22.58930952,40.16569266,58.31050901,0.2357650057,0.2455521642,0.7555555556,1.83866646,1.598159311
P1|largo|agg|T1,3,investimento_ind,196,11.20602556,22.53800254,51.77806809,74.01205278,1.626532365,3.580377953,0.3775510204,2.153772765,1.844250163
P1|largo|agg|T1,3,investimento_tipo,4,215.1286268,228.6402969,241.6825179,255.6230681,0.3305552086,0.3749502719,0.25,1.494264582,1.515089113
P1|largo|agg|T1,3,produzione,71,36.33750211,60.03550849,64.23982245,91.569693,0.09121834949,0.1016744067,0.7746478873,1.040481325,1.096855281
P1|largo|agg|T1,3,scorte,11,45.6205438,58.87453945,59.15102186,70.51415711,0.2023127073,0.2083835687,0.09090909091,1.724170907,1.768570658
P1|largo|agg|T1,3,stock_ind,196,25.80441586,52.74719338,242.9378323,314.6827523,0.5013281533,2.015727797,0.4540816327,1.98613423,1.74901609
P1|largo|agg|T1,3,stock_tipo,4,393.364121,417.5560963,416.819583,428.6059706,0.05871082883,0.06262298929,0.75,0.9358262459,1.176387325
P1|largo|agg|T1,4,aggregati,5,556.1431558,601.5846801,707.8059327,743.0219859,0.1304747962,0.1440576296,0.8,0.4201159626,0.3373646024
P1|largo|agg|T1,4,consumo,71,19.20363182,32.88735041,41.72222112,50.45208344,0.179565891,0.212563731,0.746031746,1.113761846,1.076453205
P1|largo|agg|T1,4,importazioni,71,7.92139014,26.53113275,42.85457972,73.41024118,0.2985245664,0.2822672786,0.7555555556,1.769672108,1.361287958
P1|largo|agg|T1,4,investimento_ind,196,12.89233561,26.57335905,54.54735155,77.50644098,1.648956221,4.921247085,0.362244898,1.830595401,1.430914153
P1|largo|agg|T1,4,investimento_tipo,4,226.582677,243.0985581,255.986296,270.0409974,0.3467344026,0.3880861746,0.25,1.300647223,1.322257509
P1|largo|agg|T1,4,produzione,71,45.41838643,77.80650631,84.15805756,120.5622035,0.1077226886,0.1233828859,0.7323943662,1.020887596,1.04306619
P1|largo|agg|T1,4,scorte,11,54.71405506,66.87029068,68.38951925,78.61631702,0.2464050788,0.2649204385,0.09090909091,1.436349767,1.429597661
P1|largo|agg|T1,4,stock_ind,196,31.60475066,68.67390669,299.1895447,383.3396523,0.5232755615,3.406827448,0.4948979592,1.705006079,1.331056443
P1|largo|agg|T1,4,stock_tipo,4,563.0249542,586.9311603,567.6456515,579.3697886,0.08831346759,0.095856199,0.75,0.928336212,1.073109267
P1|largo|agg|T1,5,aggregati,5,536.0189085,586.8847528,659.3731517,708.6436541,0.1295435637,0.1477575437,1,0.3410574586,0.2606430212
P1|largo|agg|T1,5,consumo,71,22.20779759,39.06512165,52.58771504,63.65252237,0.193178276,0.2384976416,0.7619047619,0.9941765081,1.006331978
P1|largo|agg|T1,5,importazioni,71,10.70048875,33.73188008,52.40941862,86.47484949,0.3444093645,0.3947429909,0.6,1.955731299,1.476506608
P1|largo|agg|T1,5,investimento_ind,196,20.29829222,70.25188527,69.10882541,114.665289,1.98321646,2.146078705,0.1326530612,3.805550785,1.404043018
P1|largo|agg|T1,5,investimento_tipo,4,241.2766595,266.3534706,271.2816072,290.3766978,0.3716024946,0.4091823918,0.25,1.264812087,1.258766647
P1|largo|agg|T1,5,produzione,71,62.57618613,104.9721439,104.3467899,151.1102958,0.1547513235,0.1846021018,0.6901408451,1.131380174,1.037355375
P1|largo|agg|T1,5,scorte,11,43.28950712,51.5682675,51.37793248,56.83632607,0.1879520335,0.2174484749,0.09090909091,0.999026716,0.9993592547
P1|largo|agg|T1,5,stock_ind,196,42.48089349,107.4881988,348.5766188,442.8134896,0.5860403934,1.758777845,0.4183673469,1.904391209,1.072013122
P1|largo|agg|T1,5,stock_tipo,4,736.6068218,755.5754996,708.1119633,721.9907712,0.1231345178,0.1354179547,0.5,0.9308467167,0.9998842271
P1|largo|agg|T2,1,aggregati,5,212.9590936,263.6721774,203.127065,251.6176692,0.05204053146,0.05210859938,0.8,0.750435272,0.4049100593
P1|largo|agg|T2,1,consumo,71,11.26871407,23.20587986,18.9848822,30.40666912,0.1364184679,0.1296331359,0.619047619,3.020987908,1.895278326
P1|largo|agg|T2,1,importazioni,71,6.997710439,22.50705494,36.5321585,56.26407252,0.2295854857,0.1982120034,0.6666666667,3.265681625,2.887174461
P1|largo|agg|T2,1,investimento_ind,196,14.21401827,29.12500147,34.51409506,48.91205888,1.805596748,3.24625361,0.3469387755,6.595168614,2.919615395
P1|largo|agg|T2,1,investimento_tipo,4,42.20606677,44.11261999,45.02974456,46.61629832,0.07205416225,0.07608840759,0.75,0.7392165745,0.74441522
P1|largo|agg|T2,1,produzione,71,22.80179325,43.25453193,34.50682229,58.42297715,0.07275917404,0.0704363998,0.6197183099,2.060316394,1.54715225
P1|largo|agg|T2,1,scorte,11,37.75192526,44.0599972,47.27751172,52.68742053,0.1914230252,0.1844143585,0,3.330107011,3.958554186
P1|largo|agg|T2,1,stock_ind,196,14.01440898,29.0003392,24.51159087,39.34645576,0.2817556324,0.5545405146,0.4387755102,4.698072237,1.256804156
P1|largo|agg|T2,1,stock_tipo,4,29.17243584,32.58523801,20.98681291,23.18671604,0.007480677855,0.007670841556,1,0.2657238088,0.2696012136
P1|largo|agg|T2,2,aggregati,5,290.8823918,319.7303237,276.1781036,305.0487335,0.07405072651,0.07677482554,0.8,0.4824674082,0.289710153
P1|largo|agg|T2,2,consumo,71,12.122604,24.09558163,21.68887138,31.78242526,0.1157565127,0.1290228498,0.619047619,1.984371308,1.299693002
P1|largo|agg|T2,2,importazioni,71,10.13348595,32.30649138,59.1478908,86.82558639,0.3693017515,0.3126178771,0.6444444444,4.149367922,4.1271657
P1|largo|agg|T2,2,investimento_ind,196,11.41377425,27.84165072,46.08502148,78.85021379,1.663747181,1.541976731,0.3520408163,3.380651541,2.12798006
P1|largo|agg|T2,2,investimento_tipo,4,53.37255295,57.54497802,56.52097614,59.58944993,0.08676753013,0.09813683528,0.75,0.5630212627,0.5413524923
P1|largo|agg|T2,2,produzione,71,35.11614028,68.31827878,57.16623788,95.07073974,0.0953775153,0.1132563946,0.7605633803,1.842154922,1.462380546
P1|largo|agg|T2,2,scorte,11,36.33782158,45.96120392,45.42119636,54.16101516,0.1751841455,0.1752921691,0.2727272727,1.967436535,2.028771751
P1|largo|agg|T2,2,stock_ind,196,20.67345148,37.29397934,66.78737883,78.63882197,0.4312578205,0.6714396277,0.4693877551,2.452611663,0.8970771928
P1|largo|agg|T2,2,stock_tipo,4,58.08722084,61.82363701,62.56717736,67.77688775,0.009917934693,0.01048886979,1,0.2299984984,0.311929124
P1|largo|agg|T2,3,aggregati,5,288.350209,298.0069974,291.3277812,293.8872686,0.07452743874,0.0811515249,0.8,0.2760774849,0.1857833015
P1|largo|agg|T2,3,consumo,71,13.55789395,25.67540891,26.07741779,35.14975762,0.1349997133,0.1658129128,0.6825396825,1.343345649,1.044959144
P1|largo|agg|T2,3,importazioni,71,7.470061285,22.55548787,37.56363292,59.26171428,0.2868199667,0.3025704538,0.8,1.835913532,1.494625531
P1|largo|agg|T2,3,investimento_ind,196,12.76465044,32.54510321,53.04179865,88.25131365,1.607744928,1.851787328,0.3316326531,3.110069617,1.88926218
P1|largo|agg|T2,3,investimento_tipo,4,73.36631582,75.6858172,79.20538049,81.36231616,0.1113413549,0.1328699183,1,0.4946399978,0.4965324373
P1|largo|agg|T2,3,produzione,71,43.77767087,77.97325097,74.45595297,111.4635974,0.1065031694,0.1317752771,0.7887323944,1.351362111,1.271289398
P1|largo|agg|T2,3,scorte,11,35.74102431,48.96593208,45.28490836,57.6253747,0.1657668274,0.1731338071,0.2727272727,1.433992288,1.353984388
P1|largo|agg|T2,3,stock_ind,196,27.0716491,57.17683444,119.8374939,154.0259072,0.5161693315,0.8585052372,0.443877551,2.152927213,0.8627627198
P1|largo|agg|T2,3,stock_tipo,4,96.10872832,109.3406611,120.7028553,128.5168553,0.01090372728,0.01179555449,1,0.2450541646,0.3406589204
P1|largo|agg|T2,4,aggregati,5,336.7333359,393.9308571,472.5140744,539.1204266,0.07827514003,0.08881254757,0.8,0.2751011564,0.2252164265
P1|largo|agg|T2,4,consumo,71,16.03079346,29.28283163,32.72508378,43.5539711,0.1449371529,0.1688277521,0.7301587302,0.9916913405,0.8443227703
P1|largo|agg|T2,4,importazioni,71,7.403431153,19.31483145,33.76585672,46.47329677,0.3166587927,0.3441887367,0.7333333333,1.288332421,1.072582077
P1|largo|agg|T2,4,investimento_ind,196,15.41230635,41.8858303,68.27282989,111.6833262,1.652467443,3.547154702,0.3520408163,2.885446593,1.790967953
P1|largo|agg|T2,4,investimento_tipo,4,77.90645254,84.68961762,81.82695823,86.74556886,0.1152307342,0.1456776984,1,0.4531138184,0.4226644616
P1|largo|agg|T2,4,produzione,71,54.97271965,97.66017254,91.91906715,138.1860854,0.1309647061,0.1706259068,0.7042253521,1.281384597,1.139257178
P1|largo|agg|T2,4,scorte,11,43.76048862,53.74907894,53.18573173,62.32169548,0.2046981329,0.2239490293,0.2727272727,1.154510863,1.111781432
P1|largo|agg|T2,4,stock_ind,196,34.13393926,87.43665226,194.4455731,258.631913,0.560192377,2.033851276,0.4693877551,2.170839417,0.8650637618
P1|largo|agg|T2,4,stock_tipo,4,146.0500166,172.9150559,193.4641063,210.3588203,0.01468680821,0.01621776394,1,0.2734959716,0.3657354278
P1|largo|agg|T2,5,aggregati,5,339.8905034,366.077193,385.2608083,419.6519983,0.08761609273,0.1011996108,1,0.2127391391,0.1522893991
P1|largo|agg|T2,5,consumo,71,21.85909837,38.6061849,46.34639548,59.14799846,0.1857604897,0.2284264771,0.7619047619,0.9824969302,0.8868964891
P1|largo|agg|T2,5,importazioni,71,12.55481225,42.27708903,63.87419307,109.1864289,0.4022126484,0.5036510441,0.6222222222,2.451171594,1.799498461
P1|largo|agg|T2,5,investimento_ind,196,23.96413971,90.35894278,101.0500667,173.8233481,1.981938474,2.16437217,0.137755102,4.894751853,2.052974273
P1|largo|agg|T2,5,investimento_tipo,4,90.51433493,108.4377858,84.24810538,99.98750428,0.1415648857,0.1856310483,1,0.514930111,0.3909174169
P1|largo|agg|T2,5,produzione,71,76.36245064,136.5288594,117.1536109,181.3391499,0.1816796839,0.2489173797,0.676056338,1.471495568,1.164673375
P1|largo|agg|T2,5,scorte,11,42.6194875,51.01495715,50.54230653,56.13440193,0.1839262827,0.2132611797,0.1818181818,0.9883074916,0.9831053792
P1|largo|agg|T2,5,stock_ind,196,48.04470171,147.8743385,301.3382718,404.7728466,0.6151367769,1.289929296,0.4081632653,2.619921007,0.92673623
P1|largo|agg|T2,5,stock_tipo,4,197.7669519,250.2328726,278.2950579,319.5893746,0.01857236561,0.0208643649,1,0.308279514,0.392964465
P1|largo|agg|T3,1,aggregati,5,183.6914477,230.3089721,192.5090676,225.689208,0.04285839115,0.04273339865,0.8,0.6554805206,0.3837443227
P1|largo|agg|T3,1,consumo,71,10.65531783,20.80192273,17.63366653,26.77648956,0.136338622,0.128560726,0.619047619,2.708035954,1.760385218
P1|largo|agg|T3,1,importazioni,71,6.655222134,21.84431554,33.28081534,54.02547504,0.2008191874,0.1782680022,0.6444444444,3.169520847,2.630217431
P1|largo|agg|T3,1,investimento_ind,196,12.72679087,26.09945513,52.13533201,81.74125214,1.791917112,2.638245307,0.3520408163,5.910053172,4.410230594
P1|largo|agg|T3,1,investimento_tipo,4,112.0353456,122.0519675,111.32978,119.8321856,0.18977907,0.2237579436,0.25,2.045284034,1.840463086
P1|largo|agg|T3,1,produzione,71,20.84086218,41.88679521,33.16428567,58.89258641,0.05977835502,0.05957589315,0.6197183099,1.995167836,1.486958108
P1|largo|agg|T3,1,scorte,11,28.93371505,37.03652442,35.65148014,44.90147777,0.1573500062,0.150293332,0.1818181818,2.799264582,2.985104562
P1|largo|agg|T3,1,stock_ind,196,12.68976099,26.62263853,101.3976078,134.6936139,0.2795349728,0.4816371618,0.4540816327,4.312883311,5.199047893
P1|largo|agg|T3,1,stock_tipo,4,107.2632057,121.712608,130.5023748,144.9181929,0.01505417616,0.01537141823,1,0.9925334211,1.676462204
P1|largo|agg|T3,2,aggregati,5,258.8508698,305.5252453,166.0783319,250.7406609,0.07622759099,0.07878908235,0.8,0.4610321959,0.1742157627
P1|largo|agg|T3,2,consumo,71,11.17238863,23.52271981,18.19055182,30.53573217,0.1003111126,0.1105967554,0.6349206349,1.937193756,1.090058237
P1|largo|agg|T3,2,importazioni,71,9.209280925,29.67835616,54.3516679,80.31734924,0.2275397359,0.2228395718,0.6666666667,3.811816566,3.792499385
P1|largo|agg|T3,2,investimento_ind,196,11.18155397,23.24269751,52.67274509,76.37278424,1.693780357,1.727467729,0.3469387755,2.8222271,2.432168798
P1|largo|agg|T3,2,investimento_tipo,4,131.3515885,132.9166733,135.3222817,136.6428295,0.2147773878,0.2493668881,0.25,1.300459498,1.296103845
P1|largo|agg|T3,2,produzione,71,29.86429918,54.07055295,48.10036039,75.23691556,0.08337046209,0.09279486013,0.7183098592,1.457974894,1.230464587
P1|largo|agg|T3,2,scorte,11,38.27373246,48.58585331,48.79532431,58.01338542,0.1800789001,0.1797180529,0.2727272727,2.07978849,2.179479703
P1|largo|agg|T3,2,stock_ind,196,19.84879003,40.3934845,174.2440228,226.0837593,0.4112143986,0.6671183263,0.4693877551,2.656448385,2.34041733
P1|largo|agg|T3,2,stock_tipo,4,203.8686977,219.53078,240.9090368,254.6549613,0.028885555,0.03020286913,1,0.8167062339,1.201053779
P1|largo|agg|T3,3,aggregati,5,346.7604016,363.4937673,409.3512576,418.4782712,0.08478225582,0.09182431685,0.8,0.3367452641,0.2610483209
P1|largo|agg|T3,3,consumo,71,13.25927078,25.67668887,27.64399985,36.1240515,0.120404734,0.1481660093,0.6984126984,1.343412617,1.107734311
P1|largo|agg|T3,3,importazioni,71,7.219003302,22.88659612,36.87354359,61.16701944,0.2708532751,0.2644496443,0.8,1.862864229,1.467167454
P1|largo|agg|T3,3,investimento_ind,196,11.89127019,24.70192185,54.9070511,77.25249816,1.611307787,1.971503384,0.3367346939,2.360560854,1.955699424
P1|largo|agg|T3,3,investimento_tipo,4,160.4283668,161.5965802,164.528085,165.8291125,0.2583435108,0.3060136338,0.5,1.056104499,1.031413908
P1|largo|agg|T3,3,produzione,71,37.17698151,63.12730703,65.56240443,92.8863437,0.09145692255,0.105502957,0.8169014085,1.094065591,1.119437551
P1|largo|agg|T3,3,scorte,11,43.84363703,54.34344392,55.31841815,63.97188959,0.1982274831,0.2053379221,0,1.591475465,1.653978716
P1|largo|agg|T3,3,stock_ind,196,26.27869455,54.86449123,244.2459723,315.1922882,0.4938186174,0.8508674858,0.4642857143,2.065858619,1.758433964
P1|largo|agg|T3,3,stock_tipo,4,315.3072388,335.6548322,375.5909674,385.1047285,0.04093224783,0.04392797886,0.75,0.7522692264,1.060028059
P1|largo|agg|T3,4,aggregati,5,395.5231938,472.7100493,578.7598013,664.9289388,0.0897955584,0.101032201,0.8,0.3301165138,0.2758567867
P1|largo|agg|T3,4,consumo,71,15.93087702,28.61587913,37.45855436,46.31452299,0.1451058728,0.1688965468,0.746031746,0.9691043506,0.9664485689
P1|largo|agg|T3,4,importazioni,71,7.307757524,21.64280185,36.23267038,56.29630586,0.2979424807,0.2955396723,0.7333333333,1.443612044,1.150941117
P1|largo|agg|T3,4,investimento_ind,196,13.76689383,31.74912645,58.3917749,86.95356415,1.630281111,3.703513526,0.3724489796,2.187145583,1.531763042
P1|largo|agg|T3,4,investimento_tipo,4,145.9774255,148.5599733,154.5630988,157.0178653,0.2213136965,0.2691495365,0.75,0.7948385963,0.7983717143
P1|largo|agg|T3,4,produzione,71,48.06147231,81.05900339,85.21353316,120.3206017,0.1145958575,0.1390994566,0.7605633803,1.063563126,1.056147895
P1|largo|agg|T3,4,scorte,11,48.51053643,58.44553846,62.34782548,70.34676155,0.2103532103,0.2262092055,0.1818181818,1.255389123,1.303303583
P1|largo|agg|T3,4,stock_ind,196,32.81865173,75.41024728,301.8229448,386.616185,0.5345824538,2.133474831,0.4693877551,1.872253032,1.342772107
P1|largo|agg|T3,4,stock_tipo,4,406.3905707,434.6129233,484.008229,493.1316719,0.04973670881,0.05477864497,0.75,0.6874177795,0.914996379
P1|largo|agg|T3,5,aggregati,5,362.6965446,420.3529998,474.2599021,549.0832162,0.08912924991,0.10295667,1,0.2442805425,0.187469771
P1|largo|agg|T3,5,consumo,71,20.26317124,37.0259824,49.19458168,60.56443131,0.1744238435,0.214500475,0.7619047619,0.942282024,0.9414001093
P1|largo|agg|T3,5,importazioni,71,12.55439473,38.7376852,66.64419792,101.2649845,0.3982005256,0.4667620864,0.5777777778,2.245961483,1.877536542
P1|largo|agg|T3,5,investimento_ind,196,22.14157486,77.66890153,77.09161003,131.6765998,1.980551156,2.218705296,0.137755102,4.207331206,1.566224519
P1|largo|agg|T3,5,investimento_tipo,4,129.2501957,134.9939633,137.0891056,141.8891714,0.1867661972,0.2340405607,0.75,0.6410353734,0.6361035514
P1|largo|agg|T3,5,produzione,71,70.01807939,115.8322305,115.1515088,160.7970236,0.1682116945,0.214586744,0.6901408451,1.248429194,1.144769635
P1|largo|agg|T3,5,scorte,11,42.98907153,51.34304648,51.1177601,56.62973486,0.1855232049,0.2149192141,0.1818181818,0.9946635323,0.9942986059
P1|largo|agg|T3,5,stock_ind,196,45.27053301,121.2418211,355.7329999,453.3509156,0.6059442565,1.336451901,0.3928571429,2.148067051,1.094021869
P1|largo|agg|T3,5,stock_tipo,4,478.8692028,509.4033989,566.124842,575.7127805,0.05786822373,0.06549583336,0.75,0.6275699537,0.7993923692
P1|largo|ind|T1,1,aggregati,5,126.3190065,150.1559086,183.3418751,190.8370085,0.02545831954,0.02576138839,0.8,0.4273575287,0.3654705962
P1|largo|ind|T1,1,consumo,71,8.198830628,16.63368385,13.85952194,21.39478569,0.1261461649,0.1165488116,0.619047619,2.165406271,1.383608877
P1|largo|ind|T1,1,importazioni,71,5.005580586,19.21967008,23.76207832,47.0707926,0.1769734787,0.150314855,0.7111111111,2.788695525,1.877941749
P1|largo|ind|T1,1,investimento_ind,196,3.974309934,16.62293897,42.04546066,89.6370587,0.5643171714,0.6515746822,0.1428571429,3.764157248,3.55670847
P1|largo|ind|T1,1,investimento_tipo,4,121.1322371,134.5938079,107.5469423,119.3462291,0.2203873335,0.2627042485,0.5,2.255453738,1.777926601
P1|largo|ind|T1,1,produzione,71,19.77493403,40.2920423,30.73677652,55.55373686,0.05605789546,0.05658776,0.6338028169,1.919205956,1.378118001
P1|largo|ind|T1,1,scorte,11,34.70205636,42.51596108,44.17403766,51.56600742,0.1713329684,0.1697090887,0.2727272727,3.213406924,3.698699769
P1|largo|ind|T1,1,stock_ind,196,3.944260405,17.69871416,109.8062985,158.4616263,0.1063011847,0.1608654981,0.7346938776,2.867202243,5.630194016
P1|largo|ind|T1,1,stock_tipo,4,116.3600971,136.126227,154.5144355,171.6414242,0.01498377825,0.01526941034,0.75,1.110072588,1.984926416
P1|largo|ind|T1,2,aggregati,5,310.350399,331.270608,388.5981033,396.6028409,0.07368057762,0.07605065707,0.8,0.4998814933,0.4076384569
P1|largo|ind|T1,2,consumo,71,10.16594644,21.78389233,17.3109476,28.83621041,0.09642892981,0.1049391902,0.6031746032,1.793994084,1.037348466
P1|largo|ind|T1,2,importazioni,71,4.425550745,12.44601644,21.12889192,29.52955464,0.177484491,0.1605653158,0.7111111111,1.598536367,1.474311879
P1|largo|ind|T1,2,investimento_ind,196,4.078946921,13.16128702,33.33341844,67.59503748,0.6273122736,0.7966043503,0.137755102,1.598099398,1.53917363
P1|largo|ind|T1,2,investimento_tipo,4,131.8850443,134.2349135,131.2531071,133.4085909,0.2207809258,0.2602063073,0.5,1.313357188,1.25712968
P1|largo|ind|T1,2,produzione,71,23.24821804,36.55651458,37.91694954,52.75473414,0.06449289596,0.0666604165,0.7323943662,0.9857210175,0.9699607922
P1|largo|ind|T1,2,scorte,11,43.33329113,53.29161231,56.512316,64.59902202,0.1965409656,0.1960601056,0.09090909091,2.281225384,2.524164916
P1|largo|ind|T1,2,stock_ind,196,7.263238979,29.42141759,180.5844715,259.3973842,0.1791084286,0.2837033675,0.7091836735,1.934878315,2.425581204
P1|largo|ind|T1,2,stock_tipo,4,229.554885,248.8621725,283.2434523,298.8498618,0.03131341444,0.03263975333,0.75,0.925825926,1.41211232
P1|largo|ind|T1,3,aggregati,5,452.8509853,533.7510856,699.3500718,776.2272494,0.09724273002,0.1040080999,0.8,0.4944738163,0.4459841239
P1|largo|ind|T1,3,consumo,71,12.4788093,24.17627805,27.20145584,34.98341112,0.1216022455,0.1493698939,0.6984126984,1.26491064,1.090000944
P1|largo|ind|T1,3,importazioni,71,4.586597114,11.43363396,18.89341485,24.78542083,0.2417379559,0.2218917045,0.7777777778,0.9306455011,0.751753172
P1|largo|ind|T1,3,investimento_ind,196,4.623619134,12.35972792,32.05412641,59.54098478,0.6584091449,0.9147100542,0.1479591837,1.181118217,1.141715596
P1|largo|ind|T1,3,investimento_tipo,4,169.9842751,173.4141298,179.2462497,183.3107647,0.268476116,0.316853053,0.5,1.133337367,1.12368095
P1|largo|ind|T1,3,produzione,71,29.53905342,45.3734852,51.49399621,68.57675191,0.07611342971,0.08303238198,0.8309859155,0.786372352,0.8792281725
P1|largo|ind|T1,3,scorte,11,46.96473087,58.57633713,60.79837086,70.18237556,0.2084110142,0.2141872591,0.09090909091,1.7154379,1.817825142
P1|largo|ind|T1,3,stock_ind,196,10.62130619,39.56732307,241.418689,343.8467636,0.2367661319,0.3902751474,0.6887755102,1.48986154,1.73807911
P1|largo|ind|T1,3,stock_tipo,4,368.4946179,383.8089486,427.1858156,435.7383918,0.05187370242,0.05538784578,0.75,0.860192177,1.205643879
P1|largo|ind|T1,4,aggregati,5,530.6601017,683.7934149,865.6926969,1026.451246,0.1133919656,0.1256906572,0.8,0.477526337,0.4126188535
P1|largo|ind|T1,4,consumo,71,14.92713579,27.27082009,37.0977615,45.58789791,0.1338909797,0.1556516862,0.746031746,0.9235526287,0.9571399412
P1|largo|ind|T1,4,importazioni,71,4.222720273,11.20530879,16.69377664,24.19276979,0.2462855051,0.2352844074,0.7777777778,0.7474133357,0.5302825802
P1|largo|ind|T1,4,investimento_ind,196,4.786433103,10.11011804,23.58008985,38.76518497,0.7004033673,1.008933628,0.1581632653,0.6964695566,0.6185650327
P1|largo|ind|T1,4,investimento_tipo,4,174.8188029,186.0313804,195.3720615,205.7688753,0.2622075728,0.3049889557,0.5,0.9953214039,1.009164082
P1|largo|ind|T1,4,produzione,71,37.71419638,58.96868474,69.88892998,92.80450558,0.08958864151,0.09965416446,0.7887323944,0.773719341,0.8662127196
P1|largo|ind|T1,4,scorte,11,55.17124539,66.14312447,68.85084618,77.38161505,0.2479627004,0.2665385088,0.09090909091,1.420730499,1.439241125
P1|largo|ind|T1,4,stock_ind,196,13.61503346,45.80102734,275.2545062,389.6720448,0.283115529,0.4835803767,0.6836734694,1.137128114,1.224572484
P1|largo|ind|T1,4,stock_tipo,4,497.5598862,510.9653718,546.0064079,550.1982662,0.07197251476,0.07869105532,0.75,0.8081827817,1.032201223
P1|largo|ind|T1,5,aggregati,5,643.1653772,807.9784782,1101.233767,1264.663051,0.1192335436,0.1368601577,0.8,0.4695420779,0.4353057071
P1|largo|ind|T1,5,consumo,71,17.70070513,32.71612287,45.58315071,56.58549936,0.1611306454,0.1972289426,0.746031746,0.8325995011,0.8722908417
P1|largo|ind|T1,5,importazioni,71,6.024260841,17.52905684,28.650744,45.98047306,0.2831523994,0.3060643725,0.7111111111,1.016312314,0.8071643218
P1|largo|ind|T1,5,investimento_ind,196,5.631361652,11.23890553,21.70946565,30.77383472,0.7483227702,1.156372864,0.1479591837,0.6088124979,0.4410583381
P1|largo|ind|T1,5,investimento_tipo,4,177.3770421,197.8036521,203.9888664,219.6703088,0.2568585731,0.2948799799,0.5,0.9392948754,0.9465233712
P1|largo|ind|T1,5,produzione,71,47.62525016,74.51650697,86.15585402,116.9301605,0.1160537297,0.1297894744,0.7323943662,0.8031321018,0.8565116219
P1|largo|ind|T1,5,scorte,11,43.36409137,51.61850697,51.41087375,56.85646468,0.1887364124,0.2182564644,0,1,1
P1|largo|ind|T1,5,stock_ind,196,16.87167898,50.17711361,292.2714189,408.3278459,0.3261267318,0.5747786811,0.637755102,0.8889985604,0.8988520155
P1|largo|ind|T1,5,stock_tipo,4,613.4715662,625.2176578,637.4165137,641.8881733,0.0925327554,0.1036796074,0.75,0.7702497028,0.9000592437
P1|largo|ind|T2,1,aggregati,5,155.580755,197.6960767,147.8019689,187.2048643,0.03753839197,0.03777759913,0.8,0.5626612204,0.2946259474
P1|largo|ind|T2,1,consumo,71,9.859153452,20.13953916,16.81176461,26.4082869,0.1315849779,0.1236038298,0.619047619,2.621805535,1.678333989
P1|largo|ind|T2,1,importazioni,71,7.085269208,22.30332167,38.12545797,56.70596827,0.1979394071,0.1702431372,0.7111111111,3.236120759,3.013094574
P1|largo|ind|T2,1,investimento_ind,196,2.210978255,5.263610688,12.59170275,21.39608991,0.3103360333,0.3791973558,0.09183673469,1.19191067,1.065156978
P1|largo|ind|T2,1,investimento_tipo,4,64.92299865,66.60976493,69.96014082,71.45991657,0.1107092935,0.1171778678,0.5,1.116212147,1.156555386
P1|largo|ind|T2,1,produzione,71,20.03182127,40.22620168,29.05981235,52.72596887,0.05859469442,0.05964433992,0.6056338028,1.91606981,1.302929423
P1|largo|ind|T2,1,scorte,11,39.9613787,47.20678826,48.48545866,54.03159871,0.2006869169,0.1976342808,0,3.567945224,4.059695791
P1|largo|ind|T2,1,stock_ind,196,2.058086128,4.526374733,17.3718603,22.86231632,0.0730983274,0.08304854524,0.806122449,0.7332754048,0.8907225294
P1|largo|ind|T2,1,stock_tipo,4,60.08707509,65.51776094,47.9461576,53.35578012,0.01274303402,0.01311326724,0.75,0.5342796322,0.6159268839
P1|largo|ind|T2,2,aggregati,5,289.3242691,303.5937503,300.0718798,304.5593457,0.0761056898,0.07868406876,0.8,0.4581176041,0.3147746656
P1|largo|ind|T2,2,consumo,71,10.71218228,22.18055448,20.87011213,30.56004843,0.1212298688,0.1231222373,0.6031746032,1.826660862,1.25062933
P1|largo|ind|T2,2,importazioni,71,5.175632795,15.18520486,25.01987195,37.54814007,0.3100146931,0.2277070178,0.6666666667,1.950351129,1.745813011
P1|largo|ind|T2,2,investimento_ind,196,2.806768674,8.645000202,22.0084716,43.15453375,0.3914827751,0.5439814569,0.1020408163,1.049712661,1.016243179
P1|largo|ind|T2,2,investimento_tipo,4,73.05755215,80.35556968,65.82040501,74.99538119,0.1396103279,0.1522658111,0.5,0.7862005661,0.6304215307
P1|largo|ind|T2,2,produzione,71,23.74341393,40.97486834,40.85143024,58.57658914,0.06134256001,0.06423471477,0.7464788732,1.104858857,1.045028309
P1|largo|ind|T2,2,scorte,11,37.91776301,46.52309733,47.86956277,55.15221389,0.1819919236,0.1820258966,0.1818181818,1.991489204,2.13812987
P1|largo|ind|T2,2,stock_ind,196,4.365344121,12.67545176,70.13543705,98.33099391,0.1385973205,0.1688973465,0.8112244898,0.8335919464,0.9420477654
P1|largo|ind|T2,2,stock_tipo,4,125.1528106,126.4513422,125.4904286,127.3626401,0.02307429512,0.02427014238,0.75,0.4704287914,0.6256334569
P1|largo|ind|T2,3,aggregati,5,428.4337973,483.8109333,612.3703289,664.8717769,0.09671658967,0.1040113131,0.8,0.4482086219,0.3905160743
P1|largo|ind|T2,3,consumo,71,13.22143663,25.72095326,27.34555697,36.04650886,0.1255991327,0.1538301008,0.6825396825,1.345728544,1.095775281
P1|largo|ind|T2,3,importazioni,71,4.721796844,11.12905657,22.12921676,28.18154417,0.3707378004,0.2980476434,0.7111111111,0.9058542947,0.8805030233
P1|largo|ind|T2,3,investimento_ind,196,3.595487174,10.58132113,27.88428541,52.4117881,0.4296859402,0.6619044496,0.1020408163,1.01117041,0.9931926742
P1|largo|ind|T2,3,investimento_tipo,4,109.0496657,114.2496238,101.1356244,108.3077082,0.1970105873,0.2225491315,0.5,0.7466713814,0.6340114491
P1|largo|ind|T2,3,produzione,71,32.89291186,53.6833779,58.53051052,79.23611491,0.08013799723,0.08765976236,0.8169014085,0.9303919229,0.9993723071
P1|largo|ind|T2,3,scorte,11,43.87658987,54.19892584,55.43818669,64.06398389,0.2011286849,0.2077095096,0.09090909091,1.587243179,1.657559704
P1|largo|ind|T2,3,stock_ind,196,6.972946395,22.62021745,132.641356,186.6580718,0.1893692581,0.2542695538,0.7908163265,0.8517379844,0.9549433435
P1|largo|ind|T2,3,stock_tipo,4,190.0528662,203.9122596,216.0244656,227.0158425,0.03239330704,0.03454095638,0.75,0.4570079231,0.6096845103
P1|largo|ind|T2,4,aggregati,5,513.4038653,635.2851338,792.724871,923.1465596,0.1133525404,0.1261381073,0.8,0.4436506353,0.3778398831
P1|largo|ind|T2,4,consumo,71,15.73318279,29.33179124,34.70322984,44.62462611,0.142733775,0.1668762725,0.7301587302,0.9933494047,0.8953598823
P1|largo|ind|T2,4,importazioni,71,5.0643506,13.44627409,23.44514993,33.53644251,0.3543717716,0.2926686968,0.7111111111,0.8968895688,0.7447418799
P1|largo|ind|T2,4,investimento_ind,196,4.351739879,14.43970518,37.36751597,74.33451026,0.4764807765,0.7754981521,0.1275510204,0.9947277592,0.9802438789
P1|largo|ind|T2,4,investimento_tipo,4,140.9754753,146.618857,135.2165071,141.2418819,0.2405144814,0.2815432987,0.5,0.7844530654,0.6984398957
P1|largo|ind|T2,4,produzione,71,42.49106173,69.92479811,77.64786914,107.2029959,0.09670778099,0.1075757665,0.7605633803,0.9174728749,0.9623780464
P1|largo|ind|T2,4,scorte,11,52.24136984,61.78227461,63.50786969,70.97756426,0.2420296282,0.2611318797,0.09090909091,1.327061014,1.327552861
P1|largo|ind|T2,4,stock_ind,196,9.899620536,35.71670035,217.1653811,309.0935598,0.2287311987,0.3355215577,0.7857142857,0.8867588017,0.9661413138
P1|largo|ind|T2,4,stock_tipo,4,267.6392851,311.3207249,328.046391,361.1010165,0.04269140197,0.04609322977,0.75,0.4924091989,0.6201573485
P1|largo|ind|T2,5,aggregati,5,597.5327059,743.0369276,973.6416699,1128.134013,0.1198602133,0.1375312786,0.8,0.4318024705,0.3848699417
P1|largo|ind|T2,5,consumo,71,18.50391085,34.87339703,43.56011874,55.71289135,0.1683624835,0.2078020821,0.7619047619,0.8875004254,0.833577584
P1|largo|ind|T2,5,importazioni,71,6.772015154,17.25292989,31.27693712,41.96284857,0.3253536603,0.3237722543,0.7555555556,1.000302827,0.8811508606
P1|largo|ind|T2,5,investimento_ind,196,5.638237518,18.51512553,48.8834743,92.43393134,0.5350148529,0.9196088794,0.1224489796,1.002965974,0.9931365553
P1|largo|ind|T2,5,investimento_tipo,4,163.599893,180.2354056,157.1324116,174.5752165,0.2685675552,0.3239181661,0.5,0.8558699049,0.7291059685
P1|largo|ind|T2,5,produzione,71,52.49186544,85.68716223,92.71897748,131.5575463,0.1251014891,0.1405252351,0.7042253521,0.9235284032,0.9217583956
P1|largo|ind|T2,5,scorte,11,43.36409137,51.61850697,51.41087375,56.85646468,0.1887364124,0.2182564644,0,1,1
P1|largo|ind|T2,5,stock_ind,196,13.54254748,52.05816942,319.3220694,455.564866,0.2651573587,0.4198504783,0.7397959184,0.9223256251,0.9820436316
P1|largo|ind|T2,5,stock_tipo,4,391.3663183,442.5264264,471.7463379,516.0910905,0.06106356539,0.06780293678,0.75,0.5451794973,0.666125905
P1|largo|ind|T3,1,aggregati,5,136.6389487,174.390586,240.1288258,269.3437285,0.02544319401,0.02646375844,0.8,0.49633165,0.478668744
P1|largo|ind|T3,1,consumo,71,4.49062996,7.679580629,9.380518356,11.48646052,0.09583633048,0.08139615425,0.619047619,0.9997431836,0.9364658122
P1|largo|ind|T3,1,importazioni,71,4.586516167,18.26606701,22.00112737,45.38688179,0.1635499761,0.1426817618,0.6888888889,2.65033162,1.738771966
P1|largo|ind|T3,1,investimento_ind,196,2.860493127,12.34489712,31.60049582,66.67367529,0.3295320641,0.4308324851,0.09183673469,2.79542228,2.673148287
P1|largo|ind|T3,1,investimento_tipo,4,94.7666845,102.6458004,88.0749755,94.24228507,0.1667023095,0.1980828559,0.5,1.720085477,1.456023189
P1|largo|ind|T3,1,produzione,71,15.49261506,29.33930982,23.54617151,40.25172315,0.04843556736,0.04795397195,0.661971831,1.397501217,1.055719125
P1|largo|ind|T3,1,scorte,11,34.01132582,39.29544643,42.30625922,46.82190285,0.1713010454,0.1694520486,0.2727272727,2.969996596,3.542310359
P1|largo|ind|T3,1,stock_ind,196,2.872913856,13.45200802,83.70687173,120.6307088,0.06900308441,0.1021621235,0.8112244898,2.179233318,4.291975369
P1|largo|ind|T3,1,stock_tipo,4,98.19225191,109.7120543,118.686902,131.3387514,0.01443877144,0.01480969409,1,0.8946721496,1.524678042
P1|largo|ind|T3,2,aggregati,5,248.2363609,348.408621,452.6495831,538.9885847,0.04994423218,0.0510567735,0.8,0.5257424521,0.4748283019
P1|largo|ind|T3,2,consumo,71,5.256114506,9.829677345,10.40786873,15.0216068,0.07725623585,0.08169356458,0.619047619,0.8095147895,0.6236854799
P1|largo|ind|T3,2,importazioni,71,3.79671946,9.301103977,16.69441738,21.01460735,0.1701886829,0.148140734,0.7555555556,1.194611387,1.1648873
P1|largo|ind|T3,2,investimento_ind,196,3.346031063,13.51612311,34.46335043,72.76887535,0.4138454277,0.6156034205,0.09693877551,1.641185104,1.591348342
P1|largo|ind|T3,2,investimento_tipo,4,93.26747415,109.0713032,77.72460839,95.3463939,0.1644681775,0.2076204422,0.5,1.067155901,0.7444388497
P1|largo|ind|T3,2,produzione,71,19.35613001,28.92297315,32.07145014,42.81394597,0.0570443233,0.0581478808,0.8028169014,0.7798878761,0.8204259459
P1|largo|ind|T3,2,scorte,11,45.88479564,53.48924017,58.59822898,63.54292899,0.2067599136,0.2110549255,0.1818181818,2.289685134,2.617333781
P1|largo|ind|T3,2,stock_ind,196,5.572832654,25.75996885,160.3863227,231.2961748,0.1296947922,0.1999103413,0.806122449,1.694085779,2.154282959
P1|largo|ind|T3,2,stock_tipo,4,178.657716,202.588833,224.6171564,249.357309,0.02535680794,0.02657734853,1,0.7536781987,1.119830489
P1|largo|ind|T3,3,aggregati,5,417.1074418,577.9724325,793.4152813,934.825551,0.07394364219,0.07889766612,0.8,0.5354410363,0.5059706624
P1|largo|ind|T3,3,consumo,71,8.630689074,16.79504289,21.25126503,27.03681778,0.1029209396,0.1266201265,0.6984126984,0.8787220434,0.8515683531
P1|largo|ind|T3,3,importazioni,71,3.577506764,8.823805649,14.85885307,20.31962002,0.1463840615,0.1661470168,0.7777777778,0.7182174152,0.5912213338
P1|largo|ind|T3,3,investimento_ind,196,3.872471955,12.56185086,33.10893544,64.59386507,0.4520359636,0.7385715833,0.1071428571,1.200433455,1.179286169
P1|largo|ind|T3,3,investimento_tipo,4,121.1384549,126.5911708,109.9559365,117.1438545,0.2030383835,0.2527614365,0.5,0.8273288016,0.6893053073
P1|largo|ind|T3,3,produzione,71,25.87622634,40.63338872,44.84503811,61.48646595,0.07012797541,0.07575861354,0.8450704225,0.704221272,0.7657013207
P1|largo|ind|T3,3,scorte,11,49.00446819,57.9012589,62.49316628,68.51661693,0.2174461071,0.2244694119,0,1.69566789,1.868498239
P1|largo|ind|T3,3,stock_ind,196,8.355100426,36.45119432,227.000631,325.2465044,0.1811654551,0.2937112492,0.7857142857,1.372527335,1.634277183
P1|largo|ind|T3,3,stock_tipo,4,248.2780395,291.8495931,323.7932219,360.2462573,0.03470232277,0.03691753006,1,0.6540929746,0.913839603
P1|largo|ind|T3,4,aggregati,5,564.3606735,734.7345781,1019.773339,1169.523544,0.09956026942,0.1100837754,0.8,0.5131010392,0.4860589761
P1|largo|ind|T3,4,consumo,71,13.00887835,24.69983601,34.18803362,42.91122041,0.1286265324,0.1476980185,0.7301587302,0.8364837728,0.8820675741
P1|largo|ind|T3,4,importazioni,71,4.610907028,11.26080853,18.8635746,23.87194467,0.2285421635,0.2252172435,0.7555555556,0.7511152638,0.5992068318
P1|largo|ind|T3,4,investimento_ind,196,4.016242535,9.891572479,24.55341262,43.43828371,0.4980870157,0.8397908341,0.1275510204,0.681414309,0.6440977359
P1|largo|ind|T3,4,investimento_tipo,4,125.9729827,129.6491405,126.0817483,130.0741878,0.1969074819,0.2408973392,0.5,0.6936602002,0.6512557161
P1|largo|ind|T3,4,produzione,71,37.99704446,57.39034917,68.92040279,89.17055074,0.08963769196,0.09946396889,0.7887323944,0.7530102347,0.8542086644
P1|largo|ind|T3,4,scorte,11,56.00120161,65.39245585,69.58411318,76.42786773,0.252183474,0.2708884894,0,1.404606407,1.454569158
P1|largo|ind|T3,4,stock_ind,196,10.8358218,43.05895298,266.458441,380.3052951,0.2204715453,0.3784190455,0.7806122449,1.069049077,1.185439903
P1|largo|ind|T3,4,stock_tipo,4,313.5185756,366.2391396,401.2729863,441.0029534,0.04500662536,0.04878294659,1,0.5792724574,0.7585890227
P1|largo|ind|T3,5,aggregati,5,702.2669652,891.5253779,1289.585034,1438.629737,0.1089566993,0.1247957589,0.8,0.5180938475,0.5097589104
P1|largo|ind|T3,5,consumo,71,15.20814823,30.62352174,42.40977094,54.84995398,0.1447407753,0.1772489067,0.7777777778,0.7793444542,0.8115642341
P1|largo|ind|T3,5,importazioni,71,6.698374475,20.23195527,34.8097986,55.49160249,0.2837798022,0.3064701536,0.7111111111,1.173022911,0.9806805532
P1|largo|ind|T3,5,investimento_ind,196,4.933884772,10.83094437,22.79971526,33.98283143,0.558495083,0.996749946,0.1173469388,0.5867132062,0.4632082927
P1|largo|ind|T3,5,investimento_tipo,4,128.5312219,147.4762033,134.6985532,152.7762511,0.1913903106,0.2307883634,0.5,0.7003088192,0.6250112123
P1|largo|ind|T3,5,produzione,71,46.5193984,72.13320821,82.97252368,112.47209,0.1132390757,0.1265242494,0.7323943662,0.7774451255,0.8248647945
P1|largo|ind|T3,5,scorte,11,43.36409137,51.61850697,51.41087375,56.85646468,0.1887364124,0.2182564644,0,1,1
P1|largo|ind|T3,5,stock_ind,196,13.6771183,47.76660251,288.9705832,407.9487031,0.2594825698,0.4657636243,0.7346938776,0.8462910242,0.8887006198
P1|largo|ind|T3,5,stock_tipo,4,397.9356216,435.4600523,470.9826327,499.0943033,0.06105023495,0.06824510711,1,0.536473933,0.6650475209
P1|largo|nessuna|T1,1,aggregati,5,253.4681536,339.2508287,178.9152969,310.6333136,0.06802206274,0.06819530902,0.6,0.9655390662,0.3566467299
P1|largo|nessuna|T1,1,consumo,71,13.78518132,30.66014538,26.50335314,48.05749342,0.1589994408,0.1550568287,0.619047619,3.991399118,2.645854225
P1|largo|nessuna|T1,1,importazioni,71,8.057031821,24.67439121,44.58806502,64.39805687,0.2450520927,0.2090422517,0.6666666667,3.580153253,3.523841127
P1|largo|nessuna|T1,1,investimento_ind,196,12.4906103,34.97166859,94.38433075,169.3312017,1.770691014,1.862922793,0.3469387755,7.919108651,7.984156752
P1|largo|nessuna|T1,1,investimento_tipo,4,288.4727903,319.1169132,241.7057919,283.307453,0.6845104314,0.6360794306,0.5,5.347596934,3.995791493
P1|largo|nessuna|T1,1,produzione,71,27.71575739,51.72002222,42.65434116,67.98221349,0.08723207026,0.08152352921,0.661971831,2.463547862,1.912455437
P1|largo|nessuna|T1,1,scorte,11,34.53101085,41.01278521,42.30869737,48.57323785,0.181290573,0.1745117896,0,3.099795103,3.542514506
P1|largo|nessuna|T1,1,stock_ind,196,12.4742596,35.88982125,204.8401891,282.3914696,0.2452914613,0.2827955245,0.4132653061,5.814172436,10.5029495
P1|largo|nessuna|T1,1,stock_tipo,4,283.7006503,318.5607873,338.1921736,361.7579273,0.0496852005,0.04880057103,0.5,2.597777119,4.34449103
P1|largo|nessuna|T1,2,aggregati,5,352.7780053,417.6393736,287.1897246,363.7548353,0.09417773634,0.09775768163,0.6,0.6302104342,0.3012613164
P1|largo|nessuna|T1,2,consumo,71,13.60994687,25.32354695,23.63635787,33.11100025,0.1310929384,0.1470667845,0.6349206349,2.085499357,1.416394997
P1|largo|nessuna|T1,2,importazioni,71,10.23894571,31.33995375,59.70262081,84.38374022,0.2862476059,0.2485956827,0.6222222222,4.025228158,4.165873127
P1|largo|nessuna|T1,2,investimento_ind,196,10.89487011,21.30400732,47.52213619,67.86008957,1.705576115,1.739016217,0.3571428571,2.586823099,2.194338963
P1|largo|nessuna|T1,2,investimento_tipo,4,221.947547,232.8905575,214.8592051,223.9088157,0.4842382156,0.4391524062,0.25,2.278606061,2.057900874
P1|largo|nessuna|T1,2,produzione,71,31.17718788,58.47873988,52.5147507,82.3169566,0.08319086858,0.0887172897,0.7746478873,1.576838592,1.343389957
P1|largo|nessuna|T1,2,scorte,11,37.35804015,47.1789527,43.409973,52.58460888,0.1848774567,0.1903042969,0.2727272727,2.019564052,1.938938953
P1|largo|nessuna|T1,2,stock_ind,196,19.99130132,49.74233368,270.5288495,368.0224754,0.4014853209,0.515587532,0.4285714286,3.271268711,3.633699437
P1|largo|nessuna|T1,2,stock_tipo,4,456.8144361,490.8614848,527.4241903,551.3093209,0.07553769919,0.07558277017,0.5,1.826120395,2.629477189
P1|largo|nessuna|T1,3,aggregati,5,456.2510087,488.6596879,591.1530759,603.6300173,0.1002155873,0.1071118009,0.8,0.45270057,0.3769855717
P1|largo|nessuna|T1,3,consumo,71,16.47852442,29.44615276,34.69288498,42.92561472,0.1523197062,0.1863915864,0.6984126984,1.540632179,1.390193143
P1|largo|nessuna|T1,3,importazioni,71,7.141249934,24.3843611,37.38937148,66.46532061,0.2726055384,0.2603610876,0.8,1.984775447,1.487691814
P1|largo|nessuna|T1,3,investimento_ind,196,12.19700161,26.56970837,64.40606699,101.2785461,1.642590678,1.992398514,0.3571428571,2.539049952,2.294038845
P1|largo|nessuna|T1,3,investimento_tipo,4,208.5362718,248.3075596,188.9236786,227.8334311,0.446206474,0.4491834038,0.75,1.622798766,1.184348008
P1|largo|nessuna|T1,3,produzione,71,37.95225673,59.73868227,64.57963537,88.4401956,0.1022365817,0.1134245219,0.7042253521,1.035337001,1.102657377
P1|largo|nessuna|T1,3,scorte,11,47.96692932,60.24134264,61.91750584,72.67272659,0.2166681629,0.2215758708,0.09090909091,1.764198436,1.851286429
P1|largo|nessuna|T1,3,stock_ind,196,27.27949846,68.45722442,375.6523805,509.1328283,0.5090831495,0.8030598904,0.4081632653,2.577677181,2.704486376
P1|largo|nessuna|T1,3,stock_tipo,4,598.5165158,678.212505,756.2622586,800.2289545,0.07229728031,0.07557593293,0.75,1.520009091,2.134394285
P1|largo|nessuna|T1,4,aggregati,5,507.1034845,558.8979598,674.6862924,723.5328146,0.1176374454,0.130173073,0.8,0.390305741,0.321578645
P1|largo|nessuna|T1,4,consumo,71,18.37955828,32.47817971,45.52246486,55.60315066,0.1566920116,0.183855848,0.746031746,1.099904886,1.174501306
P1|largo|nessuna|T1,4,importazioni,71,8.244019218,26.95056126,45.55925323,74.83918372,0.3127797388,0.3052408275,0.7111111111,1.79764871,1.447202684
P1|largo|nessuna|T1,4,investimento_ind,196,12.90904972,26.69155516,34.51277092,47.41848451,1.617725051,4.04027286,0.387755102,1.838737739,0.90535674
P1|largo|nessuna|T1,4,investimento_tipo,4,258.974095,295.7638138,277.4978987,303.1010468,0.5054054837,0.4687463401,0.5,1.582421491,1.433372356
P1|largo|nessuna|T1,4,produzione,71,46.91407384,83.17868482,86.02293027,128.4222118,0.1160599676,0.1342625858,0.7183098592,1.091375151,1.066179671
P1|largo|nessuna|T1,4,scorte,11,56.34193234,67.10657862,69.27218525,78.20677133,0.2632565742,0.280474652,0.09090909091,1.441425147,1.448048693
P1|largo|nessuna|T1,4,stock_ind,196,34.75612685,76.16920456,361.2265797,473.5008018,0.5690904141,2.338106121,0.4336734694,1.891096095,1.607051366
P1|largo|nessuna|T1,4,stock_tipo,4,724.52434,854.8477189,891.2039453,975.0936829,0.07955724574,0.08541850007,0.75,1.352093988,1.684782064
P1|largo|nessuna|T1,5,aggregati,5,499.2594833,526.1646057,577.751522,602.1363487,0.1215215863,0.1394479901,0.8,0.3057710434,0.2283788805
P1|largo|nessuna|T1,5,consumo,71,22.89962235,40.35738955,56.62402018,67.5813502,0.1823940139,0.2246463362,0.7619047619,1.027063706,1.083571746
P1|largo|nessuna|T1,5,importazioni,71,13.25610133,38.59915624,76.08713931,107.1236586,0.4032791043,0.4956679565,0.6222222222,2.237929751,2.143568216
P1|largo|nessuna|T1,5,investimento_ind,196,21.63627242,93.34209596,52.72891694,104.9864988,1.980583371,2.538987617,0.1428571429,5.056349523,1.071262133
P1|largo|nessuna|T1,5,investimento_tipo,4,279.1283884,318.1416736,306.4250662,337.9917143,0.5581209515,0.4980653771,0.5,1.510734714,1.421834886
P1|largo|nessuna|T1,5,produzione,71,66.19743427,117.0199025,109.3393488,164.0869054,0.1534598687,0.2004123848,0.7042253521,1.261229814,1.086988505
P1|largo|nessuna|T1,5,scorte,11,43.36409137,51.61850697,51.41087375,56.85646468,0.1887364124,0.2182564644,0,1,1
P1|largo|nessuna|T1,5,stock_ind,196,45.28408441,124.9101192,332.2603835,423.8336377,0.629290544,1.450961027,0.387755102,2.213059065,1.021834145
P1|largo|nessuna|T1,5,stock_tipo,4,941.7404116,1080.207308,1041.791982,1177.088737,0.1190279842,0.1346618359,0.75,1.330783524,1.471054614
P1|largo|nessuna|T2,1,aggregati,5,174.4869927,215.6643995,164.3826859,200.3569195,0.04268298395,0.04376624718,0.6,0.6138007201,0.3276776686
P1|largo|nessuna|T2,1,consumo,71,10.28136495,20.07295045,16.76374279,25.58498735,0.1364906371,0.1283552763,0.619047619,2.613136883,1.673539927
P1|largo|nessuna|T2,1,importazioni,71,6.772404219,21.27149297,35.77813196,54.00721738,0.2143439021,0.1858529283,0.6888888889,3.086406635,2.827582959
P1|largo|nessuna|T2,1,investimento_ind,196,12.49749787,36.01416583,93.2197326,170.6459804,1.750595225,1.991211796,0.3469387755,8.155175422,7.885641097
P1|largo|nessuna|T2,1,investimento_tipo,4,279.3432232,321.7343396,228.0722283,288.7217315,0.6508055234,0.6226235701,0.5,5.391458419,3.77040642
P1|largo|nessuna|T2,1,produzione,71,23.72434546,46.4721108,35.39391809,60.46527769,0.07241396369,0.0704851938,0.661971831,2.21357734,1.58692619
P1|largo|nessuna|T2,1,scorte,11,39.37105416,45.53252916,47.29642479,51.83392713,0.1933887871,0.1967940863,0.1818181818,3.441402729,3.96013778
P1|largo|nessuna|T2,1,stock_ind,196,12.47137592,36.92705263,206.6802621,287.0175128,0.2410611211,0.3166006009,0.4030612245,5.982204538,10.59729716
P1|largo|nessuna|T2,1,stock_tipo,4,282.7687906,322.0849136,329.9384139,356.8304392,0.05339124057,0.05198110322,0.5,2.626515417,4.238461418
P1|largo|nessuna|T2,2,aggregati,5,234.5262693,276.9902556,173.0514309,245.1984486,0.06220264058,0.06624950336,1,0.4179734007,0.1815305263
P1|largo|nessuna|T2,2,consumo,71,11.20186691,23.53569906,21.70114235,31.8453869,0.09350307212,0.1023799369,0.6349206349,1.938262651,1.300428333
P1|largo|nessuna|T2,2,importazioni,71,10.16731611,31.92473385,60.72574551,86.35954923,0.2688346265,0.2365775979,0.6444444444,4.100335904,4.237263757
P1|largo|nessuna|T2,2,investimento_ind,196,12.97891519,30.37524415,66.58316928,108.1487373,1.699926708,1.821442604,0.3316326531,3.688291222,3.074483901
P1|largo|nessuna|T2,2,investimento_tipo,4,208.9014889,226.9264749,182.7788241,208.5933598,0.4299691867,0.4442985569,0.5,2.220253353,1.750638059
P1|largo|nessuna|T2,2,produzione,71,29.35984939,57.64655939,49.09859161,80.52758602,0.07725107669,0.08578975123,0.7746478873,1.554399423,1.256000533
P1|largo|nessuna|T2,2,scorte,11,38.42779356,46.13544783,46.21518542,52.23018542,0.1816894645,0.1875103584,0.2727272727,1.9748953,2.064235867
P1|largo|nessuna|T2,2,stock_ind,196,22.23929488,58.18606091,318.5830782,440.2335905,0.4154984084,0.5747411472,0.4081632653,3.826564344,4.279156009
P1|largo|nessuna|T2,2,stock_tipo,4,432.9095865,497.1520526,522.8128378,565.6197963,0.07523271996,0.07418630746,0.5,1.849522789,2.606487257
P1|largo|nessuna|T2,3,aggregati,5,277.0713556,332.6419913,461.2309151,514.4931687,0.05217329132,0.05826619345,1,0.3081637852,0.2941326152
P1|largo|nessuna|T2,3,consumo,71,12.34235114,23.85420863,30.849357,39.5332249,0.1155799016,0.1416340281,0.6984126984,1.248059864,1.236177521
P1|largo|nessuna|T2,3,importazioni,71,7.105929779,23.50467104,36.84287464,63.3714247,0.2685343198,0.268338817,0.7555555556,1.9131727,1.465947162
P1|largo|nessuna|T2,3,investimento_ind,196,13.34386961,31.77705591,61.78908409,91.02018016,1.637961885,1.779212555,0.306122449,3.036673612,2.200826191
P1|largo|nessuna|T2,3,investimento_tipo,4,237.8841792,256.1399503,222.7236254,237.9340385,0.4921393928,0.4890418397,0.75,1.673986873,1.396237274
P1|largo|nessuna|T2,3,produzione,71,36.21476452,62.04072576,62.55952457,87.31914538,0.09378259677,0.1119280081,0.8309859155,1.075233944,1.068165233
P1|largo|nessuna|T2,3,scorte,11,35.33948705,44.70384072,43.33584091,52.64695186,0.1686935466,0.1784962584,0.2727272727,1.30917477,1.295708751
P1|largo|nessuna|T2,3,stock_ind,196,29.61580457,78.22492753,403.71434,551.2564399,0.5128416445,0.759737985,0.3826530612,2.945468683,2.90651674
P1|largo|nessuna|T2,3,stock_tipo,4,521.1063312,642.1709528,727.2551312,785.614298,0.05001391095,0.05213855865,0.75,1.439232806,2.052527649
P1|largo|nessuna|T2,4,aggregati,5,411.92997,550.249163,700.2432818,829.8040216,0.08411113885,0.09260921128,0.8,0.3842658638,0.3337599834
P1|largo|nessuna|T2,4,consumo,71,15.41135056,29.23000133,42.65357125,54.50851736,0.1327858615,0.1535082556,0.746031746,0.9899021912,1.100482483
P1|largo|nessuna|T2,4,importazioni,71,7.535882979,25.60748268,38.54649425,70.61120199,0.3070475893,0.3311391533,0.7111111111,1.708063063,1.224440393
P1|largo|nessuna|T2,4,investimento_ind,196,16.80805854,48.64792038,63.81824554,98.98115406,1.63682247,3.691518148,0.3571428571,3.351275959,1.674113008
P1|largo|nessuna|T2,4,investimento_tipo,4,349.7057135,431.6363136,365.591074,446.2305405,0.4612829179,0.6223501682,0.75,2.309378454,1.888403991
P1|largo|nessuna|T2,4,produzione,71,52.64774243,94.70137154,91.93912763,137.6309038,0.1276854115,0.1607253412,0.7042253521,1.242562609,1.13950581
P1|largo|nessuna|T2,4,scorte,11,58.22144277,70.81154518,74.23599802,84.90148235,0.2620895881,0.2791835397,0.1818181818,1.521006495,1.551811012
P1|largo|nessuna|T2,4,stock_ind,196,37.48201554,93.4936861,338.7470098,449.8079507,0.5720357644,1.985070648,0.443877551,2.321220836,1.507042602
P1|largo|nessuna|T2,4,stock_tipo,4,771.0694282,823.9563433,809.3797012,861.6884197,0.117140037,0.1426532052,0.75,1.303233773,1.53009691
P1|largo|nessuna|T2,5,aggregati,5,356.7843331,362.3707744,381.8403507,384.6133203,0.08559402646,0.09991426798,1,0.210585221,0.1509373295
P1|largo|nessuna|T2,5,consumo,71,17.47229232,34.11003383,48.27839024,61.11338973,0.1555297823,0.1907291649,0.7619047619,0.8680734347,0.9238676354
P1|largo|nessuna|T2,5,importazioni,71,14.40314328,42.18982143,78.78845546,113.4545223,0.4603649442,0.6861946595,0.5111111111,2.44611193,2.219671161
P1|largo|nessuna|T2,5,investimento_ind,196,32.04156716,177.8298259,155.3362047,296.5075115,1.994670962,3.333337197,0.1326530612,9.633057259,3.155873543
P1|largo|nessuna|T2,5,investimento_tipo,4,617.3769252,767.6455005,602.7334212,773.2454079,0.98241601,1.176322131,0.5,3.645258706,2.796727488
P1|largo|nessuna|T2,5,produzione,71,88.18366432,178.2363866,136.9659561,227.2537665,0.1882695442,0.2955888901,0.6478873239,1.921015485,1.361636241
P1|largo|nessuna|T2,5,scorte,11,43.25610948,51.56967422,51.32997035,56.82325429,0.1880527115,0.2175668807,0.09090909091,0.9990539681,0.9984263369
P1|largo|nessuna|T2,5,stock_ind,196,52.33467991,206.3054747,74.05971589,152.6824612,0.6311583834,1.488396362,0.3775510204,3.655157837,0.2277633753
P1|largo|nessuna|T2,5,stock_tipo,4,1047.308009,1328.011664,721.2670658,1028.022354,0.1897106757,0.2882240607,0.75,1.636071177,1.018459792
P1|largo|nessuna|T3,1,aggregati,5,168.7215629,211.5232351,154.5662379,193.2256486,0.04172397917,0.04280996709,0.6,0.6020145851,0.308109727
P1|largo|nessuna|T3,1,consumo,71,10.16419011,19.99324221,16.52638031,25.4592839,0.1361759704,0.1280322177,0.619047619,2.602760305,1.649843811
P1|largo|nessuna|T3,1,importazioni,71,6.902203087,21.72088143,36.81171771,55.64473339,0.212988176,0.1854569827,0.6666666667,3.151611062,2.909268316
P1|largo|nessuna|T3,1,investimento_ind,196,12.48842149,35.67719382,92.84684299,171.4261533,1.759881308,1.989252549,0.3418367347,8.078870286,7.854097629
P1|largo|nessuna|T3,1,investimento_tipo,4,291.7985124,330.6897622,244.019184,299.7410209,0.6729447277,0.6398491975,0.5,5.54152878,4.034035643
P1|largo|nessuna|T3,1,produzione,71,23.59180166,46.79142163,35.52238555,61.39285987,0.07103114804,0.06967330148,0.676056338,2.228786876,1.592686173
P1|largo|nessuna|T3,1,scorte,11,38.35059957,44.70362065,46.14749965,50.82166937,0.1874841495,0.1911093561,0.2727272727,3.378752837,3.86393808
P1|largo|nessuna|T3,1,stock_ind,196,12.46329275,36.61020466,207.6473252,288.9995464,0.2432428732,0.3087035666,0.4081632653,5.930874977,10.64688223
P1|largo|nessuna|T3,1,stock_tipo,4,295.2240798,331.1387851,334.6324447,359.1955805,0.05813135232,0.05631358137,0.5,2.700347292,4.298761971
P1|largo|nessuna|T3,2,aggregati,5,223.850294,282.9457949,149.0449503,241.2026037,0.06102213474,0.06496756946,0.8,0.4269602043,0.1563477872
P1|largo|nessuna|T3,2,consumo,71,11.0821411,23.35947435,21.56625886,31.69886935,0.09291178361,0.1016021068,0.6349206349,1.923749813,1.292345518
P1|largo|nessuna|T3,2,importazioni,71,9.572672971,29.62498593,56.16307251,80.53045386,0.2611576189,0.2299285563,0.6222222222,3.804961822,3.918893867
P1|largo|nessuna|T3,2,investimento_ind,196,12.94523349,31.56799001,74.32618189,126.8152205,1.712014657,1.754786937,0.3265306122,3.833119492,3.432018212
P1|largo|nessuna|T3,2,investimento_tipo,4,249.3278711,257.1209898,230.7962949,241.3451965,0.4846828679,0.5123423085,0.5,2.515677115,2.210544792
P1|largo|nessuna|T3,2,produzione,71,28.41772691,55.24404333,47.55889116,77.90574796,0.07543239903,0.08287622417,0.7605633803,1.489617247,1.216613159
P1|largo|nessuna|T3,2,scorte,11,34.51410036,43.77595904,41.02575,49.9814997,0.1669068469,0.1758745968,0.4545454545,1.873893933,1.832445848
P1|largo|nessuna|T3,2,stock_ind,196,22.26823287,60.50630401,342.5864182,475.9595202,0.4149421474,0.5567433999,0.4030612245,3.979153459,4.601564962
P1|largo|nessuna|T3,2,stock_tipo,4,474.8693973,527.9462149,560.006289,597.1367378,0.08474326909,0.08320816254,0.5,1.96408433,2.791915483
P1|largo|nessuna|T3,3,aggregati,5,296.0266329,373.4012383,526.4087877,595.5678593,0.05240372325,0.05775669824,1,0.3459236717,0.3356973445
P1|largo|nessuna|T3,3,consumo,71,12.41729959,24.04331095,31.61025733,40.72109934,0.1156533095,0.1417145838,0.6984126984,1.257953759,1.266667878
P1|largo|nessuna|T3,3,importazioni,71,7.154535419,22.85362285,36.89491733,60.84277813,0.267316563,0.2626940097,0.7777777778,1.860180356,1.468017897
P1|largo|nessuna|T3,3,investimento_ind,196,13.38895523,33.67400868,77.90079228,129.2782188,1.642124569,1.852506913,0.3265306122,3.217949889,2.774698905
P1|largo|nessuna|T3,3,investimento_tipo,4,238.0389305,264.0750265,209.0324129,234.6464735,0.4876780403,0.5187047254,0.75,1.725846075,1.310408116
P1|largo|nessuna|T3,3,produzione,71,35.33389453,57.97973504,60.37106301,82.48330881,0.09426656512,0.1100221827,0.8028169014,1.004852513,1.030798604
P1|largo|nessuna|T3,3,scorte,11,57.04887637,66.24170167,73.60690406,79.35429416,0.23994504,0.2572644252,0.1818181818,1.93992201,2.200790563
P1|largo|nessuna|T3,3,stock_ind,196,29.75557238,85.44670632,476.4552974,660.0330186,0.5148984999,0.7558586623,0.387755102,3.217396366,3.430210822
P1|largo|nessuna|T3,3,stock_tipo,4,596.3494022,702.1361644,809.9466641,864.4898594,0.06528886006,0.06841592963,0.75,1.573626769,2.28590745
P1|largo|nessuna|T3,4,aggregati,5,355.1535185,511.6898167,653.6826684,786.2516883,0.06780605565,0.07320689305,0.8,0.3573379891,0.3115675969
P1|largo|nessuna|T3,4,consumo,71,15.63012206,30.0303247,45.26513568,59.00677643,0.1319762504,0.1524117184,0.746031746,1.017005914,1.167862091
P1|largo|nessuna|T3,4,importazioni,71,7.139147458,22.60104858,35.78009381,60.08733294,0.3051206795,0.3165585175,0.7333333333,1.507528746,1.136564893
P1|largo|nessuna|T3,4,investimento_ind,196,14.32134533,40.76218599,36.8826427,68.68678101,1.619146301,2.289726335,0.3520408163,2.808040567,0.9675244342
P1|largo|nessuna|T3,4,investimento_tipo,4,298.6724121,371.7120611,300.6041575,369.3332565,0.5277162266,0.5521608216,0.75,1.988766464,1.552724153
P1|largo|nessuna|T3,4,produzione,71,49.67772023,87.11753646,87.37483694,127.732491,0.1221592314,0.1502135773,0.7183098592,1.143056237,1.082935383
P1|largo|nessuna|T3,4,scorte,11,51.79564834,63.44676668,64.6851865,75.2478954,0.2420951932,0.2597629857,0.1818181818,1.362813704,1.352163202
P1|largo|nessuna|T3,4,stock_ind,196,37.49323059,98.4514939,462.7061105,626.1144898,0.5783338676,1.035321297,0.4030612245,2.444311146,2.058520963
P1|largo|nessuna|T3,4,stock_tipo,4,793.7615581,878.220575,954.0410099,1012.160072,0.1019651206,0.1174089539,0.75,1.389062325,1.803572785
P1|largo|nessuna|T3,5,aggregati,5,356.9828409,384.335985,463.1526799,484.088575,0.07900374261,0.09033675174,0.8,0.2233499058,0.1830792071
P1|largo|nessuna|T3,5,consumo,71,18.06837782,35.40729887,52.69294183,67.34211948,0.1565674489,0.1920694939,0.7619047619,0.9010878058,1.008345625
P1|largo|nessuna|T3,5,importazioni,71,14.32083606,42.16628115,79.37556955,113.6677867,0.4422511211,0.6221919922,0.5555555556,2.444747095,2.236211658
P1|largo|nessuna|T3,5,investimento_ind,196,28.22015919,153.7777742,94.741496,189.0879826,1.98341518,3.130693874,0.137755102,8.330155513,1.924806784
P1|largo|nessuna|T3,5,investimento_tipo,4,492.1704743,595.1568044,488.8058558,603.6964993,0.7601830309,0.9215818241,0.5,2.826175001,2.268095189
P1|largo|nessuna|T3,5,produzione,71,81.06626767,152.8335854,129.5484797,195.1078752,0.1708896263,0.2607663533,0.661971831,1.647226415,1.287895985
P1|largo|nessuna|T3,5,scorte,11,43.36409137,51.61850697,51.41087375,56.85646468,0.1887364124,0.2182564644,0,1,1
P1|largo|nessuna|T3,5,stock_ind,196,52.07444947,187.4897595,331.6404487,430.1186002,0.641414805,1.126485312,0.3571428571,3.32179582,1.019927596
P1|largo|nessuna|T3,5,stock_tipo,4,1115.412825,1246.906484,1028.513983,1166.845351,0.1762637955,0.2437964644,0.75,1.536151989,1.452305514
P1|stretto|agg+ind|T1,1,aggregati,5,151.3698301,211.9493917,289.2739061,327.9867991,0.0255433898,0.02546814191,0.8,0.6032274659,0.5766337169
P1|stretto|agg+ind|T1,1,consumo,71,6.672562681,11.42906707,12.49830205,16.04138388,0.1041543582,0.09714851441,0.619047619,1.487858836,1.247717038
P1|stretto|agg+ind|T1,1,importazioni,71,4.63190816,17.59922222,26.42881485,49.7502601,0.2026776535,0.1657591856,0.6444444444,2.553575168,2.08869671
P1|stretto|agg+ind|T1,1,investimento_ind,196,3.327516969,12.88125351,32.86427934,68.39773981,0.4613433686,0.5873793566,0.1224489796,2.916876724,2.780054229
P1|stretto|agg+ind|T1,1,investimento_tipo,4,86.53432747,98.56785055,74.91035107,85.86981306,0.1595625305,0.1901873322,0.5,1.651749292,1.238390446
P1|stretto|agg+ind|T1,1,produzione,71,16.53980888,28.39394165,23.59616074,35.74038778,0.05433434046,0.05419145846,0.6338028169,1.352471079,1.057960448
P1|stretto|agg+ind|T1,1,scorte,11,31.88463349,36.59828331,38.7356679,43.27197268,0.168092036,0.1663027217,0.3636363636,2.766141798,3.243344134
P1|stretto|agg+ind|T1,1,stock_ind,196,3.305178297,13.95905589,85.67029082,123.3502494,0.09858980571,0.1497429128,0.7653061224,2.261375374,4.392647467
P1|stretto|agg+ind|T1,1,stock_tipo,4,81.7621875,101.258888,111.1006581,129.3895069,0.01090357818,0.0111170231,1,0.8257388632,1.427223485
P1|stretto|agg+ind|T1,2,aggregati,5,299.3856279,355.6627444,451.3836356,496.4297461,0.06800135391,0.06942938845,0.8,0.5366887961,0.4735003261
P1|stretto|agg+ind|T1,2,consumo,71,7.340242666,13.24446887,13.18386275,18.70330657,0.08737755337,0.09300790764,0.619047619,1.090737066,0.7900353069
P1|stretto|agg+ind|T1,2,importazioni,71,3.636052331,9.279836301,17.18324806,23.67614613,0.1662187011,0.1464537,0.7111111111,1.191879818,1.198996465
P1|stretto|agg+ind|T1,2,investimento_ind,196,3.665094103,12.14095744,30.87766085,62.66189802,0.5295584801,0.733578089,0.1275510204,1.474206644,1.425778799
P1|stretto|agg+ind|T1,2,investimento_tipo,4,106.5522325,110.1917339,104.1088329,106.7240824,0.1748144671,0.2130588589,0.5,1.078118218,0.997144423
P1|stretto|agg+ind|T1,2,produzione,71,18.94968392,28.64520469,31.34907495,43.31616233,0.0577930117,0.05877487717,0.7605633803,0.7723980427,0.801946727
P1|stretto|agg+ind|T1,2,scorte,11,42.44828508,52.53585695,55.50041174,63.58552996,0.1934336305,0.1925221297,0.09090909091,2.248874171,2.478967454
P1|stretto|agg+ind|T1,2,stock_ind,196,6.237824857,24.78418157,151.0555177,217.0261051,0.166658878,0.2665834756,0.7397959184,1.629913832,2.028953106
P1|stretto|agg+ind|T1,2,stock_tipo,4,171.69969,192.7524871,215.8247147,236.6838146,0.02409689208,0.02517904535,1,0.7170846742,1.075995706
P1|stretto|agg+ind|T1,3,aggregati,5,421.5259982,573.5758413,743.7148154,893.6370257,0.08665986405,0.09247142632,0.8,0.5313679781,0.4742760653
P1|stretto|agg+ind|T1,3,consumo,71,8.886750455,15.90087057,20.59811068,25.34259109,0.111218677,0.1362938737,0.6984126984,0.8319386602,0.825395531
P1|stretto|agg+ind|T1,3,importazioni,71,3.719337346,9.902728708,16.76290117,24.80631654,0.1484734881,0.1690615823,0.8,0.8060368167,0.6669818151
P1|stretto|agg+ind|T1,3,investimento_ind,196,4.34443242,12.57413509,32.83867385,62.28915021,0.5588097836,0.8542702352,0.1275510204,1.201607359,1.169659893
P1|stretto|agg+ind|T1,3,investimento_tipo,4,149.4305956,151.0124491,155.2694025,157.1426665,0.2302299897,0.2822056046,0.5,0.986932562,0.97337194
P1|stretto|agg+ind|T1,3,produzione,71,26.15038652,41.11679346,45.52395054,63.14153333,0.07065128243,0.07657376231,0.8309859155,0.7125992072,0.7772933309
P1|stretto|agg+ind|T1,3,scorte,11,46.69046145,57.58900866,60.08586609,68.55516671,0.2084230487,0.2143660051,0.09090909091,1.686523483,1.796521791
P1|stretto|agg+ind|T1,3,stock_ind,196,9.367666597,35.37351068,215.3159033,307.2298954,0.222607388,0.3712195942,0.7193877551,1.331948411,1.550153699
P1|stretto|agg+ind|T1,3,stock_tipo,4,294.0097106,310.0748462,345.6338237,360.3580691,0.04224175843,0.04530288484,1,0.694939391,0.9754801982
P1|stretto|agg+ind|T1,4,aggregati,5,586.0233186,756.2823787,1043.25716,1199.489697,0.1059001638,0.1177549805,0.8,0.5281489207,0.4972521714
P1|stretto|agg+ind|T1,4,consumo,71,11.53061325,22.49224072,31.74512004,40.6573915,0.1202749437,0.1382180088,0.746031746,0.7617214288,0.8190392384
P1|stretto|agg+ind|T1,4,importazioni,71,4.531765968,14.25086142,22.68237925,39.73252547,0.2285448419,0.2233150456,0.7333333333,0.9505569255,0.7205122517
P1|stretto|agg+ind|T1,4,investimento_ind,196,4.58303085,11.12663689,27.46036549,48.74969991,0.6017276544,0.9512176156,0.1428571429,0.7664958834,0.7203544171
P1|stretto|agg+ind|T1,4,investimento_tipo,4,159.0442557,165.0346634,174.5626414,180.4126409,0.2311206353,0.2828415073,0.5,0.8829829275,0.9016762502
P1|stretto|agg+ind|T1,4,produzione,71,35.9865175,55.74619543,66.40440943,88.21387124,0.08770285853,0.09678784814,0.7887323944,0.7314375381,0.8230251072
P1|stretto|agg+ind|T1,4,scorte,11,59.26945917,67.42597683,73.24703082,78.47404029,0.2665446998,0.2858589068,0,1.448285706,1.531137886
P1|stretto|agg+ind|T1,4,stock_ind,196,12.21841116,43.22366562,261.088145,371.4555022,0.2652233959,0.4619445335,0.7244897959,1.073138491,1.161548135
P1|stretto|agg+ind|T1,4,stock_tipo,4,412.6962021,424.6122095,459.848834,468.7290295,0.06053398625,0.06659379161,1,0.6715998687,0.8693240999
P1|stretto|agg+ind|T1,5,aggregati,5,692.2007764,882.3122101,1260.796942,1420.916084,0.1119273294,0.1282484592,0.8,0.5127397817,0.4983792914
P1|stretto|agg+ind|T1,5,consumo,71,15.33808696,30.25421992,42.58466278,54.54832021,0.1493864164,0.1819651338,0.7619047619,0.7699460144,0.8149110091
P1|stretto|agg+ind|T1,5,importazioni,71,5.983458982,19.69473519,30.95310549,55.92029581,0.280989545,0.3024740469,0.7111111111,1.141875577,0.8720277
P1|stretto|agg+ind|T1,5,investimento_ind,196,5.498186577,11.76727318,25.71853758,38.39549183,0.6564129207,1.102888214,0.1326530612,0.6374342197,0.5225082748
P1|stretto|agg+ind|T1,5,investimento_tipo,4,161.6024949,177.289229,183.1794463,195.4580402,0.2256841311,0.2727325316,0.5,0.8418796245,0.8499661287
P1|stretto|agg+ind|T1,5,produzione,71,46.06173187,71.32571303,83.07941948,112.2613194,0.1134407315,0.1262654653,0.7183098592,0.7687420163,0.8259274907
P1|stretto|agg+ind|T1,5,scorte,11,43.36409137,51.61850697,51.41087375,56.85646468,0.1887364124,0.2182564644,0,1,1
P1|stretto|agg+ind|T1,5,stock_ind,196,15.41072855,49.13438666,289.8141302,408.0528812,0.3059777019,0.5517576335,0.6785714286,0.870524346,0.8912948654
P1|stretto|agg+ind|T1,5,stock_tipo,4,519.3725031,526.3693495,547.2332416,551.8205249,0.07953835371,0.08982892913,1,0.6484715042,0.7727166255
P1|stretto|agg+ind|T2,1,aggregati,5,267.6951765,306.6503631,367.9552492,379.7525241,0.05685300536,0.05674983259,0.8,0.8727551421,0.7334757768
P1|stretto|agg+ind|T2,1,consumo,71,9.090308398,17.17592387,21.62197302,31.28911789,0.113034387,0.1075668071,0.619047619,2.235996162,2.158541539
P1|stretto|agg+ind|T2,1,importazioni,71,4.928650843,18.34987404,23.09859148,45.19046925,0.2278223905,0.1787229765,0.7333333333,2.662491677,1.825505695
P1|stretto|agg+ind|T2,1,investimento_ind,196,2.008703732,4.970051368,12.22172405,21.26845916,0.3712386989,0.4889508729,0.07653061224,1.125436056,1.03385975
P1|stretto|agg+ind|T2,1,investimento_tipo,4,47.85106102,47.88178027,47.36526471,47.39237879,0.08902819414,0.09394986208,0.5,0.8023782218,0.7830251823
P1|stretto|agg+ind|T2,1,produzione,71,19.84530662,33.00804482,27.91977736,42.51396399,0.06418682155,0.06286748341,0.5633802817,1.572251804,1.25181467
P1|stretto|agg+ind|T2,1,scorte,11,39.49579396,48.11923948,51.22847751,59.60927416,0.1957088157,0.1877771197,0,3.636909373,4.28936923
P1|stretto|agg+ind|T2,1,stock_ind,196,1.819891193,4.132927561,17.14173872,22.79547649,0.09407573853,0.1302798115,0.7755102041,0.6695367284,0.878923305
P1|stretto|agg+ind|T2,1,stock_tipo,4,34.81743009,34.9876627,34.95040553,35.11035908,0.00651302587,0.006676207217,0.75,0.2853149328,0.448980595
P1|stretto|agg+ind|T2,2,aggregati,5,300.5562082,318.2203505,354.8165221,366.5044869,0.07849327244,0.08121134764,0.8,0.4801888854,0.3722016611
P1|stretto|agg+ind|T2,2,consumo,71,8.215392128,15.60234704,18.54634261,25.79738048,0.09382552907,0.1000715684,0.6031746032,1.284918135,1.111378793
P1|stretto|agg+ind|T2,2,importazioni,71,5.718533722,18.25824347,31.50077103,48.52822998,0.1893540765,0.1684059987,0.7111111111,2.345044804,2.19803107
P1|stretto|agg+ind|T2,2,investimento_ind,196,2.844477702,8.597098674,21.93487953,43.11833229,0.4628224224,0.7196373016,0.1275510204,1.043896254,1.012845058
P1|stretto|agg+ind|T2,2,investimento_tipo,4,71.52505442,74.04593291,68.4922175,70.37847733,0.1311818693,0.1451487672,0.75,0.7244669487,0.6560118946
P1|stretto|agg+ind|T2,2,produzione,71,20.77560832,35.78340051,35.86926454,51.67829679,0.05737368245,0.05958504618,0.8169014085,0.9648745337,0.9175785676
P1|stretto|agg+ind|T2,2,scorte,11,37.75914063,46.41946244,47.44698028,54.98957897,0.1829479023,0.1828428269,0.1818181818,1.987052961,2.119254907
P1|stretto|agg+ind|T2,2,stock_ind,196,4.130947625,12.36522847,69.87095888,98.29786962,0.1707374669,0.2593325551,0.7551020408,0.8131903352,0.9384953376
P1|stretto|agg+ind|T2,2,stock_tipo,4,95.01395213,99.83238607,111.984658,116.3613943,0.01433777393,0.01504341882,0.75,0.3714000017,0.558300338
P1|stretto|agg+ind|T2,3,aggregati,5,463.7108221,557.507922,728.5840504,821.0848072,0.09941721682,0.106806478,0.8,0.5164824526,0.4646269908
P1|stretto|agg+ind|T2,3,consumo,71,9.80126988,18.24949052,21.57689098,29.58522112,0.1262394348,0.1528535838,0.6825396825,0.9548192113,0.8646166472
P1|stretto|agg+ind|T2,3,importazioni,71,3.703049324,8.38547872,14.45550698,18.94501531,0.1942754984,0.1932569183,0.8222222222,0.6825396083,0.5751725303
P1|stretto|agg+ind|T2,3,investimento_ind,196,3.699740887,10.60334087,27.90346638,52.40555046,0.4948024526,0.8456380503,0.1224489796,1.013274657,0.993875869
P1|stretto|agg+ind|T2,3,investimento_tipo,4,115.3448281,115.7016497,115.8699233,116.2057163,0.1957624695,0.2242374173,0.75,0.7561610072,0.7263796358
P1|stretto|agg+ind|T2,3,produzione,71,28.16246202,44.18664956,49.91766789,66.39206933,0.07184725409,0.07798272233,0.8309859155,0.7658031864,0.8523133403
P1|stretto|agg+ind|T2,3,scorte,11,44.16953335,54.6209988,56.03780193,64.66797751,0.2026049908,0.2091188314,0.09090909091,1.599603801,1.675487745
P1|stretto|agg+ind|T2,3,stock_ind,196,6.926821061,22.41218235,132.5600192,186.6380047,0.22679732,0.3710799227,0.7397959184,0.8439046645,0.9543577644
P1|stretto|agg+ind|T2,3,stock_tipo,4,191.3675376,198.9467086,223.0729105,228.935746,0.02772914572,0.02984839053,0.75,0.445879136,0.6295772925
P1|stretto|agg+ind|T2,4,aggregati,5,566.0442272,738.2541692,963.4867316,1138.220997,0.1136023687,0.1268026952,0.8,0.5155589415,0.4592308471
P1|stretto|agg+ind|T2,4,consumo,71,11.28724265,21.80697027,26.94147818,35.47415725,0.130733565,0.150159732,0.7301587302,0.7385140839,0.6951029872
P1|stretto|agg+ind|T2,4,importazioni,71,4.445552934,11.55602765,20.60897507,30.57772992,0.2284721926,0.2234878404,0.7333333333,0.7708068861,0.6546499761
P1|stretto|agg+ind|T2,4,investimento_ind,196,4.36727257,14.44194098,37.27709098,74.3323287,0.535473636,0.9373341006,0.1479591837,0.9948817796,0.9778718041
P1|stretto|agg+ind|T2,4,investimento_tipo,4,147.2706377,150.100552,149.9508061,152.0927271,0.2393181284,0.2832315845,0.75,0.8030811356,0.7745476317
P1|stretto|agg+ind|T2,4,produzione,71,38.23061008,62.9804492,70.55536904,98.14115001,0.08977180796,0.09918162932,0.7605633803,0.8263571058,0.8744726542
P1|stretto|agg+ind|T2,4,scorte,11,59.32979166,66.21133925,72.08280136,76.14034717,0.2711999324,0.2917843185,0,1.422195728,1.50680112
P1|stretto|agg+ind|T2,4,stock_ind,196,9.859693131,35.58691816,217.0942567,309.0846118,0.2675656236,0.4648639917,0.7448979592,0.8835366257,0.9658248906
P1|stretto|agg+ind|T2,4,stock_tipo,4,309.7850538,323.452852,360.7369098,372.1882877,0.04359581498,0.04807865444,0.75,0.5115983197,0.6819573438
P1|stretto|agg+ind|T2,5,aggregati,5,709.1136797,915.855223,1261.246902,1456.371429,0.1259402603,0.1439723229,0.8,0.5322326969,0.4985571555
P1|stretto|agg+ind|T2,5,consumo,71,13.26105111,26.64184924,30.52068788,41.7868377,0.152025141,0.1852805422,0.746031746,0.6780140321,0.5840516969
P1|stretto|agg+ind|T2,5,importazioni,71,6.456785999,20.65613091,33.87542507,58.61917519,0.2801443952,0.3009357204,0.7111111111,1.197616073,0.9543568745
P1|stretto|agg+ind|T2,5,investimento_ind,196,5.629872923,18.51735425,48.74972955,92.42770039,0.5847879953,1.075747505,0.1479591837,1.003086703,0.9904193425
P1|stretto|agg+ind|T2,5,investimento_tipo,4,169.8950555,178.6566875,171.8667106,178.5391336,0.2675810037,0.3256064519,0.75,0.8483731685,0.7974742014
P1|stretto|agg+ind|T2,5,produzione,71,46.79119245,80.04126552,85.15720849,125.6024432,0.1131025436,0.1258578567,0.7042253521,0.8626774445,0.8465836662
P1|stretto|agg+ind|T2,5,scorte,11,43.36409137,51.61850697,51.41087375,56.85646468,0.1887364124,0.2182564644,0,1,1
P1|stretto|agg+ind|T2,5,stock_ind,196,13.48000699,51.98313506,319.2468542,455.5600796,0.303636479,0.5540718534,0.7091836735,0.9209962254,0.9818123145
P1|stretto|agg+ind|T2,5,stock_tipo,4,438.092098,460.0087697,507.7086395,530.5740207,0.06202621595,0.07012696058,0.75,0.5667172283,0.7169062054
P1|stretto|agg+ind|T3,1,aggregati,5,114.4708011,191.8617731,260.5406855,319.7868591,0.01624513527,0.01636893308,0.8,0.5460562557,0.5193574003
P1|stretto|agg+ind|T3,1,consumo,71,5.545324295,9.060783992,10.59153536,12.8829594,0.1084453577,0.09487424517,0.619047619,1.179551003,1.057362758
P1|stretto|agg+ind|T3,1,importazioni,71,4.411720812,17.51131737,25.61667466,49.73307516,0.12660463,0.1246947361,0.6666666667,2.540820534,2.024512426
P1|stretto|agg+ind|T3,1,investimento_ind,196,2.882644972,12.57534966,32.0984681,68.29786548,0.4168586825,0.502320584,0.1071428571,2.847606772,2.715272744
P1|stretto|agg+ind|T3,1,investimento_tipo,4,82.6304416,96.44268041,70.67055321,83.20006804,0.1530911814,0.1839614902,0.5,1.616136785,1.168299663
P1|stretto|agg+ind|T3,1,produzione,71,16.19486539,27.94719142,23.37572033,35.26113732,0.05188713079,0.05215526606,0.6338028169,1.331191301,1.048076754
P1|stretto|agg+ind|T3,1,scorte,11,33.1511734,37.35926045,40.34420294,43.75719873,0.1716335107,0.1713264605,0.3636363636,2.823657355,3.378027049
P1|stretto|agg+ind|T3,1,stock_ind,196,2.860466055,13.66714672,85.40818531,123.3609461,0.09322660867,0.1296799251,0.7653061224,2.214085915,4.379208303
P1|stretto|agg+ind|T3,1,stock_tipo,4,77.85830164,99.54991209,110.124197,129.0797682,0.009236312171,0.009420788754,1,0.8118026264,1.414679651
P1|stretto|agg+ind|T3,2,aggregati,5,250.8093809,324.909682,423.5299893,487.5745302,0.05283689727,0.05430727182,0.8,0.4902829684,0.4442819195
P1|stretto|agg+ind|T3,2,consumo,71,6.30323574,11.33800157,11.43416199,16.43085091,0.08730195909,0.092220167,0.619047619,0.9337315591,0.6851855064
P1|stretto|agg+ind|T3,2,importazioni,71,3.319899838,7.694720025,14.0841152,17.44627507,0.1662475317,0.1467347062,0.7555555556,0.9882913024,0.9827480981
P1|stretto|agg+ind|T3,2,investimento_ind,196,3.405343983,11.91675611,30.40253913,62.57442776,0.5076963545,0.7292609934,0.1224489796,1.446983167,1.403840011
P1|stretto|agg+ind|T3,2,investimento_tipo,4,90.05114493,97.15035424,81.45209555,87.54777753,0.15409515,0.1916204258,0.75,0.9505210879,0.7801403645
P1|stretto|agg+ind|T3,2,produzione,71,18.73702273,28.47583035,30.82298465,42.67117449,0.05683083522,0.05808901931,0.7746478873,0.7678309814,0.7884887095
P1|stretto|agg+ind|T3,2,scorte,11,43.69396185,51.26949612,55.30616372,60.45959231,0.1995471533,0.2019149621,0.09090909091,2.194665744,2.470291221
P1|stretto|agg+ind|T3,2,stock_ind,196,5.574065381,24.30652611,150.6546014,217.0151428,0.1705052654,0.2558858331,0.75,1.598501165,2.023568064
P1|stretto|agg+ind|T3,2,stock_tipo,4,150.8536518,182.4364609,206.536153,233.0245414,0.01818012989,0.01898462164,1,0.6787066256,1.029687513
P1|stretto|agg+ind|T3,3,aggregati,5,404.8445222,570.5323282,751.3329013,908.7851216,0.07842139393,0.08371679398,0.8,0.5285484288,0.4791342122
P1|stretto|agg+ind|T3,3,consumo,71,8.835883184,15.90940753,20.59560194,25.34729882,0.1083132536,0.1330026901,0.6984126984,0.8323853169,0.8252950026
P1|stretto|agg+ind|T3,3,importazioni,71,3.49283936,9.328531326,15.22054017,22.90662414,0.1460304749,0.1665738542,0.8,0.7592997765,0.605612561
P1|stretto|agg+ind|T3,3,investimento_ind,196,4.058951931,12.26660929,32.27524119,62.15147154,0.5345548784,0.8455657322,0.1326530612,1.17221963,1.149591343
P1|stretto|agg+ind|T3,3,investimento_tipo,4,131.2474129,132.0642417,130.0205432,130.7751811,0.2078964757,0.2588749838,0.75,0.8630977197,0.8150887831
P1|stretto|agg+ind|T3,3,produzione,71,25.98635402,40.96136119,44.87571223,62.76313271,0.07120168704,0.07694341435,0.8169014085,0.7099053952,0.7662250622
P1|stretto|agg+ind|T3,3,scorte,11,48.03529948,58.25079237,61.80789766,69.42381833,0.2132935644,0.2194309124,0,1.705904156,1.848009227
P1|stretto|agg+ind|T3,3,stock_ind,196,8.583793319,34.70581211,214.9277207,307.1976147,0.2266210744,0.3656829513,0.7295918367,1.306806998,1.547359002
P1|stretto|agg+ind|T3,3,stock_tipo,4,256.8503219,285.1002453,327.988733,349.9117507,0.03263997477,0.03502815187,1,0.638966344,0.9256805679
P1|stretto|agg+ind|T3,4,aggregati,5,587.9616668,764.3514328,1066.377961,1220.620921,0.1025191161,0.1135403387,0.8,0.5337839352,0.5082723386
P1|stretto|agg+ind|T3,4,consumo,71,11.81800453,22.684034,32.17788302,40.855155,0.1211659269,0.139161618,0.746031746,0.7682166933,0.8302047298
P1|stretto|agg+ind|T3,4,importazioni,71,4.486197833,13.59969844,22.1600071,37.62853071,0.2258304124,0.2200747141,0.7333333333,0.9071232363,0.7039189511
P1|stretto|agg+ind|T3,4,investimento_ind,196,4.258534387,10.70862404,26.83415661,48.53035092,0.5760387097,0.9387978138,0.1530612245,0.7376996599,0.7039273839
P1|stretto|agg+ind|T3,4,investimento_tipo,4,140.861073,142.9126936,149.3137821,151.3972394,0.2088737963,0.2595108865,0.75,0.7646240251,0.7712571833
P1|stretto|agg+ind|T3,4,produzione,71,36.17719354,55.73555515,66.53868905,87.94201793,0.08746663242,0.09647714622,0.7887323944,0.7312979286,0.8246893867
P1|stretto|agg+ind|T3,4,scorte,11,58.22609557,66.88841038,72.17618148,78.05896275,0.2622394389,0.2810450981,0,1.436738972,1.508753115
P1|stretto|agg+ind|T3,4,stock_ind,196,11.22160679,42.32284364,260.5810757,371.3954064,0.2671368231,0.4580665121,0.7346938776,1.050773272,1.159292248
P1|stretto|agg+ind|T3,4,stock_tipo,4,361.605825,382.6787457,434.9477446,449.5840439,0.04798214849,0.05291862775,1,0.6052746238,0.8222496798
P1|stretto|agg+ind|T3,5,aggregati,5,695.3736687,882.8101342,1274.020258,1423.356066,0.1088117618,0.124600269,0.8,0.5130291413,0.5036063241
P1|stretto|agg+ind|T3,5,consumo,71,14.63151296,29.91018691,41.60097543,54.27347616,0.144250503,0.1761980888,0.7619047619,0.7611906458,0.7960869162
P1|stretto|agg+ind|T3,5,importazioni,71,6.075937665,19.67718855,31.47644256,55.69828304,0.2797556399,0.3009127866,0.7111111111,1.140858246,0.8867714364
P1|stretto|agg+ind|T3,5,investimento_ind,196,5.128257878,11.33886038,25.04423983,38.07659638,0.6252090311,1.084394698,0.1479591837,0.6142270611,0.5088089673
P1|stretto|agg+ind|T3,5,investimento_tipo,4,143.4193122,154.2441658,157.930587,166.4585118,0.2035543471,0.2494019108,0.75,0.7324473184,0.7328095608
P1|stretto|agg+ind|T3,5,produzione,71,46.06391453,71.66836031,82.81988772,112.2227571,0.1133022388,0.1262277818,0.7183098592,0.7724350374,0.8233473762
P1|stretto|agg+ind|T3,5,scorte,11,43.36409137,51.61850697,51.41087375,56.85646468,0.1887364124,0.2182564644,0,1,1
P1|stretto|agg+ind|T3,5,stock_ind,196,14.14725463,47.9859,289.1266301,407.9594647,0.3030825928,0.5461328402,0.6887755102,0.8501763644,0.8891805265
P1|stretto|agg+ind|T3,5,stock_tipo,4,456.3619236,467.6338951,516.0220483,523.5999286,0.06461568152,0.07331492228,1,0.5761111578,0.7286450925
P1|stretto|agg|T1,1,aggregati,5,261.2263906,314.4919072,370.8133346,386.3207604,0.05575373937,0.05433959698,0.8,0.8950728979,0.739173036
P1|stretto|agg|T1,1,consumo,71,9.162439251,17.31075651,21.3554716,31.26155059,0.1088860856,0.1058983947,0.619047619,2.253548945,2.131936456
P1|stretto|agg|T1,1,importazioni,71,4.987547486,16.69520104,24.28622344,41.33575154,0.1749332773,0.1526112171,0.7111111111,2.422405392,1.919365483
P1|stretto|agg|T1,1,investimento_ind,196,12.76637769,25.89759368,55.28712103,83.41126056,1.76864046,2.520110075,0.3775510204,5.86434295,4.676846645
P1|stretto|agg|T1,1,investimento_tipo,4,112.0353457,122.0519675,111.32978,119.8321856,0.18977907,0.2237579436,0.25,2.045284034,1.840463086
P1|stretto|agg|T1,1,produzione,71,20.08863308,33.63834663,29.22723152,45.08167015,0.06544244939,0.06306299449,0.6197183099,1.602274581,1.31043585
P1|stretto|agg|T1,1,scorte,11,37.52735253,47.86444672,49.95000112,60.12762961,0.1837378973,0.1744839455,0.09090909091,3.617651833,4.182322182
P1|stretto|agg|T1,1,stock_ind,196,12.73815384,26.42334758,102.4070593,134.9427294,0.2673957135,0.4303914471,0.4693877551,4.280598058,5.250806381
P1|stretto|agg|T1,1,stock_tipo,4,107.2632057,121.712608,130.5023748,144.918193,0.01505417616,0.01537141823,1,0.9925334212,1.676462204
P1|stretto|agg|T1,2,aggregati,5,288.1398975,308.8364679,235.8207062,256.724377,0.08323255961,0.08607903088,0.8,0.4660287724,0.2473753421
P1|stretto|agg|T1,2,consumo,71,9.039564736,16.56844093,16.63036559,25.32053111,0.09981446596,0.1067695488,0.6349206349,1.364479982,0.9965649849
P1|stretto|agg|T1,2,importazioni,71,6.589750316,22.31936572,35.23945416,59.87418008,0.2483987906,0.226293878,0.5777777778,2.866645562,2.458905373
P1|stretto|agg|T1,2,investimento_ind,196,11.56885285,25.83046455,54.46777395,81.97191521,1.699735753,1.711350099,0.3316326531,3.136444771,2.515054419
P1|stretto|agg|T1,2,investimento_tipo,4,153.5757998,162.3834333,169.5699677,179.1100248,0.2408237648,0.2743668881,0.25,1.588762891,1.624124898
P1|stretto|agg|T1,2,produzione,71,25.60803834,40.82015306,39.69933128,56.25569201,0.0793140005,0.08838184508,0.7323943662,1.100687067,1.015556243
P1|stretto|agg|T1,2,scorte,11,38.37487987,48.17932898,49.19185335,57.68228043,0.1802272143,0.1803303124,0.1818181818,2.062386621,2.197190969
P1|stretto|agg|T1,2,stock_ind,196,20.51091951,41.66280216,176.2720723,227.4934974,0.4183561597,0.6460810423,0.4591836735,2.739924146,2.367657761
P1|stretto|agg|T1,2,stock_tipo,4,225.7695268,244.953038,254.4297173,268.4515075,0.03259510727,0.03404513262,1,0.9112830244,1.268461232
P1|stretto|agg|T1,3,aggregati,5,514.9483307,584.7592165,758.6314074,817.7239292,0.1110235596,0.119087946,0.6,0.5417283996,0.4837885591
P1|stretto|agg|T1,3,consumo,71,11.1114771,20.36946864,26.70831549,35.09215847,0.1317544555,0.1590890192,0.6984126984,1.065737148,1.07024011
P1|stretto|agg|T1,3,importazioni,71,6.069100754,18.07564174,33.7802353,51.72100706,0.1860284861,0.2185961951,0.7555555556,1.47127455,1.344087304
P1|stretto|agg|T1,3,investimento_ind,196,11.26749042,22.84968354,53.02818407,75.81791689,1.653105785,1.929241874,0.3418367347,2.183557571,1.888777251
P1|stretto|agg|T1,3,investimento_tipo,4,216.4919487,230.6964822,243.7834078,258.4542638,0.332256771,0.3764838718,0.25,1.507702654,1.52825943
P1|stretto|agg|T1,3,produzione,71,32.78362342,50.86646164,58.64367149,78.15627302,0.08181226629,0.09024662801,0.7746478873,0.8815716692,1.001304461
P1|stretto|agg|T1,3,scorte,11,50.13801931,59.99989456,64.16243464,71.6609581,0.224169185,0.230517041,0,1.757127506,1.918408096
P1|stretto|agg|T1,3,stock_ind,196,26.05826547,54.90998617,245.4999792,316.9718635,0.5080332842,0.885160387,0.4336734694,2.067571678,1.76746211
P1|stretto|agg|T1,3,stock_tipo,4,392.6701376,419.3932415,417.8258287,430.4384459,0.05776514521,0.0616367977,0.75,0.9399436536,1.179227246
P1|stretto|agg|T1,4,aggregati,5,575.7047685,725.3930418,933.7365238,1084.680092,0.1196125745,0.1333632582,0.8,0.5065773882,0.445050877
P1|stretto|agg|T1,4,consumo,71,12.38509091,23.16050523,32.66726395,40.67079406,0.1349682078,0.1549207874,0.746031746,0.7843528511,0.8428309912
P1|stretto|agg|T1,4,importazioni,71,5.748276651,17.96037626,28.83965899,50.43946357,0.2478131035,0.251045383,0.6888888889,1.197987934,0.9161000002
P1|stretto|agg|T1,4,investimento_ind,196,12.30058931,25.81633354,52.36127925,75.62517104,1.623313076,3.723254604,0.3826530612,1.778445148,1.373567981
P1|stretto|agg|T1,4,investimento_tipo,4,227.9459989,245.0199578,258.0871859,272.7038807,0.3483490639,0.3896197745,0.25,1.310927264,1.33310933
P1|stretto|agg|T1,4,produzione,71,40.53997156,66.88640485,75.4585999,104.5671481,0.09741370058,0.1108851722,0.7605633803,0.8776065688,0.9352439515
P1|stretto|agg|T1,4,scorte,11,55.65558326,66.36921906,69.32500925,78.00810438,0.2509572828,0.2717405184,0.1818181818,1.425586929,1.449152913
P1|stretto|agg|T1,4,stock_ind,196,31.68146915,70.46303218,300.6291965,385.7502366,0.535822032,2.181718743,0.4744897959,1.749425713,1.337461272
P1|stretto|agg|T1,4,stock_tipo,4,561.1162658,589.2009989,569.4831696,582.7657326,0.08625049317,0.09375488226,0.75,0.9319263663,1.076583014
P1|stretto|agg|T1,5,aggregati,5,635.0583301,794.4928257,1013.657021,1180.657978,0.1323155815,0.1505715919,0.6,0.4617051349,0.4006875738
P1|stretto|agg|T1,5,consumo,71,12.75768962,23.4083452,29.37737021,37.36641634,0.1481876477,0.1807099662,0.7619047619,0.5957239069,0.5621728772
P1|stretto|agg|T1,5,importazioni,71,11.89698287,35.54498414,67.99969955,97.28290847,0.3594629305,0.4071772811,0.5555555556,2.060852756,1.91572447
P1|stretto|agg|T1,5,investimento_ind,196,20.44984156,72.85395676,68.59139579,115.0256622,1.986126626,2.205784891,0.137755102,3.946505225,1.393530708
P1|stretto|agg|T1,5,investimento_tipo,4,244.3076345,269.9949667,275.9523637,295.5137658,0.3751255923,0.4125919335,0.25,1.282104177,1.280439302
P1|stretto|agg|T1,5,produzione,71,57.27772607,98.95591492,101.0554448,147.0539455,0.1420928947,0.1667931749,0.676056338,1.066537807,1.004634727
P1|stretto|agg|T1,5,scorte,11,43.36409137,51.61850697,51.41087375,56.85646468,0.1887364124,0.2182564644,0,1,1
P1|stretto|agg|T1,5,stock_ind,196,43.06093586,111.241668,350.2888749,445.5611474,0.5976320703,1.32904896,0.4030612245,1.970892218,1.077278998
P1|stretto|agg|T1,5,stock_tipo,4,736.6068218,760.344108,712.2889526,728.5690631,0.1206399998,0.1330243377,0.5,0.9367215015,1.005782314
P1|stretto|agg|T2,1,aggregati,5,197.475031,229.7661593,264.7998204,273.901303,0.04303329652,0.04300126507,0.8,0.6539356255,0.5278474879
P1|stretto|agg|T2,1,consumo,71,8.259082734,14.75423094,17.4950638,23.41136896,0.1086041075,0.1047090875,0.619047619,1.920735328,1.746548379
P1|stretto|agg|T2,1,importazioni,71,5.599513474,21.93956622,26.50804916,54.37674407,0.2123901532,0.1803921656,0.7333333333,3.183341332,2.09495868
P1|stretto|agg|T2,1,investimento_ind,196,14.76125267,29.94361254,37.2812266,49.60720302,1.789354606,3.295023649,0.3520408163,6.78053781,3.153692511
P1|stretto|agg|T2,1,investimento_tipo,4,27.19706446,31.73076573,28.75096183,33.97867017,0.04801739203,0.05210006464,1,0.5317278355,0.4753003549
P1|stretto|agg|T2,1,produzione,71,20.27207304,37.39573202,28.90344802,48.63532301,0.07018401231,0.06643922943,0.6478873239,1.781247798,1.295918653
P1|stretto|agg|T2,1,scorte,11,40.39183481,48.22144726,51.00116747,57.79702499,0.1992197954,0.1938408462,0,3.644634358,4.270336521
P1|stretto|agg|T2,1,stock_ind,196,14.54390041,29.80792349,25.01940099,38.82282441,0.2889538001,0.5636587124,0.443877551,4.828901373,1.282841547
P1|stretto|agg|T2,1,stock_tipo,4,18.68263852,20.13636392,18.30735635,19.23475583,0.003033788895,0.003126394245,1,0.1642066053,0.2351803254
P1|stretto|agg|T2,2,aggregati,5,228.9750835,259.7178038,174.2825317,208.5734702,0.06662477952,0.06862041925,0.8,0.3919095762,0.1828219481
P1|stretto|agg|T2,2,consumo,71,9.185899387,16.72438567,19.77978783,26.60137548,0.09725763723,0.1039384635,0.619047619,1.37732268,1.185292281
P1|stretto|agg|T2,2,importazioni,71,7.791942618,24.20985623,42.98865562,64.54310696,0.2223328315,0.234303955,0.6666666667,3.109455609,2.999621839
P1|stretto|agg|T2,2,investimento_ind,196,12.28894535,30.64805987,49.54358077,81.01549506,1.710904337,1.601809005,0.3214285714,3.721417666,2.28767935
P1|stretto|agg|T2,2,investimento_tipo,4,37.73057807,46.27662701,39.55567056,47.77059129,0.06296348267,0.07313683527,1,0.4527714818,0.3788604215
P1|stretto|agg|T2,2,produzione,71,29.22019448,53.38493071,44.79768125,72.52346608,0.08726580484,0.1024418379,0.7042253521,1.439487566,1.145978116
P1|stretto|agg|T2,2,scorte,11,37.17686565,46.50145514,47.13398642,55.57204122,0.1780964413,0.1783208516,0.1818181818,1.990562779,2.105274802
P1|stretto|agg|T2,2,stock_ind,196,20.91934968,40.18292506,68.51771176,81.23782572,0.4162106168,0.6447753811,0.4846938776,2.642601096,0.9203187428
P1|stretto|agg|T2,2,stock_tipo,4,53.93819686,58.14627334,60.86995787,66.35788053,0.008607198564,0.009181587651,1,0.216317839,0.3034676237
P1|stretto|agg|T2,3,aggregati,5,326.4817699,364.9355064,443.913594,476.8561662,0.07655640719,0.08208559796,0.8,0.3380809096,0.283089147
P1|stretto|agg|T2,3,consumo,71,10.31012985,18.93316559,22.4569179,29.89087098,0.1232707613,0.1496085444,0.6825396825,0.9905893107,0.899880575
P1|stretto|agg|T2,3,importazioni,71,7.440061457,20.50047454,36.62106223,51.57741203,0.2903597431,0.3117738298,0.7555555556,1.668644848,1.457121432
P1|stretto|agg|T2,3,investimento_ind,196,12.785768,33.42810744,50.94798568,84.62109255,1.616343694,1.710754657,0.3367346939,3.194451117,1.814683984
P1|stretto|agg|T2,3,investimento_tipo,4,57.72434093,64.99030506,62.24007491,70.62529294,0.08862903347,0.1078699183,1,0.4247401368,0.3901782417
P1|stretto|agg|T2,3,produzione,71,38.21567433,67.95284935,62.92153057,95.24536489,0.09949382997,0.1245787473,0.7887323944,1.177697542,1.074346262
P1|stretto|agg|T2,3,scorte,11,42.25059782,52.76601399,53.38994326,62.1070863,0.1932554852,0.2003985606,0.09090909091,1.545279625,1.59631878
P1|stretto|agg|T2,3,stock_ind,196,27.6718065,59.90993721,120.2545814,151.5195873,0.5048185491,0.7673308322,0.4540816327,2.25583902,0.8657655159
P1|stretto|agg|T2,3,stock_tipo,4,124.0225555,127.6728353,127.1693337,132.2296441,0.02168552414,0.02430340252,1,0.2861402125,0.3589092222
P1|stretto|agg|T2,4,aggregati,5,399.6536008,503.9215264,632.6083582,737.9682383,0.08636053706,0.09575742989,0.8,0.3519130126,0.3015228573
P1|stretto|agg|T2,4,consumo,71,12.02340368,23.14645704,28.64991546,38.30013179,0.1277146811,0.1466569431,0.7301587302,0.7838770955,0.7391814839
P1|stretto|agg|T2,4,importazioni,71,7.522245671,25.10132785,38.19374754,69.43802461,0.3153926623,0.3522338659,0.7111111111,1.674301667,1.213235293
P1|stretto|agg|T2,4,investimento_ind,196,14.96807529,46.98644332,66.26694151,117.3652458,1.634568697,2.165898667,0.3418367347,3.236819512,1.738348459
P1|stretto|agg|T2,4,investimento_tipo,4,60.80641682,72.28781742,63.89530541,74.45938029,0.09034536492,0.1168640855,1,0.3867606195,0.3300412901
P1|stretto|agg|T2,4,produzione,71,50.95776611,92.00450075,84.74070682,129.4516316,0.1255097702,0.1663149609,0.6901408451,1.207177369,1.050287623
P1|stretto|agg|T2,4,scorte,11,51.90588928,61.29858782,63.65428106,71.16883453,0.2390694954,0.2582518632,0.09090909091,1.316671596,1.330613408
P1|stretto|agg|T2,4,stock_ind,196,34.88422618,94.68946875,191.2893661,256.3477099,0.5541613179,1.012915348,0.443877551,2.350909211,0.8510221959
P1|stretto|agg|T2,4,stock_tipo,4,195.3040799,204.0362378,202.521229,213.6481154,0.03307462821,0.03875465548,1,0.3227196662,0.3828575221
P1|stretto|agg|T2,5,aggregati,5,382.7460396,419.591853,530.5947877,570.2687616,0.08283231759,0.09502141929,1,0.2438382158,0.2097383373
P1|stretto|agg|T2,5,consumo,71,14.99629511,29.54166832,35.85225517,49.03009437,0.1482718401,0.1808150682,0.7619047619,0.7518121387,0.6860779335
P1|stretto|agg|T2,5,importazioni,71,12.30503687,43.19753438,64.50460628,113.6520474,0.3824261419,0.5356982063,0.5555555556,2.504537839,1.817258804
P1|stretto|agg|T2,5,investimento_ind,196,24.46993579,102.7647115,96.34735924,182.9199888,1.987538339,2.130455235,0.137755102,5.566773432,1.957432155
P1|stretto|agg|T2,5,investimento_tipo,4,63.85603454,74.61056805,59.98159838,68.14484636,0.09708508715,0.1318174355,1,0.3542974232,0.2783190363
P1|stretto|agg|T2,5,produzione,71,73.65916127,136.2899483,113.354401,174.0925397,0.1721315457,0.2473414049,0.6901408451,1.468920607,1.126903829
P1|stretto|agg|T2,5,scorte,11,41.78520978,50.29828561,48.96973368,54.89822391,0.1817964502,0.2110752298,0.1818181818,0.9744234881,0.9525170476
P1|stretto|agg|T2,5,stock_ind,196,49.78218729,166.231524,279.8394299,386.4050387,0.6110532851,0.926265901,0.3928571429,2.945159155,0.8606186553
P1|stretto|agg|T2,5,stock_tipo,4,251.535114,272.9644658,271.3815857,297.3600098,0.04027616441,0.04940072983,1,0.336284166,0.3832023482
P1|stretto|agg|T3,1,aggregati,5,143.8528646,180.870603,189.4406496,198.8702431,0.0327157939,0.03222513892,0.8,0.5147743745,0.3776277901
P1|stretto|agg|T3,1,consumo,71,7.655342969,14.08878377,15.2940433,21.87071818,0.1176405416,0.1045671691,0.619047619,1.834106082,1.526818469
P1|stretto|agg|T3,1,importazioni,71,5.527063451,21.84335781,26.09109584,54.14313334,0.1911805054,0.1637510357,0.7111111111,3.169381885,2.062006425
P1|stretto|agg|T3,1,investimento_ind,196,13.82173185,28.67003536,57.08998375,84.37291461,1.78794573,2.805365097,0.3724489796,6.492144476,4.82935436
P1|stretto|agg|T3,1,investimento_tipo,4,85.51413112,101.5463285,74.02422251,87.99008313,0.1541002024,0.1882907403,0.5,1.701661092,1.223741294
P1|stretto|agg|T3,1,produzione,71,18.11575149,35.43528691,27.46403555,48.33935801,0.05535376903,0.05420384827,0.6901408451,1.687867127,1.231380973
P1|stretto|agg|T3,1,scorte,11,38.05624305,46.91879028,50.11129407,57.83198903,0.1826993991,0.1774258027,0.1818181818,3.546177994,4.195827269
P1|stretto|agg|T3,1,stock_ind,196,13.78895231,29.13126493,103.5495493,135.3081824,0.2772396546,0.4907348178,0.4489795918,4.719282284,5.309386265
P1|stretto|agg|T3,1,stock_tipo,4,80.74199116,105.0959118,111.2962289,135.5966123,0.01074533576,0.01096074611,1,0.8570287554,1.429735831
P1|stretto|agg|T3,2,aggregati,5,191.1243496,226.4642514,203.5761998,213.9774115,0.05371304029,0.05447132299,0.8,0.3417305533,0.2135509341
P1|stretto|agg|T3,2,consumo,71,6.918714761,12.13085892,11.71416203,17.03058676,0.08606526268,0.091780848,0.6349206349,0.9990266578,0.7019643461
P1|stretto|agg|T3,2,importazioni,71,7.563362699,23.69847584,42.25565776,63.36202444,0.210471033,0.2168496781,0.6444444444,3.043775143,2.948475406
P1|stretto|agg|T3,2,investimento_ind,196,11.92503455,28.03668619,57.45801945,87.5282149,1.698969683,1.585747892,0.3214285714,3.404333577,2.653129277
P1|stretto|agg|T3,2,investimento_tipo,4,78.92538245,88.15602276,73.74795994,80.76712511,0.128516396,0.1638996848,1,0.8625203615,0.706350892
P1|stretto|agg|T3,2,produzione,71,25.68294276,42.50185747,38.58087714,55.24862393,0.08005725444,0.0930491872,0.7183098592,1.146033058,0.9869448522
P1|stretto|agg|T3,2,scorte,11,39.4153943,48.29923065,50.21791895,57.59724685,0.1832728113,0.1860900553,0.2727272727,2.067519188,2.243020957
P1|stretto|agg|T3,2,stock_ind,196,21.12074442,45.51473663,178.6910708,229.9207048,0.4150377547,0.6063100369,0.4744897959,2.993243839,2.400149354
P1|stretto|agg|T3,2,stock_tipo,4,128.1085158,172.7344332,187.1008893,226.5451211,0.01362777329,0.0142337596,1,0.6426127963,0.9327928629
P1|stretto|agg|T3,3,aggregati,5,274.7030757,364.7059054,449.639681,535.4512724,0.06099697341,0.0650009994,0.8,0.3378682043,0.286740743
P1|stretto|agg|T3,3,consumo,71,9.018589557,16.01923213,21.09413799,25.77950202,0.1112483569,0.1363227563,0.6984126984,0.8381313751,0.8452720496
P1|stretto|agg|T3,3,importazioni,71,6.884657028,20.19851638,33.85310211,51.2203569,0.2382230334,0.27448601,0.7555555556,1.644066835,1.346986614
P1|stretto|agg|T3,3,investimento_ind,196,13.76345788,33.10397137,63.8573392,94.25412641,1.636945668,1.774274801,0.3571428571,3.163476081,2.274494058
P1|stretto|agg|T3,3,investimento_tipo,4,97.73914416,101.5262219,95.65030442,98.43371429,0.1494823216,0.1955464305,1,0.6635183715,0.5996244003
P1|stretto|agg|T3,3,produzione,71,35.38665046,59.49841482,59.11295823,83.14137864,0.09344298564,0.1159667402,0.8169014085,1.031172902,1.009317242
P1|stretto|agg|T3,3,scorte,11,39.79001072,52.17569099,51.52344432,62.11536775,0.1780191943,0.1851912885,0.1818181818,1.527991715,1.540511878
P1|stretto|agg|T3,3,stock_ind,196,28.56870357,67.05808038,252.7120134,325.3008154,0.5066579221,0.7484854509,0.4540816327,2.524994039,1.81938471
P1|stretto|agg|T3,3,stock_tipo,4,185.8287543,248.146055,277.7564576,322.1722293,0.01561011825,0.0165642697,1,0.5561446549,0.7839103286
P1|stretto|agg|T3,4,aggregati,5,413.3412124,523.9485962,715.0193503,806.5836358,0.07552165166,0.08339914677,0.8,0.3658988936,0.3408027648
P1|stretto|agg|T3,4,consumo,71,11.71324747,22.60706727,32.13207471,41.02629707,0.1228086499,0.1410506643,0.746031746,0.7656101408,0.8290228535
P1|stretto|agg|T3,4,importazioni,71,7.380223715,25.23117557,40.06067224,70.57231559,0.304105667,0.3306933276,0.7333333333,1.682962732,1.272538689
P1|stretto|agg|T3,4,investimento_ind,196,14.06978443,43.73287327,63.31236316,111.2774174,1.641329809,2.092024899,0.3367346939,3.012686373,1.660842441
P1|stretto|agg|T3,4,investimento_tipo,4,83.28820287,86.35867992,85.68531819,87.94392198,0.117221897,0.1586823332,1,0.4620437819,0.4425942215
P1|stretto|agg|T3,4,produzione,71,48.59487624,81.71017281,82.06322275,114.4367121,0.1195765197,0.1564367229,0.7464788732,1.072107023,1.017102528
P1|stretto|agg|T3,4,scorte,11,47.29246717,60.21479357,58.61740632,70.23604761,0.2113090016,0.2296954386,0.2727272727,1.293392086,1.22532382
P1|stretto|agg|T3,4,stock_ind,196,34.80673995,98.38405317,313.1607043,407.6299937,0.5539301991,0.9752927488,0.4642857143,2.442636756,1.393212366
P1|stretto|agg|T3,4,stock_tipo,4,254.5617663,308.9453139,352.4819813,393.4862407,0.02584628151,0.02866588917,1,0.4886520632,0.6663517626
P1|stretto|agg|T3,5,aggregati,5,398.9768519,462.9604175,618.8100497,668.5661206,0.07667926715,0.08673289453,1,0.2690410727,0.2446088691
P1|stretto|agg|T3,5,consumo,71,14.75422951,29.7666303,41.09189633,53.92562183,0.1457477752,0.1778797285,0.7619047619,0.7575372434,0.7863450482
P1|stretto|agg|T3,5,importazioni,71,11.81279569,42.65635329,60.92816994,112.0917408,0.3764656312,0.5175389949,0.5777777778,2.473160851,1.716501497
P1|stretto|agg|T3,5,investimento_ind,196,23.83234182,99.77073378,87.8274768,172.6427475,1.986877323,2.117929064,0.137755102,5.404589397,1.784338757
P1|stretto|agg|T3,5,investimento_tipo,4,66.56097307,80.14365667,68.21132499,80.35744338,0.08703762388,0.1235733575,1,0.3805719724,0.3165055742
P1|stretto|agg|T3,5,produzione,71,70.17520476,124.6927138,108.6414775,157.9982596,0.1666043733,0.2344506802,0.676056338,1.343926673,1.080050672
P1|stretto|agg|T3,5,scorte,11,41.89628146,50.44568536,49.54250011,55.34837647,0.1801896056,0.2092983043,0.1818181818,0.9772790482,0.9636580064
P1|stretto|agg|T3,5,stock_ind,196,49.19400647,164.25477,373.1386575,492.561057,0.6057219052,0.8932419951,0.4030612245,2.910136586,1.147551257
P1|stretto|agg|T3,5,stock_tipo,4,294.5131575,349.8914526,400.4941498,443.6223408,0.0307355986,0.03533079099,1,0.4310559435,0.5655147832
P1|stretto|ind|T1,1,aggregati,5,134.1678596,164.7618041,185.3539497,201.1974246,0.03273750139,0.03294205154,0.8,0.4689272509,0.3694814315
P1|stretto|ind|T1,1,consumo,71,6.616493128,11.45804252,12.42839319,16.04725112,0.111005342,0.09740763055,0.619047619,1.491630919,1.240737972
P1|stretto|ind|T1,1,importazioni,71,5.950032744,24.90518123,30.96740491,62.509939,0.1911345711,0.1557953635,0.6888888889,3.613639941,2.4473862
P1|stretto|ind|T1,1,investimento_ind,196,3.437953782,16.34046192,41.4048881,89.54687284,0.4261671979,0.5555643885,0.1224489796,3.700192143,3.502521174
P1|stretto|ind|T1,1,investimento_tipo,4,109.0531609,128.9882975,88.93892461,109.4174432,0.206856635,0.2490809997,0.5,2.161519481,1.470305679
P1|stretto|ind|T1,1,produzione,71,17.57358707,37.86404047,27.10040428,52.26085273,0.05316029928,0.05278526655,0.6338028169,1.803554445,1.215077155
P1|stretto|ind|T1,1,scorte,11,32.97724658,42.15306382,42.93076826,52.04232824,0.1645811215,0.1602551694,0.1818181818,3.185978717,3.594600608
P1|stretto|ind|T1,1,stock_ind,196,3.413063532,17.44197875,109.539614,158.4444206,0.08448830944,0.1352332772,0.7806122449,2.825610955,5.616520071
P1|stretto|ind|T1,1,stock_tipo,4,112.4787283,134.3561044,152.0754059,170.7521559,0.01430600594,0.01459433724,0.75,1.095637717,1.953594106
P1|stretto|ind|T1,2,aggregati,5,262.2197053,326.2795066,394.1422073,445.8810374,0.06247239568,0.06339655733,0.8,0.4923500096,0.4134542083
P1|stretto|ind|T1,2,consumo,71,6.252403611,11.31095021,11.28567715,16.40187041,0.08514016614,0.09010749428,0.619047619,0.9315037671,0.6762876388
P1|stretto|ind|T1,2,importazioni,71,3.799678338,8.767553735,17.13964861,20.59568067,0.1700681149,0.1504534133,0.7333333333,1.126083479,1.195954224
P1|stretto|ind|T1,2,investimento_ind,196,3.547909144,12.81415665,32.71311882,67.4863632,0.4891350697,0.6982917297,0.1173469388,1.555949353,1.510531238
P1|stretto|ind|T1,2,investimento_tipo,4,100.7571038,113.2520215,83.33109987,99.02871841,0.1881734526,0.2251130393,0.5,1.108060136,0.7981372878
P1|stretto|ind|T1,2,produzione,71,18.08142116,27.1534319,29.46529281,40.09078542,0.05521929465,0.05662159963,0.8028169014,0.7321734259,0.7537573329
P1|stretto|ind|T1,2,scorte,11,39.95792553,49.63021636,51.71434062,59.53571079,0.1848252242,0.1845906807,0.1818181818,2.124493977,2.309859752
P1|stretto|ind|T1,2,stock_ind,196,6.278051788,28.89493277,180.0854701,259.3620884,0.1414615128,0.2419861496,0.7653061224,1.900254421,2.418878698
P1|stretto|ind|T1,2,stock_tipo,4,191.473676,230.4724192,260.1331682,289.73246,0.02471481045,0.02564590374,0.75,0.8574117103,1.296895828
P1|stretto|ind|T1,3,aggregati,5,399.5242661,544.9211474,700.9875937,844.8607921,0.08309594645,0.08867443164,0.8,0.5048219041,0.4470283917
P1|stretto|ind|T1,3,consumo,71,8.758175282,15.95645878,21.61037293,26.48207653,0.1065093466,0.1311119809,0.6984126984,0.8348470531,0.8659583163
P1|stretto|ind|T1,3,importazioni,71,3.54125584,9.336482598,15.3958315,22.71320819,0.1605741239,0.1757365099,0.8222222222,0.7599469736,0.6125872565
P1|stretto|ind|T1,3,investimento_ind,196,4.13714549,11.97668798,31.49112991,59.40807346,0.5311842609,0.8215503811,0.1224489796,1.14451422,1.121662581
P1|stretto|ind|T1,3,investimento_tipo,4,138.8563346,140.9491819,131.3242424,133.7602957,0.236019767,0.281759785,0.5,0.9211646992,0.8232615734
P1|stretto|ind|T1,3,produzione,71,25.95201898,40.52466212,45.5428558,61.72611192,0.06986481873,0.07590230101,0.8591549296,0.7023369206,0.7776161266
P1|stretto|ind|T1,3,scorte,11,45.94112013,56.02091436,58.68137842,66.35290452,0.2065621951,0.2127104764,0.09090909091,1.640601042,1.754528675
P1|stretto|ind|T1,3,stock_ind,196,9.270785553,38.79289489,240.7371196,343.794222,0.1890675409,0.3375548161,0.7448979592,1.460701347,1.733172194
P1|stretto|ind|T1,3,stock_tipo,4,286.2706438,335.0208742,377.4127044,410.5996155,0.03803727962,0.04023445057,0.75,0.7508484004,1.065169536
P1|stretto|ind|T1,4,aggregati,5,558.6423625,714.0173027,982.7094695,1127.010042,0.1019683093,0.113813036,0.8,0.498633154,0.4683930638
P1|stretto|ind|T1,4,consumo,71,11.58453466,22.6744828,32.72075461,41.88532384,0.1210615974,0.1391011196,0.746031746,0.7678932326,0.8442110757
P1|stretto|ind|T1,4,importazioni,71,4.371275115,11.88487273,20.79492593,32.11148305,0.2274642867,0.2222113649,0.7333333333,0.7927414174,0.660556758
P1|stretto|ind|T1,4,investimento_ind,196,4.293348581,9.600500651,22.97935364,38.5302554,0.574428971,0.9186714042,0.1428571429,0.6613628451,0.6028062119
P1|stretto|ind|T1,4,investimento_tipo,4,143.6908624,147.6191894,147.4500543,150.3532437,0.2298564277,0.2698956877,0.5,0.7898051314,0.7616303862
P1|stretto|ind|T1,4,produzione,71,37.09473009,57.26614817,68.44296854,90.0665121,0.08921779577,0.09851669952,0.7887323944,0.7513806119,0.8482912807
P1|stretto|ind|T1,4,scorte,11,48.8782017,57.62520866,58.45499588,65.53326633,0.2317256574,0.2501241597,0.1818181818,1.237768734,1.221928832
P1|stretto|ind|T1,4,stock_ind,196,11.95460732,44.72822577,274.4172153,389.5965177,0.2272321865,0.4231849269,0.7397959184,1.110493061,1.220847483
P1|stretto|ind|T1,4,stock_tipo,4,394.1777881,428.6346906,483.5210831,505.8115171,0.05485963074,0.05956819423,0.75,0.6779621393,0.9140754509
P1|stretto|ind|T1,5,aggregati,5,667.2606533,844.9892094,1194.656593,1354.432829,0.1125612425,0.1293072155,0.8,0.491050195,0.4722347323
P1|stretto|ind|T1,5,consumo,71,15.78311638,30.68125968,44.09067546,55.61317126,0.1500543867,0.1828084832,0.7619047619,0.7808138393,0.8437304532
P1|stretto|ind|T1,5,importazioni,71,6.419393919,20.59301107,33.48226818,58.27521021,0.2841968954,0.306369785,0.7111111111,1.193956465,0.9432806452
P1|stretto|ind|T1,5,investimento_ind,196,5.186147133,10.87935857,21.22773171,30.54700928,0.6275052171,1.06566024,0.1326530612,0.5893358077,0.4312712353
P1|stretto|ind|T1,5,investimento_tipo,4,146.2491016,162.7407926,156.0668591,169.6641417,0.2244983476,0.2597867119,0.5,0.7727945917,0.7241617263
P1|stretto|ind|T1,5,produzione,71,47.32953715,73.77790172,85.77371149,115.7543063,0.1150602219,0.1280305112,0.7323943662,0.7951714819,0.8527125821
P1|stretto|ind|T1,5,scorte,11,43.36409137,51.61850697,51.41087375,56.85646468,0.1887364124,0.2182564644,0,1,1
P1|stretto|ind|T1,5,stock_ind,196,14.98404103,48.87683412,291.329048,408.2327235,0.265162984,0.5087786527,0.693877551,0.8659612331,0.8959538463
P1|stretto|ind|T1,5,stock_tipo,4,491.5861638,515.418839,563.8190018,579.8569204,0.07264771157,0.08108090056,0.75,0.6349807984,0.7961364249
P1|stretto|ind|T2,1,aggregati,5,180.608246,213.1045043,226.4116649,236.1113299,0.04059341548,0.04049822913,0.8,0.6065150228,0.4513251873
P1|stretto|ind|T2,1,consumo,71,8.736899085,16.87725367,20.90385303,30.86407262,0.1211433016,0.1089699021,0.619047619,2.197114678,2.086850957
P1|stretto|ind|T2,1,importazioni,71,6.355195694,24.72691747,31.7975803,61.8968262,0.2520521814,0.1940776059,0.6888888889,3.587774599,2.512995824
P1|stretto|ind|T2,1,investimento_ind,196,2.151879764,5.19733766,12.43804601,21.31959177,0.2827375881,0.3297141798,0.08673469388,1.17690357,1.052158852
P1|stretto|ind|T2,1,investimento_tipo,4,63.67338158,65.26358446,68.68771473,70.19893056,0.108433301,0.1150946596,0.5,1.093653547,1.135520105
P1|stretto|ind|T2,1,produzione,71,19.35209474,38.06777064,28.85045635,51.44185688,0.05855073049,0.05817301384,0.5915492958,1.813258598,1.293542711
P1|stretto|ind|T2,1,scorte,11,40.53938908,48.5094551,50.9029278,57.87265513,0.2011239893,0.1957845633,0,3.666402334,4.262110897
P1|stretto|ind|T2,1,stock_ind,196,1.997574682,4.449894154,17.32794247,22.8391976,0.05826137086,0.05842960726,0.7959183673,0.7208855054,0.8884706922
P1|stretto|ind|T2,1,stock_tipo,4,58.83745802,64.39628339,47.69077329,53.12650041,0.0121599233,0.01252633612,0.75,0.5251342859,0.6126461608
P1|stretto|ind|T2,2,aggregati,5,293.2258892,314.0135928,357.5663236,371.123806,0.07510623608,0.07751162362,0.8,0.4738409623,0.3750861961
P1|stretto|ind|T2,2,consumo,71,8.036518903,14.01309311,17.09183602,22.05371926,0.09746247072,0.103618614,0.6031746032,1.154036467,1.024218332
P1|stretto|ind|T2,2,importazioni,71,6.355801774,19.94210985,33.37261861,50.43625822,0.2418303226,0.1978413001,0.6666666667,2.561316545,2.328643085
P1|stretto|ind|T2,2,investimento_ind,196,2.814192689,8.639684628,22.028372,43.13429909,0.3664080274,0.4681693024,0.08163265306,1.049067221,1.017162082
P1|stretto|ind|T2,2,investimento_tipo,4,76.1898397,82.27797599,70.27995015,77.63939359,0.1431433981,0.1561703022,0.5,0.8050094295,0.6731346266
P1|stretto|ind|T2,2,produzione,71,19.79506843,36.1908348,33.90738469,51.99743956,0.0549141252,0.05682403003,0.8028169014,0.9758607163,0.8673913413
P1|stretto|ind|T2,2,scorte,11,38.53102668,46.44584942,48.45237735,55.06004083,0.186558916,0.1862170966,0.1818181818,1.988182495,2.16416172
P1|stretto|ind|T2,2,stock_ind,196,4.276233079,12.64995881,70.0741026,98.31892471,0.1108509388,0.1156839059,0.8010204082,0.8319154208,0.9412239311
P1|stretto|ind|T2,2,stock_tipo,4,127.56962,128.9589374,126.9906583,128.9136222,0.02344717659,0.02468672338,0.75,0.4797576364,0.633112863
P1|stretto|ind|T2,3,aggregati,5,430.3255125,519.1463989,669.1710361,759.5473525,0.09414321747,0.1014141165,0.8,0.4809438481,0.4267385824
P1|stretto|ind|T2,3,consumo,71,10.1870221,18.61760907,23.41664034,30.36940332,0.1250732716,0.1515835654,0.6825396825,0.9740792919,0.9383380153
P1|stretto|ind|T2,3,importazioni,71,3.451826181,7.174940906,13.39595789,16.03352915,0.2344818759,0.2144861497,0.8222222222,0.5840073679,0.5330139585
P1|stretto|ind|T2,3,investimento_ind,196,3.570659491,10.55564273,27.88454401,52.40464527,0.4103129809,0.5992230184,0.08673469388,1.008716535,0.993201885
P1|stretto|ind|T2,3,investimento_tipo,4,107.5270602,114.2725092,98.42194247,107.8403953,0.1961896646,0.2212173368,0.5,0.7468209475,0.616999586
P1|stretto|ind|T2,3,produzione,71,29.31565238,45.73160387,52.40922335,68.57824943,0.07239380625,0.07867724817,0.8169014085,0.7925789421,0.8948551104
P1|stretto|ind|T2,3,scorte,11,42.77551877,52.96456346,53.78805012,62.23661346,0.1977450106,0.2046459012,0.09090909091,1.551094247,1.608221873
P1|stretto|ind|T2,3,stock_ind,196,6.926628078,22.59875874,132.6503486,186.6491934,0.1617616637,0.1885827719,0.7806122449,0.8509299816,0.9550080852
P1|stretto|ind|T2,3,stock_tipo,4,195.3604282,206.5563382,218.9496722,228.1869836,0.0334541008,0.03571962366,0.75,0.4629338292,0.6179403027
P1|stretto|ind|T2,4,aggregati,5,532.2466659,676.4368242,898.9614021,1042.939287,0.1038995894,0.1171562217,0.8,0.4723888705,0.4284758603
P1|stretto|ind|T2,4,consumo,71,12.049964,23.09888474,30.89400645,39.38657107,0.1271314312,0.1460105907,0.7301587302,0.7822660136,0.7970801019
P1|stretto|ind|T2,4,importazioni,71,4.07814134,9.224093764,16.85374518,20.60363007,0.2206325357,0.2149818046,0.7777777778,0.6152628918,0.5353640266
P1|stretto|ind|T2,4,investimento_ind,196,4.317698133,14.43013935,37.36460073,74.33860422,0.4568090033,0.7055118234,0.112244898,0.9940687846,0.9801674048
P1|stretto|ind|T2,4,investimento_tipo,4,139.4528698,146.1637592,132.5028252,140.031389,0.2396882737,0.280211504,0.5,0.7820181612,0.6844227927
P1|stretto|ind|T2,4,produzione,71,40.21655554,64.76327594,73.57579467,100.2900059,0.0920976095,0.1020508446,0.7605633803,0.8497493102,0.9119082123
P1|stretto|ind|T2,4,scorte,11,46.2396305,56.48928024,56.25310168,64.69280769,0.2129770733,0.2321213612,0.2727272727,1.213369401,1.175900978
P1|stretto|ind|T2,4,stock_ind,196,9.860228214,35.7154614,217.1894544,309.0895459,0.2015968301,0.2595115684,0.7755102041,0.8867280417,0.9662484131
P1|stretto|ind|T2,4,stock_tipo,4,266.6786125,312.6541334,326.9401034,361.3660779,0.0429329298,0.04629177891,0.75,0.4945182222,0.6180659601
P1|stretto|ind|T2,5,aggregati,5,709.2469899,932.5813777,1286.075815,1497.238474,0.1240077429,0.1419974203,0.8,0.5419527992,0.5083717543
P1|stretto|ind|T2,5,consumo,71,12.7246694,25.98559375,28.12709472,39.64338248,0.1452902272,0.1776122935,0.746031746,0.661312848,0.5382472854
P1|stretto|ind|T2,5,importazioni,71,6.502898377,20.19397375,33.83394994,56.88456601,0.2788407354,0.2991508138,0.7111111111,1.170820791,0.9531884147
P1|stretto|ind|T2,5,investimento_ind,196,5.601011927,18.49874612,48.87672183,92.43282953,0.5220548924,0.8640735895,0.1071428571,1.002078699,0.9929993693
P1|stretto|ind|T2,5,investimento_tipo,4,162.0772876,180.2300176,154.4187297,174.0236407,0.2677219673,0.3225863713,0.5,0.855844319,0.7165142845
P1|stretto|ind|T2,5,produzione,71,46.11104314,79.90046768,84.00225819,124.9307307,0.1114578977,0.1237960491,0.7042253521,0.8611599382,0.8351018189
P1|stretto|ind|T2,5,scorte,11,43.36409137,51.61850697,51.41087375,56.85646468,0.1887364124,0.2182564644,0,1,1
P1|stretto|ind|T2,5,stock_ind,196,13.50433586,52.06056607,319.3530849,455.562567,0.2411777713,0.3405463725,0.7295918367,0.9223680869,0.9821390167
P1|stretto|ind|T2,5,stock_tipo,4,385.8273633,443.037789,467.7044518,515.7994915,0.06074094942,0.06727919981,0.75,0.5458094809,0.6604185898
P1|stretto|ind|T3,1,aggregati,5,126.7067206,160.8990964,208.5768045,237.0740908,0.02675545732,0.02770971355,0.8,0.4579336294,0.415773478
P1|stretto|ind|T3,1,consumo,71,4.990587644,8.411126812,9.982468135,12.20292694,0.100472876,0.08629955944,0.619047619,1.094977331,0.9965590146
P1|stretto|ind|T3,1,importazioni,71,5.020056796,21.12845809,25.36664203,52.93293673,0.1484490508,0.1371631705,0.6888888889,3.06565286,2.004752087
P1|stretto|ind|T3,1,investimento_ind,196,2.896857559,12.55560281,32.11998426,67.92785537,0.3347093981,0.4359255685,0.09183673469,2.843135225,2.717092839
P1|stretto|ind|T3,1,investimento_tipo,4,96.56645039,104.5956689,89.61008635,95.92815453,0.1700000895,0.2021292042,0.5,1.752760368,1.481401078
P1|stretto|ind|T3,1,produzione,71,16.30302132,34.66229398,25.16720787,47.76338988,0.04952378359,0.04918880507,0.661971831,1.651047633,1.128400116
P1|stretto|ind|T3,1,scorte,11,36.86462229,44.70676272,45.49133199,52.66079646,0.1834643986,0.1821125207,0.1818181818,3.378990319,3.808997049
P1|stretto|ind|T3,1,stock_ind,196,2.909278289,13.66397995,85.12197708,122.7132148,0.0694452738,0.1024665264,0.806122449,2.213572897,4.364533299
P1|stretto|ind|T3,1,stock_tipo,4,99.9920178,111.6379237,121.1505294,133.7834368,0.01462084411,0.01499590024,1,0.910377094,1.556326342
P1|stretto|ind|T3,2,aggregati,5,247.0079306,347.6179673,438.9904392,525.8126018,0.05226679065,0.05312030108,0.8,0.5245493696,0.4604998935
P1|stretto|ind|T3,2,consumo,71,5.483407932,10.23365515,10.66875345,15.37179727,0.07762088186,0.08186527977,0.619047619,0.842784041,0.6393188449
P1|stretto|ind|T3,2,importazioni,71,4.1090727,10.60472946,18.43415037,23.95433773,0.1751992684,0.1512496972,0.7555555556,1.362045903,1.286280746
P1|stretto|ind|T3,2,investimento_ind,196,3.35244784,13.46720396,34.33762191,72.47219199,0.4181230399,0.619525909,0.09693877551,1.635245133,1.585542816
P1|stretto|ind|T3,2,investimento_tipo,4,94.10779481,109.3414402,78.62239185,95.66601794,0.1662255009,0.2091594848,0.5,1.069798926,0.7530377336
P1|stretto|ind|T3,2,produzione,71,19.16197746,28.71196811,31.58338502,42.43323194,0.05700906538,0.05808958739,0.8169014085,0.7741982719,0.8079406578
P1|stretto|ind|T3,2,scorte,11,45.44176009,53.44188751,58.32892025,63.51426549,0.2049130345,0.2064103549,0.09090909091,2.287658134,2.605304905
P1|stretto|ind|T3,2,stock_ind,196,5.619275967,25.91811328,161.4495877,232.8394373,0.1303849815,0.2004722302,0.8010204082,1.704486033,2.168564562
P1|stretto|ind|T3,2,stock_tipo,4,181.2080974,204.8093146,227.7331685,251.8737708,0.02563945628,0.02687299399,1,0.7619389137,1.135365391
P1|stretto|ind|T3,3,aggregati,5,419.3202964,577.9110857,782.2478441,923.4897372,0.07754750088,0.08220465859,0.8,0.5353842038,0.4988490506
P1|stretto|ind|T3,3,consumo,71,8.868287477,15.88623378,21.24734247,25.75451104,0.1083316013,0.1330503294,0.6984126984,0.8311728584,0.8514111704
P1|stretto|ind|T3,3,importazioni,71,3.669300231,9.445488452,16.75363999,23.17046468,0.1444893967,0.1650540706,0.8,0.7688195515,0.6666133204
P1|stretto|ind|T3,3,investimento_ind,196,3.888620381,12.51764578,32.99056111,64.29995721,0.4571253273,0.7435726204,0.1071428571,1.196209137,1.175069869
P1|stretto|ind|T3,3,investimento_tipo,4,121.33299,126.9285667,109.8585593,117.3073873,0.2041660564,0.2535740354,0.5,0.829533832,0.6886948573
P1|stretto|ind|T3,3,produzione,71,26.07549712,40.95062193,45.30988759,61.87859651,0.06976432842,0.07553178304,0.8450704225,0.709719272,0.7736383383
P1|stretto|ind|T3,3,scorte,11,45.10569749,56.3851681,58.04533735,67.05783649,0.2017291925,0.2082091246,0.09090909091,1.651268398,1.73551153
P1|stretto|ind|T3,3,stock_ind,196,8.420389256,36.55840878,227.7259869,326.2628478,0.1821079802,0.2946109884,0.7806122449,1.376564371,1.639499338
P1|stretto|ind|T3,3,stock_tipo,4,251.5245696,294.3734378,327.528797,363.0324182,0.0350709062,0.03730998167,1,0.6597494125,0.9243824936
P1|stretto|ind|T3,4,aggregati,5,590.5118238,761.5363725,1074.149217,1216.736041,0.1000503113,0.1108093738,0.8,0.5318180412,0.5119763863
P1|stretto|ind|T3,4,consumo,71,11.71432747,22.83713429,32.50329277,41.52530624,0.1231096981,0.1413026487,0.746031746,0.7734015821,0.8386004565
P1|stretto|ind|T3,4,importazioni,71,4.561636606,12.92461965,22.9827391,35.77561139,0.2254853597,0.2199065973,0.7333333333,0.8620943224,0.7300532681
P1|stretto|ind|T3,4,investimento_ind,196,4.032443418,9.857482049,24.43517313,43.15252983,0.5031093692,0.8447932786,0.1275510204,0.6790658748,0.6409960167
P1|stretto|ind|T3,4,investimento_tipo,4,126.1675178,129.9475695,125.9843712,130.1155538,0.1980337363,0.2417099381,0.5,0.6952568811,0.6507527295
P1|stretto|ind|T3,4,produzione,71,36.73017711,56.43883489,67.28700249,88.21460404,0.08819278609,0.09726012035,0.7887323944,0.7405255574,0.8339640832
P1|stretto|ind|T3,4,scorte,11,57.22729991,65.30591933,70.46243986,75.81803411,0.2593596247,0.278456696,0,1.402747634,1.472929482
P1|stretto|ind|T3,4,stock_ind,196,10.91282757,43.11914272,266.8483043,380.8079586,0.2215797463,0.379586823,0.7755102041,1.070543442,1.187174355
P1|stretto|ind|T3,4,stock_tipo,4,315.2165766,369.0315387,404.2648437,444.1685749,0.04511107251,0.04886131891,1,0.5836891342,0.7642449983
P1|stretto|ind|T3,5,aggregati,5,691.770686,877.0641116,1265.912206,1414.388903,0.108484853,0.1243119359,0.8,0.5096899442,0.5004012995
P1|stretto|ind|T3,5,consumo,71,15.05290696,30.21304812,42.46003932,54.77898565,0.1452050759,0.177130106,0.7619047619,0.7688982246,0.8125261827
P1|stretto|ind|T3,5,importazioni,71,6.380334047,20.39113219,33.43862985,57.59106454,0.2812490016,0.3027707508,0.7111111111,1.182251786,0.9420512425
P1|stretto|ind|T3,5,investimento_ind,196,4.950033258,10.81246111,22.68134092,33.76090333,0.5635561682,1.001751113,0.1173469388,0.5857119664,0.4608033516
P1|stretto|ind|T3,5,investimento_tipo,4,128.7257571,147.736047,134.601176,152.8232494,0.1925221842,0.2316009623,0.5,0.701542719,0.6245593751
P1|stretto|ind|T3,5,produzione,71,46.82968974,72.51777547,83.7049175,113.0241692,0.1145469232,0.1275454756,0.7183098592,0.7815899563,0.8321458299
P1|stretto|ind|T3,5,scorte,11,43.36409137,51.61850697,51.41087375,56.85646468,0.1887364124,0.2182564644,0,1,1
P1|stretto|ind|T3,5,stock_ind,196,13.76627899,47.78187587,289.0351282,407.9499854,0.2607303321,0.4671782143,0.7295918367,0.8465616255,0.8888991214
P1|stretto|ind|T3,5,stock_tipo,4,399.8335637,438.5195903,474.2891213,502.7326848,0.06116881161,0.06832764158,1,0.5402431935,0.6697164234
P1|stretto|nessuna|T1,1,aggregati,5,392.8107394,459.9678076,560.3011653,582.6200929,0.08440654128,0.0831745072,0.6,1.309110693,1.116894876
P1|stretto|nessuna|T1,1,consumo,71,10.1459992,18.30631766,23.98793033,33.12033481,0.1165576321,0.1148922151,0.619047619,2.38315309,2.394737243
P1|stretto|nessuna|T1,1,importazioni,71,5.542384296,19.23989981,31.20267133,54.2793677,0.1713613488,0.1605685838,0.5777777778,2.791630776,2.46597955
P1|stretto|nessuna|T1,1,investimento_ind,196,12.64005686,36.20921539,99.52618895,178.3749937,1.786954016,1.902616303,0.3316326531,8.199343137,8.419116681
P1|stretto|nessuna|T1,1,investimento_tipo,4,352.6967576,365.3489369,322.1717657,339.2229298,0.8189579974,0.7326410927,0.25,6.122329385,5.326025456
P1|stretto|nessuna|T1,1,produzione,71,23.88076539,40.57612722,34.19470618,52.56823113,0.08706660104,0.07851368081,0.5774647887,1.932737597,1.533158173
P1|stretto|nessuna|T1,1,scorte,11,36.71985728,42.88222862,44.85523421,50.73777106,0.1863047482,0.1888235596,0.3636363636,3.241089861,3.755736473
P1|stretto|nessuna|T1,1,stock_ind,196,12.6296134,37.16250082,215.2027133,297.4086263,0.24383801,0.3272253565,0.4183673469,6.020347285,11.03427623
P1|stretto|nessuna|T1,1,stock_tipo,4,347.9246177,362.9981176,379.1008737,389.744565,0.06693032887,0.06499251844,0.5,2.960151537,4.870013188
P1|stretto|nessuna|T1,2,aggregati,5,352.8758426,369.7677225,413.9048982,419.1990005,0.08734817166,0.09011434468,0.8,0.5579729588,0.4341852225
P1|stretto|nessuna|T1,2,consumo,71,9.427940699,16.80269301,20.2485831,26.94257408,0.1033706405,0.1106527508,0.6349206349,1.383771615,1.213384565
P1|stretto|nessuna|T1,2,importazioni,71,6.570042376,18.84116341,33.48182852,46.23240086,0.2640578766,0.2184984111,0.6222222222,2.419913637,2.33626343
P1|stretto|nessuna|T1,2,investimento_ind,196,13.7388292,44.82449911,119.7788993,226.9044245,1.70958805,1.732899005,0.3469387755,5.44278116,5.530801577
P1|stretto|nessuna|T1,2,investimento_tipo,4,353.7731785,395.0400823,292.1914531,343.9852738,0.8490977903,0.7920661666,0.5,3.865080387,2.798581733
P1|stretto|nessuna|T1,2,produzione,71,24.39113273,40.76736162,38.61309068,56.33874892,0.08551901323,0.08162044344,0.7183098592,1.099263582,0.9877689129
P1|stretto|nessuna|T1,2,scorte,11,40.05037381,49.81620031,52.19449804,60.63818201,0.1847003962,0.1844508349,0.1818181818,2.132455292,2.331306343
P1|stretto|nessuna|T1,2,stock_ind,196,23.7092874,77.84677012,467.6635808,652.0954258,0.4071342458,0.6041558231,0.4081632653,5.119536711,6.281581034
P1|stretto|nessuna|T1,2,stock_tipo,4,647.7165431,707.7128442,785.2167422,826.5936246,0.1054076908,0.1033390599,0.5,2.632858553,3.914703857
P1|stretto|nessuna|T1,3,aggregati,5,439.783278,482.0920214,601.6082787,636.7426446,0.0998889962,0.1074178399,0.8,0.4466162,0.3836529828
P1|stretto|nessuna|T1,3,consumo,71,11.58470061,21.89493288,34.74652276,47.25153598,0.1304174535,0.1574617964,0.6984126984,1.145549927,1.392342485
P1|stretto|nessuna|T1,3,importazioni,71,7.141108721,22.89121775,38.37235982,61.61057068,0.2339163976,0.2397242415,0.7333333333,1.863240409,1.526804098
P1|stretto|nessuna|T1,3,investimento_ind,196,11.73091391,24.44146646,57.95804804,86.29021387,1.617514012,1.943717092,0.3673469388,2.33567126,2.064370948
P1|stretto|nessuna|T1,3,investimento_tipo,4,210.0408301,253.7740667,191.7495954,232.6435419,0.48135046,0.4481965091,0.75,1.658524786,1.202063463
P1|stretto|nessuna|T1,3,produzione,71,33.28143737,52.53257698,59.18072565,78.16978659,0.08860371921,0.09811492,0.7887323944,0.9104472786,1.010474329
P1|stretto|nessuna|T1,3,scorte,11,43.80701038,54.43947194,55.2346381,64.47724339,0.204582933,0.2106937405,0.09090909091,1.594287694,1.651473756
P1|stretto|nessuna|T1,3,stock_ind,196,30.18814961,93.1916804,549.9896351,759.3023462,0.5050255526,0.8686041327,0.4030612245,3.509024358,3.959616796
P1|stretto|nessuna|T1,3,stock_tipo,4,784.1110156,876.9871598,1000.887028,1050.91743,0.09937845741,0.1027511177,0.5,1.96550262,2.824797254
P1|stretto|nessuna|T1,4,aggregati,5,543.8008732,633.6118834,803.3241977,894.9708261,0.1190919769,0.1322253162,0.8,0.4424821228,0.3828918861
P1|stretto|nessuna|T1,4,consumo,71,12.57722221,25.81967941,39.58039658,58.05196844,0.1345749891,0.1544661593,0.746031746,0.8744083498,1.02119311
P1|stretto|nessuna|T1,4,importazioni,71,7.630238961,25.30940599,43.43806543,70.75577832,0.2941721859,0.2774360144,0.7111111111,1.688180835,1.379822548
P1|stretto|nessuna|T1,4,investimento_ind,196,13.60515327,30.10621471,49.83127726,71.86094925,1.615393166,4.150793862,0.3724489796,2.073968071,1.307199669
P1|stretto|nessuna|T1,4,investimento_tipo,4,150.7828077,219.7096153,114.1767461,185.5233754,0.4186313408,0.3598885317,0.75,1.17550965,0.5897622734
P1|stretto|nessuna|T1,4,produzione,71,46.78418095,85.68509719,86.76292407,133.0296322,0.1131959289,0.1286416802,0.7183098592,1.124261415,1.075351253
P1|stretto|nessuna|T1,4,scorte,11,53.03362952,62.51800144,64.44583009,72.42389592,0.2534199849,0.2707574241,0.09090909091,1.342864161,1.347159754
P1|stretto|nessuna|T1,4,stock_ind,196,37.53877896,92.17556946,478.6860202,640.5895978,0.5867361719,2.442264112,0.4387755102,2.288495206,2.129613561
P1|stretto|nessuna|T1,4,stock_tipo,4,786.6334403,951.8998475,1028.076997,1127.310566,0.08506425379,0.08975419738,0.75,1.505599223,1.943534579
P1|stretto|nessuna|T1,5,aggregati,5,511.3365215,581.3651367,696.3282711,778.0720212,0.1178746657,0.1354174419,0.8,0.3378498335,0.2752509772
P1|stretto|nessuna|T1,5,consumo,71,13.39201769,25.66039725,36.45415651,51.27460994,0.1485784755,0.1811261256,0.7619047619,0.6530368538,0.6975960716
P1|stretto|nessuna|T1,5,importazioni,71,14.24523702,45.67168398,83.01934825,124.7449063,0.4127157909,0.4882296788,0.6,2.647985871,2.338866171
P1|stretto|nessuna|T1,5,investimento_ind,196,24.28207097,107.3503974,95.47151738,172.3426961,1.983794403,2.613315082,0.137755102,5.815180439,1.939638196
P1|stretto|nessuna|T1,5,investimento_tipo,4,271.3807184,288.410553,241.5178804,259.4031093,0.6197920936,0.5792574989,0.5,1.369552845,1.120660762
P1|stretto|nessuna|T1,5,produzione,71,68.96788891,130.7790881,119.4175392,187.4299472,0.1538428463,0.1996918565,0.676056338,1.409525059,1.187180039
P1|stretto|nessuna|T1,5,scorte,11,43.36409137,51.61850697,51.41087375,56.85646468,0.1887364124,0.2182564644,0,1,1
P1|stretto|nessuna|T1,5,stock_ind,196,48.27978898,136.2024071,337.9067091,428.1055138,0.6481047749,1.529309197,0.3826530612,2.413126924,1.039198864
P1|stretto|nessuna|T1,5,stock_tipo,4,790.7167754,1053.682173,1005.904718,1214.248444,0.07926155691,0.08417395457,0.75,1.29810534,1.42038027
P1|stretto|nessuna|T2,1,aggregati,5,125.8274366,160.459243,180.5556765,192.7306116,0.02695757117,0.02797639501,0.8,0.4566817661,0.3599166349
P1|stretto|nessuna|T2,1,consumo,71,7.216236873,12.84813134,14.00954031,19.53707167,0.1182082511,0.1048107787,0.619047619,1.672595464,1.398585349
P1|stretto|nessuna|T2,1,importazioni,71,6.008279464,18.3436963,32.3161004,50.18508846,0.2181970144,0.1851990014,0.6888888889,2.661595313,2.553975006
P1|stretto|nessuna|T2,1,investimento_ind,196,13.13224068,37.78455133,99.11121834,175.9591848,1.721552892,2.027996382,0.3520408163,8.556067794,8.384013499
P1|stretto|nessuna|T2,1,investimento_tipo,4,302.7585844,333.6004979,255.3180395,297.5832851,0.7229150179,0.6642135463,0.5,5.590305389,4.220824178
P1|stretto|nessuna|T2,1,produzione,71,20.64614534,38.17226502,29.26024246,45.54606275,0.07438149457,0.06817703298,0.7042253521,1.818235914,1.311915933
P1|stretto|nessuna|T2,1,scorte,11,34.15495713,38.34619339,40.88513942,43.37693655,0.1686023203,0.1707836708,0.2727272727,2.898250921,3.423319754
P1|stretto|nessuna|T2,1,stock_ind,196,13.11759172,38.66296018,212.4310359,292.6734162,0.2394899432,0.3117832129,0.4336734694,6.263422595,10.8921616
P1|stretto|nessuna|T2,1,stock_tipo,4,306.1841518,334.5336248,355.9595496,375.5361672,0.05489363074,0.05381306945,0.5,2.728031292,4.57273465
P1|stretto|nessuna|T2,2,aggregati,5,150.6309866,158.8583011,202.4474301,209.6805853,0.0338761752,0.03620035925,1,0.239714369,0.2123668574
P1|stretto|nessuna|T2,2,consumo,71,6.846353573,12.11671483,15.16539753,19.24504478,0.07905754595,0.08411032403,0.6349206349,0.9978618329,0.9087776258
P1|stretto|nessuna|T2,2,importazioni,71,9.081424779,28.43892524,54.59421252,77.32361098,0.2100786992,0.2004143093,0.6444444444,3.652627045,3.809423435
P1|stretto|nessuna|T2,2,investimento_ind,196,13.8115593,37.09385865,92.11725349,164.6770207,1.752158076,1.728204422,0.3316326531,4.504093944,4.253522562
P1|stretto|nessuna|T2,2,investimento_tipo,4,255.1748281,281.6881134,220.8038165,254.8756364,0.4824857769,0.5499684159,0.5,2.756042364,2.114837792
P1|stretto|nessuna|T2,2,produzione,71,24.88027658,45.04625304,40.46293352,62.39468979,0.0700621813,0.07608193294,0.7323943662,1.214640917,1.035090099
P1|stretto|nessuna|T2,2,scorte,11,47.65481822,56.39278808,61.10731524,66.80521789,0.2042914626,0.2183765796,0.3636363636,2.413975747,2.729403998
P1|stretto|nessuna|T2,2,stock_ind,196,22.54587264,66.76560433,386.4094943,542.206316,0.4196618618,0.5767398282,0.4285714286,4.390791832,5.190189382
P1|stretto|nessuna|T2,2,stock_tipo,4,516.0028254,567.5363715,620.9231902,659.4441544,0.08664005823,0.08582540239,0.5,2.111369042,3.095617143
P1|stretto|nessuna|T2,3,aggregati,5,203.895483,283.5531752,380.0471139,452.1622399,0.035720701,0.04063496056,1,0.2626872796,0.2423607088
P1|stretto|nessuna|T2,3,consumo,71,9.470146488,18.08731398,28.97446847,38.62777275,0.1060140883,0.130503988,0.6984126984,0.9463340821,1.161048077
P1|stretto|nessuna|T2,3,importazioni,71,7.16560753,21.98248607,39.13059823,59.08020676,0.2230450399,0.2426244697,0.8,1.789273807,1.55697377
P1|stretto|nessuna|T2,3,investimento_ind,196,12.24696599,29.75815662,42.40988167,62.94523469,1.625599002,1.796965705,0.306122449,2.8437439,1.510570673
P1|stretto|nessuna|T2,3,investimento_tipo,4,123.5688965,186.0315929,94.48172373,157.4488212,0.3145756773,0.2931452936,0.75,1.21579802,0.5922986579
P1|stretto|nessuna|T2,3,produzione,71,35.61388044,62.1449508,62.38823879,88.07589653,0.08999279985,0.1068370887,0.7887323944,1.077040278,1.065240634
P1|stretto|nessuna|T2,3,scorte,11,41.42835207,53.88786619,53.80465719,64.15784807,0.1740009567,0.1931374097,0.5454545455,1.578133638,1.608718412
P1|stretto|nessuna|T2,3,stock_ind,196,29.95530286,81.79574688,429.2563743,592.739133,0.5287896768,0.7759421153,0.4132653061,3.079923734,3.090405057
P1|stretto|nessuna|T2,3,stock_tipo,4,566.2725876,664.3418442,753.296496,808.1886715,0.06761320881,0.07065834012,0.75,1.488922182,2.126024031
P1|stretto|nessuna|T2,4,aggregati,5,416.5725006,521.6836556,742.1309818,832.1618298,0.06850737276,0.07938744723,1,0.364317175,0.3537250989
P1|stretto|nessuna|T2,4,consumo,71,12.37296577,24.82809806,39.6974956,52.80438298,0.120927274,0.1388925302,0.746031746,0.8408274909,1.024214321
P1|stretto|nessuna|T2,4,importazioni,71,7.216102342,21.56668811,37.4919093,57.02824581,0.2987401046,0.3212830265,0.7333333333,1.438535127,1.190941201
P1|stretto|nessuna|T2,4,investimento_ind,196,16.66402211,49.91859924,71.05451333,112.0118485,1.624327322,2.38089734,0.3520408163,3.438810955,1.863938503
P1|stretto|nessuna|T2,4,investimento_tipo,4,293.6425042,346.3165023,284.5470621,346.803715,0.4499712543,0.5639133724,0.5,1.852892918,1.469783717
P1|stretto|nessuna|T2,4,produzione,71,50.28885991,94.7066534,86.07309287,136.7518522,0.122324523,0.1559217609,0.7323943662,1.242631912,1.066801393
P1|stretto|nessuna|T2,4,scorte,11,46.02459836,59.84668265,60.71169949,72.38540041,0.1891473874,0.2124077329,0.5454545455,1.285485196,1.269102408
P1|stretto|nessuna|T2,4,stock_ind,196,37.36440084,94.34009125,337.9383444,449.4493755,0.5999111219,1.070114966,0.443877551,2.342235017,1.503444953
P1|stretto|nessuna|T2,4,stock_tipo,4,653.2706287,739.4104614,763.1378131,833.5966683,0.08793728165,0.1023791929,0.75,1.169509396,1.442678644
P1|stretto|nessuna|T2,5,aggregati,5,481.570302,491.8254761,484.5218201,487.0880154,0.1104904726,0.1369848434,1,0.2858154793,0.1915261953
P1|stretto|nessuna|T2,5,consumo,71,15.15634023,30.86220354,45.12521962,58.33619307,0.1444921855,0.1765512375,0.7619047619,0.7854187177,0.8635277552
P1|stretto|nessuna|T2,5,importazioni,71,14.22192084,49.40625362,77.22049876,130.7358102,0.4518216742,0.6969113568,0.5333333333,2.864511446,2.175497834
P1|stretto|nessuna|T2,5,investimento_ind,196,34.02144743,193.1608674,157.647995,307.8470222,1.99461114,3.47729314,0.1326530612,10.46354112,3.202840815
P1|stretto|nessuna|T2,5,investimento_tipo,4,614.2499934,812.9836151,583.2163432,819.0116864,0.9677377873,1.189072478,0.5,3.860552298,2.706166807
P1|stretto|nessuna|T2,5,produzione,71,89.98042057,184.3454958,136.2593656,229.4065906,0.1918075885,0.3054349776,0.6338028169,1.986858905,1.354611727
P1|stretto|nessuna|T2,5,scorte,11,43.17542087,51.53477886,51.26951592,56.79952987,0.1875449474,0.2170515946,0.09090909091,0.998377944,0.9972504293
P1|stretto|nessuna|T2,5,stock_ind,196,53.91896543,221.1693842,73.56306513,159.0581634,0.6617079017,1.219568236,0.3724489796,3.918504873,0.2262359747
P1|stretto|nessuna|T2,5,stock_tipo,4,962.1612922,1278.171612,676.680156,1003.530591,0.1752602498,0.2680433444,0.75,1.574669704,0.9555011776
P1|stretto|nessuna|T3,1,aggregati,5,133.554643,171.9253617,189.504977,201.6942855,0.02858988664,0.02957482303,0.8,0.4893153949,0.3777560193
P1|stretto|nessuna|T3,1,consumo,71,7.245776345,13.4259517,14.18572646,20.87761099,0.1181448313,0.1047717089,0.619047619,1.747817277,1.416174176
P1|stretto|nessuna|T3,1,importazioni,71,5.797001677,18.09829223,31.23075925,50.0377281,0.2144227932,0.1815074706,0.6888888889,2.625988186,2.468199367
P1|stretto|nessuna|T3,1,investimento_ind,196,12.82400774,37.06148436,97.20390968,174.5820821,1.721785334,2.007499535,0.3367346939,8.392333944,8.222670497
P1|stretto|nessuna|T3,1,investimento_tipo,4,288.5756826,327.0135392,236.2276802,289.5201069,0.6994380404,0.6447823289,0.5,5.479924528,3.905229359
P1|stretto|nessuna|T3,1,produzione,71,20.57650415,37.52645134,29.36563628,45.15586594,0.07430902714,0.06812154988,0.6901408451,1.78747427,1.316641384
P1|stretto|nessuna|T3,1,scorte,11,38.85846184,43.46019355,46.27889789,49.03880677,0.186737002,0.1930724538,0.3636363636,3.284773138,3.874940078
P1|stretto|nessuna|T3,1,stock_ind,196,12.80948558,37.96930974,210.3920258,290.8050131,0.2420157903,0.3091613189,0.4336734694,6.151050811,10.78761366
P1|stretto|nessuna|T3,1,stock_tipo,4,292.00125,327.597873,347.5633499,371.6931608,0.05136334087,0.05038368008,0.5,2.67147211,4.464875221
P1|stretto|nessuna|T3,2,aggregati,5,198.3575942,216.8974674,153.5949169,161.8631204,0.060223809,0.06519310664,1,0.3272944454,0.1611206909
P1|stretto|nessuna|T3,2,consumo,71,6.935829475,12.14727688,15.20144916,19.25280595,0.0805686206,0.08573570492,0.6349206349,1.000378745,0.9109379992
P1|stretto|nessuna|T3,2,importazioni,71,8.518136306,25.68308205,48.86004143,69.67227971,0.220755796,0.2104632755,0.6222222222,3.298673185,3.409309856
P1|stretto|nessuna|T3,2,investimento_ind,196,12.62493008,33.93400654,83.3321757,152.1252084,1.754625825,1.601075076,0.3265306122,4.120411274,3.847870796
P1|stretto|nessuna|T3,2,investimento_tipo,4,273.6452348,291.9566838,242.665128,267.6629208,0.5512204864,0.579343476,0.5,2.85651027,2.324223338
P1|stretto|nessuna|T3,2,produzione,71,24.72392564,45.72956289,40.33032308,63.8186491,0.06986258917,0.07605513698,0.7887323944,1.233065892,1.031697766
P1|stretto|nessuna|T3,2,scorte,11,48.80732383,56.43008545,59.99799033,65.37564298,0.2147096891,0.2359298415,0.3636363636,2.415572316,2.67985517
P1|stretto|nessuna|T3,2,stock_ind,196,22.03807695,64.3942949,374.199963,521.245067,0.4134332102,0.5362901786,0.4183673469,4.234844377,5.026192946
P1|stretto|nessuna|T3,2,stock_tipo,4,498.5770627,569.3649943,608.8084697,656.9315914,0.08482389795,0.08324995245,0.5,2.118171949,3.035219114
P1|stretto|nessuna|T3,3,aggregati,5,226.7554283,378.0465528,528.5525454,648.4964856,0.02743650477,0.03063007367,1,0.3502271503,0.3370644451
P1|stretto|nessuna|T3,3,consumo,71,9.401605985,17.8011871,28.20980659,37.11527993,0.1059713415,0.130459021,0.6984126984,0.9313638319,1.13040699
P1|stretto|nessuna|T3,3,importazioni,71,6.50371312,19.6974984,34.19521713,51.20893237,0.2213312959,0.2376965265,0.7555555556,1.603286263,1.360599085
P1|stretto|nessuna|T3,3,investimento_ind,196,13.33799,34.7702505,78.105247,133.1292186,1.621203332,1.796558131,0.3163265306,3.322708764,2.781981248
P1|stretto|nessuna|T3,3,investimento_tipo,4,177.9465921,250.8683639,123.9209923,208.8937172,0.4273761947,0.4452910083,0.75,1.639534744,0.776851168
P1|stretto|nessuna|T3,3,produzione,71,32.47313305,52.48738052,55.08290158,73.39152328,0.0896618408,0.1045143863,0.8028169014,0.9096639743,0.9405065145
P1|stretto|nessuna|T3,3,scorte,11,44.59096185,52.9828946,55.86519401,62.85260064,0.1923658903,0.2153787601,0.5454545455,1.551631084,1.670326899
P1|stretto|nessuna|T3,3,stock_ind,196,30.90510691,91.12698817,512.7369979,711.1877134,0.5199277079,0.7474778456,0.3979591837,3.431280773,3.691418709
P1|stretto|nessuna|T3,3,stock_tipo,4,604.2091153,751.8430032,843.8141673,927.9477465,0.06862423347,0.0709763723,0.5,1.68502968,2.381491494
P1|stretto|nessuna|T3,4,aggregati,5,409.2511281,538.7623257,774.9560942,881.0340354,0.06247335514,0.07200760616,1,0.3762440444,0.3693706742
P1|stretto|nessuna|T3,4,consumo,71,12.63015213,25.85138098,42.43324668,58.00595472,0.1213489826,0.1393173291,0.746031746,0.875481954,1.094798004
P1|stretto|nessuna|T3,4,importazioni,71,7.162711455,20.95357361,37.36888532,54.61882475,0.3049321774,0.320967219,0.7333333333,1.397639337,1.187033309
P1|stretto|nessuna|T3,4,investimento_ind,196,14.96205751,43.28802085,34.31356024,65.64119401,1.629398495,2.361505925,0.3571428571,2.982041215,0.900130943
P1|stretto|nessuna|T3,4,investimento_tipo,4,264.5303738,317.5587144,265.7912916,310.7772675,0.4966537463,0.4947228351,0.75,1.69903048,1.372903693
P1|stretto|nessuna|T3,4,produzione,71,48.657337,84.51718742,83.36762143,121.3828004,0.1224819306,0.1521514616,0.7323943662,1.108937444,1.033269419
P1|stretto|nessuna|T3,4,scorte,11,39.75964702,50.1552484,48.00070107,56.68684944,0.1786299149,0.1982319514,0.4545454545,1.077316677,1.003394829
P1|stretto|nessuna|T3,4,stock_ind,196,39.59257661,106.1730047,499.3439137,678.3856,0.6004857133,1.046345589,0.4285714286,2.636017479,2.221517916
P1|stretto|nessuna|T3,4,stock_tipo,4,724.2476919,886.0991502,965.4276614,1062.402997,0.07974522578,0.08822843152,0.75,1.401523695,1.825098751
P1|stretto|nessuna|T3,5,aggregati,5,485.2311247,495.0991911,560.0743398,567.2630545,0.1059910441,0.1294836856,1,0.2877179396,0.221391283
P1|stretto|nessuna|T3,5,consumo,71,15.65135917,32.38300764,50.54888165,66.90368869,0.1462348003,0.1784766046,0.7619047619,0.8241219815,0.9673163403
P1|stretto|nessuna|T3,5,importazioni,71,14.25722077,48.71852395,79.01344074,129.6914183,0.4394260784,0.654398722,0.5555555556,2.824637759,2.226009569
P1|stretto|nessuna|T3,5,investimento_ind,196,31.09139849,177.2062081,110.3136445,227.4457203,1.984775678,3.343624847,0.137755102,9.599275833,2.24117689
P1|stretto|nessuna|T3,5,investimento_tipo,4,527.6733935,701.7874613,500.4907732,710.3167925,0.8014116707,1.017021578,0.5,3.332523738,2.322314067
P1|stretto|nessuna|T3,5,produzione,71,84.33412863,165.7817988,130.7432757,204.5924953,0.1767778358,0.2790640357,0.661971831,1.786781076,1.299773955
P1|stretto|nessuna|T3,5,scorte,11,43.28656577,51.58320042,51.35278915,56.83245204,0.1882450627,0.2177613777,0.09090909091,0.9993160099,0.9988701885
P1|stretto|nessuna|T3,5,stock_ind,196,55.68182931,210.8369189,333.7912593,433.973667,0.6636459684,1.183933634,0.3571428571,3.735442394,1.026542203
P1|stretto|nessuna|T3,5,stock_tipo,4,1071.409136,1284.184939,1003.957541,1194.960995,0.1697526363,0.2412581257,0.75,1.582077945,1.417630773
P1|tetto100|agg+ind|T1,1,aggregati,5,290.2019257,477.6475308,657.4335374,796.8152034,0.04134587664,0.04027585172,0.6,1.359428811,1.310516905
P1|tetto100|agg+ind|T1,1,consumo,71,4.288777971,7.271294814,9.144658245,11.08398316,0.06273484658,0.06345501778,0.6349206349,0.9465917187,0.9129196794
P1|tetto100|agg+ind|T1,1,importazioni,71,3.241727333,10.7515359,17.20175648,29.02061428,0.1303531842,0.1119788728,0.7111111111,1.560003888,1.359472695
P1|tetto100|agg+ind|T1,1,investimento_ind,196,2.829482784,12.75306407,32.55776786,69.64465873,0.3839594102,0.4840376946,0.1020408163,2.887849052,2.754125817
P1|tetto100|agg+ind|T1,1,investimento_tipo,4,80.86306277,96.81954642,68.3986478,82.95519866,0.1502190758,0.1819928524,0.5,1.622452111,1.130741356
P1|tetto100|agg+ind|T1,1,produzione,71,20.20937482,30.73075965,29.69412478,42.08157882,0.06983864581,0.06819728411,0.5070422535,1.463779287,1.331369536
P1|tetto100|agg+ind|T1,1,scorte,11,40.771118,50.4590352,53.71285589,62.02443846,0.1927315533,0.1875859783,0.2727272727,3.813753917,4.497386659
P1|tetto100|agg+ind|T1,1,stock_ind,196,2.772724611,13.8514864,86.8312051,125.6172077,0.07849763546,0.1179013079,0.7908163265,2.243949054,4.452172036
P1|tetto100|agg+ind|T1,1,stock_tipo,4,76.0909228,100.2895337,110.9777197,131.0816888,0.008182333334,0.008342092276,1,0.8178340406,1.425644191
P1|tetto100|agg+ind|T1,2,aggregati,5,280.0461907,379.4024757,469.6627084,552.7383245,0.06275588983,0.06305304066,0.8,0.5725116311,0.4926750286
P1|tetto100|agg+ind|T1,2,consumo,71,5.041686573,9.5015089,9.839405104,14.56951635,0.07513681424,0.07969825762,0.619047619,0.7824887539,0.5896206277
P1|tetto100|agg+ind|T1,2,importazioni,71,4.141868886,12.5023085,20.73167043,32.6882139,0.1745811375,0.1501397533,0.7333333333,1.605766384,1.446594932
P1|tetto100|agg+ind|T1,2,investimento_ind,196,3.297166906,11.79383013,30.07023794,62.22483499,0.4758813016,0.7067514769,0.1326530612,1.432056971,1.388495973
P1|tetto100|agg+ind|T1,2,investimento_tipo,4,86.38858121,94.65004071,77.56326638,84.67527165,0.1483360475,0.1855650994,0.75,0.9260579682,0.7428935313
P1|tetto100|agg+ind|T1,2,produzione,71,18.06161633,27.45782494,29.87761094,41.21251217,0.05472562069,0.05593398897,0.7887323944,0.7403811727,0.7643049226
P1|tetto100|agg+ind|T1,2,scorte,11,42.33238439,50.80909765,54.53325646,60.84033711,0.1960920441,0.1948292544,0.1818181818,2.174957714,2.435768739
P1|tetto100|agg+ind|T1,2,stock_ind,196,5.380605203,24.37823418,151.5703493,218.6807643,0.1453593892,0.2384337142,0.7755102041,1.603216995,2.035868242
P1|tetto100|agg+ind|T1,2,stock_tipo,4,146.4329679,181.7883006,206.4059275,234.2461607,0.01611485921,0.01681573311,1,0.6762953166,1.029038273
P1|tetto100|agg+ind|T1,3,aggregati,5,457.0732322,612.7694755,847.7146226,983.1144163,0.08197132975,0.08731125409,0.8,0.5676774609,0.5405980188
P1|tetto100|agg+ind|T1,3,consumo,71,7.747958834,14.40813985,19.31718094,24.00693625,0.1034357332,0.1280960257,0.6984126984,0.7538385092,0.7740668585
P1|tetto100|agg+ind|T1,3,importazioni,71,4.459309584,14.05981809,24.69510046,40.27925672,0.1523252163,0.1717148213,0.7777777778,1.144404876,0.9825973894
P1|tetto100|agg+ind|T1,3,investimento_ind,196,3.936568718,12.14018229,31.94331303,61.80311533,0.5062342246,0.8203355967,0.137755102,1.160138034,1.137768604
P1|tetto100|agg+ind|T1,3,investimento_tipo,4,129.2669443,130.9242005,128.723836,130.4467924,0.2038716548,0.2547118451,0.75,0.8556470506,0.8069598255
P1|tetto100|agg+ind|T1,3,produzione,71,26.2921817,41.3198433,44.98161036,61.97717691,0.07117757423,0.07730147656,0.8591549296,0.7161182841,0.7680332075
P1|tetto100|agg+ind|T1,3,scorte,11,46.75592198,56.71847348,59.59349156,67.1995766,0.2114789774,0.2175829003,0,1.661029416,1.781800166
P1|tetto100|agg+ind|T1,3,stock_ind,196,8.286614717,34.67541428,215.3646312,308.2866219,0.1992201974,0.3452856042,0.7551020408,1.305662403,1.550504512
P1|tetto100|agg+ind|T1,3,stock_tipo,4,252.4233582,284.1165227,328.2047965,350.9052209,0.03022646568,0.03245368697,1,0.6367616261,0.9262903626
P1|tetto100|agg+ind|T1,4,aggregati,5,616.775585,804.1745728,1154.811362,1301.867574,0.09704161962,0.1082930294,0.8,0.5615943788,0.5504227328
P1|tetto100|agg+ind|T1,4,consumo,71,11.07686233,22.0701616,31.22055989,40.36842303,0.1206668844,0.1386808136,0.746031746,0.747427312,0.8055053363
P1|tetto100|agg+ind|T1,4,importazioni,71,4.703241754,15.68023454,24.87736066,44.6742947,0.2282549871,0.222916204,0.7333333333,1.045898567,0.7902364625
P1|tetto100|agg+ind|T1,4,investimento_ind,196,4.185231744,10.57567479,26.58915655,48.18030412,0.5515085562,0.9163516546,0.1581632653,0.7285410025,0.6975004165
P1|tetto100|agg+ind|T1,4,investimento_tipo,4,138.8806044,141.5398449,148.0170749,150.9822475,0.2048723781,0.2553477478,0.75,0.7572788893,0.7645592434
P1|tetto100|agg+ind|T1,4,produzione,71,36.10385181,55.31666995,65.33111156,86.7751581,0.0896649802,0.09871273521,0.7746478873,0.7258017982,0.8097225102
P1|tetto100|agg+ind|T1,4,scorte,11,49.11252945,60.28088236,60.05558637,70.181089,0.2314549747,0.2490217923,0.1818181818,1.294811649,1.255387181
P1|tetto100|agg+ind|T1,4,stock_ind,196,10.89477686,42.19626135,260.5841388,371.923298,0.2399487223,0.436731549,0.7602040816,1.047630542,1.159305875
P1|tetto100|agg+ind|T1,4,stock_tipo,4,357.4320745,381.9700466,435.487261,450.7270794,0.04538472655,0.05011929088,1,0.6041536899,0.823269612
P1|tetto100|agg+ind|T1,5,aggregati,5,740.811762,976.453504,1424.133541,1596.49585,0.1060539067,0.1209695501,0.8,0.5674482918,0.562944469
P1|tetto100|agg+ind|T1,5,consumo,71,14.20875252,29.77198391,41.49469945,54.26591981,0.1419294667,0.1737503885,0.7619047619,0.7576734887,0.7940531918
P1|tetto100|agg+ind|T1,5,importazioni,71,5.841279543,19.04075359,30.87548239,54.29891147,0.2764901638,0.296793663,0.7111111111,1.10395856,0.8698408599
P1|tetto100|agg+ind|T1,5,investimento_ind,196,4.999278138,11.19941811,24.68466545,37.75291383,0.601187837,1.058301049,0.1530612245,0.6066734611,0.5015037078
P1|tetto100|agg+ind|T1,5,investimento_tipo,4,141.4388436,151.3172426,156.6338798,164.3946073,0.1996110036,0.245238772,0.75,0.7185484648,0.7267927439
P1|tetto100|agg+ind|T1,5,produzione,71,45.83979491,71.73786902,83.30271573,113.0675271,0.112347801,0.1246851523,0.7183098592,0.7731841959,0.8281473728
P1|tetto100|agg+ind|T1,5,scorte,11,43.36409137,51.61850697,51.41087375,56.85646468,0.1887364124,0.2182564644,0,1,1
P1|tetto100|agg+ind|T1,5,stock_ind,196,13.76467883,47.75239105,288.7364052,407.9381203,0.2782872133,0.5240914618,0.7142857143,0.8460392368,0.8879804281
P1|tetto100|agg+ind|T1,5,stock_tipo,4,452.5747239,466.5867525,516.8469477,524.8500027,0.06193541987,0.07040450332,1,0.5748211091,0.7298098854
P1|tetto100|agg+ind|T2,1,aggregati,5,503.339982,823.0010851,1125.238176,1380.181166,0.07887848265,0.07535038145,0.6,2.342336796,2.243030769
P1|tetto100|agg+ind|T2,1,consumo,71,3.930969479,6.763630781,8.557056338,10.50881657,0.05855330375,0.05965213842,0.6507936508,0.8805029984,0.8542588383
P1|tetto100|agg+ind|T2,1,importazioni,71,2.452058045,6.339152258,9.808029188,13.54670366,0.2514300125,0.1651384485,0.7555555556,0.9197850672,0.775138742
P1|tetto100|agg+ind|T2,1,investimento_ind,196,1.824698348,4.745734756,12.08061918,21.17487393,0.2382148478,0.4451845511,0.05612244898,1.074641007,1.021923411
P1|tetto100|agg+ind|T2,1,investimento_tipo,4,42.46206285,43.25929585,41.91277959,42.7342456,0.07948997606,0.08445545666,0.75,0.7249170079,0.6928866984
P1|tetto100|agg+ind|T2,1,produzione,71,26.7328282,40.53933049,38.554516,54.59829601,0.0947168529,0.08967428759,0.3943661972,1.930984881,1.728635157
P1|tetto100|agg+ind|T2,1,scorte,11,48.57330918,60.47782782,65.33591384,76.16286892,0.2363120039,0.2186197073,0.09090909091,4.570986184,5.4705873
P1|tetto100|agg+ind|T2,1,stock_ind,196,1.637025171,3.85453117,17.10148678,22.76209412,0.05748640307,0.09303561766,0.8265306122,0.6244363471,0.8768594325
P1|tetto100|agg+ind|T2,1,stock_tipo,4,29.42843191,30.04416364,32.44138197,32.65811606,0.004591832243,0.004709953844,0.75,0.2450020341,0.4167491266
P1|tetto100|agg+ind|T2,2,aggregati,5,336.8959647,413.0214149,521.4626849,600.6508818,0.07893813556,0.08142109373,0.8,0.6232420162,0.5470130769
P1|tetto100|agg+ind|T2,2,consumo,71,5.361310467,9.944831958,13.23196359,17.4779901,0.07398291448,0.07859309774,0.619047619,0.8189982505,0.7929177219
P1|tetto100|agg+ind|T2,2,importazioni,71,5.245974787,16.59055502,31.56488954,47.53045587,0.1381579441,0.1452124792,0.6666666667,2.130850918,2.202505071
P1|tetto100|agg+ind|T2,2,investimento_ind,196,2.70276648,8.452925966,21.87563843,43.06422918,0.336173731,0.6367141055,0.1020408163,1.026390191,1.010109595
P1|tetto100|agg+ind|T2,2,investimento_tipo,4,69.79490424,72.70093679,67.00812351,69.14640647,0.1275806796,0.1415021656,0.75,0.7113074787,0.6417973847
P1|tetto100|agg+ind|T2,2,produzione,71,19.15900081,33.39939822,31.86294747,45.6190529,0.05403942353,0.05646356483,0.7887323944,0.9005915683,0.8150921988
P1|tetto100|agg+ind|T2,2,scorte,11,39.19926754,45.31413591,47.82627776,51.92891863,0.1936751482,0.1925894978,0.1818181818,1.939737843,2.136196513
P1|tetto100|agg+ind|T2,2,stock_ind,196,3.863274134,12.05514938,69.83478956,98.26754635,0.1038781356,0.1866706611,0.7959183673,0.7927982073,0.9380095172
P1|tetto100|agg+ind|T2,2,stock_tipo,4,89.61594569,95.7642624,108.3626156,113.7449658,0.01280065722,0.01343725258,0.75,0.3562656229,0.5402426192
P1|tetto100|agg+ind|T2,3,aggregati,5,460.9027947,616.2212598,866.0308357,996.1127131,0.07628774302,0.08442938837,1,0.570875238,0.5522784926
P1|tetto100|agg+ind|T2,3,consumo,71,7.740477339,14.39573397,19.23371476,23.9237624,0.1034338832,0.1280911174,0.6825396825,0.7531894297,0.7707222501
P1|tetto100|agg+ind|T2,3,importazioni,71,5.255501627,14.5941714,26.54220098,39.27275885,0.4931425747,0.3618636765,0.6444444444,1.187898791,1.056091974
P1|tetto100|agg+ind|T2,3,investimento_ind,196,3.464064393,10.46228949,27.68372696,52.36968549,0.3704246489,0.7612621464,0.1224489796,0.9997955286,0.98604911
P1|tetto100|agg+ind|T2,3,investimento_tipo,4,113.8472625,114.3763255,114.744244,115.246222,0.1924202813,0.2208524499,0.75,0.7474994327,0.7193228384
P1|tetto100|agg+ind|T2,3,produzione,71,28.321047,44.4530492,49.41573361,66.46786979,0.07346573509,0.0802443673,0.8028169014,0.770420185,0.8437431226
P1|tetto100|agg+ind|T2,3,scorte,11,39.57016851,47.97218217,45.25222791,52.46470748,0.1977339185,0.207021101,0.1818181818,1.404889815,1.353007268
P1|tetto100|agg+ind|T2,3,stock_ind,196,6.512738545,22.07157079,132.4488092,186.6082823,0.1428437831,0.2727556708,0.7959183673,0.8310793323,0.9535571143
P1|tetto100|agg+ind|T2,3,stock_tipo,4,185.8951037,194.5056413,218.4463176,225.2500078,0.02644820417,0.02849543965,0.75,0.435925821,0.6165196882
P1|tetto100|agg+ind|T2,4,aggregati,5,691.7034105,979.3026513,1417.514036,1621.164034,0.09068613832,0.1030992817,1,0.683894869,0.6756358444
P1|tetto100|agg+ind|T2,4,consumo,71,10.7761169,21.54986092,27.85554868,37.09982168,0.1209499139,0.1389800879,0.7301587302,0.7298068277,0.7186864421
P1|tetto100|agg+ind|T2,4,importazioni,71,4.665397655,15.48984647,24.58748733,44.08973785,0.2272825054,0.2216644269,0.7333333333,1.033199356,0.7810285537
P1|tetto100|agg+ind|T2,4,investimento_ind,196,4.132219032,14.3485845,37.05443887,74.32619678,0.4151684696,0.8564036034,0.1428571429,0.9884506042,0.9720310796
P1|tetto100|agg+ind|T2,4,investimento_tipo,4,145.7730721,149.0136997,148.8251266,151.307734,0.2359776145,0.279846617,0.75,0.7972661631,0.7687331093
P1|tetto100|agg+ind|T2,4,produzione,71,40.16923705,66.99291794,74.53274585,104.7458713,0.0947349888,0.1042460423,0.7464788732,0.8790041112,0.9237687929
P1|tetto100|agg+ind|T2,4,scorte,11,40.70869443,50.22205722,48.53374664,58.53639435,0.1965734712,0.2161456136,0.4545454545,1.078751707,1.014537482
P1|tetto100|agg+ind|T2,4,stock_ind,196,9.310621517,35.27089503,216.9023025,309.0625338,0.175075837,0.3523417245,0.7908163265,0.8756905397,0.9649709105
P1|tetto100|agg+ind|T2,4,stock_tipo,4,303.9778853,318.9070794,355.0522976,367.9561887,0.04245339546,0.04686742868,0.75,0.5044083704,0.6712108332
P1|tetto100|agg+ind|T2,5,aggregati,5,1035.770672,1511.289646,2199.911567,2540.418649,0.1289549891,0.1455631091,0.8,0.8782586416,0.8696010687
P1|tetto100|agg+ind|T2,5,consumo,71,13.8865714,29.17867498,37.83312803,50.63286119,0.141015015,0.1727748657,0.746031746,0.7425742447,0.7239844236
P1|tetto100|agg+ind|T2,5,importazioni,71,5.827479336,17.40872471,30.86542912,49.42638294,0.2750702962,0.2946267867,0.7111111111,1.009335611,0.8695576337
P1|tetto100|agg+ind|T2,5,investimento_ind,196,5.427238744,18.43141341,48.54995096,92.41317766,0.4772511436,1.001315496,0.137755102,0.9984312803,0.9863605593
P1|tetto100|agg+ind|T2,5,investimento_tipo,4,168.3974899,177.5817503,170.7410312,177.6473321,0.2642421504,0.3222214844,0.75,0.8432686976,0.792250966
P1|tetto100|agg+ind|T2,5,produzione,71,53.34655241,89.3419856,99.57592626,140.9178064,0.1255016737,0.1371340507,0.6197183099,0.9629197554,0.9899262107
P1|tetto100|agg+ind|T2,5,scorte,11,43.36409137,51.61850697,51.41087375,56.85646468,0.1887364124,0.2182564644,0,1,1
P1|tetto100|agg+ind|T2,5,stock_ind,196,12.86010408,51.68175664,319.0077233,455.5397597,0.2082088306,0.4335669328,0.7653061224,0.91565664,0.981076891
P1|tetto100|agg+ind|T2,5,stock_tipo,4,431.7915597,455.3111343,500.943389,526.0475381,0.06095040431,0.06898626482,0.75,0.5609298801,0.7073533838
P1|tetto100|agg+ind|T3,1,aggregati,5,278.7210987,459.8466657,634.6759693,768.7522498,0.03894640512,0.03806346543,0.6,1.308765912,1.265152354
P1|tetto100|agg+ind|T3,1,consumo,71,4.300178433,7.291256356,9.156910084,11.10295651,0.06395222595,0.06463476639,0.619047619,0.9491903523,0.9141427918
P1|tetto100|agg+ind|T3,1,importazioni,71,3.309346437,11.02662661,17.6588622,29.88793855,0.1301553085,0.1123448523,0.7111111111,1.599918426,1.395598235
P1|tetto100|agg+ind|T3,1,investimento_ind,196,2.757257402,12.70246036,32.37069066,69.53918295,0.3835631661,0.4458311801,0.09183673469,2.876390169,2.738300588
P1|tetto100|agg+ind|T3,1,investimento_tipo,4,81.46360605,96.97729036,69.07093406,83.19763269,0.15118805,0.1829021907,0.5,1.625095503,1.141855346
P1|tetto100|agg+ind|T3,1,produzione,71,19.8973195,30.1753809,29.17761388,41.26439693,0.06869712377,0.0672577449,0.5211267606,1.437325274,1.308211187
P1|tetto100|agg+ind|T3,1,scorte,11,37.34609208,46.81538137,47.67770241,57.28886303,0.187827694,0.1807967705,0.1818181818,3.538362225,3.992062221
P1|tetto100|agg+ind|T3,1,stock_ind,196,2.733327703,13.80484706,86.75290993,125.4794536,0.08307928375,0.1070192218,0.7908163265,2.236393452,4.44815754
P1|tetto100|agg+ind|T3,1,stock_tipo,4,76.69146609,100.3751347,111.0541588,130.9887942,0.008454222524,0.008620723355,1,0.8185320936,1.426626145
P1|tetto100|agg+ind|T3,2,aggregati,5,293.5537994,401.9516799,507.8793981,599.4185229,0.06351468828,0.06385937923,0.8,0.6065379817,0.5327642423
P1|tetto100|agg+ind|T3,2,consumo,71,5.087743863,9.541121024,9.861538259,14.58122554,0.07590403059,0.08046773934,0.6031746032,0.785750977,0.5909469442
P1|tetto100|agg+ind|T3,2,importazioni,71,4.690956301,14.16653094,25.04378306,37.80661267,0.1731866621,0.1531806149,0.6888888889,1.819515105,1.747481458
P1|tetto100|agg+ind|T3,2,investimento_ind,196,3.25962205,11.76519963,30.09328562,62.24830962,0.4773830135,0.7105119283,0.112244898,1.428580535,1.389560202
P1|tetto100|agg+ind|T3,2,investimento_tipo,4,87.28783448,95.18639506,78.53366778,85.31611677,0.1497406298,0.1870142316,0.75,0.9313056703,0.752187943
P1|tetto100|agg+ind|T3,2,produzione,71,19.37207208,29.83140527,31.23768022,43.09396272,0.05826812362,0.05949745205,0.7746478873,0.8043831172,0.7990971169
P1|tetto100|agg+ind|T3,2,scorte,11,42.35102713,50.8425125,54.45545837,60.96854167,0.1975465689,0.1961932262,0.1818181818,2.176388086,2.432293829
P1|tetto100|agg+ind|T3,2,stock_ind,196,5.358129923,24.31155197,151.6039691,218.5785939,0.1548603653,0.2362282657,0.7704081633,1.598831687,2.036319817
P1|tetto100|agg+ind|T3,2,stock_tipo,4,147.5575831,182.0747737,206.6234532,234.2192755,0.01659803917,0.01732464798,1,0.6773610639,1.030122749
P1|tetto100|agg+ind|T3,3,aggregati,5,465.1468238,630.7268411,870.3479416,1011.878976,0.08316280151,0.08791350523,0.8,0.5843133936,0.5550315641
P1|tetto100|agg+ind|T3,3,consumo,71,7.74777156,14.40782608,19.31509165,24.00483525,0.103435613,0.1280959029,0.6984126984,0.7538220924,0.7739831374
P1|tetto100|agg+ind|T3,3,importazioni,71,3.712606925,9.417426204,15.7080594,21.79882098,0.1495416436,0.1696269562,0.7777777778,0.7665354128,0.6250105433
P1|tetto100|agg+ind|T3,3,investimento_ind,196,3.995160041,12.173567,32.05306215,61.83951976,0.5114701441,0.8327563912,0.1224489796,1.163328339,1.141677688
P1|tetto100|agg+ind|T3,3,investimento_tipo,4,122.5601253,123.9910853,117.9732197,119.2095733,0.1976396743,0.2476049119,0.75,0.8103361028,0.7395650388
P1|tetto100|agg+ind|T3,3,produzione,71,24.78522992,39.30917362,42.44163609,59.8800163,0.06903407289,0.07488901243,0.8591549296,0.6812711694,0.724664716
P1|tetto100|agg+ind|T3,3,scorte,11,47.1881516,57.26812737,60.43123639,67.96805939,0.2121251098,0.2178003496,0.09090909091,1.677126311,1.8068481
P1|tetto100|agg+ind|T3,3,stock_ind,196,8.346514729,34.65959846,215.5271218,308.2257997,0.2104543612,0.3487816226,0.75,1.305066876,1.551674353
P1|tetto100|agg+ind|T3,3,stock_tipo,4,246.0887419,279.9829393,323.7570524,348.6604368,0.02956983503,0.03170900317,1,0.6274974437,0.9137375222
P1|tetto100|agg+ind|T3,4,aggregati,5,625.8532889,812.9716082,1161.683935,1309.003023,0.1007759713,0.1116017882,0.8,0.5677377783,0.5536984373
P1|tetto100|agg+ind|T3,4,consumo,71,11.07672039,22.06985079,31.21897635,40.36652726,0.1206667945,0.1386807205,0.746031746,0.7474167862,0.8054644802
P1|tetto100|agg+ind|T3,4,importazioni,71,4.660024176,15.5826199,24.35077188,44.33677249,0.2278919617,0.2224876155,0.7333333333,1.039387503,0.7735092198
P1|tetto100|agg+ind|T3,4,investimento_ind,196,4.197299529,10.57901425,26.61165672,48.19017538,0.553120662,0.9270195031,0.1530612245,0.7287710525,0.6980906525
P1|tetto100|agg+ind|T3,4,investimento_tipo,4,132.1737854,133.0003487,137.2664586,138.1045735,0.1986542247,0.2482408145,0.75,0.7115901282,0.7090286022
P1|tetto100|agg+ind|T3,4,produzione,71,36.10330988,55.20536337,65.21538823,86.5319813,0.08977795017,0.09878192022,0.7746478873,0.7243413611,0.8082882198
P1|tetto100|agg+ind|T3,4,scorte,11,50.36646829,59.61317875,58.52282393,66.25101617,0.2412466083,0.2595641694,0.1818181818,1.280469616,1.223346693
P1|tetto100|agg+ind|T3,4,stock_ind,196,10.98187574,42.2142576,260.8239339,371.8993656,0.2505616321,0.4430618767,0.7551020408,1.048077345,1.160372693
P1|tetto100|agg+ind|T3,4,stock_tipo,4,344.7807992,371.4524461,427.0961057,445.0563381,0.04381605731,0.04830776516,1,0.5875182306,0.8074065001
P1|tetto100|agg+ind|T3,5,aggregati,5,712.7594275,919.9878256,1339.783697,1491.766887,0.1049606025,0.119794835,0.8,0.5346342842,0.5296018947
P1|tetto100|agg+ind|T3,5,consumo,71,14.18326445,29.75450168,41.48244213,54.25973003,0.1414713574,0.1732698183,0.7619047619,0.7572285797,0.7938186326
P1|tetto100|agg+ind|T3,5,importazioni,71,5.807349887,19.28939776,30.32379953,54.90248839,0.2765211497,0.2969249177,0.7111111111,1.118374631,0.8542985506
P1|tetto100|agg+ind|T3,5,investimento_ind,196,5.063370844,11.22955565,24.81840885,37.78225544,0.6016389557,1.07033514,0.1428571429,0.6083060143,0.5042208932
P1|tetto100|agg+ind|T3,5,investimento_tipo,4,134.7320246,143.9576331,145.8832634,153.3230552,0.1933769717,0.2381318387,0.75,0.6836004577,0.6769090919
P1|tetto100|agg+ind|T3,5,produzione,71,45.75723645,71.22278726,82.33196553,111.8191446,0.1127906905,0.125361719,0.7183098592,0.7676326918,0.8184967363
P1|tetto100|agg+ind|T3,5,scorte,11,43.36409137,51.61850697,51.41087375,56.85646468,0.1887364124,0.2182564644,0,1,1
P1|tetto100|agg+ind|T3,5,stock_ind,196,13.90333651,47.81619538,289.0223347,407.9508908,0.2862444477,0.5321587727,0.7091836735,0.8471696716,0.8888597763
P1|tetto100|agg+ind|T3,5,stock_tipo,4,434.564671,450.1388243,505.1163683,515.6022599,0.05962749869,0.06768340713,1,0.5545577469,0.7132458081
P1|tetto100|agg|T1,1,aggregati,5,464.9620732,767.8287175,1046.883031,1282.152029,0.07180379921,0.06794881957,0.6,2.185311162,2.086838945
P1|tetto100|agg|T1,1,consumo,71,4.085449906,6.89879826,8.805820725,10.66080431,0.06043694309,0.06138958308,0.6507936508,0.8980993715,0.8790932168
P1|tetto100|agg|T1,1,importazioni,71,3.11383734,8.623455325,13.41576817,19.42317841,0.2265363429,0.1707345123,0.7111111111,1.2512281,1.060262104
P1|tetto100|agg|T1,1,investimento_ind,196,12.27298688,31.97292905,55.86913325,90.98393117,1.751831268,1.83176668,0.3826530612,7.240063436,4.726080208
P1|tetto100|agg|T1,1,investimento_tipo,4,112.0353456,122.0519675,111.32978,119.8321856,0.18977907,0.2237579436,0.25,2.045284034,1.840463086
P1|tetto100|agg|T1,1,produzione,71,27.73331939,43.5166695,41.59378947,60.81296026,0.09364502542,0.08739590023,0.4084507042,2.072802631,1.864904407
P1|tetto100|agg|T1,1,scorte,11,48.93653395,61.08967636,66.07022974,76.84164246,0.2349327398,0.2173594385,0.09090909091,4.617230424,5.532071697
P1|tetto100|agg|T1,1,stock_ind,196,12.25302568,32.37374442,103.5518158,138.199277,0.2434598687,0.4408866465,0.4846938776,5.244565893,5.309502479
P1|tetto100|agg|T1,1,stock_tipo,4,107.2632057,121.712608,130.5023748,144.918193,0.01505417616,0.01537141823,1,0.9925334212,1.676462204
P1|tetto100|agg|T1,2,aggregati,5,238.6664217,294.9146322,304.2055972,346.7475173,0.06514616303,0.06700143974,0.8,0.4450209683,0.319110925
P1|tetto100|agg|T1,2,consumo,71,5.00140629,9.494929481,9.422030327,14.52199222,0.07344407152,0.07804833467,0.6349206349,0.7819469114,0.564609687
P1|tetto100|agg|T1,2,importazioni,71,6.580762084,17.68644197,27.82723795,39.64469641,0.6286184879,0.3897469152,0.6,2.271603998,1.941702747
P1|tetto100|agg|T1,2,investimento_ind,196,13.28946359,27.81496523,60.31182326,86.21817495,1.700447998,2.108460966,0.387755102,3.377411276,2.784903927
P1|tetto100|agg|T1,2,investimento_tipo,4,140.1540479,145.194785,150.3617613,155.8890269,0.2229570553,0.2577391525,0.25,1.420588799,1.440150538
P1|tetto100|agg|T1,2,produzione,71,22.57386784,38.41784295,33.87991241,50.71645773,0.07236184001,0.08246277631,0.7605633803,1.035910444,0.8666885677
P1|tetto100|agg|T1,2,scorte,11,39.02777177,46.10144248,48.5995425,53.47617852,0.1865216806,0.1863518538,0.1818181818,1.973439652,2.170734962
P1|tetto100|agg|T1,2,stock_ind,196,20.33380517,42.94014584,178.3453874,229.1013952,0.3924155419,0.7693613722,0.4744897959,2.823927732,2.395506191
P1|tetto100|agg|T1,2,stock_tipo,4,221.5317941,234.4798698,249.5530842,261.6923818,0.03366003546,0.03512089469,1,0.8723203707,1.244148741
P1|tetto100|agg|T1,3,aggregati,5,464.223593,566.6128087,750.4434685,851.9809332,0.0983407181,0.1044860617,0.6,0.5249173358,0.47856701
P1|tetto100|agg|T1,3,consumo,71,7.78375032,14.47114238,19.7164833,24.42604362,0.1034586933,0.1281195072,0.6984126984,0.7571348215,0.7900674708
P1|tetto100|agg|T1,3,importazioni,71,9.245388315,23.03035525,35.12076002,48.69108208,0.8887846685,0.5517716735,0.5333333333,1.874565565,1.397425662
P1|tetto100|agg|T1,3,investimento_ind,196,14.6420624,32.45849047,60.04784789,82.87967173,1.721275753,2.936251842,0.3316326531,3.101792745,2.138806204
P1|tetto100|agg|T1,3,investimento_tipo,4,174.3841315,181.2793843,187.5088489,195.7008364,0.2719127696,0.3201828478,0.25,1.184740254,1.175478549
P1|tetto100|agg|T1,3,produzione,71,34.80038838,53.09071286,56.08990845,77.2603099,0.09906983504,0.1123442128,0.8169014085,0.9201203866,0.9577005347
P1|tetto100|agg|T1,3,scorte,11,44.52475621,54.75286204,55.91313615,63.91715233,0.2047340073,0.2110822105,0.09090909091,1.603465483,1.671760332
P1|tetto100|agg|T1,3,stock_ind,196,28.43514395,62.88136067,249.4860065,320.3017,0.4807446661,1.332772136,0.4744897959,2.367724515,1.79615927
P1|tetto100|agg|T1,3,stock_tipo,4,364.9457328,378.3581105,399.942386,406.4338225,0.05407072502,0.05777334337,0.75,0.8479757648,1.128754917
P1|tetto100|agg|T1,4,aggregati,5,635.130853,671.0159096,831.5222814,876.9985634,0.1530799246,0.1628106169,0.6,0.468603181,0.3963320606
P1|tetto100|agg|T1,4,consumo,71,11.10160138,22.12525382,31.49655741,40.70348048,0.1206825423,0.138697044,0.746031746,0.7492930633,0.8126262041
P1|tetto100|agg|T1,4,importazioni,71,9.872283329,33.01560598,49.77917067,92.28284976,0.9220892555,0.5701442249,0.6444444444,2.202197606,1.581249566
P1|tetto100|agg|T1,4,investimento_ind,196,13.58577145,27.98240972,54.97878808,77.79664211,1.648266652,3.49008523,0.387755102,1.927662606,1.442231818
P1|tetto100|agg|T1,4,investimento_tipo,4,208.062393,224.7722847,236.0603129,252.4531924,0.3131760333,0.3583187504,0.25,1.202596387,1.219332934
P1|tetto100|agg|T1,4,produzione,71,50.02683978,86.0024591,84.13371967,117.9503809,0.1220879305,0.1459559904,0.7464788732,1.128425473,1.042764543
P1|tetto100|agg|T1,4,scorte,11,55.72212292,65.62019001,69.56983666,76.40813521,0.2461887497,0.2642761892,0.09090909091,1.409498055,1.454270725
P1|tetto100|agg|T1,4,stock_ind,196,35.39864123,78.39097691,305.6143011,389.6632903,0.537072145,2.095048638,0.5051020408,1.946257299,1.359639372
P1|tetto100|agg|T1,4,stock_tipo,4,540.2576335,556.2007414,556.4375938,562.9525117,0.08366547035,0.09098527451,0.75,0.8797305788,1.051920924
P1|tetto100|agg|T1,5,aggregati,5,686.1806467,753.3813475,982.8393333,1036.521242,0.1433450399,0.157869531,0.8,0.437813943,0.3885056778
P1|tetto100|agg|T1,5,consumo,71,14.22696452,29.7847838,41.63067304,54.42789106,0.1412203091,0.1729981852,0.7619047619,0.7579992357,0.7966552171
P1|tetto100|agg|T1,5,importazioni,71,14.42622576,38.82432407,74.09555216,104.5927622,1.041827791,0.6857722159,0.5333333333,2.250984694,2.087460141
P1|tetto100|agg|T1,5,investimento_ind,196,18.85547702,60.52747745,72.88676875,113.4563147,1.971398552,1.913327319,0.137755102,3.27877876,1.480797253
P1|tetto100|agg|T1,5,investimento_tipo,4,239.464366,264.7967394,277.10277,298.1215938,0.3570881926,0.3982097747,0.25,1.257419758,1.285777272
P1|tetto100|agg|T1,5,produzione,71,64.34621232,106.9020745,105.0228962,147.4965426,0.163279613,0.1958844625,0.7042253521,1.152180788,1.044076832
P1|tetto100|agg|T1,5,scorte,11,42.19164388,50.76501384,50.32301966,56.00820216,0.1798157528,0.2087987991,0.1818181818,0.9834653658,0.97884
P1|tetto100|agg|T1,5,stock_ind,196,41.27455095,103.4335067,350.3510142,447.6748678,0.5795043793,1.345193668,0.443877551,1.832553368,1.077470101
P1|tetto100|agg|T1,5,stock_tipo,4,736.6068218,755.5961462,711.8531239,725.6324168,0.1220979774,0.1343798103,0.5,0.9308721527,1.005166905
P1|tetto100|agg|T2,1,aggregati,5,384.7666447,626.4514962,859.4963079,1049.297253,0.05848238528,0.05686423748,0.6,1.782938585,1.713305418
P1|tetto100|agg|T2,1,consumo,71,4.044759114,6.88718232,8.892123199,10.76505917,0.05964564434,0.06069497732,0.6349206349,0.8965871851,0.8877088725
P1|tetto100|agg|T2,1,importazioni,71,4.524898194,12.01523904,19.02132091,24.97789461,0.1552699573,0.1583689581,0.6888888889,1.743362046,1.503274764
P1|tetto100|agg|T2,1,investimento_ind,196,16.21628778,39.35916303,48.17199213,74.20857316,1.822841335,2.660873282,0.3316326531,8.91262845,4.074963855
P1|tetto100|agg|T2,1,investimento_tipo,4,27.19706446,31.73076573,28.75096183,33.97867017,0.04801739204,0.05210006464,1,0.5317278355,0.475300355
P1|tetto100|agg|T2,1,produzione,71,27.07060354,42.42558285,38.81489688,57.00718229,0.09924805079,0.09285128113,0.4507042254,2.020831574,1.740309628
P1|tetto100|agg|T2,1,scorte,11,40.29853055,50.84685078,52.8844422,63.30371068,0.203005311,0.190636459,0.1818181818,3.84306548,4.428023439
P1|tetto100|agg|T2,1,stock_ind,196,15.98311127,39.17508918,31.75906372,58.32289358,0.2818888295,0.4148333622,0.4030612245,6.346387798,1.628410146
P1|tetto100|agg|T2,1,stock_tipo,4,18.68263853,20.13636393,18.30735635,19.23475583,0.003033788895,0.003126394246,1,0.1642066053,0.2351803255
P1|tetto100|agg|T2,2,aggregati,5,312.1959729,397.9227621,504.191542,584.5051198,0.07090057836,0.07235118092,0.8,0.600458416,0.5288956904
P1|tetto100|agg|T2,2,consumo,71,5.341074614,9.928160263,13.21148921,17.4575308,0.07366619171,0.07827117863,0.619047619,0.8176252671,0.7916908066
P1|tetto100|agg|T2,2,importazioni,71,3.073671848,6.331720173,8.990920128,11.66265281,0.1737522068,0.180408328,0.6888888889,0.813230885,0.627359939
P1|tetto100|agg|T2,2,investimento_ind,196,14.79270849,38.43961155,50.35290615,86.64649809,1.74966144,2.484943899,0.3316326531,4.66750098,2.325050024
P1|tetto100|agg|T2,2,investimento_tipo,4,37.73057807,46.27662701,39.55567056,47.77059129,0.06296348267,0.07313683527,1,0.4527714818,0.3788604215
P1|tetto100|agg|T2,2,produzione,71,22.91205389,37.58451347,36.93838212,50.95995792,0.07912826436,0.07610012648,0.7605633803,1.013440293,0.9449278705
P1|tetto100|agg|T2,2,scorte,11,41.5061742,49.06674703,52.54850279,57.80393957,0.1956869487,0.1946084513,0.1818181818,2.100373849,2.34711823
P1|tetto100|agg|T2,2,stock_ind,196,25.6401764,63.65762039,82.39101329,115.2921313,0.4336937229,0.5361152065,0.4285714286,4.186397509,1.106662669
P1|tetto100|agg|T2,2,stock_tipo,4,54.19691617,60.37779828,58.49266884,65.41423697,0.01018814953,0.01095446107,1,0.2246196376,0.2916156318
P1|tetto100|agg|T2,3,aggregati,5,492.9959023,661.7246578,924.0006378,1066.786982,0.08616703428,0.09154182031,0.8,0.6130301664,0.5892465469
P1|tetto100|agg|T2,3,consumo,71,7.688193654,14.31648689,18.65041964,23.38721222,0.1033994173,0.128056816,0.6825396825,0.7490431967,0.7473487867
P1|tetto100|agg|T2,3,importazioni,71,5.124112769,15.6633519,27.81134988,44.49895304,0.2447645714,0.2372813184,0.7333333333,1.274925193,1.106590347
P1|tetto100|agg|T2,3,investimento_ind,196,14.63621816,36.93686868,51.64161806,85.20980319,1.637526843,2.317986682,0.3163265306,3.529754762,1.839390036
P1|tetto100|agg|T2,3,investimento_tipo,4,57.72434094,64.99030507,62.24007492,70.62529294,0.08862903349,0.1078699184,1,0.4247401369,0.3901782417
P1|tetto100|agg|T2,3,produzione,71,31.97295957,51.68060322,49.93300509,68.47228627,0.1011841138,0.1052312167,0.7746478873,0.8956816372,0.8525752134
P1|tetto100|agg|T2,3,scorte,11,46.0747526,55.25524936,58.19278129,65.15330176,0.2118885268,0.2176657597,0.09090909091,1.618178152,1.739919992
P1|tetto100|agg|T2,3,stock_ind,196,35.1247112,89.55888009,134.2203214,181.1574141,0.5500298364,0.6421899479,0.4081632653,3.372235487,0.9663110085
P1|tetto100|agg|T2,3,stock_tipo,4,118.7896782,134.2404663,115.0327588,127.5370564,0.0241528419,0.02751051553,1,0.3008595796,0.324656242
P1|tetto100|agg|T2,4,aggregati,5,643.6157806,841.0030234,1207.77585,1354.451056,0.1006422971,0.1106919989,0.8,0.5873134846,0.5756674258
P1|tetto100|agg|T2,4,consumo,71,10.63426417,21.40600932,26.28277969,36.15898519,0.1203855963,0.1383904412,0.7301587302,0.7249351545,0.6781082519
P1|tetto100|agg|T2,4,importazioni,71,5.92485911,17.17339344,30.00938026,46.71619961,0.2601506163,0.2680923566,0.6666666667,1.145494829,0.9532565303
P1|tetto100|agg|T2,4,investimento_ind,196,14.54553827,34.49583653,51.38320689,78.54588548,1.595429857,2.180758676,0.3316326531,2.376361965,1.347910685
P1|tetto100|agg|T2,4,investimento_tipo,4,60.80641681,72.28781742,63.8953054,74.45938029,0.09034536492,0.1168640855,1,0.3867606195,0.3300412901
P1|tetto100|agg|T2,4,produzione,71,40.29381056,62.56494949,64.88721963,89.29794785,0.1101107003,0.1240740157,0.7183098592,0.8209053958,0.8042208544
P1|tetto100|agg|T2,4,scorte,11,57.79660134,65.80396341,70.96404126,76.27173727,0.2645553118,0.2831553879,0,1.413445442,1.483414835
P1|tetto100|agg|T2,4,stock_ind,196,43.11351129,109.1812296,195.3805374,249.8792022,0.6431015651,0.7591451445,0.3979591837,2.710704386,0.8692232993
P1|tetto100|agg|T2,4,stock_tipo,4,192.7658879,231.832794,178.2826933,209.8400537,0.03965626066,0.04807610387,1,0.3666848728,0.3370356308
P1|tetto100|agg|T2,5,aggregati,5,665.2998928,837.9683311,1219.218734,1332.734459,0.09782607866,0.1111027497,1,0.4869701385,0.481943879
P1|tetto100|agg|T2,5,consumo,71,13.63095547,28.9028453,34.98138717,48.83600232,0.1408465311,0.1726071655,0.7619047619,0.7355545971,0.6694127806
P1|tetto100|agg|T2,5,importazioni,71,9.986906905,26.24788288,52.75788226,71.01406034,0.3491285355,0.4073588159,0.5777777778,1.521818706,1.486323714
P1|tetto100|agg|T2,5,investimento_ind,196,23.32388317,74.7043177,74.56709827,114.2550132,1.977182522,2.484805064,0.1530612245,4.04673944,1.514935511
P1|tetto100|agg|T2,5,investimento_tipo,4,63.85603453,74.61056805,59.98159838,68.14484635,0.09708508715,0.1318174354,1,0.3542974232,0.2783190363
P1|tetto100|agg|T2,5,produzione,71,55.20729701,86.72134828,88.8713816,121.9883452,0.1414189073,0.1679938697,0.7042253521,0.9346747659,0.8835078249
P1|tetto100|agg|T2,5,scorte,11,42.93129987,51.19851114,50.58695597,56.12886403,0.1876588528,0.2171687233,0.09090909091,0.9918634643,0.9839738615
P1|tetto100|agg|T2,5,stock_ind,196,55.70841491,141.9221268,264.7960984,331.2817357,0.7250504146,0.880210507,0.3724489796,2.514464412,0.8143543683
P1|tetto100|agg|T2,5,stock_tipo,4,246.5943356,327.9208283,228.4344453,299.0926483,0.04989155634,0.06474744181,1,0.4039887827,0.3225591582
P1|tetto100|agg|T3,1,aggregati,5,229.1551836,339.7823076,472.3067107,559.1724594,0.03687573382,0.03738728529,0.8,0.9670517041,0.9414882169
P1|tetto100|agg|T3,1,consumo,71,4.40336338,7.492948578,9.24579839,11.24154181,0.07369744819,0.07213381999,0.619047619,0.9754470495,0.9230165935
P1|tetto100|agg|T3,1,importazioni,71,4.492480066,14.05057,21.84441683,36.58505614,0.1909286914,0.1595758899,0.7111111111,2.038680244,1.726386969
P1|tetto100|agg|T3,1,investimento_ind,196,14.26820041,32.60194976,57.2014715,84.68236196,1.792517406,2.436720404,0.3673469388,7.382501115,4.838785329
P1|tetto100|agg|T3,1,investimento_tipo,4,65.99193739,94.67947887,54.53372252,80.20671192,0.1192475328,0.1533085746,1,1.586589961,0.9015314976
P1|tetto100|agg|T3,1,produzione,71,18.89996989,30.36751426,28.21089878,42.62838289,0.06224761135,0.06162584847,0.5774647887,1.446477044,1.264867427
P1|tetto100|agg|T3,1,scorte,11,36.33535993,46.06362461,48.85217189,56.71763011,0.1668761256,0.1637859833,0.3636363636,3.481543555,4.090400752
P1|tetto100|agg|T3,1,stock_ind,196,14.24390239,33.04304975,103.4528896,135.6227837,0.2736606189,0.4409029277,0.443877551,5.352993756,5.30443015
P1|tetto100|agg|T3,1,stock_tipo,4,65.73900242,100.360962,102.6062258,133.4064564,0.005924742263,0.006041285092,1,0.8184165196,1.31810214
P1|tetto100|agg|T3,2,aggregati,5,283.6196779,380.9323298,468.5870974,550.6046996,0.06450517399,0.06489246053,0.8,0.5748201539,0.4915467154
P1|tetto100|agg|T3,2,consumo,71,5.038036901,9.501211073,9.830694266,14.56775552,0.07346787739,0.07807236667,0.6349206349,0.7824642266,0.5890986358
P1|tetto100|agg|T3,2,importazioni,71,5.553654654,19.30348674,27.70881075,49.28068843,0.1953336179,0.1913577383,0.6888888889,2.479293332,1.933439245
P1|tetto100|agg|T3,2,investimento_ind,196,14.18578881,32.62838958,55.78753249,81.88537168,1.748775345,2.704615677,0.3316326531,3.961877715,2.575994389
P1|tetto100|agg|T3,2,investimento_tipo,4,58.77021614,79.50110898,53.57093711,71.0941205,0.0943896387,0.127905862,1,0.7778405049,0.5130973012
P1|tetto100|agg|T3,2,produzione,71,25.02363133,41.41107339,38.8465282,56.27262035,0.07715275621,0.08204309716,0.7183098592,1.116620823,0.9937405231
P1|tetto100|agg|T3,2,scorte,11,43.24025805,52.08479969,55.96238899,62.53435994,0.1990635853,0.1973550745,0.1818181818,2.229566006,2.499602014
P1|tetto100|agg|T3,2,stock_ind,196,23.39877371,51.51843008,174.5030413,227.1906852,0.4346097481,0.6229328412,0.443877551,3.38807241,2.343896424
P1|tetto100|agg|T3,2,stock_tipo,4,122.5911629,170.3565286,175.9147653,223.2060201,0.01430314251,0.01514133115,1,0.633766431,0.8770243593
P1|tetto100|agg|T3,3,aggregati,5,354.1020347,475.465565,635.0324017,726.9655897,0.06668907097,0.06911082195,0.8,0.4404773662,0.4049679562
P1|tetto100|agg|T3,3,consumo,71,7.772584394,14.45084139,19.59191232,24.2915873,0.103451534,0.1281121817,0.6984126984,0.7560726673,0.7850757349
P1|tetto100|agg|T3,3,importazioni,71,6.331143153,20.28669725,33.26485364,55.63572612,0.2126198295,0.2577502693,0.7555555556,1.651244355,1.323580699
P1|tetto100|agg|T3,3,investimento_ind,196,12.13177396,33.4310293,56.0429826,90.7603519,1.601363639,1.846020558,0.3418367347,3.194730335,1.996159447
P1|tetto100|agg|T3,3,investimento_tipo,4,77.58397785,90.79512674,75.47328159,87.51769948,0.1169388376,0.1595526078,1,0.5933859599,0.4731361964
P1|tetto100|agg|T3,3,produzione,71,32.39789889,53.95284255,53.07105927,72.2605992,0.08758084494,0.1080834427,0.8450704225,0.9350620414,0.90615555
P1|tetto100|agg|T3,3,scorte,11,45.2382568,55.23675428,57.65066056,65.30898275,0.2038864228,0.2102647723,0.09090909091,1.617636514,1.723710993
P1|tetto100|agg|T3,3,stock_ind,196,29.86262505,67.25178654,243.5428357,314.7515541,0.5480906134,0.7821852309,0.4336734694,2.532287819,1.753371775
P1|tetto100|agg|T3,3,stock_tipo,4,204.380451,251.6151182,262.4740374,314.7718067,0.02859635926,0.03189266797,1,0.5639195155,0.7407788489
P1|tetto100|agg|T3,4,aggregati,5,535.1883526,709.1602677,994.1035356,1112.176361,0.08659335687,0.09277100287,0.8,0.4952412492,0.4738238668
P1|tetto100|agg|T3,4,consumo,71,11.08085657,22.07893258,31.26512105,40.42189586,0.1206694135,0.1386834341,0.746031746,0.7477243501,0.8066550355
P1|tetto100|agg|T3,4,importazioni,71,5.815220006,15.99518007,27.83055949,42.93807,0.26042861,0.3088063572,0.6888888889,1.066905974,0.8840456665
P1|tetto100|agg|T3,4,investimento_ind,196,15.2140827,43.99176296,58.95967504,92.72300371,1.635226734,2.104106933,0.3214285714,3.030520862,1.54666049
P1|tetto100|agg|T3,4,investimento_tipo,4,63.13303656,74.05091711,65.50829536,75.62286775,0.08606656196,0.1226885104,1,0.3961937101,0.3383729395
P1|tetto100|agg|T3,4,produzione,71,44.62671971,74.31388511,73.71528418,99.52324676,0.1138264825,0.1478104781,0.7323943662,0.9750614325,0.9136370639
P1|tetto100|agg|T3,4,scorte,11,55.79212153,65.4990267,69.47508281,76.54848289,0.2514185489,0.2697570732,0.09090909091,1.406895511,1.452290014
P1|tetto100|agg|T3,4,stock_ind,196,37.46243084,95.67622167,300.1968273,384.262523,0.6030616306,0.9123008063,0.4285714286,2.375407886,1.335537716
P1|tetto100|agg|T3,4,stock_tipo,4,276.4284051,322.8581728,327.7637045,382.3589306,0.04201920377,0.04948953326,1,0.5106577285,0.619622942
P1|tetto100|agg|T3,5,aggregati,5,498.2290998,611.7088134,855.2689214,915.4185845,0.07887508824,0.08776070735,1,0.3554835124,0.3380784842
P1|tetto100|agg|T3,5,consumo,71,14.22496671,29.78045658,41.60838477,54.40146831,0.1412190625,0.1729968745,0.7619047619,0.7578891113,0.7962287031
P1|tetto100|agg|T3,5,importazioni,71,10.60612036,32.84948072,59.46214658,88.89215172,0.3849468383,0.4326831256,0.5111111111,1.904570912,1.67519989
P1|tetto100|agg|T3,5,investimento_ind,196,24.2011479,89.44280136,88.30559913,165.0944501,1.9865984,2.20119112,0.1326530612,4.845124392,1.794052485
P1|tetto100|agg|T3,5,investimento_tipo,4,52.76909655,59.10427024,52.56260279,57.16043372,0.06991387484,0.1030800693,1,0.2806638683,0.2438943501
P1|tetto100|agg|T3,5,produzione,71,68.01587243,120.0098934,105.6634251,150.5293535,0.1626543308,0.2348146018,0.676056338,1.293455663,1.0504446
P1|tetto100|agg|T3,5,scorte,11,42.70739721,51.00862907,50.25172635,55.85554521,0.1866043469,0.2160880302,0.1818181818,0.9881848984,0.977453264
P1|tetto100|agg|T3,5,stock_ind,196,51.5038843,155.0030908,359.735786,463.007346,0.6834502785,0.9687050273,0.3775510204,2.746222623,1.106332044
P1|tetto100|agg|T3,5,stock_tipo,4,319.5172266,376.7435046,364.8687298,430.0559639,0.04972625295,0.06203330277,1,0.4641368791,0.5152101741
P1|tetto100|ind|T1,1,aggregati,5,186.2071958,266.4414526,372.327364,434.9422637,0.03055118741,0.03127115457,0.8,0.7583168841,0.7421910766
P1|tetto100|ind|T1,1,consumo,71,4.425510025,7.545869158,9.30653936,11.35272317,0.07647633339,0.07376135296,0.619047619,0.9823363566,0.9290804207
P1|tetto100|ind|T1,1,importazioni,71,4.491418407,16.67290923,25.28305586,47.22573525,0.1823779899,0.149760214,0.6444444444,2.419170942,1.998146185
P1|tetto100|ind|T1,1,investimento_ind,196,2.707703395,11.43794774,29.35995947,61.52421609,0.2978272049,0.4178824746,0.1071428571,2.590049448,2.483616897
P1|tetto100|ind|T1,1,investimento_tipo,4,84.5037525,92.63387141,77.7116711,84.17099302,0.1498393053,0.1778558901,0.5,1.552310725,1.284700842
P1|tetto100|ind|T1,1,produzione,71,16.82202995,28.16825716,23.64845071,34.60630985,0.0575115121,0.05791871987,0.5915492958,1.341721189,1.060304928
P1|tetto100|ind|T1,1,scorte,11,39.28042794,44.04583503,48.50523372,51.23427157,0.1939012659,0.1907922018,0.09090909091,3.329036618,4.06135156
P1|tetto100|ind|T1,1,stock_ind,196,2.720060815,12.5384905,77.70157016,112.0736034,0.07299087329,0.1054525372,0.8112244898,2.031242935,3.98406031
P1|tetto100|ind|T1,1,stock_tipo,4,87.92931991,99.68670883,107.1121651,120.4002551,0.01298896905,0.01331943373,1,0.8129181669,1.375986427
P1|tetto100|ind|T1,2,aggregati,5,282.0926739,392.2418305,506.2378028,599.5049485,0.05802613846,0.05874136281,0.8,0.5918859905,0.5310422129
P1|tetto100|ind|T1,2,consumo,71,5.076562586,9.516995141,10.22849413,14.68184703,0.0751595132,0.0797211385,0.619047619,0.7837641102,0.6129365614
P1|tetto100|ind|T1,2,importazioni,71,2.925422209,6.714973945,11.32730344,14.70986267,0.1223429019,0.1296038199,0.7333333333,0.8624550762,0.790385889
P1|tetto100|ind|T1,2,investimento_ind,196,3.315572476,13.673668,34.86509495,73.97501971,0.3892682804,0.6202886805,0.1071428571,1.660314873,1.609898932
P1|tetto100|ind|T1,2,investimento_tipo,4,85.23549725,105.8529408,68.07184616,91.22364654,0.1512962548,0.1950096423,0.5,1.035667376,0.6519856182
P1|tetto100|ind|T1,2,produzione,71,19.19252267,28.8680642,31.80105185,43.12442053,0.05685037133,0.05773404087,0.7887323944,0.7784072947,0.8135088351
P1|tetto100|ind|T1,2,scorte,11,38.13306945,46.60803751,48.33919423,55.58500776,0.1809089196,0.1797235272,0.2727272727,1.995125193,2.159106311
P1|tetto100|ind|T1,2,stock_ind,196,5.367398157,25.0143262,155.6353587,224.9272561,0.133183108,0.2123305849,0.806122449,1.645049127,2.090468785
P1|tetto100|ind|T1,2,stock_tipo,4,161.2431189,189.8952589,208.6194633,237.8959331,0.02231194338,0.02337675098,1,0.7064551119,1.040073872
P1|tetto100|ind|T1,3,aggregati,5,454.0744525,620.0664658,856.1028927,995.9123355,0.08035150501,0.08476504847,0.8,0.5744374859,0.5459473215
P1|tetto100|ind|T1,3,consumo,71,7.758888818,14.42674006,19.43911967,24.1312355,0.1034427483,0.1281031965,0.6984126984,0.7548116781,0.7789531165
P1|tetto100|ind|T1,3,importazioni,71,4.390138068,13.05875716,23.20887985,36.55077839,0.1524813049,0.1708775154,0.7777777778,1.062923095,0.9234619142
P1|tetto100|ind|T1,3,investimento_ind,196,3.893061897,12.72579049,33.64192605,65.79500416,0.4293207053,0.7471073302,0.112244898,1.216099826,1.198270424
P1|tetto100|ind|T1,3,investimento_tipo,4,120.1390948,124.0034981,111.1404926,115.6421445,0.1966391502,0.2480616225,0.5,0.8104172262,0.6967311985
P1|tetto100|ind|T1,3,produzione,71,26.80941887,41.52075625,45.90426866,62.16091574,0.07228930401,0.07825859535,0.8450704225,0.7196003262,0.7837870279
P1|tetto100|ind|T1,3,scorte,11,46.72679101,56.8271611,59.81758141,67.53133823,0.2103320692,0.2161915335,0.09090909091,1.664212389,1.788500282
P1|tetto100|ind|T1,3,stock_ind,196,8.13034783,35.8884868,223.5192389,321.018882,0.1830712251,0.3109581259,0.7857142857,1.351339238,1.609213113
P1|tetto100|ind|T1,3,stock_tipo,4,224.9365154,278.4487653,303.8414136,348.3304741,0.03052589137,0.03243821272,1,0.6240590546,0.8575297382
P1|tetto100|ind|T1,4,aggregati,5,624.9671413,811.1655635,1157.94172,1304.659405,0.1010925695,0.1118030909,0.8,0.5664765291,0.5519147691
P1|tetto100|ind|T1,4,consumo,71,11.10414899,22.13103089,31.52497942,40.73850375,0.1206841539,0.1386987154,0.746031746,0.7494887094,0.8133595054
P1|tetto100|ind|T1,4,importazioni,71,4.616248572,15.61145167,24.54677168,45.0284376,0.2259980169,0.2202994494,0.7333333333,1.041310631,0.7797352093
P1|tetto100|ind|T1,4,investimento_ind,196,4.033864074,10.00097644,25.08893497,44.59695387,0.4705991805,0.8404704251,0.1326530612,0.6889509697,0.6581458332
P1|tetto100|ind|T1,4,investimento_tipo,4,124.9736226,127.3127586,127.2663045,129.5498271,0.190532294,0.2361975252,0.5,0.6811598851,0.657374357
P1|tetto100|ind|T1,4,produzione,71,36.46147634,55.50217815,65.70664822,86.64341023,0.09014526251,0.09913131111,0.7746478873,0.7282358236,0.8143769617
P1|tetto100|ind|T1,4,scorte,11,51.11389471,59.53496304,61.70428653,68.18424832,0.2400484115,0.2583126364,0.1818181818,1.278789571,1.289851203
P1|tetto100|ind|T1,4,stock_ind,196,10.61502343,42.6418528,264.2414178,378.1517318,0.2213455335,0.3980251232,0.7806122449,1.058693494,1.175576647
P1|tetto100|ind|T1,4,stock_tipo,4,309.0665015,353.0949663,392.2632674,428.5795952,0.04370492447,0.04767766901,1,0.5584826053,0.7415565434
P1|tetto100|ind|T1,5,aggregati,5,708.1763068,908.9835934,1323.139059,1470.88439,0.1051342209,0.1200252305,0.8,0.5282393737,0.5230224507
P1|tetto100|ind|T1,5,consumo,71,14.1895529,29.78237872,41.62686784,54.43156574,0.1411891017,0.1729983822,0.7619047619,0.7579380284,0.7965823999
P1|tetto100|ind|T1,5,importazioni,71,5.914339327,19.43197794,30.9560463,55.17633786,0.2769008343,0.2973984039,0.7111111111,1.126641248,0.8721105502
P1|tetto100|ind|T1,5,investimento_ind,196,4.937919496,10.86947602,23.32575454,34.88891581,0.5337646211,0.9921933377,0.1275510204,0.5888004691,0.4738955208
P1|tetto100|ind|T1,5,investimento_tipo,4,127.5318619,144.1837548,135.8831093,150.9646874,0.1850470215,0.2260885494,0.5,0.6846742242,0.6305076399
P1|tetto100|ind|T1,5,produzione,71,45.99181804,71.41114414,82.31408951,111.635496,0.1132990499,0.1259355608,0.7183098592,0.7696627849,0.8183190233
P1|tetto100|ind|T1,5,scorte,11,43.36409137,51.61850697,51.41087375,56.85646468,0.1887364124,0.2182564644,0,1,1
P1|tetto100|ind|T1,5,stock_ind,196,13.44671105,47.46945737,287.9856919,407.8084491,0.259373915,0.4853144917,0.7346938776,0.8410264407,0.8856716833
P1|tetto100|ind|T1,5,stock_tipo,4,393.6159153,422.041754,461.4439125,485.6839067,0.05970149071,0.06716946498,1,0.5199429855,0.651578442
P1|tetto100|ind|T2,1,aggregati,5,440.5962493,723.4875506,985.5170784,1206.757474,0.06868766367,0.06542750106,0.6,2.059112122,1.964513093
P1|tetto100|ind|T2,1,consumo,71,3.999763597,6.846165449,8.640334094,10.60766639,0.05933333894,0.06040040272,0.6507936508,0.8912475267,0.8625725336
P1|tetto100|ind|T2,1,importazioni,71,3.247162679,8.758585796,11.55305934,15.920832,0.2856141196,0.1850978948,0.7555555556,1.270834979,0.9130502889
P1|tetto100|ind|T2,1,investimento_ind,196,1.961905422,5.023086141,12.12721862,21.22947761,0.2246573777,0.2852722632,0.08163265306,1.137445439,1.025865349
P1|tetto100|ind|T2,1,investimento_tipo,4,54.1700696,54.33633236,55.66194246,55.8300301,0.09681343143,0.1027253335,0.5,0.9105402827,0.9201828156
P1|tetto100|ind|T2,1,produzione,71,24.08081836,35.78847645,34.38060194,47.58427079,0.08658058561,0.08249340581,0.3943661972,1.704690386,1.541493018
P1|tetto100|ind|T2,1,scorte,11,46.44062031,57.1341357,61.99825926,71.61509614,0.2274081095,0.2114731259,0.09090909091,4.318265955,5.191124908
P1|tetto100|ind|T2,1,stock_ind,196,1.805121664,4.238649467,17.21850245,22.80390267,0.04140503696,0.04345001936,0.8265306122,0.6866637403,0.8828592786
P1|tetto100|ind|T2,1,stock_tipo,4,49.33414603,52.04606186,43.17105494,45.64732489,0.009614214399,0.009903256124,0.75,0.4244215673,0.554584865
P1|tetto100|ind|T2,2,aggregati,5,318.8310807,389.0398277,486.4364021,558.7361304,0.0756295952,0.07794367498,0.8,0.5870542249,0.5102705922
P1|tetto100|ind|T2,2,consumo,71,5.344256445,9.928976406,13.21498065,17.46236956,0.07533482681,0.07989676265,0.6031746032,0.8176924799,0.7919000292
P1|tetto100|ind|T2,2,importazioni,71,5.090483637,13.81086915,26.42096927,35.82448156,0.2028828277,0.1764165343,0.6888888889,1.773834761,1.843577458
P1|tetto100|ind|T2,2,investimento_ind,196,2.715669482,8.560753807,21.97956016,43.10567794,0.3173818197,0.4345271921,0.07653061224,1.039483105,1.01490819
P1|tetto100|ind|T2,2,investimento_tipo,4,67.0565053,76.17442829,57.78085958,69.68749016,0.1320203106,0.144262235,0.5,0.7452921918,0.5534195351
P1|tetto100|ind|T2,2,produzione,71,17.94711765,29.62586519,29.68268944,41.81236213,0.05421916392,0.05628466783,0.8028169014,0.7988408718,0.759318598
P1|tetto100|ind|T2,2,scorte,11,39.19716558,45.29568572,48.09950286,52.19808132,0.1928322112,0.1918539859,0.1818181818,1.938948056,2.148400317
P1|tetto100|ind|T2,2,stock_ind,196,4.034311467,12.44502108,69.94877115,98.29741999,0.08307920367,0.09242484344,0.8316326531,0.8184378383,0.9395404994
P1|tetto100|ind|T2,2,stock_tipo,4,111.4662796,113.3531608,119.0989381,121.5585192,0.01941291721,0.02040834571,0.75,0.4217004697,0.5937686337
P1|tetto100|ind|T2,3,aggregati,5,447.1413083,592.5685972,833.0417097,955.3009201,0.07458879515,0.08263213427,1,0.5489631095,0.5312409221
P1|tetto100|ind|T2,3,consumo,71,7.739729018,14.3945077,19.22536622,23.91552917,0.1034333894,0.1280906264,0.6825396825,0.7531252707,0.7703877123
P1|tetto100|ind|T2,3,importazioni,71,5.536756998,15.24553905,26.59585379,39.61444051,0.6652274117,0.4498873923,0.6444444444,1.240917138,1.058226774
P1|tetto100|ind|T2,3,investimento_ind,196,3.446481859,10.50632881,27.83131768,52.40682356,0.3618784503,0.5646017686,0.08163265306,1.004004007,0.9913060503
P1|tetto100|ind|T2,3,investimento_tipo,4,109.7566823,112.7680974,103.433258,107.4909174,0.195774354,0.2220914515,0.5,0.7369889564,0.6484151376
P1|tetto100|ind|T2,3,produzione,71,28.19915979,44.19136298,48.7771534,65.83816068,0.07400428029,0.08086293661,0.8028169014,0.7658848752,0.83283976
P1|tetto100|ind|T2,3,scorte,11,40.62103952,48.77630344,46.72051205,53.65390473,0.1992558753,0.2097737376,0.1818181818,1.428438917,1.396907849
P1|tetto100|ind|T2,3,stock_ind,196,6.689019816,22.42321283,132.6346186,186.6353955,0.124718012,0.1576427129,0.8112244898,0.8443200044,0.9548948377
P1|tetto100|ind|T2,3,stock_tipo,4,174.2215342,195.7497948,208.3415625,224.3333379,0.02845844235,0.03028092435,0.75,0.4387142164,0.5880011003
P1|tetto100|ind|T2,4,aggregati,5,681.2940397,960.0293704,1390.63999,1587.827087,0.08958139318,0.1020299612,1,0.6704353957,0.6628267518
P1|tetto100|ind|T2,4,consumo,71,10.77444698,21.54884524,27.8467083,37.09342199,0.1204780264,0.13848241,0.7301587302,0.7297724306,0.718458356
P1|tetto100|ind|T2,4,importazioni,71,4.716199806,15.57210193,24.96444513,44.23749945,0.2260054795,0.2201874286,0.7333333333,1.038685936,0.7930027258
P1|tetto100|ind|T2,4,investimento_ind,196,4.19745427,14.40434882,37.31307858,74.35869247,0.4129698101,0.6737850458,0.09183673469,0.9922921171,0.9788158494
P1|tetto100|ind|T2,4,investimento_tipo,4,141.6824919,145.7899933,137.5141407,141.4340229,0.2392982644,0.2810856187,0.5,0.7800184063,0.7103079659
P1|tetto100|ind|T2,4,produzione,71,40.55566274,67.28927176,74.75385928,104.7859525,0.09548362657,0.1050889837,0.7464788732,0.8828925256,0.9265093023
P1|tetto100|ind|T2,4,scorte,11,40.94501938,49.58772433,48.59369234,57.34994355,0.1972723582,0.2174727423,0.4545454545,1.065126465,1.015790572
P1|tetto100|ind|T2,4,stock_ind,196,9.578334499,35.58791197,217.1674968,309.0856892,0.1618309034,0.2274121697,0.806122449,0.8835612993,0.9661507264
P1|tetto100|ind|T2,4,stock_tipo,4,274.4822015,308.0283244,334.073513,360.8712539,0.04236858248,0.04600212836,0.75,0.4872016809,0.6315513589
P1|tetto100|ind|T2,5,aggregati,5,1038.439682,1515.644986,2207.82214,2550.213784,0.1290292611,0.1457169983,0.8,0.8807896688,0.8727280316
P1|tetto100|ind|T2,5,consumo,71,13.88574448,29.17753053,37.82390265,50.62550296,0.1410144671,0.1727743232,0.746031746,0.7425451195,0.7238078845
P1|tetto100|ind|T2,5,importazioni,71,5.781031462,17.34391994,30.26740386,49.09144375,0.2737823537,0.2931646577,0.7111111111,1.005578313,0.8527097414
P1|tetto100|ind|T2,5,investimento_ind,196,5.507323065,18.47212763,48.84218759,92.44315044,0.4851713927,0.8403886351,0.09183673469,1.000636773,0.9922977577
P1|tetto100|ind|T2,5,investimento_tipo,4,164.3069097,178.4209573,159.4300453,173.4345097,0.2674118666,0.3234604861,0.5,0.8472537747,0.7397671579
P1|tetto100|ind|T2,5,produzione,71,53.72785745,89.86015913,100.1213346,141.4506928,0.1261296628,0.1377509217,0.6056338028,0.9685045824,0.9953483444
P1|tetto100|ind|T2,5,scorte,11,43.36409137,51.61850697,51.41087375,56.85646468,0.1887364124,0.2182564644,0,1,1
P1|tetto100|ind|T2,5,stock_ind,196,13.22825061,51.96444793,319.3489751,455.5625238,0.2017890182,0.3111297365,0.7602040816,0.9206651415,0.9821263774
P1|tetto100|ind|T2,5,stock_tipo,4,399.9542462,441.5424529,478.7723906,517.0150497,0.06102315548,0.06807280232,0.75,0.5439672711,0.6760469906
P1|tetto100|ind|T3,1,aggregati,5,136.5917439,172.8779871,236.3766316,264.5520546,0.02595569959,0.02699696477,0.8,0.4920266543,0.4711891835
P1|tetto100|ind|T3,1,consumo,71,4.482065801,7.661144656,9.376101696,11.48060908,0.09570758942,0.08129424225,0.619047619,0.9973431518,0.9360248929
P1|tetto100|ind|T3,1,importazioni,71,4.664390645,19.2018195,22.27577955,47.80127229,0.1655882327,0.1435377356,0.6888888889,2.786105479,1.760478013
P1|tetto100|ind|T3,1,investimento_ind,196,2.697592679,11.07959788,28.46909807,59.19817832,0.2871730697,0.3665486868,0.09693877551,2.508903435,2.408257174
P1|tetto100|ind|T3,1,investimento_tipo,4,88.55298381,94.81663673,85.39661339,89.99980983,0.1521955082,0.1797513547,0.5,1.588888382,1.411745489
P1|tetto100|ind|T3,1,produzione,71,15.55605395,30.1276979,23.73558089,41.36989884,0.04839474309,0.04793515502,0.676056338,1.435054019,1.064211508
P1|tetto100|ind|T3,1,scorte,11,40.21017577,45.74261344,49.57297027,53.61829033,0.1972062031,0.1981054718,0.1818181818,3.457281149,4.150753325
P1|tetto100|ind|T3,1,stock_ind,196,2.709157187,12.17652613,75.09317991,108.2031221,0.06467785149,0.08166530653,0.8112244898,1.972604491,3.850318043
P1|tetto100|ind|T3,1,stock_tipo,4,91.97855122,102.3260745,106.9947078,119.0258836,0.01414950481,0.01453440204,1,0.8344414808,1.374477545
P1|tetto100|ind|T3,2,aggregati,5,270.9295087,370.0335905,483.1611188,569.3029811,0.05527788087,0.05653702652,0.8,0.5583741489,0.506834828
P1|tetto100|ind|T3,2,consumo,71,5.053093603,9.496741979,10.27191877,14.70034025,0.08729450155,0.08787055338,0.619047619,0.7820961781,0.6155387573
P1|tetto100|ind|T3,2,importazioni,71,4.174719566,11.34120159,19.27792722,25.83395496,0.1407041646,0.1407318412,0.7111111111,1.45663661,1.345157011
P1|tetto100|ind|T3,2,investimento_ind,196,3.265084103,13.76350335,35.115488,74.5238377,0.3721480462,0.5373367295,0.1020408163,1.671223063,1.621460854
P1|tetto100|ind|T3,2,investimento_tipo,4,92.77486115,109.0577261,78.84794013,95.58312042,0.1592883847,0.2042360065,0.5,1.067023062,0.7551980135
P1|tetto100|ind|T3,2,produzione,71,19.60082976,29.77448056,32.97543428,44.40319488,0.05651638567,0.05733599518,0.7887323944,0.8028481819,0.8435509382
P1|tetto100|ind|T3,2,scorte,11,45.12343502,52.82163974,57.7991481,62.76998889,0.2046757639,0.2060256537,0.09090909091,2.261107521,2.581642235
P1|tetto100|ind|T3,2,stock_ind,196,5.342265818,24.75503782,153.6695456,222.055793,0.1221980729,0.1667145577,0.8163265306,1.627997215,2.064064304
P1|tetto100|ind|T3,2,stock_tipo,4,171.8990075,194.8837145,211.6935951,237.5623406,0.02508931965,0.02636046479,1,0.7250133424,1.055399979
P1|tetto100|ind|T3,3,aggregati,5,447.58176,617.2551769,856.2769012,997.6339078,0.07729549545,0.08167242389,0.8,0.5718330719,0.5460582889
P1|tetto100|ind|T3,3,consumo,71,7.75198918,14.41493284,19.36214489,24.05238749,0.1034383203,0.1280986699,0.6984126984,0.7541939207,0.7758686276
P1|tetto100|ind|T3,3,importazioni,71,4.348651317,12.64729298,22.75651788,35.06958288,0.151618081,0.169740927,0.7777777778,1.029431794,0.9054628101
P1|tetto100|ind|T3,3,investimento_ind,196,3.786500016,12.79251699,33.75905262,66.33508612,0.4120908537,0.6638070476,0.1071428571,1.222476333,1.202442281
P1|tetto100|ind|T3,3,investimento_tipo,4,116.8402491,123.7495652,105.2148195,114.0503592,0.194387023,0.2450960921,0.5,0.8087576634,0.6595836097
P1|tetto100|ind|T3,3,produzione,71,26.9335592,41.52564086,46.07951478,62.14463426,0.07257052134,0.07847732478,0.8450704225,0.7196849819,0.7867792472
P1|tetto100|ind|T3,3,scorte,11,44.90477733,54.93336421,57.37289679,65.39253819,0.2033293248,0.209533121,0.09090909091,1.608751581,1.715406068
P1|tetto100|ind|T3,3,stock_ind,196,8.024258789,35.71826049,222.128312,319.123989,0.1705319816,0.2514263637,0.7959183673,1.344929564,1.599199219
P1|tetto100|ind|T3,3,stock_tipo,4,240.8007827,281.0450184,309.5487287,346.6399351,0.03441587436,0.03672946584,1,0.629877774,0.8736374581
P1|tetto100|ind|T3,4,aggregati,5,621.424804,809.4992641,1156.480844,1303.620777,0.09983592337,0.1103349865,0.8,0.5653128708,0.5512184656
P1|tetto100|ind|T3,4,consumo,71,11.09941623,22.12031406,31.4721791,40.67351677,0.1206811599,0.1386956104,0.746031746,0.7491257737,0.8119972321
P1|tetto100|ind|T3,4,importazioni,71,4.549144229,15.66645129,24.58594785,45.62897717,0.2239928088,0.218100728,0.7555555556,1.0449792,0.7809796516
P1|tetto100|ind|T3,4,investimento_ind,196,3.930131472,10.04840782,25.20442887,45.12271089,0.4552893842,0.7604435884,0.1275510204,0.69221844,0.6611755285
P1|tetto100|ind|T3,4,investimento_tipo,4,121.6747769,125.8441039,121.3406314,126.0476398,0.1882694044,0.2332319948,0.5,0.6733021599,0.6267662116
P1|tetto100|ind|T3,4,produzione,71,36.54906977,55.5951496,65.80923206,86.65098656,0.09018605915,0.09911423524,0.7746478873,0.7294556883,0.8156483994
P1|tetto100|ind|T3,4,scorte,11,51.0227723,61.20199242,65.74011442,73.60852285,0.2231505225,0.2382736401,0.1818181818,1.314596762,1.374215155
P1|tetto100|ind|T3,4,stock_ind,196,10.45646017,42.55999468,263.3996196,377.2071513,0.2092677865,0.3317049993,0.7908163265,1.056661156,1.171831593
P1|tetto100|ind|T3,4,stock_tipo,4,293.1987186,351.5401825,378.3707197,424.5620099,0.04282301811,0.04641177524,1,0.5560234377,0.7152932897
P1|tetto100|ind|T3,5,aggregati,5,706.7808561,906.2873239,1320.073711,1465.830239,0.1046695727,0.1194622495,0.8,0.5266724854,0.5218107522
P1|tetto100|ind|T3,5,consumo,71,14.30080181,29.84773509,41.67610647,54.42307003,0.1424174079,0.174288072,0.7619047619,0.7596012964,0.7975246429
P1|tetto100|ind|T3,5,importazioni,71,5.980214067,19.49529584,31.20028647,55.26369125,0.2779620616,0.2986753303,0.7111111111,1.130312339,0.878991417
P1|tetto100|ind|T3,5,investimento_ind,196,4.846071885,10.88120706,23.44672527,35.29766911,0.5206311651,0.9165072865,0.1224489796,0.5894359405,0.4763532113
P1|tetto100|ind|T3,5,investimento_tipo,4,124.2330161,144.2837167,129.9574362,149.4778192,0.1827233105,0.223123019,0.5,0.6851489055,0.6030120801
P1|tetto100|ind|T3,5,produzione,71,46.18494887,71.47218128,82.24232726,111.4473326,0.1140973071,0.126800725,0.7183098592,0.7703206377,0.8176056045
P1|tetto100|ind|T3,5,scorte,11,43.36409137,51.61850697,51.41087375,56.85646468,0.1887364124,0.2182564644,0,1,1
P1|tetto100|ind|T3,5,stock_ind,196,13.25039576,47.46530374,287.6762852,407.7894101,0.2483409942,0.4163196384,0.7448979592,0.84095285,0.8847201334
P1|tetto100|ind|T3,5,stock_tipo,4,374.7138953,417.3686991,445.4736531,479.4905032,0.0585508935,0.06550229897,1,0.5141859197,0.629027756
P1|tetto100|nessuna|T1,1,aggregati,5,1117.969237,1648.460114,2220.708851,2700.581298,0.2372751212,0.2094584775,0.2,4.691669125,4.426723503
P1|tetto100|nessuna|T1,1,consumo,71,3.861783232,6.624004441,8.420295542,10.30767357,0.05812099743,0.05920281375,0.6666666667,0.8623261619,0.8406058816
P1|tetto100|nessuna|T1,1,importazioni,71,5.709576963,15.86724895,29.19697291,39.67385427,0.177830151,0.1579607795,0.5333333333,2.30227293,2.307467119
P1|tetto100|nessuna|T1,1,investimento_ind,196,12.39824958,34.8586408,97.57789757,167.9493158,1.811933355,2.407445591,0.3673469388,7.893514239,8.25430687
P1|tetto100|nessuna|T1,1,investimento_tipo,4,485.1324856,490.9385808,510.3520374,516.3506457,1.169551835,0.9009054256,0.25,8.226895978,8.436952682
P1|tetto100|nessuna|T1,1,produzione,71,49.08994061,81.49115218,73.16847454,116.2986154,0.1840507592,0.1573494194,0.338028169,3.881617701,3.280590982
P1|tetto100|nessuna|T1,1,scorte,11,62.83082823,82.23211752,87.12211721,105.2069439,0.3029283636,0.268988401,0.09090909091,6.215201283,7.294749854
P1|tetto100|nessuna|T1,1,stock_ind,196,12.37098599,35.7550736,203.236444,278.4867534,0.2406195226,1.007073359,0.4489795918,5.792343236,10.42071928
P1|tetto100|nessuna|T1,1,stock_tipo,4,480.3603456,484.7571528,454.779918,458.6436495,0.09770037505,0.09366251716,0.25,3.953063559,5.842202832
P1|tetto100|nessuna|T1,2,aggregati,5,567.3411709,747.2042184,915.2760819,1088.705525,0.1373036107,0.1359760725,0.6,1.127517961,0.960122364
P1|tetto100|nessuna|T1,2,consumo,71,5.323861443,9.886751571,13.01945304,17.19335596,0.07365201948,0.0782598857,0.6349206349,0.8142150892,0.7801831506
P1|tetto100|nessuna|T1,2,importazioni,71,5.003921991,12.2879822,21.6616228,30.48251666,0.550970114,0.3604441762,0.5333333333,1.57823883,1.511484271
P1|tetto100|nessuna|T1,2,investimento_ind,196,11.36113798,23.41252474,54.66153828,77.05504605,1.678971739,3.269749474,0.3316326531,2.842848243,2.524001504
P1|tetto100|nessuna|T1,2,investimento_tipo,4,284.4642607,318.2455471,266.0114859,300.2303983,0.7787766752,0.5719262542,0.5,3.113721056,2.547832516
P1|tetto100|nessuna|T1,2,produzione,71,26.24730256,45.35868759,44.90501787,65.95831412,0.0843664089,0.08019004704,0.7042253521,1.223065497,1.148723915
P1|tetto100|nessuna|T1,2,scorte,11,41.77168075,48.57904279,51.52367649,56.64376944,0.2087917979,0.2054152081,0.1818181818,2.079496955,2.301343596
P1|tetto100|nessuna|T1,2,stock_ind,196,20.96421306,53.26901,276.708631,369.9346548,0.3843993086,1.985566965,0.4132653061,3.503198037,3.716705256
P1|tetto100|nessuna|T1,2,stock_tipo,4,699.4356355,711.445874,683.3265224,700.7696634,0.1417772011,0.1351715905,0.25,2.646746304,3.406729415
P1|tetto100|nessuna|T1,3,aggregati,5,564.0461751,767.8072178,1055.866162,1241.087835,0.1019916142,0.1091398273,0.8,0.7113064036,0.67333881
P1|tetto100|nessuna|T1,3,consumo,71,8.093602798,15.25678146,23.17330616,29.2778559,0.1036560734,0.1283227901,0.6984126984,0.7982397109,0.9285872692
P1|tetto100|nessuna|T1,3,importazioni,71,6.935053316,16.43449714,29.97027397,39.25323845,0.6465998611,0.4429325205,0.6,1.337692887,1.19249213
P1|tetto100|nessuna|T1,3,investimento_ind,196,11.55521148,21.55701878,43.92295254,60.37136446,1.619838078,2.255635518,0.3724489796,2.060028161,1.564463785
P1|tetto100|nessuna|T1,3,investimento_tipo,4,205.5701329,233.0700321,188.9590791,220.6275031,0.4219932339,0.4170330684,0.5,1.523214843,1.184569931
P1|tetto100|nessuna|T1,3,produzione,71,31.68664826,50.17354951,54.81390238,74.54084127,0.09234620024,0.1005065448,0.7464788732,0.8695627406,0.9359135194
P1|tetto100|nessuna|T1,3,scorte,11,45.76321186,53.99399045,56.69861515,62.74393029,0.2159245327,0.2209996498,0.09090909091,1.581241541,1.695245558
P1|tetto100|nessuna|T1,3,stock_ind,196,27.6687023,65.89655465,331.8897121,439.2752572,0.4816337561,1.310035624,0.3979591837,2.481258138,2.389419717
P1|tetto100|nessuna|T1,3,stock_tipo,4,786.0154447,828.3425755,805.0811074,849.4800486,0.1539679467,0.149104022,0.5,1.856480434,2.272175419
P1|tetto100|nessuna|T1,4,aggregati,5,576.2608347,724.6380378,1026.566334,1145.73026,0.09755159592,0.1083251426,0.8,0.506050132,0.489296751
P1|tetto100|nessuna|T1,4,consumo,71,11.38435752,22.8807553,34.651084,45.123306,0.1208603991,0.13888255,0.746031746,0.7748788498,0.8940144945
P1|tetto100|nessuna|T1,4,importazioni,71,9.25019493,24.55468261,44.37873278,65.17648234,0.7922566805,0.5396317154,0.6,1.637839491,1.409703115
P1|tetto100|nessuna|T1,4,investimento_ind,196,13.18823287,26.4258829,35.93930385,45.62856052,1.618965521,3.055727031,0.387755102,1.82043601,0.9427782848
P1|tetto100|nessuna|T1,4,investimento_tipo,4,292.3953247,319.5588554,312.4832122,331.0756055,0.5596345416,0.5291271101,0.5,1.70973181,1.614083567
P1|tetto100|nessuna|T1,4,produzione,71,42.38595946,68.40727124,73.19095978,105.0272193,0.1104076921,0.1206256037,0.7323943662,0.8975616305,0.9071385174
P1|tetto100|nessuna|T1,4,scorte,11,49.05679026,55.68927157,57.51683156,62.18018175,0.238669086,0.2570120931,0.09090909091,1.196185503,1.202317676
P1|tetto100|nessuna|T1,4,stock_ind,196,34.15276863,76.10409246,363.7376445,475.8843173,0.5489764589,1.385288412,0.443877551,1.88947952,1.618222776
P1|tetto100|nessuna|T1,4,stock_tipo,4,813.502663,974.9505122,892.8180369,1030.53323,0.1560423389,0.1510154833,0.5,1.542057956,1.687833433
P1|tetto100|nessuna|T1,5,aggregati,5,520.6634676,628.5962617,892.790136,958.3323145,0.08277111905,0.09370132684,1,0.3652973475,0.3529102114
P1|tetto100|nessuna|T1,5,consumo,71,14.4676338,30.36989314,44.31566386,57.92293246,0.1413697558,0.1731560795,0.7619047619,0.7728898066,0.8480358888
P1|tetto100|nessuna|T1,5,importazioni,71,13.58460341,45.21767914,71.80173274,120.0616369,0.8968952522,0.6175199131,0.6,2.621663251,2.022837414
P1|tetto100|nessuna|T1,5,investimento_ind,196,23.89958016,89.75236228,69.70634103,129.0697815,1.976593049,2.361428124,0.1326530612,4.861893334,1.416182389
P1|tetto100|nessuna|T1,5,investimento_tipo,4,124.791935,155.0338944,126.6602706,154.4049799,0.2305755757,0.2449752522,0.75,0.7361974413,0.5877129886
P1|tetto100|nessuna|T1,5,produzione,71,60.65605625,110.4502088,108.7763675,164.0924203,0.1389257142,0.1649872935,0.7183098592,1.190422256,1.081391671
P1|tetto100|nessuna|T1,5,scorte,11,41.63416033,50.0543341,47.39281335,53.8311837,0.1861668011,0.215532651,0.09090909091,0.9696974406,0.9218441527
P1|tetto100|nessuna|T1,5,stock_ind,196,45.27098148,112.965728,329.9126979,422.7638214,0.6018907289,1.114797063,0.4081632653,2.001437754,1.014614068
P1|tetto100|nessuna|T1,5,stock_tipo,4,791.1669794,985.2570931,910.9352633,1092.327411,0.1226738621,0.1284904791,0.5,1.213807661,1.286279358
P1|tetto100|nessuna|T2,1,aggregati,5,108.3912784,172.5197226,254.0247836,293.753886,0.01060401282,0.01088325902,1,0.4910070005,0.5063687115
P1|tetto100|nessuna|T2,1,consumo,71,4.611646505,8.008181553,9.456233282,11.62384942,0.09754111207,0.082713576,0.6031746032,1.04252111,0.9440245031
P1|tetto100|nessuna|T2,1,importazioni,71,4.842412162,15.53888211,25.84880971,43.05307701,0.2190160274,0.1795703972,0.6444444444,2.254628244,2.0428583
P1|tetto100|nessuna|T2,1,investimento_ind,196,13.34492797,38.01985048,91.73256324,166.3464079,1.719737794,2.348659861,0.3316326531,8.609349768,7.759838506
P1|tetto100|nessuna|T2,1,investimento_tipo,4,260.1639785,280.6832998,224.4648897,247.6023517,0.5366036371,0.5682430579,0.5,4.703546228,3.710771222
P1|tetto100|nessuna|T2,1,produzione,71,17.20923558,30.54851669,24.04036235,36.02113721,0.05792479859,0.0568026895,0.6901408451,1.455098621,1.077876728
P1|tetto100|nessuna|T2,1,scorte,11,34.21657637,39.79413634,42.72728441,47.00648886,0.1656074857,0.1680348184,0.4545454545,3.007688172,3.57756287
P1|tetto100|nessuna|T2,1,stock_ind,196,13.33235334,38.8874716,201.6449365,280.3094588,0.2447533318,0.3647754402,0.4285714286,6.299793578,10.33911653
P1|tetto100|nessuna|T2,1,stock_tipo,4,263.5895459,283.9809003,320.1597635,336.0650996,0.0410731271,0.04121784059,0.5,2.315787487,4.112842725
P1|tetto100|nessuna|T2,2,aggregati,5,205.7122509,276.6389119,58.61887434,138.4313615,0.07870058603,0.08723707958,0.8,0.4174432293,0.06149105534
P1|tetto100|nessuna|T2,2,consumo,71,5.323861443,9.886751571,13.01945304,17.19335596,0.07365201948,0.0782598857,0.6349206349,0.8142150892,0.7801831506
P1|tetto100|nessuna|T2,2,importazioni,71,8.222071638,24.8871953,46.46058456,66.77064516,0.2053867964,0.207445405,0.6666666667,3.196451408,3.24188282
P1|tetto100|nessuna|T2,2,investimento_ind,196,12.4074412,29.32903233,52.14102888,75.0420375,1.761639426,1.585143515,0.3214285714,3.561255737,2.407616753
P1|tetto100|nessuna|T2,2,investimento_tipo,4,176.5124573,198.2188483,161.6179658,190.3617715,0.3638304601,0.3585355459,0.5,1.939377337,1.547961387
P1|tetto100|nessuna|T2,2,produzione,71,30.2384495,53.17133367,47.22263538,70.8820703,0.08127233474,0.09359471612,0.8028169014,1.433728071,1.208011335
P1|tetto100|nessuna|T2,2,scorte,11,50.63950825,62.8745599,67.29863101,76.74739122,0.1949779261,0.2266563776,0.7272727273,2.691437468,3.005943753
P1|tetto100|nessuna|T2,2,stock_ind,196,21.07442226,54.02486774,264.1771772,364.934396,0.4160309878,0.5616969191,0.4183673469,3.552906476,3.548384809
P1|tetto100|nessuna|T2,2,stock_tipo,4,377.5534069,419.6466588,448.63697,476.9271097,0.06414086078,0.06426841824,0.5,1.56118446,2.236682922
P1|tetto100|nessuna|T2,3,aggregati,5,299.9737535,392.9903984,521.0147572,592.2276164,0.05246328347,0.06075401403,1,0.3640713195,0.332257505
P1|tetto100|nessuna|T2,3,consumo,71,8.093602798,15.25678146,23.17330616,29.2778559,0.1036560734,0.1283227901,0.6984126984,0.7982397109,0.9285872692
P1|tetto100|nessuna|T2,3,importazioni,71,6.57201256,21.02915184,35.24761651,55.31944301,0.2147031186,0.2508428442,0.7555555556,1.711676762,1.402473175
P1|tetto100|nessuna|T2,3,investimento_ind,196,13.93151092,40.18581637,58.75551459,97.81591114,1.658464089,1.893371563,0.3163265306,3.840230148,2.092775404
P1|tetto100|nessuna|T2,3,investimento_tipo,4,198.3113687,220.7691659,184.9654627,205.7448457,0.3879293705,0.4144851466,0.75,1.44282329,1.159534257
P1|tetto100|nessuna|T2,3,produzione,71,34.71595923,62.69538502,56.70025825,80.41001139,0.08912731548,0.11288164,0.8169014085,1.086579908,0.9681218803
P1|tetto100|nessuna|T2,3,scorte,11,41.01393946,48.0519578,51.65197543,56.52221687,0.1667939331,0.1969156605,0.9090909091,1.407226085,1.544354861
P1|tetto100|nessuna|T2,3,stock_ind,196,29.77645761,81.71465628,351.7474262,482.8554037,0.5306232814,0.7607679831,0.4030612245,3.076870361,2.532384118
P1|tetto100|nessuna|T2,3,stock_tipo,4,512.9686682,576.5248603,653.4459558,688.1656965,0.06341041987,0.0669922482,0.75,1.292106858,1.844216471
P1|tetto100|nessuna|T2,4,aggregati,5,561.6236596,675.15981,919.8733735,1010.042626,0.09296471411,0.1164214417,1,0.4714970691,0.4384432237
P1|tetto100|nessuna|T2,4,consumo,71,11.38435752,22.8807553,34.651084,45.123306,0.1208603991,0.13888255,0.746031746,0.7748788498,0.8940144945
P1|tetto100|nessuna|T2,4,importazioni,71,7.334684153,22.52021877,36.90536237,56.90559938,0.2894631968,0.339273211,0.7777777778,1.502137259,1.17230937
P1|tetto100|nessuna|T2,4,investimento_ind,196,17.0537283,57.71398524,42.69213193,87.01232046,1.616011072,2.381402118,0.3571428571,3.975822394,1.119921941
P1|tetto100|nessuna|T2,4,investimento_tipo,4,333.5153536,384.9205591,388.6046079,426.5870582,0.4337344863,0.5439667005,0.75,2.059435729,2.007276831
P1|tetto100|nessuna|T2,4,produzione,71,52.74018431,96.04014164,83.48107223,122.1122545,0.1316706904,0.1761692659,0.6901408451,1.260128413,1.034675544
P1|tetto100|nessuna|T2,4,scorte,11,42.59888125,54.07635514,52.18738336,64.99511298,0.2046816829,0.2227479133,0.4545454545,1.161540638,1.090912204
P1|tetto100|nessuna|T2,4,stock_ind,196,38.59597375,115.8189797,340.9907294,455.2483261,0.5940121423,1.023191952,0.4081632653,2.875503577,1.517024627
P1|tetto100|nessuna|T2,4,stock_tipo,4,736.8717151,775.1298566,805.5046365,837.2785977,0.09827788866,0.1155757431,0.75,1.226005984,1.52277127
P1|tetto100|nessuna|T2,5,aggregati,5,521.2561765,545.3288532,485.7797318,496.1095627,0.1195311604,0.151326308,1,0.3169079992,0.1920234341
P1|tetto100|nessuna|T2,5,consumo,71,14.4676338,30.36989314,44.31566386,57.92293246,0.1413697558,0.1731560795,0.7619047619,0.7728898066,0.8480358888
P1|tetto100|nessuna|T2,5,importazioni,71,14.20528209,53.86800582,75.18096881,141.6237263,0.4434801089,0.7062463299,0.5555555556,3.123198137,2.118039088
P1|tetto100|nessuna|T2,5,investimento_ind,196,34.44220443,171.2411265,161.9979946,305.2698537,1.99305487,3.266473083,0.137755102,9.276146839,3.291217178
P1|tetto100|nessuna|T2,5,investimento_tipo,4,662.1255018,841.547667,647.2183854,851.2697299,1.018053676,1.255442383,0.5,3.996192198,3.003140999
P1|tetto100|nessuna|T2,5,produzione,71,89.55692053,187.7898222,133.2113445,229.8168695,0.1905796603,0.3139866616,0.6338028169,2.02398154,1.324310066
P1|tetto100|nessuna|T2,5,scorte,11,43.13568043,51.51809459,51.23974114,56.78818886,0.1872958409,0.2167978079,0.09090909091,0.9980547214,0.996671276
P1|tetto100|nessuna|T2,5,stock_ind,196,56.0146494,218.172754,78.86912421,189.4624759,0.661459304,1.195624555,0.362244898,3.86541294,0.2425542378
P1|tetto100|nessuna|T2,5,stock_tipo,4,1088.463813,1334.239142,740.2056328,1026.246912,0.1937379279,0.2951131733,0.75,1.643743246,1.045201854
P1|tetto100|nessuna|T3,1,aggregati,5,113.2860118,179.1078683,262.5139874,303.8041128,0.01139714928,0.01195642613,1,0.5097574694,0.5232909471
P1|tetto100|nessuna|T3,1,consumo,71,4.615353854,8.015065088,9.462340351,11.63252054,0.09748229485,0.08269595027,0.6031746032,1.043417222,0.9446341775
P1|tetto100|nessuna|T3,1,importazioni,71,4.47904212,14.23386578,23.45885105,39.16754234,0.2278131412,0.1840359321,0.6444444444,2.065275711,1.853977383
P1|tetto100|nessuna|T3,1,investimento_ind,196,13.8995702,41.72773044,94.54940284,167.7528869,1.743505083,2.566742493,0.3214285714,9.448975255,7.998120526
P1|tetto100|nessuna|T3,1,investimento_tipo,4,261.8865453,288.4060306,219.8301293,251.0073367,0.5801248862,0.5823658114,0.5,4.832959775,3.634151063
P1|tetto100|nessuna|T3,1,produzione,71,17.68985899,31.6308524,24.05541326,36.23669488,0.0645663462,0.06121440017,0.6901408451,1.506652849,1.078551552
P1|tetto100|nessuna|T3,1,scorte,11,33.86628956,41.9308978,44.06183601,52.23207093,0.1593389495,0.1626038631,0.4545454545,3.169187145,3.689305105
P1|tetto100|nessuna|T3,1,stock_ind,196,13.88236124,42.50337338,203.4322568,280.5182499,0.2420939507,0.3969776838,0.4132653061,6.885571822,10.43075936
P1|tetto100|nessuna|T3,1,stock_tipo,4,265.3121127,290.9959766,329.5593202,347.0720462,0.03969584119,0.03982358804,0.5,2.372993538,4.233591497
P1|tetto100|nessuna|T3,2,aggregati,5,211.0258937,269.5510648,91.67327486,142.3427262,0.07631176153,0.08507301374,1,0.4067477933,0.09616504038
P1|tetto100|nessuna|T3,2,consumo,71,5.323861443,9.886751571,13.01945304,17.19335596,0.07365201948,0.0782598857,0.6349206349,0.8142150892,0.7801831506
P1|tetto100|nessuna|T3,2,importazioni,71,7.428743691,22.71133375,40.13726247,60.53610807,0.2152180028,0.2244042433,0.6444444444,2.916988993,2.800660019
P1|tetto100|nessuna|T3,2,investimento_ind,196,11.79435882,32.15871586,48.11894775,75.86013183,1.711156494,1.600868254,0.3571428571,3.904847936,2.221896791
P1|tetto100|nessuna|T3,2,investimento_tipo,4,165.2790508,172.9897247,156.4355575,162.8596239,0.335860992,0.3367344277,0.5,1.692535067,1.498324777
P1|tetto100|nessuna|T3,2,produzione,71,28.354596,51.53216816,43.86365184,64.08309514,0.07684862588,0.09275554286,0.8028169014,1.389529112,1.12208453
P1|tetto100|nessuna|T3,2,scorte,11,51.46212311,61.35336466,65.87803723,72.75774641,0.2053504451,0.236881115,0.6363636364,2.626320481,2.942491868
P1|tetto100|nessuna|T3,2,stock_ind,196,21.15294153,57.07887937,265.2530322,363.5031884,0.4039532316,0.5988591913,0.4234693878,3.753751349,3.562835518
P1|tetto100|nessuna|T3,2,stock_tipo,4,341.2823936,409.9884082,453.5147237,494.7330971,0.04455915917,0.04542376999,0.5,1.525253492,2.261000999
P1|tetto100|nessuna|T3,3,aggregati,5,289.3926198,379.0007533,497.3681729,563.760898,0.05111558405,0.05912831425,1,0.3511111338,0.317177788
P1|tetto100|nessuna|T3,3,consumo,71,8.093602798,15.25678146,23.17330616,29.2778559,0.1036560734,0.1283227901,0.6984126984,0.7982397109,0.9285872692
P1|tetto100|nessuna|T3,3,importazioni,71,6.677213966,20.35519103,34.89944334,52.79426941,0.2225055296,0.2778007061,0.7555555556,1.656819435,1.388619656
P1|tetto100|nessuna|T3,3,investimento_ind,196,13.40450544,46.87743774,52.76701696,94.89906038,1.624919491,1.766141501,0.3316326531,4.479693731,1.879474905
P1|tetto100|nessuna|T3,3,investimento_tipo,4,184.2969968,220.2972399,172.1883167,205.3995361,0.3836631477,0.386280104,0.75,1.439739046,1.079435311
P1|tetto100|nessuna|T3,3,produzione,71,36.50243595,71.07796619,57.94216339,84.31836592,0.09232330444,0.1244653552,0.7887323944,1.23185925,0.9893266434
P1|tetto100|nessuna|T3,3,scorte,11,41.06098625,48.35945839,52.01133176,57.03812175,0.1651728076,0.1949429245,0.9090909091,1.416231397,1.555099343
P1|tetto100|nessuna|T3,3,stock_ind,196,30.11615999,90.25522057,336.0784964,456.7074787,0.5172021077,0.7393629347,0.3928571429,3.398455378,2.419576614
P1|tetto100|nessuna|T3,3,stock_tipo,4,446.5981076,576.2037832,636.1027646,699.545175,0.03848685755,0.03990039777,0.75,1.29138726,1.795268889
P1|tetto100|nessuna|T3,4,aggregati,5,455.426337,582.0276385,823.4122662,908.5334108,0.06456641023,0.08019804277,1,0.4064583253,0.392466549
P1|tetto100|nessuna|T3,4,consumo,71,11.38435752,22.8807553,34.651084,45.123306,0.1208603991,0.13888255,0.746031746,0.7748788498,0.8940144945
P1|tetto100|nessuna|T3,4,importazioni,71,7.238955371,21.31738565,35.19801032,52.83772733,0.2964486229,0.3739693536,0.7555555556,1.421906224,1.118074845
P1|tetto100|nessuna|T3,4,investimento_ind,196,16.21089802,70.69540979,41.76100768,111.8157634,1.621196282,2.065902073,0.3520408163,4.870091576,1.095496211
P1|tetto100|nessuna|T3,4,investimento_tipo,4,316.3913223,352.041307,347.3382037,371.9168146,0.5150122489,0.5532970306,0.75,1.883522271,1.79412162
P1|tetto100|nessuna|T3,4,produzione,71,51.67268031,105.8232376,81.12174918,121.5747273,0.122657414,0.1811700528,0.7183098592,1.388490959,1.005433779
P1|tetto100|nessuna|T3,4,scorte,11,38.63559762,46.6544166,46.71405799,53.13334577,0.1646184151,0.1874462943,0.5454545455,1.002120071,0.976499159
P1|tetto100|nessuna|T3,4,stock_ind,196,39.39305417,142.1304185,359.2335833,488.4120633,0.5874279984,0.9211150136,0.3928571429,3.52875261,1.598184777
P1|tetto100|nessuna|T3,4,stock_tipo,4,776.1049183,833.8418545,862.1948286,916.4814733,0.1057347637,0.1246534348,0.75,1.318869471,1.629941598
P1|tetto100|nessuna|T3,5,aggregati,5,579.5651413,603.6762844,676.8914462,686.9010925,0.1205545368,0.1517201357,0.8,0.3508155534,0.2675678121
P1|tetto100|nessuna|T3,5,consumo,71,14.4676338,30.36989314,44.31566386,57.92293246,0.1413697558,0.1731560795,0.7619047619,0.7728898066,0.8480358888
P1|tetto100|nessuna|T3,5,importazioni,71,14.29226288,52.63328976,76.21574596,137.8984908,0.4042501193,0.6287010486,0.6222222222,3.051610878,2.147191392
P1|tetto100|nessuna|T3,5,investimento_ind,196,28.79895474,142.2731181,73.5713291,205.4044565,1.981105709,2.582162794,0.1479591837,7.706947281,1.494705059
P1|tetto100|nessuna|T3,5,investimento_tipo,4,424.2903297,576.8289925,435.8203748,590.6566771,0.5929684995,0.7572794539,0.75,2.73914314,2.022238653
P1|tetto100|nessuna|T3,5,produzione,71,76.98653202,168.3487231,114.9145739,179.332624,0.1623771912,0.2761473952,0.6901408451,1.814447151,1.142414165
P1|tetto100|nessuna|T3,5,scorte,11,43.36409137,51.61850697,51.41087375,56.85646468,0.1887364124,0.2182564644,0,1,1
P1|tetto100|nessuna|T3,5,stock_ind,196,57.08843664,240.5762065,339.0864329,477.5638058,0.6700557593,1.035653657,0.3520408163,4.262339657,1.042826989
P1|tetto100|nessuna|T3,5,stock_tipo,4,1168.799088,1296.682362,1034.140527,1160.738934,0.1859709188,0.2661804576,0.75,1.597474401,1.460250434
P1|tetto110|agg+ind|T1,1,aggregati,5,153.3927973,210.7152169,284.9320753,319.8176907,0.02665192389,0.02652086611,0.8,0.5997148911,0.5679787847
P1|tetto110|agg+ind|T1,1,consumo,71,6.950055334,11.93491604,13.30698223,17.12878983,0.104029456,0.09776870394,0.619047619,1.553711268,1.328448328
P1|tetto110|agg+ind|T1,1,importazioni,71,4.675011882,17.68906243,26.6520117,50.00561111,0.1598135754,0.1407658008,0.6666666667,2.566610616,2.106336189
P1|tetto110|agg+ind|T1,1,investimento_ind,196,3.316087701,12.85071466,32.78351136,68.35552729,0.4614236972,0.5872829057,0.1224489796,2.909961398,2.773221906
P1|tetto110|agg+ind|T1,1,investimento_tipo,4,86.52036553,98.54422084,74.90109762,85.8518366,0.159539825,0.1901508142,0.5,1.651353318,1.238237472
P1|tetto110|agg+ind|T1,1,produzione,71,16.45659632,28.4712204,23.20284764,35.6746678,0.05475118304,0.05455934244,0.6338028169,1.35615205,1.040325813
P1|tetto110|agg+ind|T1,1,scorte,11,32.86187204,37.5270326,40.19717307,44.40766055,0.1716853286,0.1698612731,0.2727272727,2.836337774,3.365716213
P1|tetto110|agg+ind|T1,1,stock_ind,196,3.293749029,13.93004874,85.62207725,123.3094711,0.09903395776,0.1498405617,0.7653061224,2.256676199,4.390175371
P1|tetto110|agg+ind|T1,1,stock_tipo,4,81.74822556,101.2336076,111.0754416,129.3537744,0.01090273385,0.01111616764,1,0.8255327085,1.426899548
P1|tetto110|agg+ind|T1,2,aggregati,5,298.6652983,354.6759284,448.7094358,493.5343693,0.06814797385,0.06955699047,0.8,0.5351997081,0.4706950971
P1|tetto110|agg+ind|T1,2,consumo,71,7.366601899,13.25402968,13.19169071,18.70469273,0.09373929518,0.09827110511,0.6031746032,1.091524439,0.7905043929
P1|tetto110|agg+ind|T1,2,importazioni,71,3.402056913,7.908393828,14.58750025,17.96836137,0.1654021062,0.1455290668,0.7555555556,1.015735051,1.017872825
P1|tetto110|agg+ind|T1,2,investimento_ind,196,3.654007223,12.11468687,30.81523338,62.64587148,0.5294463887,0.7333030337,0.1275510204,1.471016761,1.422896205
P1|tetto110|agg+ind|T1,2,investimento_tipo,4,106.6367067,110.2730087,104.2357382,106.8489178,0.1749065062,0.2131591816,0.5,1.078913413,0.9983599104
P1|tetto110|agg+ind|T1,2,produzione,71,18.88763877,28.60952233,30.92523336,43.18236011,0.05781623266,0.05898853617,0.7605633803,0.7714358927,0.7911043535
P1|tetto110|agg+ind|T1,2,scorte,11,42.41871678,52.58707138,55.56204167,63.61651786,0.1925988688,0.191668328,0.09090909091,2.25106648,2.481720201
P1|tetto110|agg+ind|T1,2,stock_ind,196,6.214919798,24.7354847,150.9947499,216.9920394,0.1672880099,0.2667254649,0.7397959184,1.626711317,2.028136883
P1|tetto110|agg+ind|T1,2,stock_tipo,4,171.6917299,192.7382989,215.8363777,236.673549,0.02407618522,0.02515820942,1,0.7170318905,1.076053852
P1|tetto110|agg+ind|T1,3,aggregati,5,421.0487638,573.3506219,742.9692354,893.2487855,0.08661645308,0.09243218286,0.8,0.531159332,0.4738005998
P1|tetto110|agg+ind|T1,3,consumo,71,8.913331531,15.91248246,20.60906354,25.34514139,0.111632564,0.1367401021,0.6984126984,0.8325461979,0.825834428
P1|tetto110|agg+ind|T1,3,importazioni,71,3.721977272,9.893541287,16.75216209,24.75460257,0.1486353077,0.1692320363,0.8,0.8052890027,0.666554516
P1|tetto110|agg+ind|T1,3,investimento_ind,196,4.333196068,12.54917338,32.77616118,62.27417256,0.558595664,0.8539767688,0.1275510204,1.199221972,1.167433294
P1|tetto110|agg+ind|T1,3,investimento_tipo,4,149.5150699,151.114786,155.396308,157.2911139,0.2303214298,0.2823059274,0.5,0.9876013789,0.9741675005
P1|tetto110|agg+ind|T1,3,produzione,71,26.15543993,41.12472523,45.54263118,63.13403053,0.07058935521,0.07651866782,0.8309859155,0.7127366735,0.7776122913
P1|tetto110|agg+ind|T1,3,scorte,11,46.66081817,57.55205365,60.03791657,68.49981051,0.2083188449,0.214271166,0.09090909091,1.685441236,1.795088136
P1|tetto110|agg+ind|T1,3,stock_ind,196,9.336223944,35.31273606,215.2496443,307.2036616,0.2233169216,0.3714056462,0.7193877551,1.329660013,1.549676671
P1|tetto110|agg+ind|T1,3,stock_tipo,4,293.9545595,310.0725881,345.6608404,360.3827834,0.04218477505,0.04524462995,1,0.6949343301,0.9755564472
P1|tetto110|agg+ind|T1,4,aggregati,5,585.8415132,755.6899982,1043.39011,1199.005797,0.1056385492,0.117518141,0.8,0.5277352325,0.4973155401
P1|tetto110|agg+ind|T1,4,consumo,71,11.5567171,22.51424994,31.75845499,40.6622936,0.1204691589,0.1384321947,0.746031746,0.7624667921,0.8193832864
P1|tetto110|agg+ind|T1,4,importazioni,71,4.535796738,14.21841716,22.66129798,39.5738785,0.2285978844,0.2233799319,0.7333333333,0.9483928376,0.719842599
P1|tetto110|agg+ind|T1,4,investimento_ind,196,4.577408145,11.10333321,27.40714658,48.73425859,0.6017553551,0.9512126737,0.137755102,0.764890531,0.7189583513
P1|tetto110|agg+ind|T1,4,investimento_tipo,4,159.12873,165.1482393,174.6895469,180.5705297,0.2312116585,0.2829418301,0.5,0.8835905915,0.9023317605
P1|tetto110|agg+ind|T1,4,produzione,71,36.03459896,55.76134745,66.44057042,88.20982273,0.08783091426,0.09693304321,0.7887323944,0.7316363455,0.8234732913
P1|tetto110|agg+ind|T1,4,scorte,11,51.01785894,61.35419448,62.91603197,71.69114786,0.2357558336,0.2540373786,0.1818181818,1.317866007,1.315181231
P1|tetto110|agg+ind|T1,4,stock_ind,196,12.1911017,43.15579053,261.0218765,371.4377521,0.2662170477,0.4624251984,0.7142857143,1.071453318,1.161253315
P1|tetto110|agg+ind|T1,4,stock_tipo,4,412.570753,424.6036391,459.8784595,468.7843735,0.06043646888,0.06649293227,1,0.671586313,0.8693801055
P1|tetto110|agg+ind|T1,5,aggregati,5,691.855101,882.5718196,1260.920885,1421.756487,0.1118823111,0.1281983684,0.8,0.512890649,0.4984282848
P1|tetto110|agg+ind|T1,5,consumo,71,15.38060425,30.30048507,42.49641069,54.52459356,0.1509287792,0.1836011276,0.746031746,0.7711234259,0.8132221944
P1|tetto110|agg+ind|T1,5,importazioni,71,5.979996619,19.68562684,30.96072116,55.8938564,0.2806151701,0.3020288171,0.7111111111,1.141347487,0.8722422528
P1|tetto110|agg+ind|T1,5,investimento_ind,196,5.492583174,11.73665129,25.66533157,38.36181367,0.656471246,1.102885709,0.1275510204,0.6357754297,0.5214273198
P1|tetto110|agg+ind|T1,5,investimento_tipo,4,161.6869691,177.3933294,183.3063516,195.6019554,0.2257751826,0.2728328542,0.5,0.8423739579,0.8505549784
P1|tetto110|agg+ind|T1,5,produzione,71,46.10570986,71.38053211,83.0904985,112.3154618,0.1136578903,0.1264982277,0.7183098592,0.7693328513,0.8260376319
P1|tetto110|agg+ind|T1,5,scorte,11,43.36409137,51.61850697,51.41087375,56.85646468,0.1887364124,0.2182564644,0,1,1
P1|tetto110|agg+ind|T1,5,stock_ind,196,15.37642266,49.0538693,289.7442014,408.0421236,0.3069622967,0.5522684132,0.6683673469,0.8690978029,0.8910798063
P1|tetto110|agg+ind|T1,5,stock_tipo,4,519.1693389,526.2956703,547.2577763,551.8852568,0.07940197917,0.0896863374,1,0.6483807336,0.7727512696
P1|tetto110|agg+ind|T2,1,aggregati,5,267.6136522,306.5570741,367.8665296,379.6614976,0.05683352669,0.05673129058,0.8,0.8724896332,0.7332989246
P1|tetto110|agg+ind|T2,1,consumo,71,9.087881367,17.17343133,21.61491796,31.28514762,0.1130459253,0.1075669215,0.619047619,2.235671678,2.157837225
P1|tetto110|agg+ind|T2,1,importazioni,71,4.929147922,18.35257447,23.10216089,45.19781512,0.2278229609,0.1787246589,0.7333333333,2.662883498,1.82578779
P1|tetto110|agg+ind|T2,1,investimento_ind,196,2.007462687,4.968619015,12.22133716,21.2683078,0.3709266738,0.4874533282,0.07653061224,1.125111709,1.033827022
P1|tetto110|agg+ind|T2,1,investimento_tipo,4,47.83534484,47.86647039,47.34964868,47.37709247,0.08899946469,0.09392153231,0.5,0.8021216668,0.7827670239
P1|tetto110|agg+ind|T2,1,produzione,71,19.84639883,33.01334346,27.92699644,42.52903877,0.06418306988,0.06286482589,0.5633802817,1.572504191,1.252138346
P1|tetto110|agg+ind|T2,1,scorte,11,34.88338235,45.43314737,45.6932891,57.10014757,0.1775113276,0.1720921751,0.1818181818,3.433891335,3.825906953
P1|tetto110|agg+ind|T2,1,stock_ind,196,1.818650148,4.131282548,17.14166674,22.79541917,0.09398801826,0.1296342407,0.7755102041,0.6692702353,0.8789196146
P1|tetto110|agg+ind|T2,1,stock_tipo,4,34.8017139,34.97089477,34.94226498,35.10148268,0.006507664796,0.006670740781,0.75,0.2851781948,0.4488760197
P1|tetto110|agg+ind|T2,2,aggregati,5,300.525932,318.2032047,354.8374021,366.5416998,0.07848061488,0.08119803898,0.8,0.4801630126,0.3722235641
P1|tetto110|agg+ind|T2,2,consumo,71,8.217223391,15.60251488,18.54723957,25.79757489,0.09468318968,0.100886832,0.6031746032,1.284931957,1.111432543
P1|tetto110|agg+ind|T2,2,importazioni,71,5.720421515,18.26835431,31.51612227,48.55751576,0.189374008,0.1684204124,0.7111111111,2.346343416,2.199102235
P1|tetto110|agg+ind|T2,2,investimento_ind,196,2.842834005,8.595993422,21.93029676,43.11790373,0.4625059168,0.7201531804,0.1275510204,1.043762049,1.012633449
P1|tetto110|agg+ind|T2,2,investimento_tipo,4,71.48844613,74.01494196,68.45394187,70.34424607,0.1311207724,0.1450870464,0.75,0.7241637326,0.6556452944
P1|tetto110|agg+ind|T2,2,produzione,71,20.7764381,35.78886874,35.87050371,51.68476416,0.05734647533,0.05955546675,0.8169014085,0.9650219805,0.9176102673
P1|tetto110|agg+ind|T2,2,scorte,11,37.75963908,46.4202142,47.44746904,54.99067565,0.1829525713,0.1828468396,0.1818181818,1.987085141,2.119276738
P1|tetto110|agg+ind|T2,2,stock_ind,196,4.128531668,12.36365578,69.86922901,98.29776352,0.170590497,0.2591857745,0.7551020408,0.8130869085,0.9384721023
P1|tetto110|agg+ind|T2,2,stock_tipo,4,94.9634043,99.79490872,111.9635562,116.3466379,0.01431939334,0.01502420092,0.75,0.3712605771,0.5581951348
P1|tetto110|agg+ind|T2,3,aggregati,5,463.6633075,557.4876546,728.5622963,821.0951374,0.09940459304,0.106793127,0.8,0.5164636767,0.4646131179
P1|tetto110|agg+ind|T2,3,consumo,71,9.800102496,18.24939007,21.57782219,29.58539588,0.1261946807,0.1528045341,0.6825396825,0.9548139557,0.864653962
P1|tetto110|agg+ind|T2,3,importazioni,71,3.701958461,8.380574613,14.44125549,18.92466951,0.1942717188,0.1932483651,0.8222222222,0.6821404365,0.5746054754
P1|tetto110|agg+ind|T2,3,investimento_ind,196,3.698154662,10.60189816,27.89920783,52.40457538,0.4944954515,0.8461451234,0.1224489796,1.013136789,0.9937241864
P1|tetto110|agg+ind|T2,3,investimento_tipo,4,115.3136806,115.6740255,115.8400627,116.1798404,0.1957071019,0.2241818392,0.75,0.7559804707,0.726192442
P1|tetto110|agg+ind|T2,3,produzione,71,28.15976144,44.18239889,49.91362836,66.38622503,0.07183800669,0.07797302295,0.8309859155,0.7657295177,0.8522443677
P1|tetto110|agg+ind|T2,3,scorte,11,44.16931072,54.62050344,56.03727372,64.66698716,0.2026044563,0.2091183706,0.09090909091,1.599589294,1.675471951
P1|tetto110|agg+ind|T2,3,stock_ind,196,6.923333053,22.41014939,132.5569226,186.6377891,0.226605226,0.3711981639,0.7397959184,0.843828116,0.9543354703
P1|tetto110|agg+ind|T2,3,stock_tipo,4,191.2988338,198.8989308,223.0452354,228.9162126,0.02770354532,0.02982116521,0.75,0.4457720564,0.6294991852
P1|tetto110|agg+ind|T2,4,aggregati,5,564.6731002,735.646843,960.7223621,1134.12375,0.1132119055,0.1264294826,0.8,0.5137381183,0.4579132538
P1|tetto110|agg+ind|T2,4,consumo,71,11.33506631,21.93265915,27.20394376,35.89271421,0.1307938073,0.1502670222,0.7301587302,0.742770659,0.7018747245
P1|tetto110|agg+ind|T2,4,importazioni,71,4.438746463,11.47214889,20.4796256,30.20587337,0.228616882,0.2236752547,0.7333333333,0.7652120289,0.6505411532
P1|tetto110|agg+ind|T2,4,investimento_ind,196,4.365736653,14.44058627,37.27298667,74.33122204,0.5351716511,0.9378421299,0.1479591837,0.9947884558,0.9777641378
P1|tetto110|agg+ind|T2,4,investimento_tipo,4,147.2394902,150.0731383,149.9209454,152.0670567,0.2392629547,0.2831760064,0.75,0.8029344641,0.7743933914
P1|tetto110|agg+ind|T2,4,produzione,71,38.2875749,63.01952956,70.67725838,98.1773898,0.08976567888,0.09918785063,0.7605633803,0.8268698734,0.8759833669
P1|tetto110|agg+ind|T2,4,scorte,11,59.6175244,66.46982431,72.37556491,76.35179452,0.2721646282,0.2930508248,0,1.427747894,1.512920977
P1|tetto110|agg+ind|T2,4,stock_ind,196,9.855292511,35.58429106,217.090057,309.0842484,0.26734196,0.4651170677,0.7448979592,0.8834714011,0.9658062065
P1|tetto110|agg+ind|T2,4,stock_tipo,4,309.7047819,323.4011154,360.7042391,372.16718,0.04356585088,0.0480463893,0.75,0.5115164891,0.6818955813
P1|tetto110|agg+ind|T2,5,aggregati,5,709.1906773,917.106456,1262.864258,1459.075249,0.125865032,0.1438839942,0.8,0.5329598283,0.4991964788
P1|tetto110|agg+ind|T2,5,consumo,71,13.22502411,26.59452928,30.36410598,41.62455706,0.1510814325,0.1842895569,0.746031746,0.6768097766,0.5810553055
P1|tetto110|agg+ind|T2,5,importazioni,71,6.451150932,20.63991316,33.83958134,58.57358948,0.2800768364,0.3008490829,0.7111111111,1.196675788,0.9533470657
P1|tetto110|agg+ind|T2,5,investimento_ind,196,5.628298434,18.51637322,48.74556141,92.42684378,0.5845034343,1.076253373,0.1479591837,1.003033561,0.9903346609
P1|tetto110|agg+ind|T2,5,investimento_tipo,4,169.863908,178.6204942,171.83685,178.5027783,0.2675263665,0.3255508738,0.75,0.8482013,0.797335646
P1|tetto110|agg+ind|T2,5,produzione,71,46.7243526,79.98941285,85.04796757,125.5156082,0.1129649457,0.1256930307,0.7042253521,0.8621185811,0.8454976561
P1|tetto110|agg+ind|T2,5,scorte,11,43.36409137,51.61850697,51.41087375,56.85646468,0.1887364124,0.2182564644,0,1,1
P1|tetto110|agg+ind|T2,5,stock_ind,196,13.47484194,51.98031141,319.2417289,455.5596506,0.3033955544,0.5543903973,0.7091836735,0.9209461981,0.9817965523
P1|tetto110|agg+ind|T2,5,stock_tipo,4,438.0044474,459.9487957,507.6719603,530.5510238,0.06199367502,0.07009156747,0.75,0.5666433421,0.7168544127
P1|tetto110|agg+ind|T3,1,aggregati,5,116.2661681,192.0103455,261.1653613,318.7186395,0.01676704955,0.01687806373,0.8,0.5464791063,0.5206026185
P1|tetto110|agg+ind|T3,1,consumo,71,5.627674478,9.215910848,10.73346645,13.08658987,0.1087950653,0.0952476567,0.619047619,1.199745728,1.07153187
P1|tetto110|agg+ind|T3,1,importazioni,71,4.449482966,17.56207763,25.87225389,49.85910581,0.1269201878,0.1249976154,0.6666666667,2.54818564,2.044711119
P1|tetto110|agg+ind|T3,1,investimento_ind,196,2.863047222,12.55782636,32.04475683,68.28102791,0.4154860635,0.5001429639,0.1071428571,2.843638733,2.710729202
P1|tetto110|agg+ind|T3,1,investimento_tipo,4,82.66081382,96.45235261,70.7050796,83.21540576,0.1531409495,0.1840062116,0.5,1.616298867,1.168870441
P1|tetto110|agg+ind|T3,1,produzione,71,16.22348291,27.93521652,23.41235781,35.24630085,0.0520332243,0.05228348318,0.6338028169,1.330620908,1.049719437
P1|tetto110|agg+ind|T3,1,scorte,11,32.74928654,36.93417878,39.72764443,43.20817598,0.1706085713,0.1700721612,0.3636363636,2.791529177,3.326402499
P1|tetto110|agg+ind|T3,1,stock_ind,196,2.840868305,13.65071509,85.38191313,123.3485971,0.09288107183,0.1290679906,0.7653061224,2.211423981,4.377861227
P1|tetto110|agg+ind|T3,1,stock_tipo,4,77.88867385,99.55556057,110.1261301,129.0726046,0.00925057042,0.009435344021,1,0.8118486883,1.414704483
P1|tetto110|agg+ind|T3,2,aggregati,5,252.6362834,327.0675839,425.4101511,489.532899,0.05342721788,0.05486138485,0.8,0.4935392041,0.4462542046
P1|tetto110|agg+ind|T3,2,consumo,71,6.290365754,11.33576148,11.43803359,16.43351914,0.08605593474,0.09085439952,0.6031746032,0.9335470784,0.6854175099
P1|tetto110|agg+ind|T3,2,importazioni,71,3.22852442,7.40587183,13.50282622,16.68337012,0.1652258929,0.1460554134,0.7555555556,0.9511923361,0.9421874642
P1|tetto110|agg+ind|T3,2,investimento_ind,196,3.382669745,11.89443608,30.34312845,62.56075418,0.5059784717,0.7253860147,0.1224489796,1.444272973,1.401096717
P1|tetto110|agg+ind|T3,2,investimento_tipo,4,90.08973091,97.1779409,81.49357281,87.58032876,0.1541564969,0.1916829962,0.75,0.9507909963,0.7805376297
P1|tetto110|agg+ind|T3,2,produzione,71,18.71066211,28.36294918,30.78191173,42.5509064,0.05674604452,0.05799311889,0.7746478873,0.7647872191,0.7874380154
P1|tetto110|agg+ind|T3,2,scorte,11,44.2243927,52.81518356,58.23717802,64.11081862,0.1917491222,0.1936312744,0.1818181818,2.260831155,2.60120717
P1|tetto110|agg+ind|T3,2,stock_ind,196,5.538622156,24.27330752,150.6114022,217.0027122,0.1697404257,0.2545690244,0.75,1.596316569,2.02298782
P1|tetto110|agg+ind|T3,2,stock_tipo,4,150.9269289,182.4620815,206.5557579,233.0252615,0.01820786688,0.0190136867,1,0.6788019405,1.029785254
P1|tetto110|agg+ind|T3,3,aggregati,5,406.2469992,572.2199075,752.0764884,909.8677273,0.07909211829,0.08432887643,0.8,0.5301118238,0.4796084068
P1|tetto110|agg+ind|T3,3,consumo,71,8.855171267,15.91020277,20.59719403,25.34715348,0.1095906163,0.1343990437,0.6984126984,0.832426924,0.8253587997
P1|tetto110|agg+ind|T3,3,importazioni,71,3.48933248,9.243730749,15.06664205,22.54756634,0.1460048907,0.1664728457,0.8,0.7523973974,0.5994890835
P1|tetto110|agg+ind|T3,3,investimento_ind,196,4.039548741,12.24951874,32.22606878,62.14261301,0.532953612,0.8418824395,0.1326530612,1.170586426,1.147839902
P1|tetto110|agg+ind|T3,3,investimento_tipo,4,131.2651265,132.0749793,130.029856,130.7765918,0.2079364452,0.2589140749,0.75,0.8631678944,0.8151471641
P1|tetto110|agg+ind|T3,3,produzione,71,25.93455187,40.90146058,44.81224283,62.70111186,0.07107853697,0.07680193878,0.8309859155,0.7088672518,0.7651413616
P1|tetto110|agg+ind|T3,3,scorte,11,47.40185631,58.05180084,61.10031686,69.23291934,0.2106451249,0.2167001834,0,1.700076588,1.826853099
P1|tetto110|agg+ind|T3,3,stock_ind,196,8.533432192,34.66211758,214.8776537,307.186467,0.2255799976,0.3638024745,0.7295918367,1.305161731,1.546998548
P1|tetto110|agg+ind|T3,3,stock_tipo,4,256.9285244,285.1352646,328.005981,349.9153892,0.03267234701,0.03506263069,1,0.6390448292,0.9257292468
P1|tetto110|agg+ind|T3,4,aggregati,5,590.4572545,766.661081,1069.654908,1223.419423,0.1030479438,0.1140500263,0.8,0.5353968754,0.5098342439
P1|tetto110|agg+ind|T3,4,consumo,71,12.14066739,23.04297433,32.61007091,41.17989627,0.1233881448,0.141595748,0.746031746,0.7803725538,0.8413553833
P1|tetto110|agg+ind|T3,4,importazioni,71,4.493572784,13.12569384,21.65047962,35.82739049,0.2272994416,0.2218318277,0.7333333333,0.8755063158,0.6877336653
P1|tetto110|agg+ind|T3,4,investimento_ind,196,4.23937054,10.69616647,26.78492215,48.52637729,0.5746755824,0.9355070796,0.1530612245,0.7368414778,0.7026358402
P1|tetto110|agg+ind|T3,4,investimento_tipo,4,140.8787865,142.9256262,149.3230948,151.3989821,0.2089135377,0.2595499775,0.75,0.7646932181,0.7713052868
P1|tetto110|agg+ind|T3,4,produzione,71,36.41791364,56.05261697,66.89419831,88.26234253,0.08809841892,0.09712875072,0.7887323944,0.7354580495,0.8290956158
P1|tetto110|agg+ind|T3,4,scorte,11,57.58963807,66.50691174,71.40044599,77.60145055,0.2597228891,0.2783835957,0,1.428544519,1.492537332
P1|tetto110|agg+ind|T3,4,stock_ind,196,11.15966974,42.27447797,260.5220413,371.386561,0.2659370795,0.4557858614,0.7346938776,1.049572471,1.159029611
P1|tetto110|agg+ind|T3,4,stock_tipo,4,361.6818425,382.7151952,434.9603741,449.5865386,0.0480166123,0.05295574144,1,0.6053322751,0.8222735553
P1|tetto110|agg+ind|T3,5,aggregati,5,696.3066003,883.1530879,1274.758103,1423.271443,0.1089329585,0.1247355578,0.8,0.5132284426,0.503897986
P1|tetto110|agg+ind|T3,5,consumo,71,14.66862839,29.95381015,41.62041574,54.28401743,0.1453070895,0.177273846,0.746031746,0.7623008228,0.7964589308
P1|tetto110|agg+ind|T3,5,importazioni,71,6.090785315,19.70092386,31.54987804,55.75747704,0.2801362048,0.3013682739,0.7111111111,1.142234389,0.8888403004
P1|tetto110|agg+ind|T3,5,investimento_ind,196,5.110243,11.32477909,24.99492582,38.06437959,0.6246455308,1.082295145,0.1479591837,0.6134642765,0.5078070838
P1|tetto110|agg+ind|T3,5,investimento_tipo,4,143.4370258,154.2742963,157.9398997,166.4785829,0.2035934108,0.2494410017,0.75,0.7325903964,0.7328527725
P1|tetto110|agg+ind|T3,5,produzione,71,46.17038075,71.7268589,82.88705417,112.2468235,0.1137133242,0.1266890727,0.7183098592,0.7730655298,0.8240151062
P1|tetto110|agg+ind|T3,5,scorte,11,43.36409137,51.61850697,51.41087375,56.85646468,0.1887364124,0.2182564644,0,1,1
P1|tetto110|agg+ind|T3,5,stock_ind,196,14.07853566,47.93118369,289.0602424,407.9518641,0.3024705165,0.5445095141,0.6887755102,0.8492069439,0.8889763578
P1|tetto110|agg+ind|T3,5,stock_tipo,4,456.4310094,467.6744736,516.0285694,523.6001628,0.06465058095,0.07335279657,1,0.5761611493,0.7286543004
P1|tetto110|agg|T1,1,aggregati,5,261.2263906,314.4919072,370.8133346,386.3207604,0.05575373937,0.05433959698,0.8,0.8950728979,0.739173036
P1|tetto110|agg|T1,1,consumo,71,9.162439251,17.31075651,21.3554716,31.26155059,0.1088860856,0.1058983947,0.619047619,2.253548945,2.131936456
P1|tetto110|agg|T1,1,importazioni,71,4.987547486,16.69520104,24.28622344,41.33575154,0.1749332773,0.1526112171,0.7111111111,2.422405392,1.919365483
P1|tetto110|agg|T1,1,investimento_ind,196,12.76637769,25.89759368,55.28712103,83.41126056,1.76864046,2.520110075,0.3775510204,5.86434295,4.676846645
P1|tetto110|agg|T1,1,investimento_tipo,4,112.0353457,122.0519675,111.32978,119.8321856,0.18977907,0.2237579436,0.25,2.045284034,1.840463086
P1|tetto110|agg|T1,1,produzione,71,20.08863308,33.63834663,29.22723152,45.08167015,0.06544244939,0.06306299449,0.6197183099,1.602274581,1.31043585
P1|tetto110|agg|T1,1,scorte,11,37.52735253,47.86444672,49.95000112,60.12762961,0.1837378973,0.1744839455,0.09090909091,3.617651833,4.182322182
P1|tetto110|agg|T1,1,stock_ind,196,12.73815384,26.42334758,102.4070593,134.9427294,0.2673957135,0.4303914471,0.4693877551,4.280598058,5.250806381
P1|tetto110|agg|T1,1,stock_tipo,4,107.2632057,121.712608,130.5023748,144.918193,0.01505417616,0.01537141823,1,0.9925334212,1.676462204
P1|tetto110|agg|T1,2,aggregati,5,288.1398975,308.8364679,235.8207062,256.724377,0.0832325596,0.08607903088,0.8,0.4660287723,0.2473753421
P1|tetto110|agg|T1,2,consumo,71,9.039564736,16.56844093,16.63036559,25.32053111,0.09981446596,0.1067695488,0.6349206349,1.364479982,0.9965649847
P1|tetto110|agg|T1,2,importazioni,71,6.589750315,22.31936572,35.23945416,59.87418008,0.2483987906,0.226293878,0.5777777778,2.866645562,2.458905373
P1|tetto110|agg|T1,2,investimento_ind,196,11.56885285,25.83046455,54.46777395,81.97191521,1.699735753,1.711350099,0.3316326531,3.136444771,2.515054419
P1|tetto110|agg|T1,2,investimento_tipo,4,153.5757998,162.3834333,169.5699677,179.1100248,0.2408237648,0.2743668881,0.25,1.588762891,1.624124898
P1|tetto110|agg|T1,2,produzione,71,25.60803834,40.82015306,39.69933128,56.25569201,0.0793140005,0.08838184508,0.7323943662,1.100687067,1.015556243
P1|tetto110|agg|T1,2,scorte,11,38.37487987,48.17932898,49.19185335,57.68228043,0.1802272143,0.1803303124,0.1818181818,2.062386621,2.197190969
P1|tetto110|agg|T1,2,stock_ind,196,20.51091951,41.66280216,176.2720723,227.4934974,0.4183561597,0.6460810423,0.4591836735,2.739924146,2.367657761
P1|tetto110|agg|T1,2,stock_tipo,4,225.7695268,244.953038,254.4297173,268.4515075,0.03259510727,0.03404513262,1,0.9112830244,1.268461232
P1|tetto110|agg|T1,3,aggregati,5,514.9483307,584.7592165,758.6314074,817.7239292,0.1110235596,0.119087946,0.6,0.5417283996,0.4837885591
P1|tetto110|agg|T1,3,consumo,71,11.1114771,20.36946864,26.70831549,35.09215847,0.1317544555,0.1590890192,0.6984126984,1.065737148,1.07024011
P1|tetto110|agg|T1,3,importazioni,71,6.069100754,18.07564174,33.7802353,51.72100706,0.1860284861,0.2185961951,0.7555555556,1.47127455,1.344087304
P1|tetto110|agg|T1,3,investimento_ind,196,11.26749042,22.84968354,53.02818407,75.81791689,1.653105785,1.929241874,0.3418367347,2.183557571,1.888777251
P1|tetto110|agg|T1,3,investimento_tipo,4,216.4919487,230.6964822,243.7834078,258.4542638,0.332256771,0.3764838718,0.25,1.507702654,1.52825943
P1|tetto110|agg|T1,3,produzione,71,32.78362342,50.86646164,58.64367149,78.15627301,0.08181226629,0.09024662801,0.7746478873,0.8815716692,1.001304461
P1|tetto110|agg|T1,3,scorte,11,42.9030696,55.50131354,57.80110898,68.76815333,0.1836752478,0.1881781224,0.1818181818,1.625384267,1.728209287
P1|tetto110|agg|T1,3,stock_ind,196,26.05826547,54.90998617,245.4999792,316.9718635,0.5080332842,0.8851603871,0.4336734694,2.067571678,1.76746211
P1|tetto110|agg|T1,3,stock_tipo,4,392.6701376,419.3932415,417.8258287,430.438446,0.05776514521,0.0616367977,0.75,0.9399436536,1.179227246
P1|tetto110|agg|T1,4,aggregati,5,575.7047685,725.3930418,933.7365238,1084.680092,0.1196125745,0.1333632582,0.8,0.5065773882,0.445050877
P1|tetto110|agg|T1,4,consumo,71,12.38509091,23.16050523,32.66726395,40.67079406,0.1349682078,0.1549207874,0.746031746,0.7843528511,0.8428309912
P1|tetto110|agg|T1,4,importazioni,71,5.748276651,17.96037626,28.83965899,50.43946357,0.2478131035,0.251045383,0.6888888889,1.197987934,0.9161000002
P1|tetto110|agg|T1,4,investimento_ind,196,12.30058931,25.81633354,52.36127925,75.62517104,1.623313076,3.723254604,0.3826530612,1.778445148,1.373567981
P1|tetto110|agg|T1,4,investimento_tipo,4,227.9459989,245.0199578,258.0871859,272.7038807,0.3483490639,0.3896197745,0.25,1.310927264,1.33310933
P1|tetto110|agg|T1,4,produzione,71,40.53997156,66.88640485,75.4585999,104.5671481,0.09741370058,0.1108851722,0.7605633803,0.8776065688,0.9352439515
P1|tetto110|agg|T1,4,scorte,11,55.65558326,66.36921906,69.32500926,78.00810439,0.2509572828,0.2717405184,0.1818181818,1.425586929,1.449152913
P1|tetto110|agg|T1,4,stock_ind,196,31.68146915,70.46303218,300.6291965,385.7502366,0.535822032,2.181718743,0.4744897959,1.749425713,1.337461272
P1|tetto110|agg|T1,4,stock_tipo,4,561.1162658,589.2009989,569.4831697,582.7657327,0.08625049317,0.09375488226,0.75,0.9319263663,1.076583014
P1|tetto110|agg|T1,5,aggregati,5,635.0583301,794.4928257,1013.657021,1180.657978,0.1323155815,0.1505715919,0.6,0.4617051349,0.4006875738
P1|tetto110|agg|T1,5,consumo,71,12.75768962,23.4083452,29.37737021,37.36641634,0.1481876477,0.1807099662,0.7619047619,0.5957239069,0.5621728772
P1|tetto110|agg|T1,5,importazioni,71,11.89698287,35.54498414,67.99969955,97.28290847,0.3594629305,0.4071772811,0.5555555556,2.060852756,1.91572447
P1|tetto110|agg|T1,5,investimento_ind,196,20.44984156,72.85395676,68.59139579,115.0256622,1.986126626,2.205784891,0.137755102,3.946505226,1.393530708
P1|tetto110|agg|T1,5,investimento_tipo,4,244.3076345,269.9949667,275.9523637,295.5137658,0.3751255923,0.4125919335,0.25,1.282104177,1.280439302
P1|tetto110|agg|T1,5,produzione,71,57.27772607,98.95591492,101.0554448,147.0539455,0.1420928947,0.1667931749,0.676056338,1.066537807,1.004634727
P1|tetto110|agg|T1,5,scorte,11,43.36409137,51.61850697,51.41087375,56.85646468,0.1887364124,0.2182564644,0,1,1
P1|tetto110|agg|T1,5,stock_ind,196,43.06093586,111.241668,350.2888749,445.5611474,0.5976320703,1.32904896,0.4030612245,1.970892218,1.077278998
P1|tetto110|agg|T1,5,stock_tipo,4,736.6068218,760.344108,712.2889526,728.5690631,0.1206399998,0.1330243377,0.5,0.9367215015,1.005782314
P1|tetto110|agg|T2,1,aggregati,5,194.82665,226.4304263,260.4160249,269.3118792,0.04251288068,0.04251686986,0.8,0.6444418224,0.5191089041
P1|tetto110|agg|T2,1,consumo,71,8.219404819,14.71366406,17.32940331,23.27054884,0.1090537715,0.104732967,0.619047619,1.91545425,1.730010339
P1|tetto110|agg|T2,1,importazioni,71,5.635432256,22.01781423,26.82874536,54.61087554,0.2126139147,0.1804424107,0.7333333333,3.194694797,2.120303634
P1|tetto110|agg|T2,1,investimento_ind,196,14.71731148,29.80644166,37.11838183,49.31506076,1.788035411,3.28969616,0.3520408163,6.749476347,3.139917151
P1|tetto110|agg|T2,1,investimento_tipo,4,27.19706446,31.73076573,28.75096183,33.97867017,0.04801739204,0.05210006464,1,0.5317278355,0.475300355
P1|tetto110|agg|T2,1,produzione,71,20.17628577,37.4441614,28.80066512,48.74656963,0.06975961761,0.06605550351,0.6478873239,1.783554604,1.291310265
P1|tetto110|agg|T2,1,scorte,11,26.25419735,31.82881444,29.05988455,35.31318959,0.1530753314,0.1471617347,0.1818181818,2.405659666,2.43318913
P1|tetto110|agg|T2,1,stock_ind,196,14.50339175,29.67319689,24.88676137,38.47763173,0.2870282579,0.5585952531,0.443877551,4.807075584,1.2760406
P1|tetto110|agg|T2,1,stock_tipo,4,18.68263853,20.13636393,18.30735635,19.23475584,0.003033788895,0.003126394246,1,0.1642066053,0.2351803255
P1|tetto110|agg|T2,2,aggregati,5,230.9131394,261.788289,177.4372842,211.6838661,0.06685340102,0.06884524087,0.8,0.3950339019,0.1861312757
P1|tetto110|agg|T2,2,consumo,71,9.256613281,16.73595434,19.80141272,26.60111651,0.09860072173,0.1053905289,0.619047619,1.378275408,1.18658814
P1|tetto110|agg|T2,2,importazioni,71,7.76707048,24.15565921,42.79559186,64.37699971,0.222209044,0.2344125687,0.6666666667,3.102494675,2.986150418
P1|tetto110|agg|T2,2,investimento_ind,196,12.23343319,30.65566109,49.44222681,81.28417349,1.709032012,1.589666521,0.3214285714,3.722340638,2.282999322
P1|tetto110|agg|T2,2,investimento_tipo,4,37.73057807,46.27662701,39.55567056,47.77059129,0.06296348267,0.07313683527,1,0.4527714818,0.3788604215
P1|tetto110|agg|T2,2,produzione,71,29.34161943,53.54382009,45.06946197,72.8027449,0.08747893375,0.1027290044,0.7042253521,1.443771908,1.152930591
P1|tetto110|agg|T2,2,scorte,11,37.28243151,46.62995973,47.29633422,55.75329017,0.1784831223,0.1786730096,0.1818181818,1.996063605,2.112526188
P1|tetto110|agg|T2,2,stock_ind,196,20.95339656,40.14704319,68.52449224,81.30162074,0.4193231869,0.6467169727,0.4795918367,2.64024135,0.9204098171
P1|tetto110|agg|T2,2,stock_tipo,4,54.35174167,58.49188945,61.04712008,66.49215025,0.008725340429,0.009310368721,1,0.2176036124,0.3043508673
P1|tetto110|agg|T2,3,aggregati,5,326.0265201,364.2267648,442.6122458,475.2874992,0.076524979,0.08205473156,0.8,0.3374243224,0.2822592613
P1|tetto110|agg|T2,3,consumo,71,10.30983972,18.93292428,22.45368104,29.88916569,0.1232705707,0.149608354,0.6825396825,0.9905766851,0.8997508693
P1|tetto110|agg|T2,3,importazioni,71,7.426628518,20.47788473,36.53742366,51.50143487,0.2903197399,0.3118597239,0.7555555556,1.666806141,1.453793523
P1|tetto110|agg|T2,3,investimento_ind,196,12.79236646,33.48552207,51.03224396,85.01681459,1.620065308,1.714080047,0.3316326531,3.199937764,1.817685126
P1|tetto110|agg|T2,3,investimento_tipo,4,57.72434093,64.99030506,62.24007491,70.62529294,0.08862903346,0.1078699183,1,0.4247401368,0.3901782417
P1|tetto110|agg|T2,3,produzione,71,38.26151345,68.10658043,62.9964555,95.4934422,0.09957511933,0.1247502479,0.7887323944,1.18036187,1.075625559
P1|tetto110|agg|T2,3,scorte,11,42.23340651,52.74761814,53.36204088,62.07744744,0.1931952958,0.2003412987,0.09090909091,1.544740893,1.59548452
P1|tetto110|agg|T2,3,stock_ind,196,27.63956867,59.93516236,120.3043261,151.9650271,0.5107228357,0.7717917717,0.4489795918,2.256788844,0.8661236501
P1|tetto110|agg|T2,3,stock_tipo,4,124.5451699,128.1690944,127.4324826,132.4533026,0.02181370672,0.02445171599,1,0.2872524278,0.3596519056
P1|tetto110|agg|T2,4,aggregati,5,399.7923187,504.1533979,632.9490284,738.3901394,0.0863780664,0.09577446746,0.8,0.3520749398,0.3016852324
P1|tetto110|agg|T2,4,consumo,71,12.0234037,23.14645705,28.64991566,38.30013186,0.1277146811,0.1466569431,0.7301587302,0.7838770959,0.7391814891
P1|tetto110|agg|T2,4,importazioni,71,7.503034337,25.03225942,38.22027784,69.26607701,0.3149697169,0.3515410239,0.7111111111,1.669694684,1.214078036
P1|tetto110|agg|T2,4,investimento_ind,196,14.98442118,46.97722983,66.02859473,117.1983074,1.639071785,2.167428814,0.3418367347,3.23618481,1.732096023
P1|tetto110|agg|T2,4,investimento_tipo,4,60.80641682,72.28781742,63.89530541,74.45938029,0.09034536492,0.1168640855,1,0.3867606195,0.3300412901
P1|tetto110|agg|T2,4,produzione,71,50.90405914,91.90419565,84.62931788,129.3353207,0.1254127672,0.166130468,0.6901408451,1.205861281,1.048907053
P1|tetto110|agg|T2,4,scorte,11,51.88144009,61.2944701,63.63259556,71.1738218,0.2389510063,0.2581332808,0.09090909091,1.316583149,1.3301601
P1|tetto110|agg|T2,4,stock_ind,196,34.7519038,94.63927437,191.2510701,256.770639,0.558573894,1.01557091,0.443877551,2.349663007,0.8508518217
P1|tetto110|agg|T2,4,stock_tipo,4,195.8749926,204.5242659,202.8684305,213.8986716,0.03319194535,0.03889685638,1,0.3234915695,0.3835138913
P1|tetto110|agg|T2,5,aggregati,5,382.7227777,419.5348784,530.4969714,570.1322873,0.08283113534,0.09502024143,1,0.2438051061,0.2096996716
P1|tetto110|agg|T2,5,consumo,71,14.99494025,29.5415574,35.85217711,49.03009079,0.1481186084,0.1806446551,0.7619047619,0.7518093157,0.6860764397
P1|tetto110|agg|T2,5,importazioni,71,12.30541692,43.19819664,64.50785888,113.654037,0.3824053011,0.5356695588,0.5555555556,2.504576236,1.817350438
P1|tetto110|agg|T2,5,investimento_ind,196,24.46993579,102.7647115,96.34735924,182.9199888,1.987538339,2.130455235,0.137755102,5.566773432,1.957432155
P1|tetto110|agg|T2,5,investimento_tipo,4,63.85603454,74.61056805,59.98159838,68.14484636,0.09708508715,0.1318174355,1,0.3542974232,0.2783190363
P1|tetto110|agg|T2,5,produzione,71,73.65872227,136.2922793,113.3544009,174.0941451,0.1721195855,0.2473303275,0.6901408451,1.46894573,1.126903829
P1|tetto110|agg|T2,5,scorte,11,41.78356561,50.29702969,48.96681422,54.89615191,0.1817913445,0.2110698989,0.1818181818,0.9743991573,0.9524602609
P1|tetto110|agg|T2,5,stock_ind,196,49.66982322,166.2546174,279.8201555,386.82528,0.6143211089,0.9280487743,0.3928571429,2.945568305,0.8605593789
P1|tetto110|agg|T2,5,stock_tipo,4,251.9667685,273.2302171,271.7332723,297.5434194,0.04033834806,0.04947575201,1,0.3366115638,0.3836989446
P1|tetto110|agg|T3,1,aggregati,5,143.253335,180.3624279,189.0311652,198.4874664,0.03249618556,0.03200468883,0.8,0.5133280613,0.3768115308
P1|tetto110|agg|T3,1,consumo,71,7.653900548,14.08698352,15.29045548,21.86791994,0.1176329745,0.1045603209,0.619047619,1.833871722,1.526460294
P1|tetto110|agg|T3,1,importazioni,71,5.529414506,21.86631532,26.10725899,54.20185405,0.1910990283,0.1635785127,0.7111111111,3.172712926,2.063283816
P1|tetto110|agg|T3,1,investimento_ind,196,13.82331073,28.6664873,57.0485492,84.36766296,1.788402456,2.806089295,0.3724489796,6.49134104,4.82584933
P1|tetto110|agg|T3,1,investimento_tipo,4,85.84157121,101.7232765,74.25723832,88.13541113,0.1549024334,0.1890883618,0.5,1.704626295,1.227593426
P1|tetto110|agg|T3,1,produzione,71,18.13730087,35.4745959,27.48128788,48.39042961,0.05545373668,0.05433169619,0.6901408451,1.689739508,1.2321545
P1|tetto110|agg|T3,1,scorte,11,29.78639168,37.92753,37.47577928,46.67568357,0.1578816032,0.1515363155,0.1818181818,2.866607844,3.137853443
P1|tetto110|agg|T3,1,stock_ind,196,13.79053119,29.12773344,103.5090297,135.3026567,0.2772545292,0.4907004718,0.4489795918,4.71871018,5.307308671
P1|tetto110|agg|T3,1,stock_tipo,4,81.06943124,105.23523,111.7323048,135.7404367,0.01077247041,0.01098795402,1,0.8581648575,1.435337757
P1|tetto110|agg|T3,2,aggregati,5,193.6078105,228.9024032,205.9714767,216.1247279,0.05428437672,0.05503103649,0.8,0.3454096812,0.2160635736
P1|tetto110|agg|T3,2,consumo,71,6.82937417,12.10314897,11.60275193,17.00616659,0.08555798873,0.09125295835,0.6349206349,0.9967446278,0.6952881603
P1|tetto110|agg|T3,2,importazioni,71,7.541901892,23.64606997,42.10323242,63.21147899,0.210578991,0.2169516347,0.6444444444,3.03704426,2.937839615
P1|tetto110|agg|T3,2,investimento_ind,196,11.91243813,27.9927444,57.386276,87.39874258,1.698671823,1.584322295,0.3214285714,3.398997978,2.649816516
P1|tetto110|agg|T3,2,investimento_tipo,4,79.25282253,88.30754812,73.98097575,80.884835,0.1292815425,0.1646973062,1,0.8640028888,0.7085826951
P1|tetto110|agg|T3,2,produzione,71,25.7924688,42.46343621,38.70192768,55.22877205,0.08040558057,0.09333943897,0.7183098592,1.144997055,0.9900414693
P1|tetto110|agg|T3,2,scorte,11,39.62579733,48.46620289,50.55044891,57.84051926,0.183866215,0.1864319365,0.2727272727,2.074666679,2.257873657
P1|tetto110|agg|T3,2,stock_ind,196,21.10617291,45.44689097,178.6078507,229.8310277,0.4150430686,0.6062203976,0.4744897959,2.988782018,2.399031556
P1|tetto110|agg|T3,2,stock_tipo,4,128.7387885,173.0465491,187.9449791,226.8626584,0.0136765762,0.01428276672,1,0.6437739411,0.9370010787
P1|tetto110|agg|T3,3,aggregati,5,275.6105362,365.5805168,450.0571793,535.8391922,0.06136105303,0.06536809647,0.8,0.3386784555,0.2870069867
P1|tetto110|agg|T3,3,consumo,71,9.01860545,16.01925843,21.0943153,25.77968437,0.1112483671,0.1363227667,0.6984126984,0.8381327513,0.8452791546
P1|tetto110|agg|T3,3,importazioni,71,6.911341272,20.24215239,33.98283409,51.33339537,0.2384981611,0.2746521145,0.7333333333,1.647618606,1.352148541
P1|tetto110|agg|T3,3,investimento_ind,196,13.81127549,33.11039938,63.93910496,94.13930375,1.639863218,1.777539386,0.3571428571,3.164090354,2.277406421
P1|tetto110|agg|T3,3,investimento_tipo,4,98.06658424,101.7569943,95.88332023,98.60314472,0.1502098847,0.196344052,1,0.6650265701,0.6010851585
P1|tetto110|agg|T3,3,produzione,71,35.38143315,59.47209785,59.11416564,83.13679366,0.09345860976,0.1159065071,0.8169014085,1.0307168,1.009337858
P1|tetto110|agg|T3,3,scorte,11,38.82217953,47.27187078,48.10615839,54.67741868,0.1808018516,0.1876798806,0.1818181818,1.384380839,1.438337623
P1|tetto110|agg|T3,3,stock_ind,196,28.55977387,66.94774714,252.6332175,325.11984,0.506840947,0.7486598789,0.4540816327,2.520839569,1.818817424
P1|tetto110|agg|T3,3,stock_tipo,4,186.7613006,248.7627851,278.9828411,322.8037626,0.0156906664,0.01664632969,1,0.5575268696,0.7873715432
P1|tetto110|agg|T3,4,aggregati,5,413.6033717,523.7695153,714.3848485,805.6823164,0.07571510017,0.08361174924,0.8,0.3657738326,0.3405003395
P1|tetto110|agg|T3,4,consumo,71,11.71326187,22.60709911,32.13223534,41.02649279,0.122808659,0.1410506737,0.746031746,0.7656112189,0.8290269978
P1|tetto110|agg|T3,4,importazioni,71,7.359321065,25.17884775,39.97120469,70.40750186,0.3037868095,0.3301936292,0.7333333333,1.679472377,1.269696727
P1|tetto110|agg|T3,4,investimento_ind,196,14.05964627,43.66614415,63.16274733,111.0148909,1.641708177,2.092039321,0.3316326531,3.008089513,1.656917642
P1|tetto110|agg|T3,4,investimento_tipo,4,83.61564295,86.53710523,85.918334,88.06864618,0.1179197921,0.1594799546,1,0.4629984087,0.4437978286
P1|tetto110|agg|T3,4,produzione,71,48.57353998,81.70193755,82.04975849,114.4436918,0.1194627439,0.1562565438,0.7464788732,1.07199897,1.01693565
P1|tetto110|agg|T3,4,scorte,11,50.40174648,61.14026554,61.77479097,71.01796014,0.2307477759,0.2504329956,0.1818181818,1.31327089,1.291325011
P1|tetto110|agg|T3,4,stock_ind,196,34.78574988,98.19787261,312.9886432,407.2893087,0.5541489892,0.9753784426,0.4642857143,2.438014346,1.392446887
P1|tetto110|agg|T3,4,stock_tipo,4,255.7831482,309.8608134,354.0764975,394.4325666,0.02595126787,0.02877393899,1,0.4901000888,0.6693661257
P1|tetto110|agg|T3,5,aggregati,5,399.0928237,462.7714859,618.4731933,668.0883148,0.07675511373,0.0868346968,1,0.2689312784,0.2444757134
P1|tetto110|agg|T3,5,consumo,71,14.75424443,29.7666626,41.0920628,53.92582074,0.1457477845,0.1778797383,0.7619047619,0.7575380654,0.7863482338
P1|tetto110|agg|T3,5,importazioni,71,11.81442195,42.65977023,60.94397756,112.1014929,0.3764418219,0.5173588216,0.5777777778,2.473358961,1.716946838
P1|tetto110|agg|T3,5,investimento_ind,196,23.82565937,99.74214671,87.75318159,172.4590013,1.986871865,2.11787801,0.137755102,5.403040833,1.782829345
P1|tetto110|agg|T3,5,investimento_tipo,4,66.88841316,80.16808958,68.4443408,80.37478505,0.08770771544,0.1243709789,1,0.380687995,0.3175867847
P1|tetto110|agg|T3,5,produzione,71,70.1617373,124.6826586,108.6343669,158.0078086,0.1665642819,0.2343348277,0.676056338,1.343818299,1.079979984
P1|tetto110|agg|T3,5,scorte,11,41.88879584,50.43825219,49.52303311,55.33281865,0.1801979131,0.2093091747,0.1818181818,0.9771350462,0.9632793513
P1|tetto110|agg|T3,5,stock_ind,196,49.16398512,164.0606598,372.9202768,492.0560057,0.6059392993,0.8933565953,0.4081632653,2.906697494,1.146879649
P1|tetto110|agg|T3,5,stock_tipo,4,295.9760403,351.0381504,402.413535,444.8168059,0.03085889439,0.03545832104,1,0.4324686414,0.5682250367
P1|tetto110|ind|T1,1,aggregati,5,133.0126559,163.5715652,184.4843229,200.6446661,0.03241846599,0.03263960127,0.8,0.4655397216,0.3677479323
P1|tetto110|ind|T1,1,consumo,71,6.577386634,11.39569068,12.36700166,15.96774583,0.1108263865,0.09722051277,0.619047619,1.483513831,1.234609199
P1|tetto110|ind|T1,1,importazioni,71,5.942350101,24.8688967,30.91292303,62.41834678,0.1909046932,0.1556241498,0.6888888889,3.608375204,2.44308044
P1|tetto110|ind|T1,1,investimento_ind,196,3.429570431,16.32822777,41.37465521,89.539041,0.4304657254,0.5508790174,0.1173469388,3.697421799,3.499963714
P1|tetto110|ind|T1,1,investimento_tipo,4,108.9554935,128.9536746,88.80091719,109.3627084,0.2067404828,0.2489577089,0.5,2.160939287,1.46802419
P1|tetto110|ind|T1,1,produzione,71,17.57830815,37.85453671,27.09441967,52.24566032,0.05318110785,0.05282337447,0.6338028169,1.803101758,1.214808829
P1|tetto110|ind|T1,1,scorte,11,31.2264804,38.07200819,39.47730303,46.7681304,0.1622849634,0.1571696984,0.1818181818,2.877527677,3.30544137
P1|tetto110|ind|T1,1,stock_ind,196,3.404374402,17.43047001,109.5349644,158.4434836,0.08502550528,0.1336650723,0.7806122449,2.823746532,5.616281671
P1|tetto110|ind|T1,1,stock_tipo,4,112.3810609,134.3159793,152.0243744,170.7356867,0.01428261428,0.01457022239,0.75,1.095310508,1.952938544
P1|tetto110|ind|T1,2,aggregati,5,261.7504937,325.9298406,394.3108659,446.1729762,0.06222235112,0.06315337207,0.8,0.4918223696,0.4136311308
P1|tetto110|ind|T1,2,consumo,71,6.252701594,11.31101483,11.28571089,16.40188583,0.08528105816,0.09022511139,0.619047619,0.9315090893,0.6762896606
P1|tetto110|ind|T1,2,importazioni,71,3.796560521,8.771465326,17.11446777,20.59528703,0.1701767712,0.1505435825,0.7333333333,1.126585875,1.19419718
P1|tetto110|ind|T1,2,investimento_ind,196,3.550444652,12.80375998,32.68448154,67.47729234,0.4943229526,0.7025645561,0.112244898,1.554686945,1.509208909
P1|tetto110|ind|T1,2,investimento_tipo,4,100.4865182,112.9613541,83.07481221,98.6764082,0.1876654604,0.2246415389,0.5,1.10521624,0.7956825891
P1|tetto110|ind|T1,2,produzione,71,18.07825885,27.15685432,29.46231873,40.10145667,0.05518663452,0.05658389828,0.8028169014,0.7322657089,0.7536812525
P1|tetto110|ind|T1,2,scorte,11,39.79848489,49.6479767,51.54661482,59.56760069,0.1840849445,0.1838847816,0.1818181818,2.125254234,2.302368154
P1|tetto110|ind|T1,2,stock_ind,196,6.273772407,28.87749178,180.0800242,259.3605258,0.1433371203,0.2420178957,0.7653061224,1.899107427,2.41880555
P1|tetto110|ind|T1,2,stock_tipo,4,190.8885228,230.2097721,259.9302569,289.6695741,0.0245047808,0.0254291408,0.75,0.856434601,1.295884212
P1|tetto110|ind|T1,3,aggregati,5,399.7683974,545.1134858,701.6145486,845.2954855,0.08308009457,0.08864495978,0.8,0.5050000888,0.4474282085
P1|tetto110|ind|T1,3,consumo,71,8.739410759,15.95006454,21.60205242,26.48039861,0.1063626084,0.1309431169,0.6984126984,0.8345125045,0.8656249015
P1|tetto110|ind|T1,3,importazioni,71,3.537316622,9.33009948,15.41804506,22.71203906,0.1567199518,0.1737661621,0.8222222222,0.759427417,0.6134711153
P1|tetto110|ind|T1,3,investimento_ind,196,4.134099251,11.96043185,31.46090267,59.39494512,0.5351145137,0.8242814928,0.1224489796,1.142960754,1.120585935
P1|tetto110|ind|T1,3,investimento_tipo,4,138.585749,140.6570375,131.0679548,133.4549312,0.2355147624,0.2812882847,0.5,0.9192554074,0.8216549257
P1|tetto110|ind|T1,3,produzione,71,25.91667345,40.51771995,45.51591625,61.74085417,0.06971358221,0.07573232263,0.8591549296,0.7022166051,0.7771561504
P1|tetto110|ind|T1,3,scorte,11,45.97896142,56.06964592,58.74248139,66.42595495,0.2067025511,0.2128390852,0.09090909091,1.64202817,1.756355608
P1|tetto110|ind|T1,3,stock_ind,196,9.262927991,38.76880809,240.7285911,343.7919771,0.1913609789,0.3385318285,0.7448979592,1.459794387,1.733110793
P1|tetto110|ind|T1,3,stock_tipo,4,285.6944702,334.5742298,377.3285305,410.5082977,0.0377472405,0.03993690439,0.75,0.7498473816,1.064931973
P1|tetto110|ind|T1,4,aggregati,5,558.8191937,714.2342134,983.0758268,1127.332519,0.1019894066,0.1138193785,0.8,0.4987846333,0.4685676823
P1|tetto110|ind|T1,4,consumo,71,11.57657482,22.67369428,32.71925998,41.88522634,0.1209170913,0.1389500555,0.746031746,0.7678665286,0.8441725136
P1|tetto110|ind|T1,4,importazioni,71,4.372826511,11.91997876,20.84164853,32.26772614,0.2274272781,0.2221713332,0.7333333333,0.7950830497,0.662040915
P1|tetto110|ind|T1,4,investimento_ind,196,4.290280913,9.57713778,22.94910823,38.50813661,0.5786536613,0.9214003919,0.1428571429,0.6597534149,0.6020127986
P1|tetto110|ind|T1,4,investimento_tipo,4,143.4202768,147.2789109,147.1937666,150.0266083,0.2293544474,0.2694241873,0.5,0.7879845434,0.760306572
P1|tetto110|ind|T1,4,produzione,71,37.08577611,57.26172525,68.43495072,90.06557819,0.08920282652,0.09849920575,0.7887323944,0.7513225794,0.8481919067
P1|tetto110|ind|T1,4,scorte,11,48.96870144,57.69892692,58.59548583,65.63604601,0.2319931774,0.2504139133,0.1818181818,1.239352176,1.224865599
P1|tetto110|ind|T1,4,stock_ind,196,11.94113615,44.6964103,274.4055158,389.5934983,0.229543132,0.4247375325,0.7397959184,1.10970316,1.220795434
P1|tetto110|ind|T1,4,stock_tipo,4,393.38936,428.0199644,483.394894,505.6948221,0.05447271653,0.05916795478,0.75,0.6769898402,0.913836896
P1|tetto110|ind|T1,5,aggregati,5,667.4408497,845.1071257,1195.155587,1354.698475,0.1125103172,0.1292471672,0.8,0.4911187199,0.472431979
P1|tetto110|ind|T1,5,consumo,71,15.7595718,30.66903633,44.02499084,55.58474828,0.1500373889,0.1827954297,0.7619047619,0.7805027645,0.8424734956
P1|tetto110|ind|T1,5,importazioni,71,6.419702401,20.6106322,33.49881128,58.32957484,0.2841478218,0.3063133939,0.7111111111,1.194978116,0.9437467064
P1|tetto110|ind|T1,5,investimento_ind,196,5.183115622,10.85335939,21.19751571,30.51309678,0.6319605425,1.068392967,0.1326530612,0.5879274298,0.4306573547
P1|tetto110|ind|T1,5,investimento_tipo,4,145.978516,162.2720158,155.8105715,169.2075022,0.2240042594,0.2593152116,0.5,0.7705685476,0.7229725327
P1|tetto110|ind|T1,5,produzione,71,47.30033652,73.7568776,85.7130814,115.7255643,0.1150269257,0.1279969394,0.7323943662,0.7949448858,0.8521098328
P1|tetto110|ind|T1,5,scorte,11,43.36409137,51.61850697,51.41087375,56.85646468,0.1887364124,0.2182564644,0,1,1
P1|tetto110|ind|T1,5,stock_ind,196,14.96934869,48.83490831,291.3168307,408.2285947,0.2672665601,0.5107394968,0.693877551,0.8652184245,0.8959162733
P1|tetto110|ind|T1,5,stock_tipo,4,490.6356841,514.5599751,563.6595648,579.6886169,0.07218862261,0.08060214176,0.75,0.6339227034,0.795911293
P1|tetto110|ind|T2,1,aggregati,5,180.608246,213.1045043,226.4116649,236.1113299,0.04059341548,0.04049822913,0.8,0.6065150228,0.4513251873
P1|tetto110|ind|T2,1,consumo,71,8.736899085,16.87725367,20.90385303,30.86407262,0.1211433016,0.1089699021,0.619047619,2.197114678,2.086850957
P1|tetto110|ind|T2,1,importazioni,71,6.355195694,24.72691747,31.79758029,61.8968262,0.2520521814,0.1940776059,0.6888888889,3.587774599,2.512995824
P1|tetto110|ind|T2,1,investimento_ind,196,2.151879764,5.19733766,12.43804601,21.31959177,0.2827375881,0.3297141798,0.08673469388,1.17690357,1.052158852
P1|tetto110|ind|T2,1,investimento_tipo,4,63.67338158,65.26358446,68.68771473,70.19893055,0.108433301,0.1150946596,0.5,1.093653547,1.135520105
P1|tetto110|ind|T2,1,produzione,71,19.35209474,38.06777064,28.85045634,51.44185688,0.05855073049,0.05817301384,0.5915492958,1.813258598,1.293542711
P1|tetto110|ind|T2,1,scorte,11,40.53938908,48.50945511,50.9029278,57.87265513,0.2011239893,0.1957845633,0,3.666402334,4.262110897
P1|tetto110|ind|T2,1,stock_ind,196,1.997574682,4.449894154,17.32794247,22.8391976,0.05826137086,0.05842960726,0.7959183673,0.7208855054,0.8884706922
P1|tetto110|ind|T2,1,stock_tipo,4,58.83745802,64.39628339,47.69077329,53.1265004,0.0121599233,0.01252633612,0.75,0.5251342858,0.6126461608
P1|tetto110|ind|T2,2,aggregati,5,293.2258892,314.0135928,357.5663237,371.123806,0.07510623608,0.07751162362,0.8,0.4738409623,0.3750861961
P1|tetto110|ind|T2,2,consumo,71,8.036518903,14.01309311,17.09183602,22.05371926,0.09746247072,0.103618614,0.6031746032,1.154036467,1.024218332
P1|tetto110|ind|T2,2,importazioni,71,6.355801774,19.94210985,33.37261861,50.43625822,0.2418303226,0.1978413001,0.6666666667,2.561316545,2.328643085
P1|tetto110|ind|T2,2,investimento_ind,196,2.814192689,8.639684628,22.028372,43.13429909,0.3664080275,0.4681693024,0.08163265306,1.049067221,1.017162082
P1|tetto110|ind|T2,2,investimento_tipo,4,76.1898397,82.27797599,70.27995015,77.63939358,0.1431433981,0.1561703022,0.5,0.8050094295,0.6731346266
P1|tetto110|ind|T2,2,produzione,71,19.79506843,36.1908348,33.90738469,51.99743956,0.0549141252,0.05682403003,0.8028169014,0.9758607163,0.8673913413
P1|tetto110|ind|T2,2,scorte,11,38.53102668,46.44584942,48.45237735,55.06004083,0.186558916,0.1862170966,0.1818181818,1.988182495,2.16416172
P1|tetto110|ind|T2,2,stock_ind,196,4.276233079,12.64995881,70.0741026,98.31892471,0.1108509388,0.115683906,0.8010204082,0.8319154208,0.941223931
P1|tetto110|ind|T2,2,stock_tipo,4,127.56962,128.9589374,126.9906582,128.9136222,0.02344717659,0.02468672338,0.75,0.4797576364,0.633112863
P1|tetto110|ind|T2,3,aggregati,5,430.3255125,519.1463989,669.1710361,759.5473525,0.09414321747,0.1014141165,0.8,0.4809438481,0.4267385824
P1|tetto110|ind|T2,3,consumo,71,10.1870221,18.61760907,23.41664034,30.36940332,0.1250732716,0.1515835654,0.6825396825,0.9740792919,0.9383380153
P1|tetto110|ind|T2,3,importazioni,71,3.451826181,7.174940906,13.39595789,16.03352915,0.2344818759,0.2144861497,0.8222222222,0.5840073679,0.5330139585
P1|tetto110|ind|T2,3,investimento_ind,196,3.570659491,10.55564273,27.88454401,52.40464527,0.4103129809,0.5992230184,0.08673469388,1.008716535,0.993201885
P1|tetto110|ind|T2,3,investimento_tipo,4,107.5270602,114.2725092,98.42194247,107.8403953,0.1961896646,0.2212173368,0.5,0.7468209475,0.616999586
P1|tetto110|ind|T2,3,produzione,71,29.31565238,45.73160387,52.40922335,68.57824943,0.07239380625,0.07867724817,0.8169014085,0.7925789421,0.8948551104
P1|tetto110|ind|T2,3,scorte,11,42.77551877,52.96456346,53.78805012,62.23661346,0.1977450106,0.2046459012,0.09090909091,1.551094247,1.608221873
P1|tetto110|ind|T2,3,stock_ind,196,6.926628078,22.59875874,132.6503486,186.6491934,0.1617616637,0.188582772,0.7806122449,0.8509299816,0.9550080852
P1|tetto110|ind|T2,3,stock_tipo,4,195.3604282,206.5563382,218.9496722,228.1869836,0.0334541008,0.03571962366,0.75,0.4629338292,0.6179403027
P1|tetto110|ind|T2,4,aggregati,5,532.2466659,676.4368242,898.9614021,1042.939287,0.1038995894,0.1171562217,0.8,0.4723888705,0.4284758603
P1|tetto110|ind|T2,4,consumo,71,12.049964,23.09888474,30.89400645,39.38657107,0.1271314312,0.1460105907,0.7301587302,0.7822660136,0.7970801019
P1|tetto110|ind|T2,4,importazioni,71,4.07814134,9.224093764,16.85374518,20.60363007,0.2206325357,0.2149818046,0.7777777778,0.6152628918,0.5353640266
P1|tetto110|ind|T2,4,investimento_ind,196,4.317698133,14.43013935,37.36460073,74.33860422,0.4568090033,0.7055118234,0.112244898,0.9940687846,0.9801674048
P1|tetto110|ind|T2,4,investimento_tipo,4,139.4528698,146.1637592,132.5028252,140.031389,0.2396882737,0.280211504,0.5,0.7820181612,0.6844227927
P1|tetto110|ind|T2,4,produzione,71,40.21655554,64.76327594,73.57579467,100.2900059,0.0920976095,0.1020508446,0.7605633803,0.8497493102,0.9119082123
P1|tetto110|ind|T2,4,scorte,11,43.15713983,52.88731035,51.91992379,60.00545373,0.2051408592,0.2229691037,0.2727272727,1.136000384,1.085321295
P1|tetto110|ind|T2,4,stock_ind,196,9.860228214,35.7154614,217.1894544,309.0895459,0.2015968301,0.2595115684,0.7755102041,0.8867280417,0.9662484131
P1|tetto110|ind|T2,4,stock_tipo,4,266.6786125,312.6541334,326.9401034,361.3660779,0.0429329298,0.04629177891,0.75,0.4945182222,0.6180659601
P1|tetto110|ind|T2,5,aggregati,5,709.2469899,932.5813777,1286.075815,1497.238474,0.1240077429,0.1419974203,0.8,0.5419527992,0.5083717543
P1|tetto110|ind|T2,5,consumo,71,12.7246694,25.98559375,28.12709472,39.64338248,0.1452902272,0.1776122935,0.746031746,0.661312848,0.5382472854
P1|tetto110|ind|T2,5,importazioni,71,6.502898377,20.19397375,33.83394994,56.88456601,0.2788407354,0.2991508138,0.7111111111,1.170820791,0.9531884147
P1|tetto110|ind|T2,5,investimento_ind,196,5.601011928,18.49874612,48.87672183,92.43282953,0.5220548925,0.8640735896,0.1071428571,1.002078699,0.9929993693
P1|tetto110|ind|T2,5,investimento_tipo,4,162.0772876,180.2300176,154.4187297,174.0236407,0.2677219673,0.3225863713,0.5,0.855844319,0.7165142845
P1|tetto110|ind|T2,5,produzione,71,46.11104314,79.90046768,84.00225819,124.9307307,0.1114578977,0.1237960491,0.7042253521,0.8611599382,0.8351018189
P1|tetto110|ind|T2,5,scorte,11,43.36409137,51.61850697,51.41087375,56.85646468,0.1887364124,0.2182564644,0,1,1
P1|tetto110|ind|T2,5,stock_ind,196,13.50433586,52.06056607,319.3530849,455.562567,0.2411777713,0.3405463725,0.7295918367,0.9223680869,0.9821390167
P1|tetto110|ind|T2,5,stock_tipo,4,385.8273633,443.037789,467.7044518,515.7994915,0.06074094942,0.06727919981,0.75,0.5458094809,0.6604185898
P1|tetto110|ind|T3,1,aggregati,5,126.609077,160.9614706,208.9388753,237.5716987,0.02666467476,0.02761422651,0.8,0.4581111522,0.4164952237
P1|tetto110|ind|T3,1,consumo,71,4.990114916,8.410055145,9.981902406,12.20195484,0.1004667125,0.08629457053,0.619047619,1.094837819,0.9965025373
P1|tetto110|ind|T3,1,importazioni,71,4.990885621,21.002717,25.14579653,52.59813472,0.1480452085,0.1369504358,0.6888888889,3.047408341,1.987298439
P1|tetto110|ind|T3,1,investimento_ind,196,2.886923332,12.51429573,32.02035445,67.68680042,0.3329585507,0.4324632063,0.09183673469,2.833781503,2.708664957
P1|tetto110|ind|T3,1,investimento_tipo,4,96.10488108,104.1346901,89.14157069,95.4629954,0.1692513025,0.2012207501,0.5,1.745035523,1.473655749
P1|tetto110|ind|T3,1,produzione,71,16.2960989,34.54768356,25.14935682,47.60565802,0.04952829642,0.04919008391,0.661971831,1.645588465,1.127599744
P1|tetto110|ind|T3,1,scorte,11,32.06007702,38.10471963,39.94311936,45.83332276,0.1644989164,0.1615165124,0.2727272727,2.880000047,3.344444252
P1|tetto110|ind|T3,1,stock_ind,196,2.899344061,13.62249987,84.85063714,122.312892,0.0690879939,0.1017472453,0.806122449,2.2068531,4.35062065
P1|tetto110|ind|T3,1,stock_tipo,4,99.53044849,111.17396,120.6234745,133.2734161,0.01455793466,0.01493112049,1,0.9065935956,1.549555679
P1|tetto110|ind|T3,2,aggregati,5,247.0447214,347.7379472,439.1528781,526.0765198,0.05226905388,0.05312432179,0.8,0.5247304172,0.4606702915
P1|tetto110|ind|T3,2,consumo,71,5.490061531,10.24114716,10.68896427,15.38340127,0.07816270256,0.08230610135,0.619047619,0.8434010388,0.6405299667
P1|tetto110|ind|T3,2,importazioni,71,4.10320481,10.5827104,18.40283826,23.90786137,0.1750899799,0.1511786862,0.7555555556,1.359217829,1.284095879
P1|tetto110|ind|T3,2,investimento_ind,196,3.346031563,13.47510275,34.36005874,72.52918564,0.4164375858,0.6160464503,0.09693877551,1.636204237,1.586578839
P1|tetto110|ind|T3,2,investimento_tipo,4,93.8305451,109.250528,78.27617581,95.54381402,0.1657731252,0.2087329237,0.5,1.06890944,0.7497217095
P1|tetto110|ind|T3,2,produzione,71,19.18285452,28.75393988,31.62878651,42.50540543,0.0570352389,0.05811364325,0.8028169014,0.7753300115,0.8091020821
P1|tetto110|ind|T3,2,scorte,11,45.43400027,53.33720862,58.23326148,63.36126417,0.2055953215,0.2070052154,0.09090909091,2.283177201,2.601032234
P1|tetto110|ind|T3,2,stock_ind,196,5.604314468,25.88588669,161.2459987,232.5427539,0.1298307679,0.1992434663,0.8010204082,1.702366675,2.165829987
P1|tetto110|ind|T3,2,stock_tipo,4,180.5142568,204.2635195,227.0408283,251.3459161,0.02553789524,0.02676540022,1,0.7599084271,1.131913724
P1|tetto110|ind|T3,3,aggregati,5,419.4832518,578.1867462,782.6163876,923.9353848,0.07757373943,0.08222697509,0.8,0.5356395792,0.4990840753
P1|tetto110|ind|T3,3,consumo,71,8.867553688,15.88501951,21.23915606,25.7461539,0.1083311308,0.133049848,0.6984126984,0.8311093276,0.8510831295
P1|tetto110|ind|T3,3,importazioni,71,3.677181219,9.466454013,16.81182429,23.2524561,0.1445855052,0.1651352816,0.8,0.7705260522,0.6689284251
P1|tetto110|ind|T3,3,investimento_ind,196,3.882481756,12.52509217,33.01321382,64.35644623,0.4554132528,0.7401238306,0.1071428571,1.196920727,1.175876722
P1|tetto110|ind|T3,3,investimento_tipo,4,121.3751555,126.8868776,110.0045646,117.3219752,0.204018538,0.2535067843,0.5,0.8292613755,0.689610153
P1|tetto110|ind|T3,3,produzione,71,26.08183852,40.97146371,45.33564666,61.91515276,0.06976922013,0.07553357664,0.8450704225,0.710080483,0.7740781586
P1|tetto110|ind|T3,3,scorte,11,45.13405845,56.4018249,58.08189761,67.0804522,0.20184754,0.2083197252,0.09090909091,1.651756201,1.736604654
P1|tetto110|ind|T3,3,stock_ind,196,8.401147582,36.53560706,227.5885178,326.0674585,0.1814302031,0.2930068417,0.7806122449,1.375705799,1.638509637
P1|tetto110|ind|T3,3,stock_tipo,4,250.6307381,293.8210262,326.6884413,362.4884285,0.03493948674,0.03716751252,1,0.6585113481,0.922010763
P1|tetto110|ind|T3,4,aggregati,5,590.7348244,761.8370615,1074.502531,1217.149444,0.1001083897,0.1108627436,0.8,0.5320280269,0.5121447875
P1|tetto110|ind|T3,4,consumo,71,11.71381821,22.83599212,32.49761124,41.51829806,0.1231093761,0.1413023146,0.746031746,0.7733629017,0.8384538703
P1|tetto110|ind|T3,4,importazioni,71,4.562486363,12.97043252,23.020099,35.95788745,0.2254703373,0.2198926588,0.7333333333,0.8651501193,0.7312400158
P1|tetto110|ind|T3,4,investimento_ind,196,4.026299017,9.862688853,24.45780729,43.20734704,0.5013808296,0.8413445255,0.1275510204,0.679424563,0.6415897676
P1|tetto110|ind|T3,4,investimento_tipo,4,126.2096833,129.9365492,126.1303764,130.1892621,0.1978866444,0.2416426869,0.5,0.6951979192,0.6515068969
P1|tetto110|ind|T3,4,produzione,71,36.72810253,56.44006408,67.28375428,88.21713936,0.08819441945,0.09726089836,0.7887323944,0.7405416855,0.8339238245
P1|tetto110|ind|T3,4,scorte,11,57.18508058,65.29488309,70.41953355,75.81355882,0.2591923413,0.2782677993,0,1.402510579,1.47203258
P1|tetto110|ind|T3,4,stock_ind,196,10.89004337,43.10499032,266.7756082,380.7113065,0.2208187352,0.377698067,0.7755102041,1.070192072,1.18685094
P1|tetto110|ind|T3,4,stock_tipo,4,315.1451509,368.5013297,403.8954092,443.5993852,0.0451098814,0.04887181295,1,0.5828505142,0.7635465985
P1|tetto110|ind|T3,5,aggregati,5,691.9754317,877.1809792,1266.164556,1414.467543,0.1084963496,0.1243232933,0.8,0.5097578597,0.5005010505
P1|tetto110|ind|T3,5,consumo,71,15.03896024,30.21673615,42.46353796,54.78079648,0.1451993433,0.1771464954,0.7619047619,0.7689920821,0.8125931335
P1|tetto110|ind|T3,5,importazioni,71,6.382847543,20.40740847,33.44053293,57.63944917,0.2815763618,0.3031518949,0.7111111111,1.183195464,0.942104857
P1|tetto110|ind|T3,5,investimento_ind,196,4.943894636,10.81451225,22.70399364,33.80333195,0.5618102064,0.9983023307,0.1173469388,0.5858230767,0.4612635733
P1|tetto110|ind|T3,5,investimento_tipo,4,128.7679225,147.7099242,134.7471813,152.8656957,0.1923747558,0.2315337112,0.5,0.7014186714,0.6252368502
P1|tetto110|ind|T3,5,produzione,71,46.85240604,72.50943601,83.70405702,113.0006885,0.1147475024,0.1277604269,0.7183098592,0.7815000744,0.8321372755
P1|tetto110|ind|T3,5,scorte,11,43.36409137,51.61850697,51.41087375,56.85646468,0.1887364124,0.2182564644,0,1,1
P1|tetto110|ind|T3,5,stock_ind,196,13.74032821,47.77582672,289.0254847,407.9496962,0.2599074398,0.4650671627,0.7295918367,0.8464544515,0.8888694637
P1|tetto110|ind|T3,5,stock_tipo,4,399.7648157,437.9905708,473.8925805,502.1139688,0.06116813959,0.06834246001,1,0.5395914571,0.669156491
P1|tetto110|nessuna|T1,1,aggregati,5,381.3759115,461.0078883,529.3318044,551.9826931,0.08419162363,0.08208802519,0.6,1.312070858,1.055161075
P1|tetto110|nessuna|T1,1,consumo,71,10.18700159,18.34117269,24.07948797,33.1793284,0.1296735748,0.1198283073,0.619047619,2.387690586,2.403877526
P1|tetto110|nessuna|T1,1,importazioni,71,5.765361087,19.77206966,32.47029576,55.78233199,0.174861351,0.1639375849,0.5777777778,2.868846446,2.566161226
P1|tetto110|nessuna|T1,1,investimento_ind,196,12.95119007,36.51546328,101.4709803,178.8914927,1.80411967,1.903928959,0.3367346939,8.268690996,8.583630419
P1|tetto110|nessuna|T1,1,investimento_tipo,4,372.8083282,385.4672794,346.0568746,363.6503337,0.8772522964,0.7627368097,0.25,6.459462212,5.720885316
P1|tetto110|nessuna|T1,1,produzione,71,24.25895524,42.4308121,35.58797057,56.6126214,0.08580094072,0.07773881122,0.6197183099,2.021080656,1.595626751
P1|tetto110|nessuna|T1,1,scorte,11,37.20976995,43.70810566,47.95112968,53.07102654,0.1759910279,0.1782900458,0.3636363636,3.30351063,4.014956333
P1|tetto110|nessuna|T1,1,stock_ind,196,12.94358244,37.46972795,216.1960808,297.710805,0.2442595804,0.3224415523,0.4081632653,6.070118263,11.08521003
P1|tetto110|nessuna|T1,1,stock_tipo,4,368.0361882,382.6791468,386.1477286,395.5495656,0.07543595667,0.0724500542,0.5,3.120645011,4.960538635
P1|tetto110|nessuna|T1,2,aggregati,5,341.4525205,362.1562899,422.4759897,429.7460032,0.08099457282,0.08355408459,0.8,0.5464874415,0.4431762765
P1|tetto110|nessuna|T1,2,consumo,71,9.427940699,16.80269301,20.2485831,26.94257408,0.1033706405,0.1106527508,0.6349206349,1.383771615,1.213384565
P1|tetto110|nessuna|T1,2,importazioni,71,6.229955462,18.65359965,31.73464836,45.90692297,0.2603977663,0.2149339407,0.6222222222,2.3958234,2.214350342
P1|tetto110|nessuna|T1,2,investimento_ind,196,13.77956552,45.08522854,120.5014456,228.5847683,1.697869615,1.736279243,0.3520408163,5.474440035,5.564165215
P1|tetto110|nessuna|T1,2,investimento_tipo,4,337.7997151,394.3964613,266.618442,341.3338603,0.8328926477,0.7757030673,0.5,3.858783186,2.553645883
P1|tetto110|nessuna|T1,2,produzione,71,24.30563182,40.44448727,38.03547219,55.54180936,0.08654621944,0.08231447538,0.6901408451,1.0905575,0.972992743
P1|tetto110|nessuna|T1,2,scorte,11,39.59895844,50.14351343,51.9307331,61.32151128,0.1819489989,0.1818465793,0.1818181818,2.146466409,2.319525084
P1|tetto110|nessuna|T1,2,stock_ind,196,23.71390105,78.41623776,470.240344,655.2158272,0.4041931988,0.5980395414,0.4081632653,5.156987339,6.316191698
P1|tetto110|nessuna|T1,2,stock_tipo,4,649.360942,716.8672428,782.9602286,829.6997149,0.1101453248,0.1068448086,0.5,2.666915073,3.903453992
P1|tetto110|nessuna|T1,3,aggregati,5,439.5826875,482.2037223,603.1016162,638.5489143,0.09959203402,0.1070942052,0.8,0.4467196812,0.3846053024
P1|tetto110|nessuna|T1,3,consumo,71,11.59121772,21.92285778,34.81922996,47.39576612,0.1304214748,0.157466072,0.6984126984,1.147010967,1.395255966
P1|tetto110|nessuna|T1,3,importazioni,71,7.133390426,22.86165381,38.29909359,61.5116749,0.2337666534,0.2395882524,0.7333333333,1.860834039,1.523888896
P1|tetto110|nessuna|T1,3,investimento_ind,196,11.74162523,24.5000395,58.17337772,86.82317065,1.617501847,1.944520133,0.3673469388,2.341268607,2.07204064
P1|tetto110|nessuna|T1,3,investimento_tipo,4,209.6372993,253.4053532,190.9711438,231.9699471,0.4803507753,0.448066233,0.75,1.656115082,1.197183409
P1|tetto110|nessuna|T1,3,produzione,71,33.27409037,52.45014245,59.14255499,78.0611905,0.08864253259,0.09815054087,0.7887323944,0.9090185977,1.009822588
P1|tetto110|nessuna|T1,3,scorte,11,43.87073807,54.51843145,55.34811754,64.60380256,0.2047331489,0.2108364844,0.09090909091,1.596600064,1.654866705
P1|tetto110|nessuna|T1,3,stock_ind,196,30.62023319,94.14163816,553.4438913,763.4274667,0.5055464951,0.8677885934,0.3979591837,3.544793913,3.984485502
P1|tetto110|nessuna|T1,3,stock_tipo,4,785.3955132,879.2114459,999.3790558,1052.361125,0.1027124521,0.1057068948,0.5,1.970487688,2.820541314
P1|tetto110|nessuna|T1,4,aggregati,5,546.0779917,635.3589215,805.37677,896.2301112,0.1196299441,0.1327977985,0.8,0.4437021649,0.3838702125
P1|tetto110|nessuna|T1,4,consumo,71,12.56402872,25.86257282,39.5639763,58.26930453,0.1345528297,0.1544415319,0.746031746,0.8758609765,1.020769459
P1|tetto110|nessuna|T1,4,importazioni,71,7.63911671,25.30900583,43.48883606,70.74642064,0.2942334483,0.277489605,0.7111111111,1.688154144,1.381435291
P1|tetto110|nessuna|T1,4,investimento_ind,196,13.6359613,30.24799727,50.75827005,73.74034672,1.615598833,4.149889171,0.3724489796,2.083735241,1.33151702
P1|tetto110|nessuna|T1,4,investimento_tipo,4,151.7422424,220.5874511,114.5357056,186.1684351,0.4214100907,0.362926128,0.75,1.180206324,0.591616423
P1|tetto110|nessuna|T1,4,produzione,71,46.83657257,86.02270293,86.88527298,133.5600187,0.1133215561,0.1287524667,0.7183098592,1.128691089,1.076867662
P1|tetto110|nessuna|T1,4,scorte,11,53.04965244,62.53066002,64.45735818,72.43391257,0.2535997878,0.2709036009,0.09090909091,1.343136063,1.347400735
P1|tetto110|nessuna|T1,4,stock_ind,196,37.83297398,93.05476048,479.4453383,641.0161187,0.5863229965,2.440371719,0.4387755102,2.31032338,2.132991671
P1|tetto110|nessuna|T1,4,stock_tipo,4,786.6598187,950.6884556,1024.530909,1125.940897,0.08759755981,0.09234981843,0.75,1.50368319,1.936830854
P1|tetto110|nessuna|T1,5,aggregati,5,511.2486296,581.214353,696.0624585,777.7377155,0.1178698761,0.1354122856,0.8,0.3377622083,0.2751459044
P1|tetto110|nessuna|T1,5,consumo,71,13.39249491,25.6624362,36.45948054,51.28599298,0.1485787659,0.1811264387,0.7619047619,0.6530887434,0.6976979535
P1|tetto110|nessuna|T1,5,importazioni,71,14.24457977,45.67139167,83.0095495,124.73676,0.4127155885,0.4882472938,0.6,2.647968923,2.338590115
P1|tetto110|nessuna|T1,5,investimento_ind,196,24.28523839,107.3704897,95.52232005,172.4419682,1.983798643,2.613447768,0.137755102,5.816268844,1.940670324
P1|tetto110|nessuna|T1,5,investimento_tipo,4,271.4314441,288.482796,241.5167763,259.4381099,0.6199939421,0.5794401712,0.5,1.3698959,1.120655638
P1|tetto110|nessuna|T1,5,produzione,71,68.97213798,130.8032778,119.4270186,187.4642077,0.1538462214,0.1997025732,0.676056338,1.409785773,1.187274278
P1|tetto110|nessuna|T1,5,scorte,11,43.36409137,51.61850697,51.41087375,56.85646468,0.1887364124,0.2182564644,0,1,1
P1|tetto110|nessuna|T1,5,stock_ind,196,48.54705531,136.7386137,338.4354407,428.4490306,0.6487076017,1.530293206,0.3826530612,2.42262701,1.040824926
P1|tetto110|nessuna|T1,5,stock_tipo,4,772.6539432,1048.790837,998.1106639,1211.900102,0.07474177502,0.07861507287,0.75,1.292079359,1.409374734
P1|tetto110|nessuna|T2,1,aggregati,5,128.2660535,162.956001,178.9596215,189.9721747,0.02790464397,0.02891984868,0.8,0.4637877691,0.3567350857
P1|tetto110|nessuna|T2,1,consumo,71,7.35808631,13.52579417,14.49734235,21.052408,0.1184728709,0.1051064469,0.619047619,1.760814969,1.447283078
P1|tetto110|nessuna|T2,1,importazioni,71,6.027830599,18.41006029,32.39250254,50.42177647,0.2186868705,0.1857182526,0.6888888889,2.671224456,2.560013147
P1|tetto110|nessuna|T2,1,investimento_ind,196,13.09628623,37.7265494,99.07120267,176.0101065,1.717639492,2.02216,0.3571428571,8.54293363,8.380628495
P1|tetto110|nessuna|T2,1,investimento_tipo,4,302.9180414,334.6644588,254.9571315,298.7076029,0.7254120098,0.665085343,0.5,5.608134699,4.214857778
P1|tetto110|nessuna|T2,1,produzione,71,20.89505132,38.50913665,29.74787702,46.16087831,0.074874384,0.06867704199,0.7042253521,1.834281913,1.333779578
P1|tetto110|nessuna|T2,1,scorte,11,37.66985654,42.75801834,43.41189905,47.04739599,0.1926342414,0.1972404504,0.2727272727,3.2317019,3.634885772
P1|tetto110|nessuna|T2,1,stock_ind,196,13.08322496,38.60725942,212.5177928,292.8269898,0.2391549073,0.3102309896,0.4285714286,6.254399039,10.89660996
P1|tetto110|nessuna|T2,1,stock_tipo,4,306.3436088,335.5142961,355.7882686,375.8576847,0.0552488166,0.05410450137,0.5,2.736028401,4.570534336
P1|tetto110|nessuna|T2,2,aggregati,5,151.5195872,159.9332383,204.1658634,211.6328863,0.0340429335,0.03637495685,1,0.2413364303,0.2141694897
P1|tetto110|nessuna|T2,2,consumo,71,6.846353573,12.11671483,15.16539753,19.24504478,0.07905754595,0.08411032403,0.6349206349,0.9978618329,0.9087776258
P1|tetto110|nessuna|T2,2,importazioni,71,9.061031504,28.38529216,54.46360025,77.18180147,0.2096673138,0.2001070314,0.6444444444,3.645738541,3.800309696
P1|tetto110|nessuna|T2,2,investimento_ind,196,13.81194574,36.8154862,91.22454975,162.5466521,1.752710999,1.742030886,0.3316326531,4.470292779,4.212301886
P1|tetto110|nessuna|T2,2,investimento_tipo,4,251.6946021,278.261407,218.0272298,252.1851023,0.4741590956,0.5418263457,0.5,2.722515397,2.08824391
P1|tetto110|nessuna|T2,2,produzione,71,24.938893,45.05483034,40.60055851,62.42644086,0.07015030243,0.07616817909,0.7323943662,1.214872198,1.038610711
P1|tetto110|nessuna|T2,2,scorte,11,40.58682873,48.02591011,50.56925173,56.01144672,0.1821923537,0.1915756745,0.2727272727,2.055819302,2.258713499
P1|tetto110|nessuna|T2,2,stock_ind,196,22.48205543,66.44026801,384.0296489,538.7474023,0.4194775218,0.5762808092,0.4285714286,4.369396323,5.158223686
P1|tetto110|nessuna|T2,2,stock_tipo,4,512.5439989,564.3461589,615.7953799,654.5713213,0.08662057569,0.08572686821,0.5,2.099500699,3.070052407
P1|tetto110|nessuna|T2,3,aggregati,5,205.3781391,285.7964141,383.5261582,456.5633286,0.03593249039,0.04086410042,1,0.2647654447,0.2445793381
P1|tetto110|nessuna|T2,3,consumo,71,9.462195318,18.0534065,28.88576244,38.45040162,0.1060091354,0.1304987715,0.6984126984,0.9445600324,1.1574935
P1|tetto110|nessuna|T2,3,importazioni,71,7.084241064,21.84618447,38.58210925,58.66961648,0.2223140649,0.2418799623,0.8,1.77817948,1.535149852
P1|tetto110|nessuna|T2,3,investimento_ind,196,12.18019032,29.67268723,42.60154874,63.43940649,1.62259324,1.794021301,0.306122449,2.83557629,1.517397541
P1|tetto110|nessuna|T2,3,investimento_tipo,4,123.1655154,186.0955802,93.12780622,157.2315026,0.3147965561,0.2938412232,0.75,1.216216205,0.5838110532
P1|tetto110|nessuna|T2,3,produzione,71,35.47857087,61.84530815,62.1457651,87.61353369,0.08978187618,0.1066007915,0.7887323944,1.071847142,1.061100546
P1|tetto110|nessuna|T2,3,scorte,11,32.05587332,37.4089719,40.3804427,45.13356115,0.145820203,0.1555537277,0.3636363636,1.095540817,1.207344588
P1|tetto110|nessuna|T2,3,stock_ind,196,29.82522846,81.56697179,428.1657086,591.2282091,0.5278218215,0.7749644792,0.4132653061,3.071309474,3.082552875
P1|tetto110|nessuna|T2,3,stock_tipo,4,561.3440687,660.6022367,748.5093226,804.2389587,0.0669693355,0.06995190458,0.75,1.480540978,2.112513222
P1|tetto110|nessuna|T2,4,aggregati,5,415.968628,521.8522887,742.703065,833.165574,0.06826226378,0.07904236494,1,0.3644349396,0.3539977734
P1|tetto110|nessuna|T2,4,consumo,71,12.3791149,24.81817528,39.66525502,52.73301288,0.1210055983,0.1389829483,0.746031746,0.8404914464,1.023382499
P1|tetto110|nessuna|T2,4,importazioni,71,7.234600125,21.64510851,37.8132971,57.40288458,0.2985915739,0.3210341716,0.7333333333,1.443765902,1.201150176
P1|tetto110|nessuna|T2,4,investimento_ind,196,16.54452514,49.49153015,70.31509984,110.6134606,1.620971894,2.38019315,0.3571428571,3.409390861,1.844541828
P1|tetto110|nessuna|T2,4,investimento_tipo,4,291.5753596,344.1157772,282.2957456,344.4711015,0.4475092075,0.5603076219,0.5,1.841118406,1.458154891
P1|tetto110|nessuna|T2,4,produzione,71,50.25122228,94.53779877,85.99759876,136.4835919,0.1221793665,0.1557708182,0.7323943662,1.240416395,1.065865709
P1|tetto110|nessuna|T2,4,scorte,11,48.64413592,58.56028237,60.83939704,68.76501728,0.211928058,0.2316920025,0.2727272727,1.257853781,1.271771766
P1|tetto110|nessuna|T2,4,stock_ind,196,37.192133,94.10242877,337.8101648,449.3952659,0.5975452746,1.069556617,0.4387755102,2.336334436,1.502874698
P1|tetto110|nessuna|T2,4,stock_tipo,4,647.9096205,735.2524728,759.1282562,829.9713234,0.08706496549,0.1012884256,0.75,1.162932796,1.435098752
P1|tetto110|nessuna|T2,5,aggregati,5,481.5629047,491.8192483,484.4904667,487.0572031,0.1104909452,0.1369857949,1,0.2858118602,0.1915138017
P1|tetto110|nessuna|T2,5,consumo,71,15.15634023,30.86220354,45.12521962,58.33619307,0.1444921855,0.1765512375,0.7619047619,0.7854187177,0.8635277552
P1|tetto110|nessuna|T2,5,importazioni,71,14.22174735,49.40796827,77.21811506,130.7394706,0.4518155259,0.6969038073,0.5333333333,2.864610859,2.175430679
P1|tetto110|nessuna|T2,5,investimento_ind,196,34.02152491,193.1623032,157.6461589,307.8479843,1.994610352,3.477303179,0.1326530612,10.4636189,3.202803513
P1|tetto110|nessuna|T2,5,investimento_tipo,4,614.2746183,812.9852154,583.2465994,819.0126662,0.9677937714,1.18911285,0.5,3.860559897,2.706307198
P1|tetto110|nessuna|T2,5,produzione,71,89.98071446,184.3467629,136.2597682,229.4081601,0.1918060871,0.3054330543,0.6338028169,1.986872562,1.35461573
P1|tetto110|nessuna|T2,5,scorte,11,43.17542236,51.53477949,51.26951704,56.7995303,0.1875449567,0.2170516041,0.09090909091,0.9983779563,0.9972504511
P1|tetto110|nessuna|T2,5,stock_ind,196,53.78197802,221.1251158,73.45995048,159.0012826,0.6597616473,1.219263162,0.3724489796,3.91772056,0.2259188558
P1|tetto110|nessuna|T2,5,stock_tipo,4,956.9858221,1273.998094,672.857469,999.5506022,0.174548303,0.2669550941,0.75,1.569528053,0.9501033808
P1|tetto110|nessuna|T3,1,aggregati,5,133.554643,171.9253617,189.504977,201.6942855,0.02858988664,0.02957482303,0.8,0.4893153949,0.3777560193
P1|tetto110|nessuna|T3,1,consumo,71,7.245776345,13.4259517,14.18572646,20.87761099,0.1181448313,0.1047717089,0.619047619,1.747817277,1.416174176
P1|tetto110|nessuna|T3,1,importazioni,71,5.797001677,18.09829223,31.23075925,50.0377281,0.2144227932,0.1815074706,0.6888888889,2.625988186,2.468199367
P1|tetto110|nessuna|T3,1,investimento_ind,196,12.82400774,37.06148436,97.20390968,174.5820821,1.721785334,2.007499535,0.3367346939,8.392333944,8.222670497
P1|tetto110|nessuna|T3,1,investimento_tipo,4,288.5756826,327.0135392,236.2276802,289.5201069,0.6994380404,0.6447823289,0.5,5.479924528,3.905229359
P1|tetto110|nessuna|T3,1,produzione,71,20.57650415,37.52645134,29.36563628,45.15586594,0.07430902714,0.06812154988,0.6901408451,1.78747427,1.316641384
P1|tetto110|nessuna|T3,1,scorte,11,37.08439331,44.19693091,44.98733686,49.97471244,0.1730999168,0.1814767455,0.4545454545,3.340456624,3.766797451
P1|tetto110|nessuna|T3,1,stock_ind,196,12.80948558,37.96930974,210.3920258,290.8050131,0.2420157903,0.3091613189,0.4336734694,6.151050811,10.78761366
P1|tetto110|nessuna|T3,1,stock_tipo,4,292.00125,327.597873,347.5633499,371.6931608,0.05136334087,0.05038368008,0.5,2.67147211,4.464875221
P1|tetto110|nessuna|T3,2,aggregati,5,198.3575942,216.8974674,153.5949169,161.8631204,0.060223809,0.06519310664,1,0.3272944454,0.1611206909
P1|tetto110|nessuna|T3,2,consumo,71,6.935829475,12.14727688,15.20144916,19.25280595,0.0805686206,0.08573570492,0.6349206349,1.000378745,0.9109379992
P1|tetto110|nessuna|T3,2,importazioni,71,8.518136306,25.68308205,48.86004143,69.67227971,0.220755796,0.2104632755,0.6222222222,3.298673185,3.409309856
P1|tetto110|nessuna|T3,2,investimento_ind,196,12.62493008,33.93400654,83.3321757,152.1252084,1.754625826,1.601075076,0.3265306122,4.120411274,3.847870796
P1|tetto110|nessuna|T3,2,investimento_tipo,4,273.6452348,291.9566838,242.665128,267.6629208,0.5512204864,0.579343476,0.5,2.85651027,2.324223338
P1|tetto110|nessuna|T3,2,produzione,71,24.72392564,45.72956289,40.33032308,63.8186491,0.06986258917,0.07605513698,0.7887323944,1.233065892,1.031697766
P1|tetto110|nessuna|T3,2,scorte,11,48.80732383,56.43008545,59.99799033,65.37564298,0.2147096891,0.2359298415,0.3636363636,2.415572316,2.67985517
P1|tetto110|nessuna|T3,2,stock_ind,196,22.03807695,64.3942949,374.199963,521.245067,0.4134332102,0.5362901786,0.4183673469,4.234844377,5.026192946
P1|tetto110|nessuna|T3,2,stock_tipo,4,498.5770627,569.3649943,608.8084697,656.9315914,0.08482389795,0.08324995245,0.5,2.118171949,3.035219114
P1|tetto110|nessuna|T3,3,aggregati,5,226.7554283,378.0465528,528.5525454,648.4964856,0.02743650477,0.03063007367,1,0.3502271503,0.3370644451
P1|tetto110|nessuna|T3,3,consumo,71,9.401605985,17.8011871,28.20980659,37.11527993,0.1059713415,0.130459021,0.6984126984,0.9313638319,1.13040699
P1|tetto110|nessuna|T3,3,importazioni,71,6.50371312,19.6974984,34.19521713,51.20893237,0.2213312959,0.2376965265,0.7555555556,1.603286263,1.360599085
P1|tetto110|nessuna|T3,3,investimento_ind,196,13.33799,34.7702505,78.105247,133.1292186,1.621203332,1.796558131,0.3163265306,3.322708764,2.781981248
P1|tetto110|nessuna|T3,3,investimento_tipo,4,177.9465921,250.8683639,123.9209923,208.8937172,0.4273761947,0.4452910083,0.75,1.639534744,0.776851168
P1|tetto110|nessuna|T3,3,produzione,71,32.47313305,52.48738052,55.08290158,73.39152328,0.0896618408,0.1045143863,0.8028169014,0.9096639743,0.9405065145
P1|tetto110|nessuna|T3,3,scorte,11,39.22302014,48.42929384,51.65434096,59.59094102,0.1622250087,0.1778427614,0.5454545455,1.418276564,1.544425589
P1|tetto110|nessuna|T3,3,stock_ind,196,30.90510691,91.12698817,512.7369979,711.1877134,0.5199277079,0.7474778457,0.3979591837,3.431280773,3.691418709
P1|tetto110|nessuna|T3,3,stock_tipo,4,604.2091153,751.8430032,843.8141673,927.9477465,0.06862423347,0.0709763723,0.5,1.68502968,2.381491494
P1|tetto110|nessuna|T3,4,aggregati,5,409.2511281,538.7623257,774.9560942,881.0340354,0.06247335514,0.07200760616,1,0.3762440444,0.3693706742
P1|tetto110|nessuna|T3,4,consumo,71,12.63015213,25.85138098,42.43324668,58.00595472,0.1213489826,0.1393173291,0.746031746,0.875481954,1.094798004
P1|tetto110|nessuna|T3,4,importazioni,71,7.162711455,20.95357361,37.36888532,54.61882475,0.3049321774,0.320967219,0.7333333333,1.397639337,1.187033309
P1|tetto110|nessuna|T3,4,investimento_ind,196,14.96205751,43.28802085,34.31356024,65.64119401,1.629398495,2.361505925,0.3571428571,2.982041215,0.900130943
P1|tetto110|nessuna|T3,4,investimento_tipo,4,264.5303738,317.5587144,265.7912916,310.7772675,0.4966537463,0.4947228351,0.75,1.69903048,1.372903693
P1|tetto110|nessuna|T3,4,produzione,71,48.657337,84.51718742,83.36762143,121.3828004,0.1224819306,0.1521514616,0.7323943662,1.108937444,1.033269419
P1|tetto110|nessuna|T3,4,scorte,11,39.31828219,48.01878927,49.5596698,59.0810233,0.1866448723,0.2037540224,0.5454545455,1.031426304,1.035983127
P1|tetto110|nessuna|T3,4,stock_ind,196,39.59257661,106.1730047,499.3439137,678.3856,0.6004857133,1.046345589,0.4285714286,2.636017479,2.221517916
P1|tetto110|nessuna|T3,4,stock_tipo,4,724.2476919,886.0991502,965.4276614,1062.402997,0.07974522578,0.08822843153,0.75,1.401523695,1.825098751
P1|tetto110|nessuna|T3,5,aggregati,5,485.2311247,495.0991911,560.0743398,567.2630545,0.1059910441,0.1294836856,1,0.2877179396,0.221391283
P1|tetto110|nessuna|T3,5,consumo,71,15.65135917,32.38300764,50.54888165,66.90368869,0.1462348003,0.1784766046,0.7619047619,0.8241219815,0.9673163403
P1|tetto110|nessuna|T3,5,importazioni,71,14.25722077,48.71852395,79.01344074,129.6914183,0.4394260784,0.654398722,0.5555555556,2.824637759,2.226009569
P1|tetto110|nessuna|T3,5,investimento_ind,196,31.09139849,177.2062081,110.3136445,227.4457202,1.984775678,3.343624847,0.137755102,9.599275833,2.24117689
P1|tetto110|nessuna|T3,5,investimento_tipo,4,527.6733935,701.7874613,500.4907732,710.3167925,0.8014116707,1.017021578,0.5,3.332523738,2.322314067
P1|tetto110|nessuna|T3,5,produzione,71,84.33412863,165.7817988,130.7432757,204.5924953,0.1767778358,0.2790640357,0.661971831,1.786781076,1.299773955
P1|tetto110|nessuna|T3,5,scorte,11,43.28656577,51.58320042,51.35278915,56.83245204,0.1882450627,0.2177613777,0.09090909091,0.9993160099,0.9988701885
P1|tetto110|nessuna|T3,5,stock_ind,196,55.68182931,210.8369189,333.7912593,433.973667,0.6636459683,1.183933634,0.3571428571,3.735442394,1.026542203
P1|tetto110|nessuna|T3,5,stock_tipo,4,1071.409136,1284.184939,1003.957541,1194.960995,0.1697526363,0.2412581257,0.75,1.582077945,1.417630773
P2|inv1.0|m0.0|S0.0|T1,1,aggregati,5,131.9768127,181.499161,264.8843772,297.8340575,0.01868803455,0.01951558131,0.8,0.5165633082,0.528016042
P2|inv1.0|m0.0|S0.0|T1,1,consumo,71,4.753669826,7.819370781,9.455388512,11.47848741,0.1368482072,0.1013862568,0.619047619,1.017941346,0.943940169
P2|inv1.0|m0.0|S0.0|T1,1,importazioni,71,5.023267946,17.70777483,24.23033497,40.46791911,0.2676236791,0.2024119685,0.6666666667,2.569325707,1.914948559
P2|inv1.0|m0.0|S0.0|T1,1,investimento_ind,196,12.36307196,29.99180646,58.96558842,94.37696599,1.756338883,2.404319296,0.3724489796,6.791451012,4.98801546
P2|inv1.0|m0.0|S0.0|T1,1,investimento_tipo,4,89.29308086,115.7683064,80.70004483,103.6358142,0.1533083491,0.1951374308,0.75,1.939985676,1.33410354
P2|inv1.0|m0.0|S0.0|T1,1,produzione,71,13.12448545,20.18376005,19.04854018,27.43869091,0.0414512262,0.041945504,0.5211267606,0.9614005716,0.8540627575
P2|inv1.0|m0.0|S0.0|T1,1,scorte,11,32.4367331,40.69363843,43.56730405,50.25682542,0.1495634022,0.1477606798,0.3636363636,3.07567361,3.647897859
P2|inv1.0|m0.0|S0.0|T1,1,stock_ind,196,12.36322236,30.61472128,113.8542471,152.8592283,0.2494663507,0.6591798556,0.4540816327,4.959603096,5.837748013
P2|inv1.0|m0.0|S0.0|T1,1,stock_tipo,4,89.0401459,119.6852769,126.7346338,154.5432265,0.009371904834,0.009586742817,1,0.9760010839,1.628060975
P2|inv1.0|m0.0|S0.0|T1,2,aggregati,5,177.239171,243.9297907,342.8872206,398.3618243,0.02991997818,0.03155560795,1,0.3680857435,0.359687853
P2|inv1.0|m0.0|S0.0|T1,2,consumo,71,5.263353058,9.649251606,10.48355625,14.87418782,0.07425060269,0.07885083842,0.6031746032,0.7946559799,0.6282210106
P2|inv1.0|m0.0|S0.0|T1,2,importazioni,71,4.424954475,12.05937128,24.49899387,33.57535481,0.2246758893,0.2063786899,0.6444444444,1.548876594,1.709467672
P2|inv1.0|m0.0|S0.0|T1,2,investimento_ind,196,11.1665805,27.11684304,60.46040705,96.16002785,1.684498664,1.316161609,0.3367346939,3.292642313,2.791764797
P2|inv1.0|m0.0|S0.0|T1,2,investimento_tipo,4,96.81080125,116.5508311,99.26374015,118.6748634,0.1492325227,0.1914086445,0.5,1.140335757,0.9507385893
P2|inv1.0|m0.0|S0.0|T1,2,produzione,71,19.10020198,32.1770004,30.44682067,45.26249394,0.06156170548,0.07021344502,0.676056338,0.8676304603,0.7788659862
P2|inv1.0|m0.0|S0.0|T1,2,scorte,11,38.64512064,46.42387192,47.42863681,53.93726246,0.1892557236,0.1973716275,0.3636363636,1.987241715,2.118435582
P2|inv1.0|m0.0|S0.0|T1,2,stock_ind,196,18.99388112,45.43556942,200.8010732,262.4200721,0.3713133779,0.6203037714,0.4591836735,2.988037465,2.697127304
P2|inv1.0|m0.0|S0.0|T1,2,stock_tipo,4,181.3190925,219.856704,236.0588353,270.7157074,0.02136452974,0.02251400637,1,0.8179187481,1.176873064
P2|inv1.0|m0.0|S0.0|T1,3,aggregati,5,322.105712,445.3834314,646.8548837,740.1195368,0.0457740314,0.05071885879,1,0.4126088939,0.4125072981
P2|inv1.0|m0.0|S0.0|T1,3,consumo,71,8.288281365,15.13748605,21.47007939,26.19172052,0.105523536,0.1301941534,0.6507936508,0.7919981366,0.8603365549
P2|inv1.0|m0.0|S0.0|T1,3,importazioni,71,7.460182165,22.88329063,46.70082968,64.89916588,0.2682029846,0.2667613523,0.7333333333,1.862595178,1.858186946
P2|inv1.0|m0.0|S0.0|T1,3,investimento_ind,196,12.20401434,31.00924104,58.23327133,91.21879823,1.646002769,1.514531566,0.3265306122,2.963299817,2.074173952
P2|inv1.0|m0.0|S0.0|T1,3,investimento_tipo,4,124.8339849,147.5139788,136.3283894,162.446762,0.1832438645,0.2319512104,0.5,0.9640685247,0.8546321858
P2|inv1.0|m0.0|S0.0|T1,3,produzione,71,26.78374806,43.41634709,45.95473167,66.01489047,0.07505363998,0.08492884835,0.7323943662,0.7524529982,0.7846486525
P2|inv1.0|m0.0|S0.0|T1,3,scorte,11,36.01443821,42.90181834,46.10241587,51.97879637,0.1625722652,0.1738322058,0.5454545455,1.256401626,1.378427243
P2|inv1.0|m0.0|S0.0|T1,3,stock_ind,196,25.68849564,64.26003298,274.2250396,358.2836161,0.463707543,0.6667541766,0.4285714286,2.419636818,1.974266428
P2|inv1.0|m0.0|S0.0|T1,3,stock_tipo,4,296.9635032,337.3146849,363.632613,391.627041,0.03568378786,0.03869918011,1,0.7559892863,1.02627807
P2|inv1.0|m0.0|S0.0|T1,4,aggregati,5,469.9677786,613.6721961,878.5100306,969.7388471,0.06784873207,0.07703320726,1,0.4285572653,0.4187280347
P2|inv1.0|m0.0|S0.0|T1,4,consumo,71,11.46950489,22.54357992,32.64831474,41.93556445,0.1228942511,0.1409148249,0.6984126984,0.7634600803,0.8423420924
P2|inv1.0|m0.0|S0.0|T1,4,importazioni,71,8.664693707,26.61699628,51.56222274,74.39938756,0.3621996946,0.3337128643,0.6444444444,1.775399353,1.637888724
P2|inv1.0|m0.0|S0.0|T1,4,investimento_ind,196,14.05221182,38.01077634,57.31756432,93.34676811,1.614140317,1.818153286,0.3367346939,2.61850044,1.503583798
P2|inv1.0|m0.0|S0.0|T1,4,investimento_tipo,4,123.2503226,154.0401617,145.4930242,179.9621438,0.1684539027,0.2098291531,0.5,0.8241591808,0.7515216511
P2|inv1.0|m0.0|S0.0|T1,4,produzione,71,38.3142582,63.84135855,70.23265437,100.3146854,0.0967762696,0.1117362086,0.7183098592,0.8376529692,0.8704728855
P2|inv1.0|m0.0|S0.0|T1,4,scorte,11,50.00194681,57.97639493,62.58922667,68.86144586,0.2259280332,0.242465616,0.1818181818,1.245312089,1.308349774
P2|inv1.0|m0.0|S0.0|T1,4,stock_ind,196,34.51606182,90.24307068,325.3250402,423.2700697,0.5421810953,0.8332084716,0.4234693878,2.240515961,1.447329957
P2|inv1.0|m0.0|S0.0|T1,4,stock_tipo,4,394.0752736,448.0751159,468.0345163,492.0304005,0.04526952163,0.05009008431,1,0.7087106359,0.884798774
P2|inv1.0|m0.0|S0.0|T1,5,aggregati,5,577.2447657,710.7750286,1011.162082,1091.089832,0.08812452053,0.1008708229,0.8,0.4130540514,0.3997013517
P2|inv1.0|m0.0|S0.0|T1,5,consumo,71,14.63671617,30.15838206,42.58749028,55.31033039,0.1439127549,0.175697553,0.7142857143,0.7675070165,0.8149651168
P2|inv1.0|m0.0|S0.0|T1,5,importazioni,71,10.14904563,27.02529526,51.87167584,69.75911491,0.466022932,0.4540977366,0.5333333333,1.566892082,1.461357026
P2|inv1.0|m0.0|S0.0|T1,5,investimento_ind,196,19.90449127,66.01501617,72.38348991,126.9081973,1.963926683,1.970706597,0.1428571429,3.576039214,1.470572435
P2|inv1.0|m0.0|S0.0|T1,5,investimento_tipo,4,125.8085619,152.1152356,154.1098291,180.4079756,0.1633708955,0.1997201774,0.75,0.7223378326,0.7150809628
P2|inv1.0|m0.0|S0.0|T1,5,produzione,71,48.14160522,83.40893778,85.81770438,128.9620015,0.1230576079,0.1437349836,0.676056338,0.8989739083,0.8531499339
P2|inv1.0|m0.0|S0.0|T1,5,scorte,11,43.36409137,51.61850697,51.41087375,56.85646468,0.1887364124,0.2182564644,0,1,1
P2|inv1.0|m0.0|S0.0|T1,5,stock_ind,196,44.33235302,132.2622833,361.795538,471.4785661,0.6097697616,0.8489687967,0.3469387755,2.343318916,1.112666609
P2|inv1.0|m0.0|S0.0|T1,5,stock_tipo,4,472.1718756,546.2429982,547.6649119,573.5606452,0.05242694745,0.05891766001,1,0.6729552528,0.7733261624
P2|inv1.0|m0.0|S0.0|T3,1,aggregati,5,132.0677961,181.7727396,265.3226845,298.3906701,0.01866824341,0.01949565814,0.8,0.5173419381,0.5288897564
P2|inv1.0|m0.0|S0.0|T3,1,consumo,71,4.75529208,7.821548636,9.456678454,11.48032974,0.1368446667,0.101397948,0.619047619,1.018224863,0.9440689451
P2|inv1.0|m0.0|S0.0|T3,1,importazioni,71,5.045664893,17.47817353,24.86513789,40.47025161,0.2638772749,0.199927181,0.6666666667,2.536011498,1.965117694
P2|inv1.0|m0.0|S0.0|T3,1,investimento_ind,196,12.22698943,29.96886191,58.84962161,94.68694567,1.762886548,2.296572135,0.3775510204,6.786255366,4.978205598
P2|inv1.0|m0.0|S0.0|T3,1,investimento_tipo,4,89.28472982,115.7534078,80.69451008,103.6247841,0.1532957574,0.1951155884,0.5,1.939736012,1.334012041
P2|inv1.0|m0.0|S0.0|T3,1,produzione,71,13.11316408,20.09454989,19.00303785,27.34626831,0.04122086384,0.04185171438,0.5211267606,0.9571512791,0.8520226093
P2|inv1.0|m0.0|S0.0|T3,1,scorte,11,32.39345307,40.69368452,43.52482253,50.25367102,0.1493295382,0.1475230853,0.3636363636,3.075677094,3.644340874
P2|inv1.0|m0.0|S0.0|T3,1,stock_ind,196,12.23144685,30.58351572,113.736757,152.89391,0.2529790204,0.6236072749,0.4591836735,4.954547776,5.831723842
P2|inv1.0|m0.0|S0.0|T3,1,stock_tipo,4,89.03179486,119.6697128,126.7195511,154.5214567,0.009371401037,0.009586231142,1,0.9758741634,1.627867219
P2|inv1.0|m0.0|S0.0|T3,2,aggregati,5,181.6126884,251.2726057,350.8495751,409.9126615,0.03119365453,0.03285661585,1,0.3791659216,0.3680403434
P2|inv1.0|m0.0|S0.0|T3,2,consumo,71,5.138167261,9.517953933,10.08108498,14.60114315,0.073964682,0.07856371497,0.619047619,0.7838430707,0.6041031539
P2|inv1.0|m0.0|S0.0|T3,2,importazioni,71,4.401224963,12.67526121,25.15163489,35.96442962,0.2235126566,0.2044477436,0.6222222222,1.627980014,1.755007041
P2|inv1.0|m0.0|S0.0|T3,2,investimento_ind,196,11.1003121,27.52406209,59.96514359,96.41320047,1.682272748,1.48306157,0.3418367347,3.342088581,2.768895962
P2|inv1.0|m0.0|S0.0|T3,2,investimento_tipo,4,96.81276765,116.5536555,99.2650434,118.6767018,0.1492354645,0.1914137877,0.5,1.140363391,0.9507510717
P2|inv1.0|m0.0|S0.0|T3,2,produzione,71,19.58560734,32.79861763,31.74192809,46.80220085,0.06237515655,0.07101295424,0.676056338,0.8843919371,0.8119963788
P2|inv1.0|m0.0|S0.0|T3,2,scorte,11,31.92205267,39.90774099,38.53726381,46.30152953,0.1580284222,0.1635402633,0.5454545455,1.708309203,1.721295748
P2|inv1.0|m0.0|S0.0|T3,2,stock_ind,196,18.64429554,44.77252363,200.2912454,262.2389322,0.375125961,0.6059923894,0.4795918367,2.944432736,2.690279381
P2|inv1.0|m0.0|S0.0|T3,2,stock_tipo,4,181.5827752,219.431877,235.8561808,270.4248588,0.02163287373,0.02281631611,1,0.8163382915,1.175862728
P2|inv1.0|m0.0|S0.0|T3,3,aggregati,5,325.5513988,449.1068606,650.5274291,745.3855613,0.04709726306,0.05209427723,1,0.4160583262,0.4148493254
P2|inv1.0|m0.0|S0.0|T3,3,consumo,71,8.196458691,14.94919285,21.1738319,25.84012537,0.105316626,0.1299851869,0.6507936508,0.7821465759,0.8484654976
P2|inv1.0|m0.0|S0.0|T3,3,importazioni,71,7.443908559,22.28994496,46.03580506,62.95899301,0.2256770043,0.2437964735,0.7111111111,1.814299554,1.831726173
P2|inv1.0|m0.0|S0.0|T3,3,investimento_ind,196,11.72557691,30.0812782,55.47520423,87.83874978,1.624446418,2.127298693,0.3163265306,2.87462199,1.97593611
P2|inv1.0|m0.0|S0.0|T3,3,investimento_tipo,4,124.8359513,147.515924,136.3296927,162.4479327,0.1832468236,0.2319563536,0.5,0.964081238,0.8546403558
P2|inv1.0|m0.0|S0.0|T3,3,produzione,71,26.84940441,43.7541206,46.69881723,67.02213117,0.0748326017,0.08463029091,0.7323943662,0.7583069844,0.7973534539
P2|inv1.0|m0.0|S0.0|T3,3,scorte,11,38.78713575,46.23839618,49.35570151,55.00982487,0.1695979182,0.180085752,0.3636363636,1.354115009,1.475698014
P2|inv1.0|m0.0|S0.0|T3,3,stock_ind,196,25.75816987,64.43597977,273.8493541,358.0866494,0.4718235444,0.7366096973,0.4132653061,2.42626189,1.971561704
P2|inv1.0|m0.0|S0.0|T3,3,stock_tipo,4,302.7457275,338.3620541,364.854671,391.6082643,0.03797773333,0.04138288367,1,0.758336649,1.029727076
P2|inv1.0|m0.0|S0.0|T3,4,aggregati,5,464.005462,609.340005,874.1928398,963.9592146,0.06577938295,0.07436367076,1,0.4255318847,0.4166703134
P2|inv1.0|m0.0|S0.0|T3,4,consumo,71,11.63306609,22.70880724,33.17575106,42.22209524,0.1232526685,0.141286583,0.6984126984,0.7690556627,0.855950201
P2|inv1.0|m0.0|S0.0|T3,4,importazioni,71,8.879131952,27.04849878,52.47158051,75.03451654,0.364850993,0.3361529387,0.6222222222,1.804181311,1.666774733
P2|inv1.0|m0.0|S0.0|T3,4,investimento_ind,196,13.47653582,37.00584151,52.45866753,86.77151389,1.60862136,2.689790659,0.3367346939,2.549272117,1.376122721
P2|inv1.0|m0.0|S0.0|T3,4,investimento_tipo,4,123.51182,154.080385,145.7758151,179.9990642,0.168567688,0.2102490952,0.75,0.8243743869,0.7529823635
P2|inv1.0|m0.0|S0.0|T3,4,produzione,71,38.30671954,63.85037427,70.14268909,100.4631879,0.09703569116,0.112010088,0.7183098592,0.8377712632,0.8693578438
P2|inv1.0|m0.0|S0.0|T3,4,scorte,11,40.47850432,51.02380154,50.72459871,60.854725,0.1880580496,0.2014660228,0.3636363636,1.095972886,1.060334514
P2|inv1.0|m0.0|S0.0|T3,4,stock_ind,196,33.42077494,90.13705343,322.9891987,422.3682401,0.540482277,0.9654073096,0.4285714286,2.237883811,1.436938094
P2|inv1.0|m0.0|S0.0|T3,4,stock_tipo,4,409.5427487,447.5795132,470.6278741,490.3024254,0.05151186924,0.05775841994,1,0.7079267519,0.8897014034
P2|inv1.0|m0.0|S0.0|T3,5,aggregati,5,571.2586477,709.6129692,1015.130545,1097.513839,0.0853392841,0.09751129495,0.8,0.4123787416,0.4012700418
P2|inv1.0|m0.0|S0.0|T3,5,consumo,71,14.6364411,30.15818416,42.58695383,55.31004638,0.1439117714,0.1756964074,0.7142857143,0.7675019801,0.8149548511
P2|inv1.0|m0.0|S0.0|T3,5,importazioni,71,10.05172477,26.8373817,51.3432191,69.17559232,0.4632349735,0.4520302669,0.5333333333,1.555997094,1.446469056
P2|inv1.0|m0.0|S0.0|T3,5,investimento_ind,196,20.14248209,66.76023405,74.23875233,130.5511887,1.964499833,1.971456302,0.1428571429,3.616407732,1.508264701
P2|inv1.0|m0.0|S0.0|T3,5,investimento_tipo,4,114.2196244,146.4343536,141.5396234,175.235388,0.1483943934,0.1812,0.5,0.6953614682,0.6567542821
P2|inv1.0|m0.0|S0.0|T3,5,produzione,71,48.41399124,83.34137307,87.36703584,129.1714475,0.123027165,0.1438022613,0.6901408451,0.898245702,0.8685524903
P2|inv1.0|m0.0|S0.0|T3,5,scorte,11,43.36409137,51.61850697,51.41087375,56.85646468,0.1887364124,0.2182564644,0,1,1
P2|inv1.0|m0.0|S0.0|T3,5,stock_ind,196,43.85287674,119.7514318,360.41183,469.2978602,0.6137474499,0.9657294095,0.3418367347,2.121661508,1.108411151
P2|inv1.0|m0.0|S0.0|T3,5,stock_tipo,4,471.2180061,533.1643721,543.9357406,565.720365,0.05382203988,0.06099269701,1,0.6568427715,0.7680604138
P2|inv1.0|m1.0|S1.0|T1,1,aggregati,5,132.986687,177.634018,259.103611,281.7311474,0.01731509406,0.01821024698,0.8,0.5055627558,0.5164927604
P2|inv1.0|m1.0|S1.0|T1,1,consumo,71,5.407728525,10.24004104,9.386455278,11.88912703,0.1756058771,0.1197145589,0.619047619,1.333069046,0.9370585006
P2|inv1.0|m1.0|S1.0|T1,1,importazioni,71,2.026858208,5.830163541,9.649227633,13.68291078,0.07255306443,0.07457535675,0.6888888889,0.845932886,0.7625884899
P2|inv1.0|m1.0|S1.0|T1,1,investimento_ind,196,11.77387465,28.08176824,55.94122599,92.65854556,1.733006528,2.161033778,0.3826530612,6.358935183,4.732178675
P2|inv1.0|m1.0|S1.0|T1,1,investimento_tipo,4,91.18826168,119.1617714,81.95609857,106.1543862,0.1561457178,0.2000943474,0.75,1.996851616,1.35486816
P2|inv1.0|m1.0|S1.0|T1,1,produzione,71,13.17979867,20.71786351,18.5180984,27.18729589,0.04362603472,0.04405210017,0.5774647887,0.9868411919,0.8302798028
P2|inv1.0|m1.0|S1.0|T1,1,scorte,11,8.422742611,11.58504903,9.67622412,12.36479266,0.04198941293,0.04347180831,0.4545454545,0.8756117895,0.8101919094
P2|inv1.0|m1.0|S1.0|T1,1,stock_ind,196,11.77681661,28.76556204,115.8954834,157.0567474,0.2477483636,0.5698990757,0.4642857143,4.660038197,5.942410103
P2|inv1.0|m1.0|S1.0|T1,1,stock_tipo,4,90.93532672,123.225081,130.1574984,159.4885054,0.009486209914,0.009702862324,1,1.00486723,1.672031846
P2|inv1.0|m1.0|S1.0|T1,2,aggregati,5,183.9334653,245.6664816,346.2955072,396.9942675,0.03169087338,0.03337823978,1,0.3707063793,0.3632631373
P2|inv1.0|m1.0|S1.0|T1,2,consumo,71,5.119065362,9.408152551,9.855025799,14.27184594,0.07398534426,0.07853294497,0.6349206349,0.7748004704,0.5905566888
P2|inv1.0|m1.0|S1.0|T1,2,importazioni,71,3.268244412,9.239214328,17.1563082,25.47518263,0.1145720909,0.1210737866,0.6888888889,1.18666243,1.197116681
P2|inv1.0|m1.0|S1.0|T1,2,investimento_ind,196,10.66404956,26.54999263,58.28637652,94.95282287,1.668257907,1.301626015,0.3520408163,3.223812927,2.69137874
P2|inv1.0|m1.0|S1.0|T1,2,investimento_tipo,4,96.36454722,115.9115332,98.96797995,118.2591576,0.1485638726,0.1902414503,0.5,1.134080853,0.9479058265
P2|inv1.0|m1.0|S1.0|T1,2,produzione,71,19.759838,32.89346275,31.58749982,46.47799641,0.05837804018,0.06871448784,0.676056338,0.8869493697,0.8080459193
P2|inv1.0|m1.0|S1.0|T1,2,scorte,11,14.46467642,19.66624455,17.61472436,21.08687714,0.06210819195,0.0677789625,0.4545454545,0.8418423525,0.7867748549
P2|inv1.0|m1.0|S1.0|T1,2,stock_ind,196,17.30444862,42.7298739,200.9466092,265.1537272,0.3533430234,0.5442009116,0.5,2.810099349,2.699082121
P2|inv1.0|m1.0|S1.0|T1,2,stock_tipo,4,181.2267863,221.6184068,238.0354651,273.9885178,0.0209636702,0.02207203464,1,0.8244726977,1.186727566
P2|inv1.0|m1.0|S1.0|T1,3,aggregati,5,340.3701276,442.4288154,641.147568,721.6215251,0.05325722289,0.05888257165,1,0.4098716999,0.4088676729
P2|inv1.0|m1.0|S1.0|T1,3,consumo,71,8.516182245,15.53320485,21.88276462,26.81837026,0.1060447768,0.1304443319,0.6349206349,0.8127022714,0.8768734378
P2|inv1.0|m1.0|S1.0|T1,3,importazioni,71,4.683351797,13.57199802,25.55092115,37.21016091,0.1511661724,0.1711168045,0.7555555556,1.104698553,1.016649779
P2|inv1.0|m1.0|S1.0|T1,3,investimento_ind,196,11.80650227,27.1046489,55.43048139,87.55379608,1.649729068,1.619115241,0.306122449,2.590169847,1.974343155
P2|inv1.0|m1.0|S1.0|T1,3,investimento_tipo,4,124.3877309,147.0745703,136.0326292,162.1824881,0.1825712902,0.2307840162,0.5,0.9611967976,0.8527780879
P2|inv1.0|m1.0|S1.0|T1,3,produzione,71,27.18147816,44.83634321,48.39882084,69.67694946,0.07143186992,0.08206341404,0.7887323944,0.7770630912,0.8263799652
P2|inv1.0|m1.0|S1.0|T1,3,scorte,11,21.75985303,27.84530408,26.38465799,30.85905607,0.09433509183,0.1046032677,0.4545454545,0.8154639281,0.7888812477
P2|inv1.0|m1.0|S1.0|T1,3,stock_ind,196,24.30740728,61.47651047,274.0704944,360.1589614,0.451724316,0.6178574239,0.4540816327,2.314826514,1.97315379
P2|inv1.0|m1.0|S1.0|T1,3,stock_tipo,4,293.9346802,336.7359098,363.8530187,392.9383187,0.03450261781,0.03734535489,1,0.7546921363,1.026900119
P2|inv1.0|m1.0|S1.0|T1,4,aggregati,5,490.422696,583.6251656,834.6486949,897.8049216,0.07962170037,0.09056713512,1,0.4075739565,0.3978222166
P2|inv1.0|m1.0|S1.0|T1,4,consumo,71,12.40765531,23.95181962,34.71684567,43.6595729,0.1285525838,0.1468309442,0.6507936508,0.8111514763,0.8957111772
P2|inv1.0|m1.0|S1.0|T1,4,importazioni,71,4.919844167,16.37998177,26.59952806,46.7293353,0.2272331213,0.2217027921,0.7333333333,1.092572908,0.8449416019
P2|inv1.0|m1.0|S1.0|T1,4,investimento_ind,196,11.39821285,28.06191226,51.75748876,86.24204829,1.578491291,1.530808137,0.3367346939,1.933139406,1.357729039
P2|inv1.0|m1.0|S1.0|T1,4,investimento_tipo,4,122.8040686,153.7767378,145.197264,179.81277,0.1677744885,0.2086619589,0.5,0.822749787,0.7499939477
P2|inv1.0|m1.0|S1.0|T1,4,produzione,71,38.64378646,64.75024911,71.25037738,102.0138479,0.09533640113,0.1106705384,0.7042253521,0.8495783871,0.8830866803
P2|inv1.0|m1.0|S1.0|T1,4,scorte,11,32.20946165,38.30305237,38.12867979,42.42848363,0.1432793962,0.1635812945,0.4545454545,0.822735774,0.7970325284
P2|inv1.0|m1.0|S1.0|T1,4,stock_ind,196,29.4319775,79.52731645,322.3254462,423.1092979,0.5067146427,0.6515946966,0.4744897959,1.974469846,1.433985143
P2|inv1.0|m1.0|S1.0|T1,4,stock_tipo,4,384.1614854,442.3823802,464.6886775,489.7577214,0.04235992548,0.04669500215,1,0.6997065599,0.8784736122
P2|inv1.0|m1.0|S1.0|T1,5,aggregati,5,581.1493652,661.2068959,924.6569883,973.4408172,0.09788705397,0.1130719683,1,0.3842484277,0.3655068309
P2|inv1.0|m1.0|S1.0|T1,5,consumo,71,15.59825362,31.79479379,44.84925589,57.49624392,0.1721843077,0.1991850949,0.6666666667,0.8091524033,0.8582468426
P2|inv1.0|m1.0|S1.0|T1,5,importazioni,71,6.541118306,20.90753777,35.25670296,59.74309978,0.2907545088,0.3132736472,0.6888888889,1.212192321,0.9932709857
P2|inv1.0|m1.0|S1.0|T1,5,investimento_ind,196,18.29464305,53.53208522,74.55974627,132.533807,1.935226556,1.865197756,0.1581632653,2.89983775,1.514786145
P2|inv1.0|m1.0|S1.0|T1,5,investimento_tipo,4,125.3623079,151.9663681,153.8140689,180.3248065,0.1626887788,0.1985529832,0.75,0.7216309169,0.7137086137
P2|inv1.0|m1.0|S1.0|T1,5,produzione,71,50.34529941,83.86433285,88.09438952,128.4982208,0.1295989242,0.1513636208,0.6338028169,0.9038821147,0.8757834195
P2|inv1.0|m1.0|S1.0|T1,5,scorte,11,35.08177904,41.58367421,39.27460836,43.06857959,0.1620609769,0.1899917018,0.4545454545,0.8055962222,0.763935827
P2|inv1.0|m1.0|S1.0|T1,5,stock_ind,196,37.63770219,104.9457787,358.3047556,468.4581814,0.5721993014,0.6827701913,0.387755102,1.859346612,1.101931051
P2|inv1.0|m1.0|S1.0|T1,5,stock_tipo,4,460.8645027,529.2745548,540.4995889,563.7754114,0.05069727347,0.05705140078,1,0.6520506313,0.7632084214
P2|inv1.0|m1.0|S1.0|T3,1,aggregati,5,133.0086793,177.6817484,259.183107,281.8313208,0.01731549959,0.01821066888,0.8,0.5056986009,0.5166512264
P2|inv1.0|m1.0|S1.0|T3,1,consumo,71,5.407107384,10.23788609,9.385637721,11.88734536,0.1755857909,0.1197111497,0.619047619,1.332788512,0.9369768831
P2|inv1.0|m1.0|S1.0|T3,1,importazioni,71,2.026858215,5.830163541,9.649227633,13.68291078,0.07255307297,0.07457536643,0.6888888889,0.845932886,0.76258849
P2|inv1.0|m1.0|S1.0|T3,1,investimento_ind,196,11.82879515,28.05593567,57.4560036,93.09473513,1.733683103,2.135768324,0.3826530612,6.353085565,4.860316702
P2|inv1.0|m1.0|S1.0|T3,1,investimento_tipo,4,91.18827064,119.1617875,81.95610451,106.1543982,0.1561457311,0.2000943708,1,1.996851885,1.354868258
P2|inv1.0|m1.0|S1.0|T3,1,produzione,71,13.18037369,20.63111232,18.48394453,27.12057092,0.04390333657,0.04432638849,0.5774647887,0.982709026,0.8287484754
P2|inv1.0|m1.0|S1.0|T3,1,scorte,11,8.422742611,11.58504903,9.67622412,12.36479266,0.04198941293,0.04347180831,0.4545454545,0.8756117895,0.8101919094
P2|inv1.0|m1.0|S1.0|T3,1,stock_ind,196,11.83590335,28.73008918,116.5596798,157.1662118,0.2417544241,0.5647501382,0.4540816327,4.654291572,5.976466022
P2|inv1.0|m1.0|S1.0|T3,1,stock_tipo,4,90.93533568,123.2250977,130.1575146,159.4885288,0.009486210455,0.009702862874,1,1.004867366,1.672032054
P2|inv1.0|m1.0|S1.0|T3,2,aggregati,5,183.4004306,245.0359061,345.1839023,395.9257001,0.03165663132,0.0333432308,1,0.3697548521,0.3620970665
P2|inv1.0|m1.0|S1.0|T3,2,consumo,71,5.095903117,9.378518012,9.768129546,14.20238692,0.07397247557,0.07851460336,0.6507936508,0.772359943,0.5853494814
P2|inv1.0|m1.0|S1.0|T3,2,importazioni,71,3.267998693,9.239198707,17.15626409,25.47518092,0.1144906138,0.1209896433,0.6888888889,1.186660423,1.197113603
P2|inv1.0|m1.0|S1.0|T3,2,investimento_ind,196,11.64221643,28.69442057,63.7520762,97.99660432,1.702274612,1.390165118,0.3469387755,3.48419848,2.94375792
P2|inv1.0|m1.0|S1.0|T3,2,investimento_tipo,4,96.3645451,115.9115302,98.96797855,118.2591557,0.1485638695,0.1902414448,0.75,1.134080824,0.9479058131
P2|inv1.0|m1.0|S1.0|T3,2,produzione,71,19.88423691,33.18086712,32.40621624,47.36475101,0.05808835597,0.06837854683,0.676056338,0.8946990289,0.8289896618
P2|inv1.0|m1.0|S1.0|T3,2,scorte,11,14.46467642,19.66624455,17.61472436,21.08687714,0.06210819195,0.0677789625,0.4545454545,0.8418423525,0.7867748549
P2|inv1.0|m1.0|S1.0|T3,2,stock_ind,196,18.03862099,44.59301198,202.5211316,265.7594217,0.366126203,0.582078337,0.4846938776,2.932627282,2.720230848
P2|inv1.0|m1.0|S1.0|T3,2,stock_tipo,4,182.643167,221.8688781,238.3561447,274.0108141,0.02154746232,0.02271503141,1,0.82540451,1.188326317
P2|inv1.0|m1.0|S1.0|T3,3,aggregati,5,343.4448026,447.6828396,649.3102698,731.0722514,0.0533926401,0.05902259702,1,0.414739095,0.414073128
P2|inv1.0|m1.0|S1.0|T3,3,consumo,71,8.53678424,15.49085623,21.84082124,26.78744898,0.1095337965,0.1336386694,0.619047619,0.8104865781,0.8751927072
P2|inv1.0|m1.0|S1.0|T3,3,importazioni,71,4.682068659,13.57199648,25.55078358,37.21016194,0.1506733038,0.1705707984,0.7555555556,1.104698428,1.016644305
P2|inv1.0|m1.0|S1.0|T3,3,investimento_ind,196,11.40635118,26.91433411,56.41383536,88.50993972,1.614168324,1.426660116,0.3163265306,2.571983018,2.009368616
P2|inv1.0|m1.0|S1.0|T3,3,investimento_tipo,4,124.3877288,147.0745682,136.0326278,162.1824868,0.182571287,0.2307840107,0.75,0.961196784,0.8527780791
P2|inv1.0|m1.0|S1.0|T3,3,produzione,71,26.90673394,44.96007067,47.72829442,70.25943594,0.0713770158,0.08185905025,0.7605633803,0.779207424,0.8149311409
P2|inv1.0|m1.0|S1.0|T3,3,scorte,11,21.75985303,27.84530408,26.38465799,30.85905607,0.09433509183,0.1046032677,0.4545454545,0.8154639281,0.7888812477
P2|inv1.0|m1.0|S1.0|T3,3,stock_ind,196,24.7324361,63.35646299,275.6247148,360.6903591,0.447031574,0.5868640061,0.4540816327,2.385613941,1.984343305
P2|inv1.0|m1.0|S1.0|T3,3,stock_tipo,4,302.1541843,339.1933704,366.0833943,393.6035947,0.03749423931,0.04081287794,1,0.7601997942,1.033194895
P2|inv1.0|m1.0|S1.0|T3,4,aggregati,5,489.7528496,582.7870972,833.3860802,896.5795918,0.07957376696,0.09051661332,1,0.4069886924,0.3972204111
P2|inv1.0|m1.0|S1.0|T3,4,consumo,71,12.38359367,23.91391085,34.69467715,43.64540222,0.1284234963,0.1466975537,0.6507936508,0.8098676592,0.8951392188
P2|inv1.0|m1.0|S1.0|T3,4,importazioni,71,4.921180865,16.38063864,26.60173904,46.73011961,0.227284274,0.2217652164,0.7333333333,1.092616723,0.8450118341
P2|inv1.0|m1.0|S1.0|T3,4,investimento_ind,196,11.25348547,27.63052662,50.93094434,85.63623893,1.559981234,1.580354241,0.3418367347,1.903421953,1.336046701
P2|inv1.0|m1.0|S1.0|T3,4,investimento_tipo,4,122.8040665,153.7767366,145.1972626,179.8127693,0.1677744852,0.2086619534,0.75,0.8227497804,0.7499939405
P2|inv1.0|m1.0|S1.0|T3,4,produzione,71,38.69470814,64.68319541,70.79458336,101.6364655,0.095808492,0.1113743979,0.7042253521,0.8486985855,0.8774375083
P2|inv1.0|m1.0|S1.0|T3,4,scorte,11,32.20946165,38.30305237,38.12867979,42.42848363,0.1432793962,0.1635812945,0.4545454545,0.822735774,0.7970325284
P2|inv1.0|m1.0|S1.0|T3,4,stock_ind,196,30.49651481,81.29810434,324.4903051,423.6358356,0.5104244105,0.6656727102,0.4642857143,2.018434202,1.443616326
P2|inv1.0|m1.0|S1.0|T3,4,stock_tipo,4,401.862064,445.7047069,469.2923913,490.6230192,0.0486926599,0.05430458507,1,0.7049614116,0.8871767316
P2|inv1.0|m1.0|S1.0|T3,5,aggregati,5,581.1493657,661.206895,924.6569855,973.4408138,0.09788705453,0.113071969,1,0.3842484272,0.3655068298
P2|inv1.0|m1.0|S1.0|T3,5,consumo,71,15.59825363,31.79479382,44.84925605,57.49624411,0.1721843077,0.1991850949,0.6666666667,0.8091524041,0.8582468456
P2|inv1.0|m1.0|S1.0|T3,5,importazioni,71,6.541118306,20.90753776,35.25670296,59.74309978,0.2907545089,0.3132736472,0.6888888889,1.212192321,0.9932709856
P2|inv1.0|m1.0|S1.0|T3,5,investimento_ind,196,18.29464301,53.53208517,74.55974487,132.5338064,1.935226556,1.865197757,0.1581632653,2.899837747,1.514786116
P2|inv1.0|m1.0|S1.0|T3,5,investimento_tipo,4,125.3623058,151.9663674,153.8140675,180.3248061,0.1626887756,0.1985529777,0.75,0.7216309136,0.7137086072
P2|inv1.0|m1.0|S1.0|T3,5,produzione,71,50.34529938,83.86433312,88.09438928,128.4982211,0.1295989242,0.1513636208,0.6338028169,0.9038821177,0.8757834171
P2|inv1.0|m1.0|S1.0|T3,5,scorte,11,35.08177904,41.58367421,39.27460836,43.06857959,0.1620609769,0.1899917018,0.4545454545,0.8055962222,0.763935827
P2|inv1.0|m1.0|S1.0|T3,5,stock_ind,196,37.60268323,104.1470588,357.9784315,468.2245624,0.5750044361,0.6921923431,0.387755102,1.845195522,1.100927473
P2|inv1.0|m1.0|S1.0|T3,5,stock_tipo,4,461.9948489,529.4928717,540.8211773,563.8705754,0.05101422259,0.05751770899,1,0.6523195913,0.763662518
P2|lx0.5|li0.1|T1,1,aggregati,5,129.8612127,189.0439235,272.049025,313.3088873,0.01825589088,0.01869899985,0.8,0.5380363963,0.5422979298
P2|lx0.5|li0.1|T1,1,consumo,71,4.518948139,7.746068774,9.387339296,11.49343633,0.09632515221,0.08177667661,0.619047619,1.008398743,0.9371467528
P2|lx0.5|li0.1|T1,1,importazioni,71,3.417904952,12.03379965,13.50396812,24.75548611,0.2021139769,0.1577009038,0.6888888889,1.746055114,1.067232637
P2|lx0.5|li0.1|T1,1,investimento_ind,196,11.64252647,27.98482941,60.36508243,96.3353993,1.719577492,1.769125048,0.3724489796,6.33698401,5.106401419
P2|lx0.5|li0.1|T1,1,investimento_tipo,4,100.6220769,123.561866,90.59640549,109.9067653,0.1734459099,0.2188333139,0.5,2.070586135,1.497706544
P2|lx0.5|li0.1|T1,1,produzione,71,12.51403079,19.85408848,18.58084762,27.37726014,0.04245682316,0.04142914141,0.5915492958,0.9456975293,0.8330932346
P2|lx0.5|li0.1|T1,1,scorte,11,31.04575176,34.24918964,36.4465317,38.58773342,0.162300108,0.1633665102,0.4545454545,2.588594503,3.051674366
P2|lx0.5|li0.1|T1,1,stock_ind,196,11.64898354,28.66264289,119.5615207,160.736912,0.2356352538,0.4341729868,0.4591836735,4.643365234,6.130382025
P2|lx0.5|li0.1|T1,1,stock_tipo,4,95.8499369,126.7283385,136.4191344,163.8386974,0.01015331838,0.01036765473,1,1.033435348,1.752470199
P2|lx0.5|li0.1|T1,2,aggregati,5,197.8361529,262.5879282,360.6145066,424.044816,0.03752078375,0.04012068937,1,0.3962405432,0.3782837325
P2|lx0.5|li0.1|T1,2,consumo,71,5.057279588,9.508524158,10.04537243,14.62089103,0.07348029983,0.07808499109,0.6349206349,0.7830664896,0.6019630996
P2|lx0.5|li0.1|T1,2,importazioni,71,4.321430854,11.98395402,24.30668091,33.65888444,0.2219520764,0.201869126,0.6222222222,1.539190183,1.69604864
P2|lx0.5|li0.1|T1,2,investimento_ind,196,10.99885485,26.58351686,58.49516875,93.1758207,1.658006147,1.41666885,0.3418367347,3.227883582,2.70101974
P2|lx0.5|li0.1|T1,2,investimento_tipo,4,113.3187972,121.8558901,116.410941,124.1931919,0.1771969318,0.2194422584,0.25,1.192240565,1.114972835
P2|lx0.5|li0.1|T1,2,produzione,71,19.16456128,32.24549797,30.93990654,46.16949111,0.06045603662,0.06865472669,0.6901408451,0.8694774495,0.7914797109
P2|lx0.5|li0.1|T1,2,scorte,11,32.94336995,40.14672072,44.08659114,49.56517063,0.1413136758,0.1464184336,0.5454545455,1.71853908,1.96916061
P2|lx0.5|li0.1|T1,2,stock_ind,196,18.44083887,43.90023987,203.4383821,267.5396601,0.3712601592,0.528265158,0.4846938776,2.887067624,2.732551208
P2|lx0.5|li0.1|T1,2,stock_tipo,4,187.0501527,225.4608062,246.8731496,279.0489876,0.02139011405,0.02239866495,1,0.8387673288,1.230787907
P2|lx0.5|li0.1|T1,3,aggregati,5,342.0168319,477.0069934,673.6748043,780.6605109,0.05194784259,0.05810051751,1,0.4419053652,0.4296106906
P2|lx0.5|li0.1|T1,3,consumo,71,7.86950401,14.64627248,20.67318153,25.56406828,0.1035135682,0.1281757671,0.6984126984,0.766297685,0.8284037265
P2|lx0.5|li0.1|T1,3,importazioni,71,6.09242893,16.8745628,34.4380699,46.60722869,0.2634492823,0.2601003725,0.7111111111,1.373512219,1.370261993
P2|lx0.5|li0.1|T1,3,investimento_ind,196,12.17759587,28.49815195,57.42406337,87.47035174,1.650802435,1.694303974,0.3163265306,2.723335549,2.045351287
P2|lx0.5|li0.1|T1,3,investimento_tipo,4,151.418028,158.8183954,164.4040835,173.1767732,0.2254050615,0.2760890041,0.25,1.037947843,1.030636553
P2|lx0.5|li0.1|T1,3,produzione,71,27.53634287,44.98257828,49.22888499,69.66665525,0.07340239952,0.08276072831,0.7605633803,0.7795975057,0.8405527977
P2|lx0.5|li0.1|T1,3,scorte,11,37.39031299,45.90404595,46.07740296,52.98741316,0.173662815,0.1837058586,0.2727272727,1.344323392,1.377679375
P2|lx0.5|li0.1|T1,3,stock_ind,196,25.76718112,63.168913,275.6537507,360.8431207,0.4739565587,0.6881089037,0.4387755102,2.378551964,1.984552347
P2|lx0.5|li0.1|T1,3,stock_tipo,4,309.9110142,346.9678647,378.5711931,402.3893284,0.03773289871,0.04058197182,1,0.7776239818,1.068439132
P2|lx0.5|li0.1|T1,4,aggregati,5,515.2406382,651.2268091,917.8788083,1015.733281,0.08330374093,0.09427570445,1,0.4547834857,0.4374925454
P2|lx0.5|li0.1|T1,4,consumo,71,11.18868728,22.33359123,32.46811822,41.95364535,0.1207375366,0.1387541779,0.746031746,0.7563486106,0.8376929363
P2|lx0.5|li0.1|T1,4,importazioni,71,6.789517164,19.32784874,37.38188778,52.00946495,0.3386231792,0.3149689809,0.6,1.289200697,1.187446336
P2|lx0.5|li0.1|T1,4,investimento_ind,196,11.96232311,27.83708765,49.82743647,82.9392991,1.608511082,1.751948833,0.3520408163,1.917651606,1.307098916
P2|lx0.5|li0.1|T1,4,investimento_tipo,4,156.2525558,171.5820135,180.5298954,195.9638129,0.2191498859,0.2642249068,0.25,0.9180131344,0.9324991749
P2|lx0.5|li0.1|T1,4,produzione,71,38.72909991,64.49255499,71.59509964,101.7320704,0.0958426112,0.1102691629,0.7464788732,0.8461972208,0.887359214
P2|lx0.5|li0.1|T1,4,scorte,11,43.27195989,53.53196883,49.32156083,59.72257923,0.2165323654,0.2342952405,0.2727272727,1.149847416,1.031005756
P2|lx0.5|li0.1|T1,4,stock_ind,196,32.39230465,81.24442134,324.1147149,422.0308796,0.5489478689,0.8244418604,0.4285714286,2.017101384,1.441945373
P2|lx0.5|li0.1|T1,4,stock_tipo,4,436.7864881,469.0859878,492.6716037,507.9642161,0.05781147107,0.06380337011,1,0.7419430736,0.9313741098
P2|lx0.5|li0.1|T1,5,aggregati,5,603.0661505,738.4036172,1036.270485,1123.681069,0.09711923548,0.1113061317,0.8,0.4291099059,0.4096264299
P2|lx0.5|li0.1|T1,5,consumo,71,14.28634855,29.91744829,42.29318213,55.23366461,0.141257318,0.1730371449,0.7619047619,0.7613754422,0.8093331608
P2|lx0.5|li0.1|T1,5,importazioni,71,10.23023252,27.03961361,51.95672187,69.52534902,0.467477457,0.4545360886,0.5333333333,1.567722242,1.463752989
P2|lx0.5|li0.1|T1,5,investimento_ind,196,19.19847057,64.39224661,66.537627,118.6241508,1.961535835,1.966170621,0.1428571429,3.488133645,1.351805505
P2|lx0.5|li0.1|T1,5,investimento_tipo,4,158.810795,182.5994685,189.1467002,208.4538604,0.2137582939,0.2541159311,0.5,0.8670959469,0.8776546266
P2|lx0.5|li0.1|T1,5,produzione,71,49.02294044,85.85949952,88.75398488,133.5661007,0.1221286498,0.1421885273,0.6901408451,0.9253858388,0.8823407347
P2|lx0.5|li0.1|T1,5,scorte,11,43.36409137,51.61850697,51.41087375,56.85646468,0.1887364124,0.2182564644,0,1,1
P2|lx0.5|li0.1|T1,5,stock_ind,196,42.31729752,120.2367591,358.5161873,466.2526773,0.615126667,0.8424681374,0.3367346939,2.130260154,1.102581288
P2|lx0.5|li0.1|T1,5,stock_tipo,4,562.4827381,586.1801528,585.5757123,596.2572716,0.08212041152,0.09282659767,1,0.7221566487,0.8268578259
P2|lx0.5|li0.1|T3,1,aggregati,5,128.8428878,188.7044437,271.4899044,312.9750323,0.01791873156,0.01832445682,0.8,0.5370702057,0.5411833883
P2|lx0.5|li0.1|T3,1,consumo,71,4.511028118,7.726188864,9.381658663,11.48369777,0.09620941999,0.08168756559,0.619047619,1.005810737,0.9365796501
P2|lx0.5|li0.1|T3,1,importazioni,71,3.174252103,9.721769503,14.70508435,23.9892107,0.1914923601,0.1510417061,0.6888888889,1.410588996,1.162158101
P2|lx0.5|li0.1|T3,1,investimento_ind,196,11.26899714,27.06025545,55.78876558,89.65017369,1.690900978,1.867272238,0.3775510204,6.127620205,4.719281748
P2|lx0.5|li0.1|T3,1,investimento_tipo,4,93.81667929,115.232855,85.94601814,103.660241,0.1605075584,0.2015482061,0.5,1.931012857,1.420828046
P2|lx0.5|li0.1|T3,1,produzione,71,12.50914757,19.89024134,18.65782373,27.47001877,0.04221599901,0.04118332818,0.5774647887,0.9474195764,0.8365445452
P2|lx0.5|li0.1|T3,1,scorte,11,33.35070195,38.23515873,41.68913891,45.43706445,0.1647208969,0.1639913706,0.3636363636,2.88985879,3.490638769
P2|lx0.5|li0.1|T3,1,stock_ind,196,11.27189423,27.70359411,111.6358991,150.0980107,0.2354904204,0.4198107338,0.4642857143,4.487998759,5.724004723
P2|lx0.5|li0.1|T3,1,stock_tipo,4,89.04453933,118.3185506,125.4871408,152.4713161,0.009678206029,0.009888150801,1,0.9648558004,1.612035405
P2|lx0.5|li0.1|T3,2,aggregati,5,196.8944179,261.5333326,359.3838657,422.2614568,0.03730368835,0.03978461404,1,0.3946491771,0.3769927932
P2|lx0.5|li0.1|T3,2,consumo,71,5.033375039,9.499854957,9.778684895,14.55788542,0.07346481022,0.07806930819,0.6349206349,0.7823525448,0.5859820045
P2|lx0.5|li0.1|T3,2,importazioni,71,4.374099337,11.89174351,24.16299809,33.20972037,0.2248546253,0.2061954181,0.6444444444,1.527346887,1.686022876
P2|lx0.5|li0.1|T3,2,investimento_ind,196,12.03361923,29.84803902,64.94547341,100.1557707,1.695568149,1.611417331,0.3469387755,3.624275734,2.998863145
P2|lx0.5|li0.1|T3,2,investimento_tipo,4,111.3809999,121.6381314,114.9866139,123.980391,0.1715451696,0.2148885416,0.75,1.190110009,1.101330767
P2|lx0.5|li0.1|T3,2,produzione,71,19.9259555,33.2929403,31.80611119,46.83762709,0.06287641126,0.07161321085,0.676056338,0.8977210044,0.813638259
P2|lx0.5|li0.1|T3,2,scorte,11,39.76846844,45.61943001,46.54194704,51.06720574,0.196217093,0.2054062203,0.3636363636,1.952806403,2.078830919
P2|lx0.5|li0.1|T3,2,stock_ind,196,19.39149995,46.50993344,200.2260039,261.4301866,0.3863056124,0.564071388,0.4795918367,3.05869224,2.689403067
P2|lx0.5|li0.1|T3,2,stock_tipo,4,176.6458026,217.1690353,233.5353695,268.5764184,0.02004231898,0.02100213433,1,0.8079199871,1.164292306
P2|lx0.5|li0.1|T3,3,aggregati,5,375.9651628,491.7113673,692.2169235,795.4518201,0.0644435091,0.07145839003,1,0.4555276848,0.4414352277
P2|lx0.5|li0.1|T3,3,consumo,71,7.851715802,14.60717924,20.47473004,25.31329786,0.103502201,0.1281640969,0.6984126984,0.7642523142,0.8204514938
P2|lx0.5|li0.1|T3,3,importazioni,71,4.939849847,13.46362459,26.47496501,36.50665374,0.2512261437,0.2517023207,0.7333333333,1.095877452,1.053416711
P2|lx0.5|li0.1|T3,3,investimento_ind,196,10.54036342,24.9032785,53.50299074,87.04978985,1.591259295,1.602507146,0.3316326531,2.379802864,1.905689089
P2|lx0.5|li0.1|T3,3,investimento_tipo,4,149.4802307,157.5951562,162.9797564,172.3416014,0.2198330419,0.2715352874,0.75,1.029953439,1.021707555
P2|lx0.5|li0.1|T3,3,produzione,71,27.80214675,44.81582926,48.4713822,68.80491498,0.07572040666,0.0857088355,0.7605633803,0.7767075619,0.8276189056
P2|lx0.5|li0.1|T3,3,scorte,11,41.3670165,48.22692156,49.78042122,55.14683279,0.1965881494,0.2083648494,0.2727272727,1.412349988,1.488396811
P2|lx0.5|li0.1|T3,3,stock_ind,196,25.77588406,62.67465517,274.2639733,357.540373,0.4862094249,0.6877612699,0.4336734694,2.35994126,1.974546729
P2|lx0.5|li0.1|T3,3,stock_tipo,4,289.582324,334.940206,361.0201694,390.2013815,0.0332265494,0.03573518172,1,0.7506676069,1.018904986
P2|lx0.5|li0.1|T3,4,aggregati,5,504.4389701,646.4589346,910.3341154,1008.816005,0.07957060844,0.0902097801,1,0.451453846,0.4338964858
P2|lx0.5|li0.1|T3,4,consumo,71,11.17677314,22.30377824,32.33519996,41.77633044,0.1207300243,0.1387463614,0.746031746,0.7553389651,0.8342635818
P2|lx0.5|li0.1|T3,4,importazioni,71,6.456007655,17.58454155,35.59374198,48.35455881,0.3366767348,0.3143009714,0.6222222222,1.172919114,1.130645374
P2|lx0.5|li0.1|T3,4,investimento_ind,196,12.02416703,28.78437443,50.65186367,85.60185913,1.611673845,2.054568095,0.3469387755,1.982908648,1.328725713
P2|lx0.5|li0.1|T3,4,investimento_tipo,4,154.3147584,170.2226294,179.1055683,195.0972657,0.2135854857,0.25967119,0.75,0.9107400382,0.925142034
P2|lx0.5|li0.1|T3,4,produzione,71,39.09240156,65.03000548,72.63885116,102.7601264,0.09593393967,0.1111145141,0.7464788732,0.8532490288,0.9002956095
P2|lx0.5|li0.1|T3,4,scorte,11,46.60530632,57.03578517,57.60927739,66.28129213,0.212852476,0.2328046181,0.3636363636,1.22510813,1.204250141
P2|lx0.5|li0.1|T3,4,stock_ind,196,31.62165068,80.61837367,323.1940908,421.8049793,0.5554169029,0.8603770605,0.4285714286,2.001558143,1.437849633
P2|lx0.5|li0.1|T3,4,stock_tipo,4,402.5153613,448.4048869,469.5664177,491.3615217,0.04891426315,0.05405426282,1,0.7092322274,0.8876947667
P2|lx0.5|li0.1|T3,5,aggregati,5,614.5079423,738.8804967,1040.273874,1125.153311,0.1015222367,0.1161478162,0.8,0.4293870359,0.4112089257
P2|lx0.5|li0.1|T3,5,consumo,71,14.28020952,29.90337286,42.22469291,55.14856313,0.1412534962,0.1730331173,0.7619047619,0.7610172336,0.8080225334
P2|lx0.5|li0.1|T3,5,importazioni,71,9.966482207,26.75263184,51.65677626,69.55772411,0.444136501,0.448531351,0.5111111111,1.551083405,1.455302758
P2|lx0.5|li0.1|T3,5,investimento_ind,196,19.27600556,64.63455808,67.83646009,120.6896893,1.961672416,1.9663634,0.1428571429,3.501259678,1.378193127
P2|lx0.5|li0.1|T3,5,investimento_tipo,4,156.8729977,181.4428665,187.7223731,207.7228897,0.2081681116,0.2495622143,0.75,0.8616036808,0.8710456438
P2|lx0.5|li0.1|T3,5,produzione,71,49.30742255,85.94074047,89.53030348,133.5005699,0.1224880855,0.1432362321,0.7042253521,0.9262614463,0.8900584448
P2|lx0.5|li0.1|T3,5,scorte,11,43.36409137,51.61850697,51.41087375,56.85646468,0.1887364124,0.2182564644,0,1,1
P2|lx0.5|li0.1|T3,5,stock_ind,196,40.46865494,113.3622605,357.3633314,468.6341851,0.6220330475,0.8702433942,0.3469387755,2.008463205,1.099035793
P2|lx0.5|li0.1|T3,5,stock_tipo,4,517.6192884,552.9521566,557.823631,573.2329649,0.07010859642,0.07964816628,1,0.681220738,0.7876707061
P2|lx0.5|li0.5|T1,1,aggregati,5,126.9358193,189.7543542,277.185842,319.1470974,0.01573728727,0.01620763876,0.8,0.5400583476,0.552537574
P2|lx0.5|li0.5|T1,1,consumo,71,4.648747935,7.814742044,9.425741434,11.49156678,0.09917130748,0.08442884789,0.6031746032,1.017338767,0.9409804738
P2|lx0.5|li0.5|T1,1,importazioni,71,4.139866946,13.92135813,17.90444059,29.97832396,0.2522370376,0.1904907763,0.6666666667,2.019932129,1.415006551
P2|lx0.5|li0.5|T1,1,investimento_ind,196,12.29515314,30.09720766,61.77302378,95.32705634,1.747877123,1.819973,0.3724489796,6.815318432,5.225501956
P2|lx0.5|li0.5|T1,1,investimento_tipo,4,94.63400862,116.6775037,86.48771293,104.7257849,0.1617435501,0.2036859617,0.75,1.955221535,1.429783146
P2|lx0.5|li0.5|T1,1,produzione,71,12.64784739,20.18693382,19.0350006,28.24729415,0.03814555026,0.03893468259,0.5633802817,0.9615517457,0.8534556953
P2|lx0.5|li0.5|T1,1,scorte,11,33.46249299,38.97487621,42.04767611,46.64254956,0.1631025154,0.1638564733,0.3636363636,2.945767517,3.52065915
P2|lx0.5|li0.5|T1,1,stock_ind,196,12.29535324,30.71825085,115.3509672,153.2924335,0.2370403549,0.4500441765,0.4591836735,4.976374947,5.91449065
P2|lx0.5|li0.5|T1,1,stock_tipo,4,89.86186866,119.8387159,126.96331,154.6006977,0.009727518162,0.009938229337,1,0.9772523381,1.6309986
P2|lx0.5|li0.5|T1,2,aggregati,5,191.8232616,259.9890274,359.8679801,424.3023404,0.0349115258,0.03734691049,1,0.3923188479,0.3775006281
P2|lx0.5|li0.5|T1,2,consumo,71,5.038271951,9.501283743,9.833316559,14.56828428,0.07346798454,0.07807252088,0.6349206349,0.7824702113,0.5892557752
P2|lx0.5|li0.5|T1,2,importazioni,71,4.419578793,12.99302644,25.55549971,36.94097911,0.2230035338,0.2037593407,0.6444444444,1.668793014,1.78318754
P2|lx0.5|li0.5|T1,2,investimento_ind,196,11.26402915,27.94359312,60.51467584,96.62272884,1.651059581,1.416637829,0.3520408163,3.393029821,2.794270664
P2|lx0.5|li0.5|T1,2,investimento_tipo,4,111.1885452,121.3723853,114.8590622,123.8076605,0.1712574425,0.2143851691,0.75,1.187509944,1.100109089
P2|lx0.5|li0.5|T1,2,produzione,71,19.34251841,32.76971226,31.31923248,46.82914696,0.06092702716,0.06966276332,0.6901408451,0.8836125238,0.801183321
P2|lx0.5|li0.5|T1,2,scorte,11,46.5547973,52.11631,56.31987638,60.01799059,0.2213857945,0.2347144204,0.2727272727,2.23091485,2.515569456
P2|lx0.5|li0.5|T1,2,stock_ind,196,18.95134886,44.76774576,200.7523457,262.2541659,0.3725737445,0.5371817178,0.4795918367,2.944118523,2.696472805
P2|lx0.5|li0.5|T1,2,stock_tipo,4,179.709773,219.2286103,235.519659,270.5003219,0.02090778223,0.0219157842,1,0.8155820914,1.174184996
P2|lx0.5|li0.5|T1,3,aggregati,5,354.0024447,478.4214791,678.346299,782.8560169,0.05651889999,0.063084903,1,0.4432157628,0.4325897602
P2|lx0.5|li0.5|T1,3,consumo,71,7.855338383,14.61502444,20.51514483,25.36376719,0.1035045166,0.1281664735,0.6984126984,0.7646627775,0.8220709717
P2|lx0.5|li0.5|T1,3,importazioni,71,5.681612495,14.69358772,31.14812789,39.80567425,0.2595830356,0.2584101614,0.7111111111,1.195990825,1.239357952
P2|lx0.5|li0.5|T1,3,investimento_ind,196,12.74854466,30.48822169,60.59295682,91.75186093,1.650397079,1.7097512,0.3112244898,2.913510255,2.158222093
P2|lx0.5|li0.5|T1,3,investimento_tipo,4,149.2877759,157.4163927,162.8522047,172.2332887,0.2195436142,0.2710319148,0.75,1.028785141,1.020907944
P2|lx0.5|li0.5|T1,3,produzione,71,27.71731371,45.23186705,49.45057905,69.96518107,0.07404150992,0.08395731455,0.7605633803,0.783917954,0.8443380869
P2|lx0.5|li0.5|T1,3,scorte,11,31.08795208,39.35162753,41.03354358,48.86794636,0.1371128207,0.1466634157,0.5454545455,1.152432477,1.226871808
P2|lx0.5|li0.5|T1,3,stock_ind,196,26.43291698,64.92239655,274.5399629,358.3865408,0.4768197038,0.6972363607,0.4234693878,2.444577348,1.9765337
P2|lx0.5|li0.5|T1,3,stock_tipo,4,301.6796423,340.6537698,365.6896947,393.2054672,0.03727677652,0.04013971727,1,0.7634728396,1.032083759
P2|lx0.5|li0.5|T1,4,aggregati,5,503.2928707,639.7507431,910.5239295,1008.395248,0.07888276827,0.08968933455,1,0.4467691883,0.4339869578
P2|lx0.5|li0.5|T1,4,consumo,71,11.17919829,22.30981335,32.36225574,41.81226622,0.1207315537,0.1387479525,0.746031746,0.7555433497,0.8349616338
P2|lx0.5|li0.5|T1,4,importazioni,71,6.701392589,18.37745961,35.56055272,48.93296745,0.3485306316,0.3193147477,0.6444444444,1.22580811,1.129591108
P2|lx0.5|li0.5|T1,4,investimento_ind,196,12.16982968,28.78004212,51.13841492,85.91868045,1.611173381,1.790845699,0.3367346939,1.982610202,1.341489176
P2|lx0.5|li0.5|T1,4,investimento_tipo,4,154.1223037,170.1184481,178.9780166,195.0370309,0.2132930862,0.2591678175,0.75,0.9101826383,0.9244831856
P2|lx0.5|li0.5|T1,4,produzione,71,39.30049472,65.61755886,73.64456637,104.2049341,0.09593224896,0.111056777,0.7323943662,0.8609582294,0.9127605779
P2|lx0.5|li0.5|T1,4,scorte,11,40.5905847,52.42297682,47.58455148,59.27326246,0.1978783864,0.2157282422,0.3636363636,1.126026667,0.9946957404
P2|lx0.5|li0.5|T1,4,stock_ind,196,33.34836814,84.01909145,325.076413,422.762917,0.5443576997,0.8414879593,0.4387755102,2.085989695,1.446223847
P2|lx0.5|li0.5|T1,4,stock_tipo,4,428.0129242,462.2695455,478.3543293,497.3676555,0.05757483265,0.0636184413,1,0.7311616555,0.904307929
P2|lx0.5|li0.5|T1,5,aggregati,5,614.2221503,743.9580861,1048.646349,1136.274308,0.1003387722,0.1148226643,0.8,0.4323377851,0.4145184741
P2|lx0.5|li0.5|T1,5,consumo,71,14.28147145,29.90625942,42.23877148,55.16602305,0.1412542819,0.1730339452,0.7619047619,0.7610906944,0.8082919447
P2|lx0.5|li0.5|T1,5,importazioni,71,9.558432091,26.13185497,44.61377661,65.15513289,0.4767656871,0.4569965265,0.5555555556,1.515091556,1.256883547
P2|lx0.5|li0.5|T1,5,investimento_ind,196,19.27088427,65.45430824,67.35347974,121.2044506,1.961223297,1.969446575,0.1428571429,3.545665616,1.368380701
P2|lx0.5|li0.5|T1,5,investimento_tipo,4,156.680543,181.3877172,187.5948214,207.6909655,0.2078745295,0.2490588417,0.75,0.8613417976,0.8704537947
P2|lx0.5|li0.5|T1,5,produzione,71,48.94725749,85.76994931,88.06926762,133.1106159,0.1227479043,0.1432476021,0.6901408451,0.9244206748,0.8755336722
P2|lx0.5|li0.5|T1,5,scorte,11,43.36409137,51.61850697,51.41087375,56.85646468,0.1887364124,0.2182564644,0,1,1
P2|lx0.5|li0.5|T1,5,stock_ind,196,43.35951132,124.2573967,361.0316618,470.4056904,0.6165668823,0.8596408201,0.3418367347,2.201494642,1.110317383
P2|lx0.5|li0.5|T1,5,stock_tipo,4,554.3039067,581.0815576,570.9145793,585.3348764,0.08208918737,0.09288130408,1,0.7158753298,0.8061556822
P2|lx0.5|li0.5|T3,1,aggregati,5,128.3699258,191.1741514,278.145068,320.6941707,0.01642915805,0.016885085,0.8,0.5440992211,0.554449679
P2|lx0.5|li0.5|T3,1,consumo,71,4.602613298,7.757413993,9.404946967,11.47041147,0.09816746373,0.08355778262,0.6031746032,1.009875687,0.938904543
P2|lx0.5|li0.5|T3,1,importazioni,71,3.018297591,8.912410128,13.16893508,20.33901214,0.2314286075,0.1751748585,0.6666666667,1.29315426,1.040754628
P2|lx0.5|li0.5|T3,1,investimento_ind,196,11.26441012,27.46920073,55.60409958,90.13526667,1.708437323,1.719632361,0.3775510204,6.220223223,4.703660486
P2|lx0.5|li0.5|T3,1,investimento_tipo,4,94.41944313,116.2977671,86.34550708,104.445469,0.1614198086,0.2031247576,0.5,1.948858106,1.427432251
P2|lx0.5|li0.5|T3,1,produzione,71,12.72396012,20.55986508,19.49340606,29.31056207,0.03931067733,0.03982448591,0.5633802817,0.9793153501,0.8740088204
P2|lx0.5|li0.5|T3,1,scorte,11,28.89930637,33.31423799,32.99031456,36.96164038,0.1530425658,0.1531261525,0.4545454545,2.517929745,2.76228471
P2|lx0.5|li0.5|T3,1,stock_ind,196,11.27338489,28.11511202,112.6226704,151.688816,0.2355735793,0.4244715546,0.4744897959,4.554664906,5.77460031
P2|lx0.5|li0.5|T3,1,stock_tipo,4,89.64730316,119.439349,126.5757857,154.0415085,0.009714573677,0.009925082707,1,0.9739956088,1.626020377
P2|lx0.5|li0.5|T3,2,aggregati,5,192.5949761,259.2663947,358.1717612,421.7863571,0.03549664994,0.03794577965,1,0.3912284078,0.3757212986
P2|lx0.5|li0.5|T3,2,consumo,71,5.037016267,9.500900305,9.819307714,14.56549415,0.07346717063,0.07807169707,0.6349206349,0.7824386336,0.5884163033
P2|lx0.5|li0.5|T3,2,importazioni,71,4.372018075,11.89572326,24.1740256,33.22342645,0.2246769753,0.206014441,0.6444444444,1.527858037,1.686792343
P2|lx0.5|li0.5|T3,2,investimento_ind,196,12.03262902,29.89008001,64.74989762,100.0162314,1.708433051,1.630289472,0.3469387755,3.62938053,2.989832415
P2|lx0.5|li0.5|T3,2,investimento_tipo,4,111.2390684,121.4420873,114.8925471,123.8529523,0.1713330143,0.2145173146,0.75,1.188191909,1.100429804
P2|lx0.5|li0.5|T3,2,produzione,71,19.89573008,33.28348275,31.76470192,46.873048,0.06276758553,0.07151081408,0.676056338,0.897465988,0.8125789605
P2|lx0.5|li0.5|T3,2,scorte,11,41.7465926,47.60603495,50.306885,54.40686834,0.2003616079,0.2103704965,0.3636363636,2.037845932,2.246994693
P2|lx0.5|li0.5|T3,2,stock_ind,196,19.19576988,46.32088903,200.7061823,262.4476009,0.3864571694,0.5660881824,0.4846938776,3.046259871,2.695852745
P2|lx0.5|li0.5|T3,2,stock_tipo,4,177.7933265,218.2894334,234.6250154,269.8491937,0.02028376152,0.02125661105,1,0.812088132,1.169724744
P2|lx0.5|li0.5|T3,3,aggregati,5,341.603345,484.1390441,683.0660353,793.4842338,0.05060177271,0.05651547474,1,0.448512588,0.4355995939
P2|lx0.5|li0.5|T3,3,consumo,71,7.854424098,14.61303882,20.50494474,25.35100029,0.1035039322,0.1281658737,0.6984126984,0.7645588888,0.8216622398
P2|lx0.5|li0.5|T3,3,importazioni,71,6.256786109,17.41938488,36.87376555,48.04214026,0.261305209,0.2597345287,0.7111111111,1.417858244,1.467176285
P2|lx0.5|li0.5|T3,3,investimento_ind,196,10.75064335,25.03374195,53.85977151,86.98495686,1.600049607,1.672938866,0.3316326531,2.39227019,1.918397037
P2|lx0.5|li0.5|T3,3,investimento_tipo,4,149.3382992,157.4632503,162.8856896,172.2616744,0.2196196319,0.2711640603,0.5,1.029091376,1.021117858
P2|lx0.5|li0.5|T3,3,produzione,71,27.79037804,44.79919804,48.48177007,68.75720681,0.07561425702,0.08559985008,0.7605633803,0.7764193247,0.8277962721
P2|lx0.5|li0.5|T3,3,scorte,11,50.74560322,58.66070833,63.23706484,68.17539961,0.2236661498,0.2403434623,0.2727272727,1.717908754,1.890740241
P2|lx0.5|li0.5|T3,3,stock_ind,196,25.83349208,62.67992275,274.6612747,358.1743361,0.4850528763,0.6956755325,0.443877551,2.360139604,1.977407076
P2|lx0.5|li0.5|T3,3,stock_tipo,4,291.1275551,336.1735429,362.0711497,391.2602579,0.03360627667,0.03614803454,1,0.7534317602,1.021871162
P2|lx0.5|li0.5|T3,4,aggregati,5,515.8927552,648.0402432,915.3548708,1011.806977,0.08400988915,0.09492544479,1,0.4525581511,0.4362895502
P2|lx0.5|li0.5|T3,4,consumo,71,11.17857908,22.30827078,32.35534758,41.80308308,0.1207311632,0.1387475462,0.746031746,0.7554911092,0.8347834001
P2|lx0.5|li0.5|T3,4,importazioni,71,6.603486946,18.03804752,36.4295687,49.36820943,0.3449586614,0.3158573669,0.6444444444,1.203168741,1.157195649
P2|lx0.5|li0.5|T3,4,investimento_ind,196,11.93656416,28.58097785,50.4320664,85.45179816,1.608020785,2.023456242,0.3469387755,1.968896989,1.322959878
P2|lx0.5|li0.5|T3,4,investimento_tipo,4,154.172827,170.1457197,179.0115015,195.0527968,0.2133698828,0.259299963,1,0.9103285491,0.9246561467
P2|lx0.5|li0.5|T3,4,produzione,71,39.01599526,64.89307862,72.35519637,102.425702,0.09596535676,0.1110955638,0.7464788732,0.8514524319,0.8967799541
P2|lx0.5|li0.5|T3,4,scorte,11,57.26752439,64.26041549,68.60297466,72.83605885,0.2605778882,0.2839894376,0.09090909091,1.380290588,1.43405968
P2|lx0.5|li0.5|T3,4,stock_ind,196,31.62230103,80.66492958,323.2915949,422.0966432,0.555120297,0.8632689931,0.4336734694,2.002714013,1.438283416
P2|lx0.5|li0.5|T3,4,stock_tipo,4,404.5639821,449.935893,470.5940728,492.324098,0.04947912234,0.05468253887,1,0.7116537864,0.8896375036
P2|lx0.5|li0.5|T3,5,aggregati,5,615.9368764,739.5258173,1041.175617,1125.935566,0.1020126671,0.1166981044,0.8,0.4297620522,0.4115653751
P2|lx0.5|li0.5|T3,5,consumo,71,14.28112957,29.90547704,42.23495728,55.16129105,0.141254069,0.1730337209,0.7619047619,0.7610707834,0.8082189552
P2|lx0.5|li0.5|T3,5,importazioni,71,9.25749575,25.47339876,43.45057781,64.18599545,0.4620206887,0.450531695,0.5555555556,1.476915106,1.224113278
P2|lx0.5|li0.5|T3,5,investimento_ind,196,19.27301032,64.69869614,67.71321952,120.6927815,1.961633281,1.966610119,0.1428571429,3.504734043,1.375689321
P2|lx0.5|li0.5|T3,5,investimento_tipo,4,156.7310662,181.4021176,187.6283063,207.699301,0.2079516355,0.2491909872,1,0.8614101795,0.870609167
P2|lx0.5|li0.5|T3,5,produzione,71,49.27506783,85.94188633,89.39239757,133.487286,0.1225123294,0.1432394182,0.7042253521,0.9262737962,0.888687464
P2|lx0.5|li0.5|T3,5,scorte,11,43.36409137,51.61850697,51.41087375,56.85646468,0.1887364124,0.2182564644,0,1,1
P2|lx0.5|li0.5|T3,5,stock_ind,196,40.61170119,113.4811134,357.5238072,468.6032941,0.622799427,0.8731661027,0.3418367347,2.010568946,1.099529321
P2|lx0.5|li0.5|T3,5,stock_tipo,4,519.8058881,554.7685561,558.6841688,574.0960921,0.07075522281,0.08037243697,1,0.6834584886,0.7888858221
P2|lx2.0|li0.1|T1,1,aggregati,5,154.4350275,219.7816371,320.1232466,363.6705419,0.02090062553,0.02174314568,1,0.6255187569,0.6381282709
P2|lx2.0|li0.1|T1,1,consumo,71,4.76978743,7.92312426,9.288094689,11.44104057,0.1364328502,0.101172487,0.6031746032,1.031448181,0.9272390721
P2|lx2.0|li0.1|T1,1,importazioni,71,3.890083373,11.65370831,19.29607777,29.27585149,0.361393626,0.2358744209,0.6444444444,1.690905415,1.524989084
P2|lx2.0|li0.1|T1,1,investimento_ind,196,11.67479123,24.85679277,60.57817583,95.60446073,1.722976157,1.710273879,0.387755102,5.628660302,5.12442741
P2|lx2.0|li0.1|T1,1,investimento_tipo,4,138.0846812,159.8627047,117.2558758,139.2879243,0.2865208702,0.310089632,0.75,2.6788969,1.938431128
P2|lx2.0|li0.1|T1,1,produzione,71,10.87908387,15.41382363,14.55818581,18.9129005,0.03946053833,0.03967216225,0.4507042254,0.7341971375,0.652732661
P2|lx2.0|li0.1|T1,1,scorte,11,29.89930197,36.02417495,36.28798297,42.7927558,0.1557240604,0.1559916316,0.3636363636,2.722750004,3.038399054
P2|lx2.0|li0.1|T1,1,stock_ind,196,11.69615618,25.65007013,119.06905,160.087522,0.24609941,0.3153623046,0.4693877551,4.15532665,6.105131147
P2|lx2.0|li0.1|T1,1,stock_tipo,4,133.3125412,159.9564123,186.3108199,198.820433,0.01327910517,0.01348052738,0.75,1.304401309,2.393389762
P2|lx2.0|li0.1|T1,2,aggregati,5,256.0629158,319.4468169,447.0340801,489.4406005,0.04399145101,0.0471875709,1,0.4820396015,0.4689376531
P2|lx2.0|li0.1|T1,2,consumo,71,6.03673096,10.21032467,10.45914453,14.83618161,0.1832293215,0.1345872715,0.5873015873,0.8408626789,0.6267581523
P2|lx2.0|li0.1|T1,2,importazioni,71,4.498577741,10.83127939,21.32604803,26.78458791,0.3791225116,0.2708276541,0.4666666667,1.391143431,1.488068852
P2|lx2.0|li0.1|T1,2,investimento_ind,196,11.12841969,24.25296124,52.36777302,77.21097366,1.697018346,1.596856077,0.3418367347,2.944897615,2.418086685
P2|lx2.0|li0.1|T1,2,investimento_tipo,4,150.7814016,160.0605526,143.0704112,151.9492137,0.2899766112,0.3106985765,0.5,1.566035778,1.370314686
P2|lx2.0|li0.1|T1,2,produzione,71,17.61310928,27.44793463,29.04176955,40.94162823,0.05332854308,0.05557096452,0.5070422535,0.7401144875,0.7429231028
P2|lx2.0|li0.1|T1,2,scorte,11,35.97062083,41.25455356,45.91653969,49.951937,0.1623962783,0.1736225094,0.5454545455,1.765961485,2.050896632
P2|lx2.0|li0.1|T1,2,stock_ind,196,17.19099856,39.22137643,195.1882873,262.2714004,0.3832422094,0.4958821314,0.4795918367,2.579365543,2.621737278
P2|lx2.0|li0.1|T1,2,stock_tipo,4,263.7274922,302.3242519,346.6998886,362.3911471,0.02830405987,0.0292980574,0.75,1.12471746,1.728474851
P2|lx2.0|li0.1|T1,3,aggregati,5,431.696813,559.3169855,791.283411,869.4623684,0.06561292847,0.07256261204,1,0.5181583921,0.5046111425
P2|lx2.0|li0.1|T1,3,consumo,71,9.391172401,16.21346722,21.50548428,26.81603475,0.2410304953,0.2075552439,0.5714285714,0.8482938174,0.8617552793
P2|lx2.0|li0.1|T1,3,importazioni,71,6.255852376,19.18517471,30.33127765,48.46208612,0.3639396234,0.301119552,0.6222222222,1.561585458,1.206856165
P2|lx2.0|li0.1|T1,3,investimento_ind,196,11.55178746,24.9004462,51.67163127,75.63079223,1.701511069,1.529927634,0.2704081633,2.379532204,1.840459057
P2|lx2.0|li0.1|T1,3,investimento_tipo,4,188.8806324,199.5990419,191.0635538,200.9768999,0.3356687995,0.3673453222,0.5,1.304467248,1.197762721
P2|lx2.0|li0.1|T1,3,produzione,71,25.2438218,41.91493078,43.72201933,64.42045306,0.06942170788,0.0735279584,0.5492957746,0.7264318039,0.7465264688
P2|lx2.0|li0.1|T1,3,scorte,11,40.95561743,47.41111814,49.41347389,54.00475935,0.1927522563,0.2066624116,0.3636363636,1.388458769,1.477425364
P2|lx2.0|li0.1|T1,3,stock_ind,196,24.38365358,53.4032402,265.4931472,349.7685464,0.4777545096,0.5885714093,0.4234693878,2.01083691,1.911401703
P2|lx2.0|li0.1|T1,3,stock_tipo,4,422.7730434,472.7395173,524.3343213,545.0795114,0.04821052426,0.05104624254,0.75,1.059503266,1.479825505
P2|lx2.0|li0.1|T1,4,aggregati,5,649.4603157,762.1216669,1060.662311,1123.170883,0.1094890056,0.1219447513,0.8,0.5322267808,0.5055480637
P2|lx2.0|li0.1|T1,4,consumo,71,14.52219033,25.23197978,36.66172713,44.41557045,0.2900108086,0.2325513199,0.6349206349,0.8545053347,0.9458900463
P2|lx2.0|li0.1|T1,4,importazioni,71,6.947823276,20.51264133,33.16924581,51.94838354,0.4333670606,0.3603521963,0.5555555556,1.368228397,1.053630562
P2|lx2.0|li0.1|T1,4,investimento_ind,196,11.1621962,20.45400552,40.82206065,55.83483593,1.616395164,1.695399504,0.3316326531,1.409043108,1.07086527
P2|lx2.0|li0.1|T1,4,investimento_tipo,4,193.7151601,209.1817477,207.1893656,220.4312437,0.3296180107,0.3554812249,0.5,1.119182529,1.070204534
P2|lx2.0|li0.1|T1,4,produzione,71,36.08774595,61.08849362,64.28499436,96.4152352,0.09437465924,0.1035883544,0.4929577465,0.8015330379,0.7967567941
P2|lx2.0|li0.1|T1,4,scorte,11,45.178974,52.57550551,50.21355165,56.51962418,0.2329566836,0.2499215213,0.2727272727,1.129302929,1.049651712
P2|lx2.0|li0.1|T1,4,stock_ind,196,30.79511095,64.82366316,308.3631318,400.1168991,0.5556838947,0.7328401815,0.4234693878,1.609413896,1.371868572
P2|lx2.0|li0.1|T1,4,stock_tipo,4,571.2183751,639.0175989,678.5658051,712.0312282,0.06648427189,0.07192133053,0.75,1.010720196,1.282798964
P2|lx2.0|li0.1|T1,5,aggregati,5,727.3559874,876.7828995,1188.79983,1249.918713,0.1135236822,0.1288423351,0.8,0.5095265228,0.4699196177
P2|lx2.0|li0.1|T1,5,consumo,71,18.62472874,33.52219581,48.21305786,59.29633699,0.3470331058,0.2933856506,0.619047619,0.8531134211,0.9226174182
P2|lx2.0|li0.1|T1,5,importazioni,71,9.794212915,25.78907338,47.78770297,66.41953055,0.5729096103,0.4813853281,0.5333333333,1.495217518,1.346301124
P2|lx2.0|li0.1|T1,5,investimento_ind,196,18.15524243,63.09218142,63.55410136,121.4823538,1.962713651,1.920054063,0.1428571429,3.417709,1.291190984
P2|lx2.0|li0.1|T1,5,investimento_tipo,4,196.2733994,214.7458556,215.8061705,229.2221662,0.3252588362,0.3453722492,0.5,1.019747005,1.001356533
P2|lx2.0|li0.1|T1,5,produzione,71,46.43953203,80.26476673,79.9638783,125.1788836,0.1234547876,0.1385308012,0.4647887324,0.8650863201,0.794954584
P2|lx2.0|li0.1|T1,5,scorte,11,43.36409137,51.61850697,51.41087375,56.85646468,0.1887364124,0.2182564644,0,1,1
P2|lx2.0|li0.1|T1,5,stock_ind,196,39.54855164,98.14180629,338.905611,430.1163932,0.6194797778,0.7585871302,0.3469387755,1.73879919,1.042270889
P2|lx2.0|li0.1|T1,5,stock_tipo,4,715.3969611,792.30723,808.161074,859.2717111,0.08866528471,0.09817320521,0.75,0.9760991245,1.141157829
P2|lx2.0|li0.1|T3,1,aggregati,5,154.9406616,218.7895617,318.8541264,361.6282505,0.02126822597,0.02212416199,1,0.6226952191,0.6355984283
P2|lx2.0|li0.1|T3,1,consumo,71,4.782957655,7.929845995,9.296213243,11.44526224,0.1366560078,0.1013768395,0.6031746032,1.03232323,0.9280495549
P2|lx2.0|li0.1|T3,1,importazioni,71,3.870397501,13.49462647,21.78808587,37.46182323,0.3173608613,0.2141357099,0.6666666667,1.958015111,1.721935074
P2|lx2.0|li0.1|T3,1,investimento_ind,196,11.804405,25.17038035,61.41482394,96.09335606,1.75160963,1.941090982,0.362244898,5.699670184,5.195201124
P2|lx2.0|li0.1|T3,1,investimento_tipo,4,138.0810158,159.8578384,117.2532673,139.2839497,0.2865074741,0.3100807033,0.5,2.678815353,1.938388007
P2|lx2.0|li0.1|T3,1,produzione,71,10.89638682,15.40757236,14.55807323,18.89003977,0.0395349448,0.03974785309,0.4507042254,0.7338993742,0.6527276131
P2|lx2.0|li0.1|T3,1,scorte,11,34.49973129,40.19995121,43.52994571,48.16366848,0.1673196058,0.1684173538,0.4545454545,3.038360142,3.644769839
P2|lx2.0|li0.1|T3,1,stock_ind,196,11.79774002,25.93998513,119.1673423,160.1288656,0.2502968551,0.3833306897,0.4387755102,4.202293053,6.110170975
P2|lx2.0|li0.1|T3,1,stock_tipo,4,133.3088758,159.951782,186.3059384,198.8154719,0.01327879743,0.01348022281,0.75,1.30436355,2.393327053
P2|lx2.0|li0.1|T3,2,aggregati,5,245.6450595,316.1786518,444.986861,489.2368344,0.03952747251,0.0424489267,1,0.4771079981,0.4667901253
P2|lx2.0|li0.1|T3,2,consumo,71,6.057961456,10.31603782,10.46498517,14.88189499,0.208980633,0.1510901773,0.5714285714,0.8495685964,0.6271081493
P2|lx2.0|li0.1|T3,2,importazioni,71,5.884573234,17.87557973,32.52273708,47.54509747,0.3881716308,0.2789226362,0.5111111111,2.295896396,2.269340853
P2|lx2.0|li0.1|T3,2,investimento_ind,196,11.52439945,23.81063782,55.994167,79.94946241,1.693857839,1.651407134,0.3418367347,2.891188825,2.585535757
P2|lx2.0|li0.1|T3,2,investimento_tipo,4,150.7777362,160.055545,143.0678028,151.94546,0.2899632711,0.3106896478,0.5,1.565986783,1.370289703
P2|lx2.0|li0.1|T3,2,produzione,71,17.62213982,27.45643969,29.06649253,40.95976353,0.05325252752,0.05552496677,0.5070422535,0.7403438204,0.7435555462
P2|lx2.0|li0.1|T3,2,scorte,11,34.31008442,40.40090281,39.50366678,45.24877858,0.1762260298,0.1848885023,0.4545454545,1.729419716,1.764460861
P2|lx2.0|li0.1|T3,2,stock_ind,196,17.32025012,37.81343452,196.5272678,262.4221225,0.3825987201,0.5436767864,0.4795918367,2.486773259,2.639722247
P2|lx2.0|li0.1|T3,2,stock_tipo,4,262.5539953,301.7373693,346.1199773,362.10676,0.02800761393,0.0289863123,0.75,1.122534118,1.725583699
P2|lx2.0|li0.1|T3,3,aggregati,5,434.8042799,559.6052678,791.7217616,869.2119478,0.06704449515,0.07400510861,1,0.5184254605,0.5048906841
P2|lx2.0|li0.1|T3,3,consumo,71,9.376819775,16.17189183,21.48940855,26.7994878,0.2406234491,0.2072310597,0.5714285714,0.8461185795,0.8611111017
P2|lx2.0|li0.1|T3,3,importazioni,71,6.026567972,17.2614247,29.43048386,43.09194901,0.3227454319,0.2780192071,0.6666666667,1.405001008,1.171014333
P2|lx2.0|li0.1|T3,3,investimento_ind,196,11.13814209,23.88013614,50.83295538,74.3597203,1.670008419,1.493987968,0.2755102041,2.282029508,1.810586793
P2|lx2.0|li0.1|T3,3,investimento_tipo,4,188.876967,199.5940836,191.0609454,200.9733956,0.3356559075,0.3673363936,0.25,1.304434843,1.197746369
P2|lx2.0|li0.1|T3,3,produzione,71,25.24435956,41.9078175,43.69126855,64.39351804,0.06965466908,0.07375286011,0.5492957746,0.726308523,0.7460014182
P2|lx2.0|li0.1|T3,3,scorte,11,36.16986877,44.57766554,43.02220112,50.82475447,0.1725440458,0.1881732624,0.6363636364,1.305479665,1.286331159
P2|lx2.0|li0.1|T3,3,stock_ind,196,24.40872787,54.55868318,266.0633799,350.3814628,0.4888964043,0.6321652289,0.4285714286,2.054343772,1.915507058
P2|lx2.0|li0.1|T3,3,stock_tipo,4,415.8039403,469.7331669,521.6439786,543.7508844,0.04601092123,0.04867184561,0.75,1.052765437,1.472232567
P2|lx2.0|li0.1|T3,4,aggregati,5,651.8135077,762.1456088,1060.593502,1122.643145,0.1107380511,0.1231807137,0.8,0.5322435006,0.5055152671
P2|lx2.0|li0.1|T3,4,consumo,71,14.48032287,25.21230486,36.64368293,44.41908381,0.2889860306,0.2319551986,0.6349206349,0.8538390247,0.9454244975
P2|lx2.0|li0.1|T3,4,importazioni,71,7.201591091,23.83729103,35.11705263,61.43724557,0.4355473152,0.3615853347,0.5555555556,1.58998824,1.115503201
P2|lx2.0|li0.1|T3,4,investimento_ind,196,11.42407082,21.16546732,42.2808499,57.06323517,1.634698728,1.713846799,0.3265306122,1.458054553,1.109132979
P2|lx2.0|li0.1|T3,4,investimento_tipo,4,193.7114947,209.1770867,207.1867572,220.4280961,0.3296050838,0.3554722962,0.5,1.119157592,1.07019106
P2|lx2.0|li0.1|T3,4,produzione,71,36.08288495,61.09294491,64.29134327,96.42188878,0.09422551748,0.1034450828,0.4929577465,0.8015914427,0.7968354834
P2|lx2.0|li0.1|T3,4,scorte,11,40.26831198,50.63789492,48.13045238,55.89734551,0.1854133731,0.2011595201,0.4545454545,1.087683751,1.006107118
P2|lx2.0|li0.1|T3,4,stock_ind,196,31.19533567,67.34917127,310.0929306,401.3088642,0.5678411171,0.7713317519,0.4081632653,1.67211612,1.379564228
P2|lx2.0|li0.1|T3,4,stock_tipo,4,560.4806344,633.6154636,674.3235484,709.4812734,0.06324337882,0.06833343689,0.75,1.002175756,1.274779163
P2|lx2.0|li0.1|T3,5,aggregati,5,734.8381706,876.6263362,1190.139854,1249.387166,0.1166783063,0.1322484576,0.8,0.5094355389,0.4704493145
P2|lx2.0|li0.1|T3,5,consumo,71,18.60672873,33.51914794,48.18377947,59.29105973,0.3467944596,0.2932097358,0.619047619,0.8530358553,0.9220571395
P2|lx2.0|li0.1|T3,5,importazioni,71,9.473520282,25.31422209,47.06754132,65.87062435,0.5619698106,0.502789932,0.4666666667,1.467686247,1.326012339
P2|lx2.0|li0.1|T3,5,investimento_ind,196,18.16219357,63.14169905,63.67395313,121.6052761,1.962787421,1.91852315,0.1428571429,3.420391374,1.293625942
P2|lx2.0|li0.1|T3,5,investimento_tipo,4,196.269734,214.741667,215.8035621,229.2193737,0.3252457292,0.3453633205,0.5,1.019727115,1.00134443
P2|lx2.0|li0.1|T3,5,produzione,71,46.45307225,80.26904875,79.9747809,125.1812381,0.1235992279,0.1386304869,0.4647887324,0.8651324713,0.7950629713
P2|lx2.0|li0.1|T3,5,scorte,11,43.36409137,51.61850697,51.41087375,56.85646468,0.1887364124,0.2182564644,0,1,1
P2|lx2.0|li0.1|T3,5,stock_ind,196,39.84203279,94.14708501,340.3109185,430.3503553,0.6390184925,0.7870094086,0.3418367347,1.668023866,1.046592774
P2|lx2.0|li0.1|T3,5,stock_tipo,4,699.0341555,784.8388056,802.6337398,856.2159719,0.08323816463,0.09203853541,0.75,0.966898246,1.133352998
P2|lx2.0|li0.5|T1,1,aggregati,5,136.5612665,200.897237,296.2390587,326.4927383,0.01309935898,0.01358060481,0.8,0.5717720171,0.5905179343
P2|lx2.0|li0.5|T1,1,consumo,71,5.369912009,9.018357524,9.539533946,11.73020261,0.2095710461,0.1457260979,0.5555555556,1.174027841,0.9523404853
P2|lx2.0|li0.5|T1,1,importazioni,71,5.028090123,17.17731202,25.84018157,40.37153294,0.3393543496,0.2306037622,0.6666666667,2.492357724,2.04217641
P2|lx2.0|li0.5|T1,1,investimento_ind,196,11.90484446,30.55309175,59.85511565,97.50582794,1.719825793,1.969399823,0.387755102,6.918550443,5.063262323
P2|lx2.0|li0.5|T1,1,investimento_tipo,4,95.80553268,118.7567922,87.2641545,106.2635203,0.1635020595,0.2067501268,0.25,1.990065183,1.442618993
P2|lx2.0|li0.5|T1,1,produzione,71,12.33611735,19.35124549,17.65930789,26.17245679,0.04190794011,0.04214820185,0.3943661972,0.92174592,0.7917749627
P2|lx2.0|li0.5|T1,1,scorte,11,31.37963746,37.22293016,38.79494278,44.33152814,0.1564496355,0.1574930385,0.4545454545,2.81335335,3.248307229
P2|lx2.0|li0.5|T1,1,stock_ind,196,11.9100229,31.17326276,116.0358277,156.2688821,0.2446925322,0.5054748727,0.4897959184,5.050087149,5.949606097
P2|lx2.0|li0.5|T1,1,stock_tipo,4,91.03339271,122.0228168,129.0791863,157.6560878,0.009798182937,0.01001000971,1,0.9950630903,1.658179612
P2|lx2.0|li0.5|T1,2,aggregati,5,209.5843313,271.1151807,396.6747521,434.1950066,0.03041630053,0.03249809706,1,0.4091080166,0.4161108416
P2|lx2.0|li0.5|T1,2,consumo,71,6.052520352,10.32019617,10.29534304,14.87675423,0.210181678,0.1519978661,0.5555555556,0.8499110535,0.6169424435
P2|lx2.0|li0.5|T1,2,importazioni,71,4.581459377,12.78086927,24.50467465,35.28111291,0.3064093272,0.2509921473,0.5333333333,1.641544058,1.70986406
P2|lx2.0|li0.5|T1,2,investimento_ind,196,11.95717844,28.43335772,62.40471086,96.92064871,1.685962234,1.393037016,0.3316326531,3.452499119,2.881543203
P2|lx2.0|li0.5|T1,2,investimento_tipo,4,110.912689,120.9925942,114.6762352,123.5610409,0.170844349,0.2136636569,0.5,1.18379406,1.09835799
P2|lx2.0|li0.5|T1,2,produzione,71,19.5572303,31.43603177,30.38329139,42.08004254,0.0611194313,0.06972523602,0.5070422535,0.847650756,0.7772408315
P2|lx2.0|li0.5|T1,2,scorte,11,33.14095581,38.90449209,43.1525194,47.64307792,0.1458445223,0.1553466141,0.7272727273,1.665363667,1.927439596
P2|lx2.0|li0.5|T1,2,stock_ind,196,19.25922699,44.54335117,201.51118,264.0898538,0.3786181252,0.552386687,0.4846938776,2.929361375,2.706665344
P2|lx2.0|li0.5|T1,2,stock_tipo,4,181.7390915,221.2702521,237.5249242,272.9033437,0.02133603079,0.02236625962,1,0.8231774801,1.184182261
P2|lx2.0|li0.5|T1,3,aggregati,5,385.2601117,515.2708757,749.0788656,822.6955613,0.0501966606,0.05599422388,1,0.477353514,0.4776967859
P2|lx2.0|li0.5|T1,3,consumo,71,9.618816106,16.30494292,21.53115157,26.70278327,0.2464421587,0.2122251354,0.5555555556,0.8530798556,0.8627838039
P2|lx2.0|li0.5|T1,3,importazioni,71,6.704893909,17.06830764,35.97701214,45.28535845,0.3770722343,0.3270818,0.6,1.389282163,1.431495217
P2|lx2.0|li0.5|T1,3,investimento_ind,196,13.01842218,30.43151588,63.13096296,94.7023828,1.700573882,1.658372682,0.2857142857,2.908091344,2.248621724
P2|lx2.0|li0.5|T1,3,investimento_tipo,4,149.0119197,157.1614504,162.6693778,172.0789144,0.2191280919,0.2703104026,0.75,1.027118981,1.019761816
P2|lx2.0|li0.5|T1,3,produzione,71,27.13583358,43.06202822,44.63818513,63.74731747,0.0776892894,0.08780532107,0.5352112676,0.746312263,0.7621694338
P2|lx2.0|li0.5|T1,3,scorte,11,36.00355199,44.04111146,42.57665724,50.16054217,0.1745691579,0.1907329822,0.6363636364,1.289766405,1.273009736
P2|lx2.0|li0.5|T1,3,stock_ind,196,27.14875005,65.55168713,277.4517083,360.7211095,0.4926376269,0.6879463589,0.4183673469,2.468272553,1.997496632
P2|lx2.0|li0.5|T1,3,stock_tipo,4,304.147115,342.7446168,367.473286,395.0840159,0.037886172,0.0407956323,1,0.7681588436,1.037117577
P2|lx2.0|li0.5|T1,4,aggregati,5,612.4186696,723.3980357,1020.797512,1077.712926,0.09767082284,0.1088167105,0.8,0.505184178,0.486547132
P2|lx2.0|li0.5|T1,4,consumo,71,14.97077022,25.51040263,36.8585527,44.44008306,0.3064379998,0.2468216838,0.5714285714,0.8639343932,0.9509682401
P2|lx2.0|li0.5|T1,4,importazioni,71,8.370148056,22.20927893,40.12350521,55.41754173,0.4609324369,0.3911282789,0.5555555556,1.481397038,1.274534596
P2|lx2.0|li0.5|T1,4,investimento_ind,196,12.20188763,28.29382296,51.94460184,85.51863657,1.601499857,1.729998984,0.3418367347,1.949115357,1.362637485
P2|lx2.0|li0.5|T1,4,investimento_tipo,4,153.8464475,169.9705279,178.7951896,194.9515388,0.2128733275,0.2584463053,0.5,0.9093912228,0.9235388212
P2|lx2.0|li0.5|T1,4,produzione,71,38.20841799,62.54686467,65.65911165,95.94183617,0.1017974185,0.1174647798,0.4929577465,0.8206681077,0.8137877871
P2|lx2.0|li0.5|T1,4,scorte,11,41.91383156,50.96852865,49.45681623,57.66511126,0.2026085892,0.2214373537,0.4545454545,1.094785644,1.033833102
P2|lx2.0|li0.5|T1,4,stock_ind,196,34.30387769,83.41705496,326.8175834,423.6101519,0.5671807214,0.8183150415,0.4285714286,2.071042593,1.453970093
P2|lx2.0|li0.5|T1,4,stock_tipo,4,420.4952322,464.0368702,478.2948484,500.077169,0.05360036074,0.05922636461,1,0.7339569945,0.9041954828
P2|lx2.0|li0.5|T1,5,aggregati,5,690.217787,842.4677707,1159.65402,1221.087184,0.1013362021,0.1154910787,0.8,0.4895849065,0.4583985966
P2|lx2.0|li0.5|T1,5,consumo,71,18.6378413,33.46647145,48.1475934,59.12733096,0.3495648483,0.2948325643,0.619047619,0.85169528,0.9213646736
P2|lx2.0|li0.5|T1,5,importazioni,71,10.26358607,28.08660194,46.03131235,67.8855096,0.6243624663,0.5457654512,0.5111111111,1.628425287,1.296819133
P2|lx2.0|li0.5|T1,5,investimento_ind,196,19.17797122,67.66748764,75.07329998,142.8444419,1.967591417,1.909021773,0.1428571429,3.665553739,1.525219711
P2|lx2.0|li0.5|T1,5,investimento_tipo,4,156.4046868,181.3100644,187.4119945,207.6460228,0.2074530939,0.2483373296,0.5,0.8609730537,0.869605464
P2|lx2.0|li0.5|T1,5,produzione,71,47.84556692,81.75832888,80.80318279,124.6595762,0.1280267892,0.1492398036,0.4647887324,0.8811837964,0.8032984633
P2|lx2.0|li0.5|T1,5,scorte,11,43.36409137,51.61850697,51.41087375,56.85646468,0.1887364124,0.2182564644,0,1,1
P2|lx2.0|li0.5|T1,5,stock_ind,196,43.69839547,120.300875,363.2199574,470.6896784,0.6288147846,0.810150844,0.3367346939,2.131396108,1.11704727
P2|lx2.0|li0.5|T1,5,stock_tipo,4,535.3107818,576.5773003,568.0015245,586.9427799,0.073393292,0.08325080867,1,0.7103262178,0.8020423248
P2|lx2.0|li0.5|T3,1,aggregati,5,136.6973711,200.8027935,296.0720499,326.2094765,0.01317536301,0.01365826886,0.8,0.571503222,0.5901850218
P2|lx2.0|li0.5|T3,1,consumo,71,5.376917685,9.050572169,9.546487041,11.74275222,0.2097993625,0.1458206859,0.5555555556,1.178221608,0.9530346192
P2|lx2.0|li0.5|T3,1,importazioni,71,4.888645028,16.66885826,24.81887881,38.78946689,0.3380770361,0.2295742904,0.6666666667,2.418583162,1.961461791
P2|lx2.0|li0.5|T3,1,investimento_ind,196,12.00732765,30.51852259,60.57628809,97.50395691,1.743448789,1.974440751,0.3673469388,6.910722479,5.124267723
P2|lx2.0|li0.5|T3,1,investimento_tipo,4,95.81978767,118.7821533,87.27360216,106.2823051,0.1635233625,0.2067874113,0.25,1.99049017,1.442775179
P2|lx2.0|li0.5|T3,1,produzione,71,12.32972039,19.35536784,17.65465939,26.17373378,0.04186963179,0.04210370064,0.3943661972,0.9219422774,0.7915665422
P2|lx2.0|li0.5|T3,1,scorte,11,31.83510583,37.43438204,39.00663197,44.4142387,0.1584540063,0.1623547275,0.5454545455,2.829335134,3.266032002
P2|lx2.0|li0.5|T3,1,stock_ind,196,12.01353378,31.13624186,116.3464003,156.3302383,0.2457780971,0.5062404806,0.4744897959,5.044089741,5.965530358
P2|lx2.0|li0.5|T3,1,stock_tipo,4,91.0476477,122.049429,129.1049321,157.6932882,0.009799042656,0.01001088313,1,0.9952801057,1.658510348
P2|lx2.0|li0.5|T3,2,aggregati,5,205.4832037,270.3809718,397.360652,435.9932259,0.0284453872,0.03040242968,1,0.4080001084,0.4168303489
P2|lx2.0|li0.5|T3,2,consumo,71,6.060845656,10.3813606,10.28462386,14.89862031,0.2109319379,0.1525193623,0.5555555556,0.8549481986,0.6163001028
P2|lx2.0|li0.5|T3,2,importazioni,71,4.879876527,14.32594773,25.64152001,38.57082326,0.3030343439,0.2481789334,0.5555555556,1.839990213,1.789189783
P2|lx2.0|li0.5|T3,2,investimento_ind,196,11.71916997,27.85579291,62.04068091,95.98228623,1.650820716,1.516159292,0.3265306122,3.382368746,2.864734087
P2|lx2.0|li0.5|T3,2,investimento_tipo,4,110.9093324,120.9879811,114.6740106,123.5580471,0.1708393176,0.2136548776,0.25,1.183748925,1.098336683
P2|lx2.0|li0.5|T3,2,produzione,71,19.44592628,30.80891465,30.17180373,41.26907587,0.06085659676,0.06908533024,0.5070422535,0.8307409786,0.7718307248
P2|lx2.0|li0.5|T3,2,scorte,11,38.5885986,43.41256286,45.84754612,49.51755035,0.1913682497,0.2021836332,0.4545454545,1.858338228,2.047814982
P2|lx2.0|li0.5|T3,2,stock_ind,196,19.34757626,45.50174515,202.3359776,264.3358553,0.3743443828,0.5675286421,0.4744897959,2.992389464,2.717743891
P2|lx2.0|li0.5|T3,2,stock_tipo,4,181.5189969,221.2677034,237.5009638,272.9373429,0.0212311634,0.0222554559,1,0.8231679983,1.184062806
P2|lx2.0|li0.5|T3,3,aggregati,5,390.3689317,516.0952724,750.5631764,823.6762656,0.0524901721,0.05839060072,1,0.4781172456,0.4786433492
P2|lx2.0|li0.5|T3,3,consumo,71,9.57757648,16.30189616,21.55077659,26.71099986,0.2454063755,0.2112784034,0.5714285714,0.8529204481,0.8635702064
P2|lx2.0|li0.5|T3,3,importazioni,71,6.919246782,19.80667163,38.5857364,52.92548582,0.3766937806,0.3262310293,0.6222222222,1.612172464,1.535294174
P2|lx2.0|li0.5|T3,3,investimento_ind,196,12.31606806,29.14103161,61.23597837,93.10804817,1.660381708,1.523794057,0.2908163265,2.784770305,2.18112547
P2|lx2.0|li0.5|T3,3,investimento_tipo,4,149.0085632,157.1583576,162.6671532,172.0770423,0.219123031,0.2703016234,0.25,1.027098769,1.01974787
P2|lx2.0|li0.5|T3,3,produzione,71,27.14158905,43.06133194,44.65281127,63.74861013,0.07766504794,0.08775810781,0.5352112676,0.7463001956,0.7624191661
P2|lx2.0|li0.5|T3,3,scorte,11,45.72422943,53.34237814,56.73780034,62.10631576,0.2039568224,0.2232735157,0.4545454545,1.562158743,1.696417166
P2|lx2.0|li0.5|T3,3,stock_ind,196,27.07761716,65.93571853,277.7858816,360.7643211,0.4885522227,0.6542524182,0.4234693878,2.482732809,1.999902493
P2|lx2.0|li0.5|T3,3,stock_tipo,4,300.1095353,342.1308366,366.517782,395.0780001,0.03618948565,0.03895377145,1,0.7667832399,1.034420864
P2|lx2.0|li0.5|T3,4,aggregati,5,631.3695224,731.8274974,1028.296044,1083.879431,0.1062813416,0.1174661428,0.8,0.5110708828,0.4901211899
P2|lx2.0|li0.5|T3,4,consumo,71,14.70710728,25.34667113,36.60567849,44.31762042,0.2971499274,0.2393219558,0.5873015873,0.8583894682,0.9444439648
P2|lx2.0|li0.5|T3,4,importazioni,71,8.840859676,25.61812772,43.58349623,65.43146883,0.4922173322,0.4119652134,0.5333333333,1.708773105,1.384442199
P2|lx2.0|li0.5|T3,4,investimento_ind,196,12.20875532,28.37017239,51.50697618,85.41258341,1.606460623,1.714579401,0.3367346939,1.954374944,1.351157464
P2|lx2.0|li0.5|T3,4,investimento_tipo,4,153.8430909,169.9687383,178.792965,194.9505047,0.2128682153,0.258437526,0.5,0.9093816478,0.9235273304
P2|lx2.0|li0.5|T3,4,produzione,71,38.0209136,62.47390086,65.39331419,95.87036634,0.1011965151,0.1167339772,0.4929577465,0.8197107603,0.810493458
P2|lx2.0|li0.5|T3,4,scorte,11,49.21527522,58.44656957,59.97197008,67.1395656,0.2294025165,0.2490225427,0.1818181818,1.255411271,1.253639287
P2|lx2.0|li0.5|T3,4,stock_ind,196,34.2265952,84.49046201,327.6437439,423.8943404,0.5629118094,0.781873386,0.4132653061,2.097692679,1.457645577
P2|lx2.0|li0.5|T3,4,stock_tipo,4,412.9917696,461.2740599,475.9482144,499.0053178,0.05088655022,0.05620244595,1,0.7295871177,0.8997592739
P2|lx2.0|li0.5|T3,5,aggregati,5,692.7965428,839.5179015,1152.12454,1210.688928,0.1030228741,0.1172970907,0.8,0.4878706433,0.4554222753
P2|lx2.0|li0.5|T3,5,consumo,71,18.79276461,33.66108451,48.33039636,59.37351891,0.361740081,0.3022344326,0.619047619,0.8566480289,0.9248628378
P2|lx2.0|li0.5|T3,5,importazioni,71,9.989804396,27.42243306,44.96092532,66.87819593,0.6107217321,0.5401188112,0.5111111111,1.589917624,1.266663609
P2|lx2.0|li0.5|T3,5,investimento_ind,196,19.22988349,67.16590262,75.70196156,143.0286558,1.968412659,1.906960207,0.1428571429,3.638382834,1.537991855
P2|lx2.0|li0.5|T3,5,investimento_tipo,4,156.4013302,181.3091297,187.4097699,207.6454819,0.2074479614,0.2483285503,0.5,0.860968615,0.8695951417
P2|lx2.0|li0.5|T3,5,produzione,71,48.12918695,81.95122102,81.28781887,124.8567822,0.128054273,0.1494867092,0.4788732394,0.8832627703,0.8081164347
P2|lx2.0|li0.5|T3,5,scorte,11,43.36409137,51.61850697,51.41087375,56.85646468,0.1887364124,0.2182564644,0,1,1
P2|lx2.0|li0.5|T3,5,stock_ind,196,43.64974704,116.1755656,363.9322414,469.9895566,0.6317853873,0.7880112836,0.3418367347,2.058307127,1.11923783
P2|lx2.0|li0.5|T3,5,stock_tipo,4,522.2220551,571.2637982,564.2907965,585.2856871,0.06852625276,0.07772481228,1,0.7037801401,0.796802619
P2|uniformi|li0.5|T1,1,aggregati,5,233.6929241,340.8769333,499.7956236,547.499951,0.02282083934,0.02337099514,0.6,0.9701671094,0.9962841515
P2|uniformi|li0.5|T1,1,consumo,71,8.306768536,25.20444201,37.14654683,69.70158209,0.07628165378,0.07432324413,0.6031746032,3.281164729,3.708374081
P2|uniformi|li0.5|T1,1,importazioni,71,3.917758114,12.16784907,20.76155861,31.40908153,0.3110026933,0.2082639793,0.6666666667,1.765505137,1.640807558
P2|uniformi|li0.5|T1,1,investimento_ind,196,11.63964106,28.77296381,58.5751777,96.50001457,1.715557528,1.787768683,0.3826530612,6.515451958,4.954989847
P2|uniformi|li0.5|T1,1,investimento_tipo,4,97.75656365,122.2407746,88.5572236,108.8504084,0.1663968711,0.2118531215,1,2.048447965,1.463995537
P2|uniformi|li0.5|T1,1,produzione,71,16.22209168,30.83350461,31.11088815,52.99663517,0.04458313348,0.04448609692,0.5070422535,1.468673274,1.394891717
P2|uniformi|li0.5|T1,1,scorte,11,32.71760554,38.41546716,40.42704291,45.72190573,0.164389457,0.1645416334,0.4545454545,2.903486715,3.384963254
P2|uniformi|li0.5|T1,1,stock_ind,196,11.62864227,29.4334204,119.1122556,160.8462004,0.2406831115,0.3817163021,0.4795918367,4.76823165,6.107346464
P2|uniformi|li0.5|T1,1,stock_tipo,4,92.98442368,125.6728801,132.6029213,162.7523756,0.009915821913,0.01012955121,1,1.02482837,1.703446286
P2|uniformi|li0.5|T1,2,aggregati,5,200.3127326,257.0706815,369.9140423,415.00647,0.03338530382,0.0357516799,1,0.3879151155,0.3880389227
P2|uniformi|li0.5|T1,2,consumo,71,5.733507999,11.04477304,11.9709369,17.99591808,0.07554433456,0.08012709319,0.5873015873,0.9095829711,0.7173514306
P2|uniformi|li0.5|T1,2,importazioni,71,4.127501127,10.28410932,20.53774963,26.26766625,0.29438518,0.2202691028,0.6,1.320866225,1.43306371
P2|uniformi|li0.5|T1,2,investimento_ind,196,11.93597236,27.35996483,50.26136599,76.81424343,1.68635333,1.872996645,0.3826530612,3.322163194,2.320823148
P2|uniformi|li0.5|T1,2,investimento_tipo,4,110.453284,120.3630512,114.3717591,123.1528656,0.1701546137,0.212462066,0.5,1.177634598,1.095441747
P2|uniformi|li0.5|T1,2,produzione,71,17.63963436,26.71886309,30.76953348,41.70271058,0.05017384638,0.05148214924,0.6478873239,0.7204555798,0.7871213649
P2|uniformi|li0.5|T1,2,scorte,11,37.10881852,44.1621781,45.22646935,50.52484773,0.1744117463,0.1855952439,0.5454545455,1.890426605,2.020074123
P2|uniformi|li0.5|T1,2,stock_ind,196,18.73235738,42.92332499,195.2784268,262.1011493,0.3666189495,0.4597715504,0.4591836735,2.822821521,2.622948018
P2|uniformi|li0.5|T1,2,stock_tipo,4,183.5685612,223.8558373,240.2530145,276.5693163,0.0215718179,0.02261303822,1,0.8327964664,1.197783175
P2|uniformi|li0.5|T1,3,aggregati,5,336.5282905,476.7208886,688.2565883,780.4087919,0.04313045526,0.0486652923,1,0.4416403141,0.4389096733
P2|uniformi|li0.5|T1,3,consumo,71,8.484391141,15.88338629,21.90444073,27.51243991,0.1063393646,0.1310193356,0.619047619,0.8310238771,0.8777420306
P2|uniformi|li0.5|T1,3,importazioni,71,6.758094249,17.18929344,34.66415458,44.12833671,0.3567603785,0.2942850411,0.6666666667,1.399129854,1.379257713
P2|uniformi|li0.5|T1,3,investimento_ind,196,11.78961962,26.31106094,45.65513683,68.66279092,1.673092158,1.924503532,0.3367346939,2.51433313,1.626161358
P2|uniformi|li0.5|T1,3,investimento_tipo,4,148.5525148,156.7402647,162.3649016,171.8241206,0.2184343343,0.2691088118,0.25,1.024366348,1.017853078
P2|uniformi|li0.5|T1,3,produzione,71,26.12152501,40.84927191,47.57398528,66.06776204,0.06960367277,0.07416972794,0.7183098592,0.7079627648,0.8122964077
P2|uniformi|li0.5|T1,3,scorte,11,34.4642285,42.11856513,43.70855683,50.65831289,0.1525438304,0.1630485861,0.4545454545,1.233463656,1.306852674
P2|uniformi|li0.5|T1,3,stock_ind,196,25.87093283,59.83463298,260.6821156,347.9610467,0.4790866442,0.6229650577,0.443877551,2.253003527,1.876764974
P2|uniformi|li0.5|T1,3,stock_tipo,4,305.6677691,343.3575773,366.4125263,395.5256034,0.03905695756,0.04207222058,1,0.76953261,1.034123802
P2|uniformi|li0.5|T1,4,aggregati,5,537.2009757,681.0838831,979.3091369,1072.971469,0.08018404582,0.09107112876,1,0.4756341387,0.4667723486
P2|uniformi|li0.5|T1,4,consumo,71,12.50628285,23.6845032,35.70606679,43.72784707,0.1257881849,0.1438617287,0.6507936508,0.8020985477,0.9212335538
P2|uniformi|li0.5|T1,4,importazioni,71,7.341865417,19.65633392,36.90179981,51.49512807,0.4515020284,0.359068068,0.6222222222,1.311111222,1.172196205
P2|uniformi|li0.5|T1,4,investimento_ind,196,12.14713297,28.15887033,42.23870704,61.30217849,1.629190022,1.996265225,0.3418367347,1.93981869,1.108027466
P2|uniformi|li0.5|T1,4,investimento_tipo,4,153.3870426,169.7278791,178.4907135,194.8113773,0.2121725761,0.2572447144,0.5,0.9080929817,0.9219660971
P2|uniformi|li0.5|T1,4,produzione,71,37.23649872,57.73794215,71.11060371,95.30961613,0.09330485126,0.1021188191,0.6901408451,0.7575709505,0.8813543068
P2|uniformi|li0.5|T1,4,scorte,11,38.10588521,48.29480394,45.44654534,57.38917581,0.1891192052,0.2039390127,0.3636363636,1.037355,0.9500033868
P2|uniformi|li0.5|T1,4,stock_ind,196,32.45813399,76.21248339,305.8165434,398.259805,0.5498714071,0.765276518,0.4285714286,1.892170603,1.360539123
P2|uniformi|li0.5|T1,4,stock_tipo,4,427.5838034,462.2432027,472.1025383,494.2590603,0.05905822277,0.06527501529,1,0.7311199897,0.8924891916
P2|uniformi|li0.5|T1,5,aggregati,5,663.2094783,840.4949221,1198.622015,1302.208742,0.09663209633,0.110652467,0.8,0.4884384212,0.4738022203
P2|uniformi|li0.5|T1,5,consumo,71,15.9569936,31.94666393,46.50877908,58.28802647,0.1475723982,0.1794412411,0.6666666667,0.8130173785,0.8900039031
P2|uniformi|li0.5|T1,5,importazioni,71,7.77126961,21.21611475,32.13849177,45.95451318,0.6079016318,0.5255221171,0.5555555556,1.23008322,0.9054230462
P2|uniformi|li0.5|T1,5,investimento_ind,196,19.08237605,53.32450603,63.34934767,98.71321461,1.959807886,2.077224415,0.1530612245,2.888593167,1.287031125
P2|uniformi|li0.5|T1,5,investimento_tipo,4,155.9452818,181.1843979,187.1075183,207.5733117,0.2067495974,0.2471357387,0.25,0.8603763108,0.8681926724
P2|uniformi|li0.5|T1,5,produzione,71,47.51364391,76.93578776,89.39884957,124.8621836,0.1214131734,0.1356594956,0.6197183099,0.8292068889,0.8887516062
P2|uniformi|li0.5|T1,5,scorte,11,43.36409137,51.61850697,51.41087375,56.85646468,0.1887364124,0.2182564644,0,1,1
P2|uniformi|li0.5|T1,5,stock_ind,196,41.34545853,105.5003819,336.9775835,427.7594571,0.6199469693,0.8003768274,0.3826530612,1.869172634,1.036341429
P2|uniformi|li0.5|T1,5,stock_tipo,4,543.378262,572.8575927,553.6008911,572.5087181,0.08194886261,0.09281302654,1,0.7057436479,0.7817080177
P3|q25,1,aggregati,5,224.1283138,260.4972971,300.2732783,311.1684163,0.05162011404,0.05081011858,0.8,0.7413992708,0.5985596795
P3|q25,1,consumo,71,9.145234302,17.65351428,16.09149179,23.73752648,0.1222309407,0.1108748528,0.619047619,2.298169838,1.606428489
P3|q25,1,importazioni,71,6.401604658,24.43401985,34.50893688,61.82539101,0.1970779686,0.1640199992,0.6666666667,3.545276352,2.727277153
P3|q25,1,investimento_ind,196,12.78475703,26.10320655,53.54318966,82.55496954,1.761942495,2.625121069,0.3724489796,5.910902658,4.529324051
P3|q25,1,investimento_tipo,4,112.0353457,122.0519675,111.32978,119.8321856,0.18977907,0.2237579436,0.25,2.045284034,1.840463086
P3|q25,1,produzione,71,21.68540312,42.27819056,34.64244459,60.46027621,0.06447083193,0.06341920982,0.6056338028,2.013810929,1.553233029
P3|q25,1,scorte,11,39.69978062,48.37725579,51.55359786,59.52473887,0.1954555831,0.1863325342,0,3.656410552,4.316591614
P3|q25,1,stock_ind,196,12.75693897,26.62910623,101.6979704,134.807768,0.2747358968,0.4426297552,0.4693877551,4.313931083,5.214448646
P3|q25,1,stock_tipo,4,107.2632057,121.712608,130.5023748,144.918193,0.01505417616,0.01537141823,1,0.9925334212,1.676462204
P3|q25,2,aggregati,5,296.2042558,318.0673065,293.420088,299.7878511,0.08125388469,0.08350912979,0.8,0.4799579446,0.3077969523
P3|q25,2,consumo,71,9.302617059,17.46122,15.06567664,23.07506391,0.09956211132,0.108085743,0.6349206349,1.43800405,0.9028019094
P3|q25,2,importazioni,71,8.081045456,26.15850958,46.67708012,70.5769694,0.2113002522,0.2050953559,0.6222222222,3.359735951,3.256989243
P3|q25,2,investimento_ind,196,11.43099628,24.26920399,53.02388117,78.71934461,1.725161291,1.770076695,0.3418367347,2.946869878,2.448382538
P3|q25,2,investimento_tipo,4,153.5757998,162.3834333,169.5699677,179.1100248,0.2408237648,0.2743668881,0.25,1.588762891,1.624124898
P3|q25,2,produzione,71,29.35638713,48.77255985,47.65502785,69.27459975,0.08448022085,0.09300437068,0.7183098592,1.315118191,1.21907245
P3|q25,2,scorte,11,40.79274262,51.20603014,52.57546308,61.63177483,0.1899108411,0.1888006203,0.1818181818,2.19194899,2.348322432
P3|q25,2,stock_ind,196,20.66809657,40.94213586,175.9583959,226.7071557,0.4190308902,0.664892167,0.4693877551,2.692530046,2.36344451
P3|q25,2,stock_tipo,4,225.3066589,244.387648,254.1375478,268.1313593,0.03251259545,0.03396036786,1,0.9091796403,1.267004618
P3|q25,3,aggregati,5,486.3887701,540.7759686,659.7853086,695.1605026,0.1109295443,0.1181364578,0.6,0.5009817575,0.4207531887
P3|q25,3,consumo,71,13.6156161,22.84857143,27.91204806,33.46517256,0.1446544619,0.175592406,0.6984126984,1.195444603,1.118475383
P3|q25,3,importazioni,71,7.552089956,21.40371507,38.44192572,54.68494903,0.2377460767,0.2479877685,0.7111111111,1.742164495,1.529572067
P3|q25,3,investimento_ind,196,11.54020528,23.16451485,53.6764321,75.93818932,1.663342084,3.713526787,0.3469387755,2.213643428,1.911866786
P3|q25,3,investimento_tipo,4,219.3712176,235.0838736,248.220384,264.476369,0.3358828074,0.3797227594,0.25,1.53637618,1.556074492
P3|q25,3,produzione,71,35.75354217,58.76667363,63.92996653,90.81804968,0.09029414571,0.1005068652,0.7464788732,1.018491023,1.091564683
P3|q25,3,scorte,11,46.7848633,60.1359606,60.78949167,72.23184414,0.2076008614,0.2132964881,0.09090909091,1.761112269,1.817559661
P3|q25,3,stock_ind,196,26.39697382,54.41007362,245.2760019,316.0395159,0.498876832,2.166872856,0.4387755102,2.048748052,1.765849599
P3|q25,3,stock_tipo,4,394.873477,422.6557853,418.9391954,432.2022306,0.05819223524,0.06207728662,0.75,0.9472556629,1.182369494
P3|q25,4,aggregati,5,566.3974821,678.6547265,839.8084864,947.5620806,0.1264876523,0.1390887666,0.6,0.4739377399,0.4002815504
P3|q25,4,consumo,71,16.10257243,27.71851904,39.41514248,46.413181,0.153740751,0.1780349171,0.746031746,0.9387143853,1.016929476
P3|q25,4,importazioni,71,7.582723521,26.09445782,41.38245777,72.8949149,0.292930577,0.2740021292,0.7333333333,1.74054514,1.314525584
P3|q25,4,investimento_ind,196,12.46008756,25.80479972,53.02626887,76.80004217,1.648097937,4.847768705,0.3673469388,1.777650602,1.391012331
P3|q25,4,investimento_tipo,4,230.8252678,249.1272343,262.5241621,278.3793005,0.3517885618,0.392858662,0.25,1.332902375,1.356027842
P3|q25,4,produzione,71,45.61162507,76.09088635,86.35114177,119.7389149,0.1056466109,0.1203543252,0.7464788732,0.9983772014,1.070247568
P3|q25,4,scorte,11,56.0958937,68.10038356,70.22792798,80.33752429,0.2529379853,0.2711542622,0.09090909091,1.46277172,1.468027304
P3|q25,4,stock_ind,196,31.15532975,69.88315242,299.9297762,384.7988508,0.5290270261,3.413780101,0.4948979592,1.735028709,1.33434964
P3|q25,4,stock_tipo,4,567.3937371,597.28026,572.4019095,587.0912901,0.08774678438,0.09530353977,0.75,0.9447051572,1.082100764
P3|q25,5,aggregati,5,572.46015,681.1665364,802.8843317,911.0170423,0.132175371,0.1494296299,0.6,0.3958476117,0.3173714268
P3|q25,5,consumo,71,19.57813925,34.50187845,49.32281713,59.06676573,0.1757916941,0.2142482531,0.7619047619,0.878045571,0.9438540557
P3|q25,5,importazioni,71,10.41105016,29.42406037,52.49296145,75.75909399,0.3487690948,0.3940373652,0.6,1.705969418,1.478860222
P3|q25,5,investimento_ind,196,19.87072934,65.65017653,68.28590146,109.7207288,1.982832501,2.13138234,0.1326530612,3.556275819,1.387324161
P3|q25,5,investimento_tipo,4,262.2272408,293.1656326,303.5666192,327.7753797,0.3968636655,0.4327496863,0.25,1.392132923,1.408571482
P3|q25,5,produzione,71,62.30809195,101.0060452,107.5160367,149.5113555,0.1518467017,0.1791878721,0.6901408451,1.088633924,1.068862192
P3|q25,5,scorte,11,43.36409137,51.61850697,51.41087375,56.85646468,0.1887364124,0.2182564644,0,1,1
P3|q25,5,stock_ind,196,41.98123623,105.7302337,349.5527187,444.0980051,0.5906152861,1.755608235,0.4183673469,1.873244967,1.075015021
P3|q25,5,stock_tipo,4,763.2108813,795.0821402,726.3238261,749.0018751,0.1265084486,0.1390495457,0.5,0.9795177319,1.025600152
P3|q75,1,aggregati,5,252.9539087,328.4906813,255.6164884,331.4282973,0.05636255859,0.05632697328,0.8,0.9349146969,0.509541589
P3|q75,1,consumo,71,13.48999459,28.07683426,32.56140086,51.17450201,0.1508959794,0.1427066717,0.6031746032,3.655098504,3.250634724
P3|q75,1,importazioni,71,6.292393307,18.02273959,32.10925986,45.36077489,0.1902514253,0.1720244261,0.6888888889,2.615025806,2.537628184
P3|q75,1,investimento_ind,196,12.37698966,24.9850339,53.77970048,81.65600982,1.761849934,2.506717598,0.3673469388,5.657699677,4.549330967
P3|q75,1,investimento_tipo,4,112.0353457,122.0519675,111.32978,119.8321856,0.18977907,0.2237579436,0.25,2.045284034,1.840463086
P3|q75,1,produzione,71,20.35492713,36.41676719,31.01140274,49.47764602,0.05938526211,0.05884405602,0.676056338,1.734617371,1.390431177
P3|q75,1,scorte,11,32.92722434,41.07222258,42.4303643,50.67304477,0.1674508204,0.1606036481,0.09090909091,3.104287451,3.552701699
P3|q75,1,stock_ind,196,12.33697282,25.55346229,101.9266059,134.6265951,0.2638729031,0.4375462741,0.4591836735,4.139676122,5.226171674
P3|q75,1,stock_tipo,4,107.2632057,121.712608,130.5023748,144.918193,0.01505417616,0.01537141823,1,0.9925334212,1.676462204
P3|q75,2,aggregati,5,397.2259059,432.408564,427.3085635,458.2069246,0.0916390149,0.09584757926,0.8,0.6524968816,0.4482456346
P3|q75,2,consumo,71,13.88527817,24.99292075,24.05365452,35.86703294,0.1312499697,0.1444276014,0.6349206349,2.058270914,1.441401256
P3|q75,2,importazioni,71,7.473394029,24.3402301,40.8640612,65.95206123,0.2148743935,0.2113537747,0.6,3.126200516,2.851373895
P3|q75,2,investimento_ind,196,11.04057716,21.88321901,48.96658635,72.35070075,1.687558701,1.895372103,0.3826530612,2.657153442,2.26103658
P3|q75,2,investimento_tipo,4,153.5757998,162.3834333,169.5699677,179.1100248,0.2408237648,0.2743668881,0.25,1.588762891,1.624124898
P3|q75,2,produzione,71,25.93865152,41.05485542,37.70721829,54.63831722,0.08006310557,0.08768839731,0.7464788732,1.107015653,0.9645956167
P3|q75,2,scorte,11,34.77357546,44.68542454,44.2942251,53.33405152,0.165010981,0.1662420809,0.1818181818,1.912824933,1.978434736
P3|q75,2,stock_ind,196,19.79863476,38.74966041,173.5759529,225.1089248,0.4150839915,0.679629939,0.4591836735,2.548343479,2.331443923
P3|q75,2,stock_tipo,4,227.9010637,245.4139398,254.7473784,268.2978804,0.03364962418,0.03513048662,1,0.9129976879,1.270044933
P3|q75,3,aggregati,5,391.6342676,438.8053284,305.5976482,385.4432291,0.1021804313,0.1114987615,0.8,0.4065148553,0.1948833709
P3|q75,3,consumo,71,16.49014726,29.0545972,34.23698471,45.47337455,0.1690838844,0.20417101,0.6984126984,1.520145866,1.371924572
P3|q75,3,importazioni,71,8.21545508,25.05660715,43.86034173,67.62634354,0.242802582,0.2559166213,0.7777777778,2.0394932,1.745166307
P3|q75,3,investimento_ind,196,11.25658987,23.06109913,53.17856251,76.17314977,1.625115276,3.16542724,0.3724489796,2.203760832,1.894133485
P3|q75,3,investimento_tipo,4,198.294553,204.5468871,215.7410765,221.9453093,0.3103227503,0.3560136338,0.25,1.336803585,1.352464212
P3|q75,3,produzione,71,32.97576051,54.71083963,56.49925108,80.07031416,0.08302752323,0.09351332628,0.8028169014,0.9481989637,0.9646898071
P3|q75,3,scorte,11,37.6297722,49.79096959,48.92144008,59.3637298,0.1673463101,0.17444952,0.09090909091,1.458153933,1.462713927
P3|q75,3,stock_ind,196,25.61144695,52.75541678,243.2957669,314.5523136,0.4888665453,1.77886201,0.4693877551,1.986443873,1.751593018
P3|q75,3,stock_tipo,4,379.5790623,396.504358,407.0543326,415.5063187,0.05710059885,0.06094817276,0.75,0.8886451139,1.14882692
P3|q75,4,aggregati,5,448.1768916,460.354357,488.0570509,491.9924901,0.1079032442,0.1225336241,1,0.3214879305,0.2326247426
P3|q75,4,consumo,71,17.92705479,31.27921536,43.83151868,52.53264656,0.1622531384,0.1886883348,0.746031746,1.059300801,1.130874088
P3|q75,4,importazioni,71,7.186102807,24.23296123,39.63997042,70.38240562,0.2711945106,0.2750712714,0.7333333333,1.616380122,1.259174976
P3|q75,4,investimento_ind,196,12.77749982,25.78484584,53.08104099,75.60611633,1.638957618,4.022832687,0.3673469388,1.776276011,1.392449141
P3|q75,4,investimento_tipo,4,201.0620932,210.547238,220.623455,228.4290758,0.3113792602,0.3552662032,0.25,1.126488295,1.139596239
P3|q75,4,produzione,71,43.29083277,70.35738096,77.18956114,107.2919254,0.1030246678,0.1182251287,0.7746478873,0.9231487301,0.9566977159
P3|q75,4,scorte,11,47.61071229,56.62325041,58.03944091,66.01742007,0.220531071,0.243675966,0.2727272727,1.216247032,1.213242173
P3|q75,4,stock_ind,196,31.68708177,68.53297909,299.2815345,382.9230504,0.5255122071,2.68896607,0.5,1.701507189,1.331465695
P3|q75,4,stock_tipo,4,527.3446616,542.8942691,547.5157587,553.5453191,0.08082331453,0.08804635109,0.75,0.8586840219,1.035054585
P3|q75,5,aggregati,5,550.6614868,566.6324805,649.7112373,663.4289881,0.1274003953,0.1468125973,0.8,0.3292882168,0.2568237717
P3|q75,5,consumo,71,20.54073133,35.71646178,50.72385117,60.1599295,0.1907397218,0.232573249,0.7619047619,0.9089557578,0.9706646017
P3|q75,5,importazioni,71,11.86048426,36.99762894,64.11903675,97.55033661,0.3542998302,0.4065424379,0.6,2.145075245,1.80639633
P3|q75,5,investimento_ind,196,20.9316964,76.7148443,69.90845483,120.6751249,1.983058388,2.196653186,0.1326530612,4.155649842,1.420288615
P3|q75,5,investimento_tipo,4,210.2398548,229.2945069,227.4182261,242.6084267,0.3303256741,0.3701572275,0.5,1.088833058,1.055237327
P3|q75,5,produzione,71,61.08308472,100.3316878,104.7956615,146.8061868,0.1493756134,0.1766573263,0.6901408451,1.081365761,1.041817797
P3|q75,5,scorte,11,43.36409137,51.61850697,51.41087375,56.85646468,0.1887364124,0.2182564644,0,1,1
P3|q75,5,stock_ind,196,43.12258747,111.6119655,348.4889009,442.6697262,0.5883583255,1.514345047,0.4132653061,1.977452857,1.071743355
P3|q75,5,stock_tipo,4,677.1811357,686.0572413,676.1699969,681.9274021,0.1095977306,0.121373399,0.5,0.8452022741,0.9547808111
condizionata|P1|E6|agg|T1,1,aggregati,5,321.4459532,398.2096448,515.0863037,554.601095,0.06686113847,0.06456868921,0.8,1.13334128,1.026764335
condizionata|P1|E6|agg|T1,1,consumo,71,7.749281184,19.36875288,20.5372528,37.00518432,0.1017037981,0.08313605026,0.7936507937,2.521463033,2.050252917
condizionata|P1|E6|agg|T1,1,importazioni,71,5.834817387,17.36828119,35.26842201,49.17300847,0.2175422584,0.1769862557,0.7555555556,2.520066569,2.787300052
condizionata|P1|E6|agg|T1,1,investimento_ind,196,15.18518847,30.33462937,41.10278542,56.70948791,1.814152354,2.790261259,0.3469387755,6.869081045,3.476965712
condizionata|P1|E6|agg|T1,1,investimento_tipo,4,35.91121568,36.50548581,38.20234118,38.83198266,0.06169787661,0.06602757585,0.75,0.6117401365,0.6315470915
condizionata|P1|E6|agg|T1,1,produzione,71,23.8731106,37.07627522,32.81403849,48.38325427,0.1055958422,0.09218267409,0.6338028169,1.766031309,1.471254381
condizionata|P1|E6|agg|T1,1,scorte,11,43.43303523,52.72440586,56.9306775,65.55843923,0.2257286775,0.2089358093,0.09090909091,3.984973327,4.766815416
condizionata|P1|E6|agg|T1,1,stock_ind,196,14.96393168,30.216184,27.37321849,43.95538192,0.2763087634,0.4323797992,0.4234693878,4.895039818,1.403530883
condizionata|P1|E6|agg|T1,1,stock_tipo,4,22.87758474,23.71320051,19.37889051,20.24941682,0.004805513815,0.004943751769,1,0.1933747409,0.2489454889
condizionata|P1|E6|agg|T1,2,aggregati,5,348.6510333,448.6803847,637.4839743,695.9190028,0.054938263,0.05758763472,0.8,0.6770507715,0.6687191248
condizionata|P1|E6|agg|T1,2,consumo,71,5.997797936,14.38783735,10.2657647,19.00852865,0.05788769789,0.06824079833,0.873015873,1.184898213,0.6151699782
condizionata|P1|E6|agg|T1,2,importazioni,71,9.191567769,30.99293014,53.94545807,79.03008886,0.3354735888,0.2666695115,0.7333333333,3.98065728,3.76415526
condizionata|P1|E6|agg|T1,2,investimento_ind,196,12.05008344,24.17086185,43.30502885,62.65172435,1.718177092,2.208480969,0.3724489796,2.934928758,1.999613648
condizionata|P1|E6|agg|T1,2,investimento_tipo,4,47.07770186,51.04178183,49.69357275,52.77309384,0.07692173914,0.08807600354,1,0.4993938558,0.4759602769
condizionata|P1|E6|agg|T1,2,produzione,71,24.0634034,58.71395524,36.9724512,80.97244635,0.07972553087,0.08125754255,0.8169014085,1.58318101,0.9457993982
condizionata|P1|E6|agg|T1,2,scorte,11,29.6266253,36.31371424,36.53489314,43.385535,0.1515079457,0.1518185612,0.3636363636,1.554461634,1.631858363
condizionata|P1|E6|agg|T1,2,stock_ind,196,21.29839701,37.1452447,64.71810884,74.1633808,0.4388783705,0.7482060007,0.4744897959,2.442830237,0.8692830954
condizionata|P1|E6|agg|T1,2,stock_tipo,4,46.01527048,54.22510776,58.61471857,65.43023947,0.00550316214,0.005793268352,1,0.201730179,0.2922241116
condizionata|P1|E6|agg|T1,3,aggregati,5,427.545024,518.3264779,692.8379471,725.3053983,0.06705126725,0.07338736799,0.8,0.4801842629,0.441831262
condizionata|P1|E6|agg|T1,3,consumo,71,10.32126941,22.2143992,17.76990855,31.4520434,0.0900169776,0.1114551937,0.8253968254,1.162264508,0.7120654576
condizionata|P1|E6|agg|T1,3,importazioni,71,7.870394915,25.88027081,44.09257422,64.51924278,0.2331849994,0.2313216703,0.8888888889,2.106535655,1.754406644
condizionata|P1|E6|agg|T1,3,investimento_ind,196,12.36759613,25.07936527,44.22504096,67.31285342,1.676012493,2.530207149,0.3571428571,2.396630038,1.575223681
condizionata|P1|E6|agg|T1,3,investimento_tipo,4,67.07146472,69.91055387,72.3779771,75.55019205,0.1019602433,0.1228090866,1,0.4568961199,0.4537319706
condizionata|P1|E6|agg|T1,3,produzione,71,28.41607919,60.01731988,44.5919241,82.80475387,0.08667607879,0.09514539759,0.8169014085,1.040166097,0.7613795553
condizionata|P1|E6|agg|T1,3,scorte,11,33.1312024,43.28246407,43.64788025,54.49210687,0.1531613842,0.1584791848,0.3636363636,1.26754903,1.30503849
condizionata|P1|E6|agg|T1,3,stock_ind,196,27.99980044,48.08095041,113.9723236,134.7814747,0.5467456312,1.088925419,0.4591836735,1.810432277,0.8205367846
condizionata|P1|E6|agg|T1,3,stock_tipo,4,88.00253205,105.7423544,116.2999654,126.1045038,0.008654433949,0.009294829278,1,0.2369896438,0.3282326715
condizionata|P1|E6|agg|T1,4,aggregati,5,468.1611486,563.2292838,693.2518141,724.1589967,0.07487617038,0.08486536201,0.8,0.3933305161,0.3304276099
condizionata|P1|E6|agg|T1,4,consumo,71,12.78673354,26.45549928,23.44116174,40.30053539,0.1093780526,0.1340976424,0.8095238095,0.8959410031,0.6047931534
condizionata|P1|E6|agg|T1,4,importazioni,71,7.853565985,25.37267777,46.27523951,68.79405584,0.2021163854,0.2363867311,0.8666666667,1.692401172,1.469946192
condizionata|P1|E6|agg|T1,4,investimento_ind,196,16.05157329,34.962895,55.91023435,79.40971472,1.705971248,5.387756351,0.3571428571,2.408536862,1.466665995
condizionata|P1|E6|agg|T1,4,investimento_tipo,4,70.15354061,77.25330988,74.03320759,79.68415727,0.1031056234,0.1318032538,1,0.4133274327,0.3824070515
condizionata|P1|E6|agg|T1,4,produzione,71,29.64143529,54.99383221,43.62669263,70.27907413,0.0968403313,0.1000911586,0.9014084507,0.7215658922,0.5407150472
condizionata|P1|E6|agg|T1,4,scorte,11,43.18749853,55.87417406,58.23124953,71.43474401,0.1882346799,0.2011869805,0.3636363636,1.200157142,1.217251693
condizionata|P1|E6|agg|T1,4,stock_ind,196,36.45960861,67.74356598,179.2625673,215.9235457,0.6012965641,3.070586549,0.4642857143,1.681907981,0.797516489
condizionata|P1|E6|agg|T1,4,stock_tipo,4,137.6057165,166.771767,184.6178065,203.4357909,0.01332312683,0.01467818177,1,0.2637792657,0.3490118852
condizionata|P1|E6|agg|T1,5,aggregati,5,478.765536,604.6322239,744.426865,787.961722,0.06435369981,0.07607176979,1,0.3513710804,0.2942638272
condizionata|P1|E6|agg|T1,5,consumo,71,15.10097283,30.94630309,34.28765902,54.14035771,0.1232980843,0.1534518737,0.8253968254,0.7875589847,0.6561374211
condizionata|P1|E6|agg|T1,5,importazioni,71,10.11086202,34.83145434,68.41242396,102.4963535,0.2282896843,0.2994581831,0.8444444444,2.01948321,1.927351966
condizionata|P1|E6|agg|T1,5,investimento_ind,196,23.14291436,87.86673665,94.78901388,189.2193665,1.980751304,73.52105341,0.1479591837,4.759748829,1.925772177
condizionata|P1|E6|agg|T1,5,investimento_tipo,4,80.10537456,94.92895004,74.69402689,87.03118426,0.1239231088,0.1648096094,1,0.4507817493,0.3465857887
condizionata|P1|E6|agg|T1,5,produzione,71,41.36557751,77.30252881,62.49280622,98.81705853,0.1115474656,0.128262967,0.8309859155,0.8331595905,0.6212673001
condizionata|P1|E6|agg|T1,5,scorte,11,34.38875884,39.27179975,43.14423387,45.99438377,0.1420191098,0.1629914463,0.5454545455,0.7608085172,0.8392044469
condizionata|P1|E6|agg|T1,5,stock_ind,196,48.76812695,126.9746203,272.0968659,343.7185796,0.6499250583,53.80584955,0.4183673469,2.24963627,0.8368071609
condizionata|P1|E6|agg|T1,5,stock_tipo,4,185.5874973,237.4927066,258.5477119,301.6689083,0.01767806027,0.01992069748,1,0.2925840055,0.3650803722
persistenza,1,aggregati,5,247.7250187,351.3589875,501.6597151,582.1877667,0.03868800672,0.03985887417,0,1,1
persistenza,1,consumo,71,4.248962457,7.681553377,10.01693627,13.19271906,0.06040735894,0.06152808829,0,1,1
persistenza,1,importazioni,71,2.383430834,6.891993014,12.65325632,17.82088632,0.07913745969,0.08151208242,0,1,1
persistenza,1,investimento_ind,196,1.4670194,4.416111728,11.82145262,21.13285301,0.1690612201,0.1998243725,0,1,1
persistenza,1,investimento_tipo,4,55.40782561,59.67482537,60.49009122,65.61279582,0.09576774448,0.1010884076,0,1,1
persistenza,1,produzione,71,13.8039846,20.99412113,22.30344317,30.90303468,0.04335553383,0.04413407977,0,1,1
persistenza,1,scorte,11,9.884227284,13.23080521,11.94312608,14.68144127,0.04587537654,0.04740916794,0,1,1
persistenza,1,stock_ind,196,2.678232929,6.172816793,19.50311093,23.99091362,0.04262963535,0.04503112175,0,1,1
persistenza,1,stock_tipo,4,101.9128264,122.6282212,77.84391111,99.375446,0.02065085147,0.0210082829,0,1,1
persistenza,2,aggregati,5,454.5379174,662.6982844,953.2910765,1103.761473,0.06310421194,0.06653407171,0,1,1
persistenza,2,consumo,71,6.230989124,12.1426779,16.68768805,22.11876728,0.07677895849,0.08144316299,0,1,1
persistenza,2,importazioni,71,2.746043731,7.78588257,14.33135839,21.00616833,0.1199997435,0.1264586401,0,1,1
persistenza,2,investimento_ind,196,2.272871111,8.235587247,21.65669798,43.05513836,0.2654598194,0.3530069619,0,1,1
persistenza,2,investimento_tipo,4,95.4180455,102.2074686,104.406975,111.7518465,0.1579025867,0.1731368353,0,1,1
persistenza,2,produzione,71,23.50418395,37.08606587,39.09121878,55.38055821,0.06435828733,0.06674889253,0,1,1
persistenza,2,scorte,11,17.87521287,23.36095884,22.38851972,26.13693545,0.07516472519,0.08112067209,0,1,1
persistenza,2,stock_ind,196,5.789752015,15.20582321,74.44997975,98.00175329,0.08461800163,0.09427677354,0,1,1
persistenza,2,stock_tipo,4,236.2304108,268.8001767,200.5813903,228.3964021,0.04423533427,0.04582234873,0,1,1
persistenza,3,aggregati,5,755.2111755,1079.432455,1568.105308,1797.629938,0.1017880871,0.1097481025,0,1,1
persistenza,3,consumo,71,9.507279846,19.1130324,24.95544245,34.04199181,0.1120632702,0.1370739509,0,1,1
persistenza,3,importazioni,71,4.788596618,12.28570272,25.13247107,32.5576902,0.1749757806,0.1962383045,0,1,1
persistenza,3,investimento_ind,196,3.225934315,10.46442917,28.07540383,52.54747311,0.3233172828,0.5059059617,0,1,1
persistenza,3,investimento_tipo,4,144.2555421,153.0119229,159.5170316,169.5822213,0.2273965055,0.2578699183,0,1,1
persistenza,3,produzione,71,36.01917794,57.69974628,58.56727278,85.58230346,0.09721737018,0.1044713501,0,1,1
persistenza,3,scorte,11,26.49692566,34.14657978,33.44566507,39.24079723,0.1090603779,0.1198589389,0,1,1
persistenza,3,stock_ind,196,9.33645561,26.55771829,138.8997126,185.8627985,0.1312706956,0.1631793543,0,1,1
persistenza,3,stock_tipo,4,400.0423828,446.1897688,354.3217221,390.6105309,0.07093261023,0.07496115456,0,1,1
persistenza,4,aggregati,5,1033.551946,1431.949113,2098.044453,2362.227207,0.1359272522,0.1491556214,0,1,1
persistenza,4,consumo,71,14.36941768,29.52817115,38.75897338,54.26161034,0.1374289727,0.1560562978,0,1,1
persistenza,4,importazioni,71,5.94495811,14.99211782,31.48090709,40.58344645,0.2650377911,0.2628760622,0,1,1
persistenza,4,investimento_ind,196,4.097394707,14.51623828,38.12063179,74.60474407,0.377747412,0.6085270654,0,1,1
persistenza,4,investimento_tipo,4,176.1813517,186.9058373,193.5979143,204.967585,0.2708433278,0.3168640855,0,1,1
persistenza,4,produzione,71,46.71751282,76.21456724,80.68333378,113.220879,0.1151932015,0.1250824454,0,1,1
persistenza,4,scorte,11,39.0328517,46.55571519,47.83829823,53.24311922,0.167625761,0.1890652294,0,1,1
persistenza,4,stock_ind,196,12.90187047,40.27780754,224.7760012,307.0969206,0.1700767812,0.2322411682,0,1,1
persistenza,4,stock_tipo,4,575.5063606,632.2398638,528.9728355,569.5993908,0.09742927748,0.1049835439,0,1,1
persistenza,5,aggregati,5,1230.869169,1720.779705,2529.794002,2833.684641,0.1509184755,0.1674905832,0,1,1
persistenza,5,consumo,71,18.7465941,39.29394965,52.25682597,72.37844132,0.1638191343,0.1967497832,0,1,1
persistenza,5,importazioni,71,6.624792897,17.24770683,35.49555305,47.24975966,0.3030430906,0.3262033364,0,1,1
persistenza,5,investimento_ind,196,5.361557401,18.46037256,49.22130198,92.55508819,0.4528586525,0.7890702149,0,1,1
persistenza,5,investimento_tipo,4,198.8057695,210.5873855,215.5138189,225.2136932,0.2990940825,0.3592389529,0,1,1
persistenza,5,produzione,71,57.747964,92.7823789,100.5892411,136.0323586,0.1364013107,0.1496088215,0,1,1
persistenza,5,scorte,11,43.36409137,51.61850697,51.41087375,56.85646468,0.1887364124,0.2182564644,0,1,1
persistenza,5,stock_ind,196,16.48428429,56.44228894,325.1607761,452.0745144,0.2088304676,0.3128748297,0,1,1
persistenza,5,stock_tipo,4,752.3665787,811.707756,708.193953,749.5716186,0.1244297305,0.1368133736,0,1,1
trend_mobile,1,aggregati,5,298.3764451,429.4076704,597.0165849,704.9731912,0.05052356832,0.05152362907,0.2,1.222133731,1.190082773
trend_mobile,1,consumo,71,4.556019552,8.465908593,11.57793976,15.75479466,0.07150564679,0.07194889259,0.5396825397,1.102108933,1.15583642
trend_mobile,1,importazioni,71,2.231713689,6.30321298,10.22596327,15.65529209,0.09540871294,0.09785573562,0.5111111111,0.9145704249,0.8081685071
trend_mobile,1,investimento_ind,196,1.781675234,7.570548807,19.87508634,40.60117634,0.1963056723,0.222252902,0.5357142857,1.714301918,1.681272766
trend_mobile,1,investimento_tipo,4,74.12673709,81.88540389,72.87474592,81.23914751,0.1479449554,0.1503909272,0.25,1.37219344,1.204738569
trend_mobile,1,produzione,71,16.77853648,26.09003367,26.93352744,37.61416735,0.05316045103,0.05331368493,0.4507042254,1.242730453,1.207595044
trend_mobile,1,scorte,11,11.09901187,14.79063201,12.67089567,15.68980318,0.05599714759,0.05737464686,0.2727272727,1.117893565,1.060936273
trend_mobile,1,stock_ind,196,1.81947805,4.38602855,5.570674503,9.065598364,0.03155351387,0.03310589539,0.7448979592,0.7105392395,0.2856300476
trend_mobile,1,stock_tipo,4,43.37052076,75.47815458,29.47188888,59.07285424,0.007630222472,0.00782396413,1,0.6155039502,0.3786023653
trend_mobile,2,aggregati,5,554.7715456,816.7833279,1143.232026,1347.809696,0.08665718639,0.08947543321,0.2,1.232511608,1.19924759
trend_mobile,2,consumo,71,7.545290596,14.12998086,20.13734209,26.33902219,0.1102673234,0.1129424649,0.4920634921,1.163662659,1.206718512
trend_mobile,2,importazioni,71,3.682168219,10.8921585,20.01882616,30.54340755,0.1484298594,0.1554543987,0.5333333333,1.398962597,1.396854758
trend_mobile,2,investimento_ind,196,2.954360618,14.51493928,36.82920149,80.05893033,0.3369067798,0.4218651483,0.5102040816,1.762465608,1.70059173
trend_mobile,2,investimento_tipo,4,130.3856707,143.219728,127.4512291,140.3768035,0.2601361194,0.2655372139,0.25,1.4012648,1.220715657
trend_mobile,2,produzione,71,30.50761514,50.40216834,48.88428067,73.4849225,0.08982315532,0.08996586365,0.4084507042,1.359059452,1.250518203
trend_mobile,2,scorte,11,21.64114675,28.34474015,25.38968385,30.04228619,0.1012087085,0.1063557858,0.3636363636,1.213338046,1.134049243
trend_mobile,2,stock_ind,196,3.910884919,10.52128903,46.55179121,61.44119442,0.06594663055,0.07564201289,0.7602040816,0.6919249873,0.6252760762
trend_mobile,2,stock_tipo,4,112.1268604,169.9950118,95.33921366,140.956024,0.01770816662,0.01861854718,1,0.6324215032,0.4753143526
trend_mobile,3,aggregati,5,903.9924153,1304.98403,1851.868813,2160.379723,0.1368181336,0.1435925738,0.2,1.208953857,1.18095947
trend_mobile,3,consumo,71,11.94569297,22.82457798,33.78249709,45.21670634,0.1636039301,0.186656883,0.5238095238,1.194189258,1.353712608
trend_mobile,3,importazioni,71,5.614049961,15.76823507,28.39467865,43.19496383,0.2182068251,0.2397579468,0.4666666667,1.283462203,1.12980051
trend_mobile,3,investimento_ind,196,4.098589833,19.0109283,49.01021286,104.2290463,0.4450576341,0.6256981568,0.5102040816,1.816719096,1.745663683
trend_mobile,3,investimento_tipo,4,193.2698312,208.2751624,191.6760059,207.8426609,0.3767256608,0.3878545837,0.25,1.361169499,1.201602136
trend_mobile,3,produzione,71,46.76482046,76.57691748,76.0993095,111.7921555,0.1348724077,0.1377359068,0.4366197183,1.327162118,1.299348696
trend_mobile,3,scorte,11,32.26727972,41.06262242,38.08321257,44.63651231,0.1492745464,0.1583123872,0.2727272727,1.202539835,1.13865915
trend_mobile,3,stock_ind,196,6.524875001,19.14845541,96.63182885,130.6001158,0.1072774622,0.1409489192,0.75,0.7210128217,0.6956949515
trend_mobile,3,stock_tipo,4,201.8570392,290.2643354,181.7374435,249.0676653,0.03032153289,0.03276978152,1,0.6505400968,0.5129164603
trend_mobile,4,aggregati,5,1229.879478,1722.401359,2474.879901,2838.818975,0.1822342002,0.1935437685,0.2,1.202836988,1.179612709
trend_mobile,4,consumo,71,17.43203012,32.62260266,49.55311545,64.03877205,0.212549592,0.2274918732,0.4761904762,1.104795908,1.278494014
trend_mobile,4,importazioni,71,8.095457516,21.71521341,42.65105402,60.25848601,0.323632071,0.3256845803,0.4888888889,1.448442019,1.354822906
trend_mobile,4,investimento_ind,196,5.461786312,25.41952891,65.3920139,139.5934502,0.5343776039,0.7810621189,0.4489795918,1.751109924,1.715396908
trend_mobile,4,investimento_tipo,4,237.2765386,256.8176924,233.4854561,253.4135223,0.4630919197,0.479528397,0.25,1.374048538,1.20603291
trend_mobile,4,produzione,71,60.69665625,102.6598428,102.8162472,151.564059,0.1673211755,0.1707265117,0.4929577465,1.346984526,1.274318281
trend_mobile,4,scorte,11,47.43945348,55.529456,54.86504063,60.11464174,0.224559445,0.2430530724,0.2727272727,1.192752722,1.146885292
trend_mobile,4,stock_ind,196,9.283680213,29.87450632,168.2570822,232.9488043,0.1418636924,0.2096155171,0.7551020408,0.7417113329,0.748554478
trend_mobile,4,stock_tipo,4,309.1166255,421.7304962,297.7761438,379.3885131,0.04334714634,0.04802445268,1,0.6670419256,0.5629327706
trend_mobile,5,aggregati,5,1473.773638,2075.686205,2998.96135,3423.880229,0.2083755908,0.2220764702,0.2,1.206247493,1.18545674
trend_mobile,5,consumo,71,22.02507259,41.9439035,62.9194888,80.70818198,0.2558664392,0.2895881737,0.4603174603,1.067439234,1.204043446
trend_mobile,5,importazioni,71,9.13131392,26.3483054,51.36570351,74.93410582,0.3557032085,0.3912704295,0.4666666667,1.527641075,1.447102499
trend_mobile,5,investimento_ind,196,6.944391084,30.8547833,81.09153011,168.2822037,0.6467423584,1.014288483,0.443877551,1.671406317,1.647488523
trend_mobile,5,investimento_tipo,4,270.2243262,287.7002466,261.8836085,277.5264702,0.5320376163,0.5502149338,0.25,1.366179868,1.215159241
trend_mobile,5,produzione,71,73.57445259,125.2727427,126.7111526,185.2449576,0.1943489222,0.1981913377,0.4929577465,1.350178172,1.259688921
trend_mobile,5,scorte,11,52.99684411,63.39706428,59.26515894,66.31580878,0.2558865567,0.281614855,0.2727272727,1.228184773,1.152774785
trend_mobile,5,stock_ind,196,12.07798578,42.97201454,253.957063,359.1946827,0.1782901566,0.2938275265,0.7397959184,0.7613442926,0.7810199806
trend_mobile,5,stock_tipo,4,416.6555021,545.2638273,417.8273591,515.4717265,0.05694844287,0.06471653207,1,0.6717489432,0.5899900123
ultimo_tasso,1,aggregati,5,53.20439442,63.45388062,67.71768792,78.4581904,0.01452068465,0.01534867008,1,0.1805955814,0.1349872949
ultimo_tasso,1,consumo,71,3.970105834,6.636049008,7.416032155,9.285204994,0.07192563661,0.07284943416,0.6349206349,0.8638941477,0.7403493402
ultimo_tasso,1,importazioni,71,2.287245066,6.031846748,8.6091972,11.99278571,0.09854156723,0.1037140285,0.6666666667,0.8751962945,0.6803938038
ultimo_tasso,1,investimento_ind,196,1.674184304,4.446607391,11.28543265,20.963231,0.2300233527,0.2689118792,0.5918367347,1.006905546,0.9546570133
ultimo_tasso,1,investimento_tipo,4,29.84753226,33.58094456,26.38087549,29.9413534,0.06082963155,0.06532900531,0.75,0.5627321798,0.436118957
ultimo_tasso,1,produzione,71,12.23544422,18.71365208,19.10985643,26.27979605,0.0407363733,0.04136927438,0.6901408451,0.8913758268,0.8568119407
ultimo_tasso,1,scorte,11,7.101575834,9.552761688,7.132381509,9.123695295,0.04050027964,0.04172221887,0.6363636364,0.7220090943,0.5971955301
ultimo_tasso,1,stock_ind,196,1.126328492,2.89663377,13.85049236,18.29761222,0.02340467598,0.02506517902,0.8469387755,0.4692563973,0.7101683628
ultimo_tasso,1,stock_tipo,4,29.61626752,35.41652788,32.56405979,34.92382604,0.003635270489,0.003723938747,1,0.2888122124,0.4183250729
ultimo_tasso,2,aggregati,5,111.7589368,148.533296,88.3974767,105.2183856,0.03611285833,0.03906695895,1,0.2241341187,0.09272873614
ultimo_tasso,2,consumo,71,6.910909605,11.94495885,12.76697049,16.15232001,0.1133344464,0.1182134307,0.619047619,0.9837170141,0.7650532807
ultimo_tasso,2,importazioni,71,5.605924293,17.59712568,28.73050887,47.28014692,0.1791186753,0.2033773849,0.6888888889,2.260132429,2.004730332
ultimo_tasso,2,investimento_ind,196,3.763336552,9.93897848,25.46337716,45.08352125,0.409767677,0.5660735182,0.6275510204,1.206833002,1.175773758
ultimo_tasso,2,investimento_tipo,4,59.49689107,72.02443725,61.41545775,73.26786628,0.1017128716,0.1167870898,0.75,0.7046885931,0.588231368
ultimo_tasso,2,produzione,71,25.00599261,40.57924867,44.25251634,62.26229116,0.0674561207,0.07094917138,0.7042253521,1.094191247,1.132032147
ultimo_tasso,2,scorte,11,13.82287263,17.8975889,15.61404733,18.29998387,0.06564044683,0.0710351557,0.7272727273,0.7661324617,0.6974131172
ultimo_tasso,2,stock_ind,196,2.832880427,10.41652658,63.10968923,89.28442576,0.05723485447,0.06697120599,0.8214285714,0.6850353603,0.8476790651
ultimo_tasso,2,stock_tipo,4,89.67232939,102.9866433,109.0708655,114.2058532,0.01021902186,0.01070858186,1,0.383134582,0.5437736039
ultimo_tasso,3,aggregati,5,207.682691,241.6184346,249.7599929,263.706483,0.04949092199,0.05586439676,1,0.2238384008,0.1592750127
ultimo_tasso,3,consumo,71,10.30760699,17.71691478,20.0679704,24.6670621,0.1711329735,0.2006259966,0.5873015873,0.9269546771,0.8041520576
ultimo_tasso,3,importazioni,71,8.016438586,25.87789638,40.70443117,69.60113471,0.2485984015,0.3156503851,0.6666666667,2.106342387,1.619595266
ultimo_tasso,3,investimento_ind,196,5.680640291,13.91596686,33.91232651,56.53240028,0.5248882069,0.9146296209,0.6887755102,1.329835258,1.207901646
ultimo_tasso,3,investimento_tipo,4,90.8858184,107.085719,97.29745444,114.9938607,0.1421150924,0.1722997328,0.75,0.6998521223,0.6099502571
ultimo_tasso,3,produzione,71,36.45179049,61.83262761,66.4260184,97.0672781,0.0926705627,0.1016256453,0.7605633803,1.071627374,1.134183226
ultimo_tasso,3,scorte,11,20.54273885,25.37817302,23.19956045,26.78041448,0.09823263542,0.1077357562,0.6363636364,0.743212737,0.6936492488
ultimo_tasso,3,stock_ind,196,4.955437655,19.83248569,122.1492959,173.1500663,0.09228702633,0.1253318223,0.8214285714,0.7467691867,0.8794063976
ultimo_tasso,3,stock_tipo,4,177.1959207,200.3267291,215.6017133,223.9041885,0.01995309642,0.02145472105,1,0.4489720362,0.608491379
ultimo_tasso,4,aggregati,5,299.388642,349.0426022,321.9477868,336.8882543,0.06715530914,0.07809680958,1,0.2437534958,0.1534513658
ultimo_tasso,4,consumo,71,15.00788525,28.00159497,29.04221574,39.47967241,0.2228652766,0.2559772617,0.6031746032,0.948301025,0.7493030183
ultimo_tasso,4,importazioni,71,13.14944985,39.71103472,67.18451256,104.3328321,0.3654904261,0.4566494505,0.6,2.648794199,2.134135219
ultimo_tasso,4,investimento_ind,196,9.20702174,23.22209608,53.84376977,87.64525328,0.6742540818,1.414152977,0.6071428571,1.599732357,1.412457434
ultimo_tasso,4,investimento_tipo,4,133.141718,169.9788864,153.282282,191.683179,0.1808466744,0.2349976828,0.75,0.9094359431,0.791755854
ultimo_tasso,4,produzione,71,55.14464989,96.47834536,102.2419767,154.275257,0.133338562,0.1528269202,0.7323943662,1.265878018,1.267200696
ultimo_tasso,4,scorte,11,33.29048486,40.39781323,38.04646547,43.50659989,0.1546641664,0.1759499584,0.6363636364,0.8677304831,0.7953139404
ultimo_tasso,4,stock_ind,196,7.551668825,32.60627825,203.1685569,291.257526,0.1236529213,0.1886027936,0.806122449,0.8095345859,0.9038712132
ultimo_tasso,4,stock_tipo,4,274.2807655,311.9840906,342.0356798,358.3176668,0.02953962049,0.0325024202,1,0.49345843,0.6466034868
ultimo_tasso,5,aggregati,5,379.2744493,459.8877034,304.1376054,367.3412715,0.09113569571,0.1107392272,1,0.2672554204,0.120222281
ultimo_tasso,5,consumo,71,20.65470665,38.68712107,39.32773268,53.8577791,0.2820843274,0.3526333322,0.619047619,0.9845566917,0.7525855609
ultimo_tasso,5,importazioni,71,18.63996938,55.48351149,94.32357261,142.8823116,0.4733691539,0.6759967787,0.5777777778,3.216863091,2.65733492
ultimo_tasso,5,investimento_ind,196,13.77193597,34.75119843,73.64130674,117.840558,0.7966401153,2.207424918,0.612244898,1.882475466,1.496126753
ultimo_tasso,5,investimento_tipo,4,175.670351,261.0379918,220.1879977,306.6656031,0.2019227889,0.2831411318,0.75,1.239570885,1.021688534
ultimo_tasso,5,produzione,71,75.48960687,134.6013974,139.4359054,216.2097706,0.1798877352,0.2137864282,0.7042253521,1.450721559,1.386191047
ultimo_tasso,5,scorte,11,45.64491166,55.84448686,55.54653707,63.3776611,0.1959133059,0.2301561954,0.6363636364,1.081869472,1.080443358
ultimo_tasso,5,stock_ind,196,10.97958721,48.42209423,303.7525188,433.4860234,0.1599647814,0.2716993522,0.7704081633,0.8579045099,0.9341610093
ultimo_tasso,5,stock_tipo,4,370.605139,421.9369334,472.0022445,502.3802831,0.03970785239,0.0447561214,1,0.5198138496,0.6664872561
