caso,h,gruppo,n,MAE,RMSE,WMAE,WRMSE,sMAPE,errore_tassi,segno,theil_U,rapporto_WMAE
P0,1,aggregati,25,105.6861319,139.9386164,169.1121218,206.4552446,0.02059406753,0.02128376234,0.88,0.3982426279,0.3341645861
P0,1,consumo,355,3.369114643,6.426413245,8.82608068,12.37207935,0.04723774434,0.04941562783,0.3492063492,0.6890518515,0.7258695607
P0,1,importazioni,355,2.224309278,7.115947603,11.92945801,19.60434795,0.08091336384,0.07423600904,0.4115044248,1.088119436,1.114982789
P0,1,investimento_ind,980,1.470595856,4.354594374,8.797539698,16.8699515,0.1749704901,0.2061525124,0.2581632653,0.9256259199,0.7557420344
P0,1,investimento_tipo,20,25.70019218,31.005516,26.38359647,31.21537167,0.04078634021,0.04326013892,0.65,0.638224869,0.5841806609
P0,1,produzione,355,10.01088868,15.26403847,15.32850488,20.50174301,0.03253527071,0.03269145997,0.476056338,0.6904243949,0.6529540719
P0,1,scorte,55,8.146463868,10.9665541,8.859603872,11.74244394,0.0400851383,0.04150516493,0.5454545455,0.8692058117,0.7287059512
P0,1,stock_ind,980,1.518982814,4.964502428,21.24481955,32.46560276,0.028301447,0.03115528165,0.7479591837,0.3935947648,0.3267241104
P0,1,stock_tipo,20,27.63164302,34.32849247,32.9469302,38.80287972,0.003376606947,0.003477395641,1,0.2060598311,0.231283135
P1|E6|agg+ind|T1,1,aggregati,25,206.1243721,272.267772,315.1427729,368.4869154,0.03742269066,0.03761053893,0.76,0.774829963,0.6227203178
P1|E6|agg+ind|T1,1,consumo,355,8.779081445,18.97407731,19.85457385,32.62199832,0.1000576814,0.09865751512,0.6666666667,2.034435478,1.63286869
P1|E6|agg+ind|T1,1,importazioni,355,6.116717663,19.89784034,37.15021522,56.37589161,0.157274202,0.1407033432,0.6415929204,3.042634379,3.472232395
P1|E6|agg+ind|T1,1,investimento_ind,980,2.878617774,8.4645751,17.81559911,38.17529176,0.4107054519,0.5424006768,0.1255102041,1.799256013,1.530427549
P1|E6|agg+ind|T1,1,investimento_tipo,20,60.81374889,70.08518297,62.630062,70.34388037,0.09459204534,0.1030779986,0.45,1.44264997,1.386743125
P1|E6|agg+ind|T1,1,produzione,355,19.30748314,35.58977927,30.39649849,46.4652595,0.06230441585,0.05893174882,0.6253521127,1.609800177,1.294811047
P1|E6|agg+ind|T1,1,scorte,55,37.33853518,43.64795154,45.35676439,50.95623507,0.175626603,0.1766807987,0.3272727273,3.459523639,3.730611957
P1|E6|agg+ind|T1,1,stock_ind,980,2.796799325,8.690810629,36.29676838,64.19846994,0.08380916177,0.1108033967,0.8020408163,0.6890232436,0.5582080533
P1|E6|agg+ind|T1,1,stock_tipo,20,55.74940141,66.56520375,58.93369996,74.37550557,0.00913243213,0.009386892785,1,0.3995635594,0.4137068552
P1|E6|agg+ind|T2,1,aggregati,25,209.1977229,276.3522375,277.4610941,345.8428919,0.04139436565,0.04166483905,0.72,0.7864536901,0.548261536
P1|E6|agg+ind|T2,1,consumo,355,9.744274747,20.99051192,22.4720699,36.16959342,0.1018764222,0.1023674477,0.6634920635,2.250641306,1.848135327
P1|E6|agg+ind|T2,1,importazioni,355,6.703271418,21.54279965,38.98251045,58.84934109,0.1607466818,0.1445688999,0.6460176991,3.294169704,3.643487253
P1|E6|agg+ind|T2,1,investimento_ind,980,2.443049244,6.055913228,13.06244259,22.23152426,0.3228956299,0.4950585724,0.09387755102,1.287263467,1.122113372
P1|E6|agg+ind|T2,1,investimento_tipo,20,42.57203962,48.28451629,42.16142419,47.99525177,0.06831489249,0.07081960704,0.4,0.9938998946,0.9335303727
P1|E6|agg+ind|T2,1,produzione,355,20.45565661,39.08635591,32.27455477,51.62505678,0.06414967065,0.06042967048,0.6197183099,1.767957654,1.374811315
P1|E6|agg+ind|T2,1,scorte,55,39.23842613,46.1312762,49.25289036,55.09632867,0.180867361,0.1797374031,0.2181818182,3.656351212,4.051069872
P1|E6|agg+ind|T2,1,stock_ind,980,2.338788066,5.897395522,22.79958953,32.34795276,0.07647148306,0.1039606909,0.8153061224,0.4675562229,0.3506349203
P1|E6|agg+ind|T2,1,stock_tipo,20,37.59786675,42.89483315,36.21411426,41.15585163,0.007401185436,0.00761564984,0.95,0.2574800534,0.2542183392
P1|E6|agg+ind|T3,1,aggregati,25,191.6382461,269.8286187,319.4329978,376.6274665,0.03180952524,0.03179093501,0.76,0.7678885281,0.6311977778
P1|E6|agg+ind|T3,1,consumo,355,8.329119945,18.4441904,19.12112195,32.07026429,0.09655702359,0.09474357847,0.6634920635,1.977620029,1.572548552
P1|E6|agg+ind|T3,1,importazioni,355,5.656919751,18.600662,33.60659434,52.7920843,0.1418870497,0.1308275224,0.6460176991,2.844279212,3.141029059
P1|E6|agg+ind|T3,1,investimento_ind,980,2.554789336,8.067268602,17.63888349,38.14587536,0.3677801075,0.502308742,0.1051020408,1.714803327,1.515247006
P1|E6|agg+ind|T3,1,investimento_tipo,20,50.23910875,60.33670805,47.03403519,55.64761836,0.08293499688,0.0914193869,0.5,1.241985058,1.041418815
P1|E6|agg+ind|T3,1,produzione,355,18.74767446,34.33830008,29.263039,44.62316487,0.06230275718,0.05846182592,0.6225352113,1.553193154,1.246528648
P1|E6|agg+ind|T3,1,scorte,55,38.95826878,45.08373978,48.10630997,53.10779909,0.1796667037,0.1799868717,0.3454545455,3.573323787,3.956763177
P1|E6|agg+ind|T3,1,stock_ind,980,2.474727228,8.310248251,37.38017579,64.44366901,0.0791724743,0.1020698444,0.8142857143,0.6588515674,0.5748697774
P1|E6|agg+ind|T3,1,stock_tipo,20,46.02604245,59.18823522,53.87461398,70.5150094,0.007116376923,0.007307382259,1,0.3552826493,0.3781927342
P1|E6|agg|T1,1,aggregati,25,285.6441375,366.7437427,360.732396,452.0985767,0.05405372804,0.05425960936,0.6,1.043693268,0.7128051526
P1|E6|agg|T1,1,consumo,355,12.50756261,25.00588369,27.62556176,41.72393485,0.1232054885,0.1268420406,0.6793650794,2.681176855,2.271965905
P1|E6|agg|T1,1,importazioni,355,7.630086163,25.57527772,41.98485695,68.87797859,0.1847720306,0.1685317702,0.6238938053,3.910787195,3.924100562
P1|E6|agg|T1,1,investimento_ind,980,14.10473537,28.77096745,40.58147599,59.82431731,1.743635736,2.752334437,0.4,6.115644978,3.486102737
P1|E6|agg|T1,1,investimento_tipo,20,71.78018417,84.08278404,77.76524244,88.14203322,0.1065232371,0.1153129454,0.3,1.730779898,1.721863461
P1|E6|agg|T1,1,produzione,355,24.36595818,44.20714066,38.39390195,59.59995916,0.07917805061,0.07251346571,0.6253521127,1.999581461,1.635479442
P1|E6|agg|T1,1,scorte,55,34.0004739,42.0028906,43.16255122,51.16256626,0.1608898327,0.1568624333,0.2545454545,3.329136599,3.550137049
P1|E6|agg|T1,1,stock_ind,980,14.02976396,28.80406473,48.98196272,74.99415432,0.2751664969,0.6316883344,0.3795918367,2.283638541,0.7532936753
P1|E6|agg|T1,1,stock_tipo,20,66.12673857,78.8200388,62.95568132,81.46315505,0.01195140897,0.01228385891,1,0.4731242974,0.4419406376
P1|E6|agg|T2,1,aggregati,25,236.1697143,330.5493786,353.105542,469.3021528,0.03955863137,0.04017349207,0.72,0.9406899718,0.6977345326
P1|E6|agg|T2,1,consumo,355,10.93320194,22.05354124,23.29631031,35.74122935,0.1120312234,0.1134752557,0.673015873,2.364621266,1.915922043
P1|E6|agg|T2,1,importazioni,355,8.048190238,25.73187744,44.46977519,69.87686308,0.1944727397,0.1828162954,0.6194690265,3.934733297,4.156352611
P1|E6|agg|T2,1,investimento_ind,980,14.79324295,30.55995664,35.68463482,52.61656214,1.762056353,2.815164005,0.4,6.495917999,3.065445505
P1|E6|agg|T2,1,investimento_tipo,20,43.62721941,53.63172362,48.16707004,57.91008426,0.06323611781,0.06520095568,0.6,1.103968074,1.066506261
P1|E6|agg|T2,1,produzione,355,23.78557881,43.61069566,36.98450591,57.60110621,0.07894547421,0.07261012449,0.6422535211,1.972603006,1.57544287
P1|E6|agg|T2,1,scorte,55,35.19880053,42.34730611,43.52874382,50.13411541,0.164797864,0.1643733293,0.3272727273,3.35643487,3.580256536
P1|E6|agg|T2,1,stock_ind,980,14.67895796,30.45026583,28.36823131,43.85732153,0.2832395586,0.5844002693,0.3775510204,2.414152353,0.4362750702
P1|E6|agg|T2,1,stock_tipo,20,37.80176535,46.41432128,27.07722269,34.58080887,0.008960480948,0.009224640216,1,0.2786060941,0.190078557
P1|E6|agg|T3,1,aggregati,25,217.4447327,316.6925035,344.3029922,462.1388346,0.03431026943,0.03480335262,0.76,0.9012555507,0.6803407445
P1|E6|agg|T3,1,consumo,355,10.36730888,20.81052624,21.87205107,33.39755224,0.1094789801,0.1104491238,0.673015873,2.23134291,1.798788916
P1|E6|agg|T3,1,importazioni,355,7.962676665,25.68473824,44.19196932,69.86835903,0.186341418,0.1752491319,0.6283185841,3.927525109,4.130387578
P1|E6|agg|T3,1,investimento_ind,980,14.51573269,29.86323314,39.78215467,60.72198203,1.762536162,2.585596982,0.4010204082,6.347820318,3.417438003
P1|E6|agg|T3,1,investimento_tipo,20,54.63355492,69.28051076,55.59240267,68.12844538,0.08433284757,0.0931729959,0.55,1.426086407,1.230916587
P1|E6|agg|T3,1,produzione,355,22.96532341,42.68401404,36.04058834,56.76458421,0.07473740227,0.06907626159,0.6422535211,1.930687258,1.53523446
P1|E6|agg|T3,1,scorte,55,36.35218629,45.27803021,46.61897638,54.32561938,0.1598723263,0.1602031861,0.3636363636,3.588723189,3.834429396
P1|E6|agg|T3,1,stock_ind,980,14.4305371,29.85433965,45.05247852,73.2915726,0.2824514821,0.4983743315,0.3785714286,2.366906244,0.6928621321
P1|E6|agg|T3,1,stock_tipo,20,49.90414105,65.80638502,47.94608606,71.03089786,0.00974067142,0.01001084638,1,0.3950086825,0.3365752447
P1|E6|ind|T1,1,aggregati,25,194.8298685,263.3182219,283.0652829,354.4648858,0.03500850341,0.03538206617,0.72,0.7493609937,0.5593353809
P1|E6|ind|T1,1,consumo,355,9.584856585,19.79420449,21.1992421,33.32616569,0.1021497292,0.1027917671,0.6666666667,2.122371024,1.743456139
P1|E6|ind|T1,1,importazioni,355,6.904805698,21.67398921,38.70300468,57.80617481,0.1893309839,0.1618260008,0.6548672566,3.314230266,3.617363341
P1|E6|ind|T1,1,investimento_ind,980,3.220584852,10.16489185,21.69965294,49.01201111,0.4326826821,0.6190352642,0.1316326531,2.160680552,1.864082507
P1|E6|ind|T1,1,investimento_tipo,20,95.79512721,115.6969944,104.7561531,125.343344,0.1396722466,0.1514640101,0.35,2.381534276,2.319491159
P1|E6|ind|T1,1,produzione,355,20.93713298,40.64199186,32.97589693,53.62576375,0.06815180159,0.06284644508,0.6281690141,1.838322322,1.40468665
P1|E6|ind|T1,1,scorte,55,36.43249597,43.51684375,45.34642644,51.3827862,0.1668732005,0.1675321977,0.3454545455,3.449132075,3.729761656
P1|E6|ind|T1,1,stock_ind,980,3.145266401,10.4198874,45.75409474,82.25690941,0.08341573104,0.1116624493,0.7775510204,0.8261075892,0.703652289
P1|E6|ind|T1,1,stock_tipo,20,90.71803158,113.0942114,87.87408739,112.4302577,0.01536549229,0.01581472373,0.9,0.6788580684,0.6168645846
P1|E6|ind|T2,1,aggregati,25,191.8490568,267.4052517,266.9854661,352.9075966,0.03560097424,0.03583417173,0.76,0.7609920181,0.527561755
P1|E6|ind|T2,1,consumo,355,9.923761595,21.082013,22.205199,35.24379137,0.102205535,0.1029454686,0.6634920635,2.260452221,1.82618748
P1|E6|ind|T2,1,importazioni,355,7.287356442,21.61038469,40.29686338,56.90232467,0.1809314137,0.1611146436,0.6548672566,3.30450432,3.76633281
P1|E6|ind|T2,1,investimento_ind,980,2.476933243,6.038641578,12.92255052,21.54047391,0.2913464229,0.4938977748,0.09387755102,1.283592152,1.110096112
P1|E6|ind|T2,1,investimento_tipo,20,69.06541545,85.47465762,79.44970569,96.9753304,0.09474207534,0.098679343,0.4,1.759430553,1.759160531
P1|E6|ind|T2,1,produzione,355,21.47683645,40.93658178,33.24165372,53.4289513,0.07062370777,0.06497740655,0.6084507042,1.851647241,1.416007192
P1|E6|ind|T2,1,scorte,55,37.659401,45.48857615,47.56182057,54.27747005,0.1721272662,0.1714255238,0.3272727273,3.605410998,3.911978707
P1|E6|ind|T2,1,stock_ind,980,2.391972216,5.902261721,22.22471697,31.07535586,0.06310915747,0.07596504359,0.8295918367,0.4679420239,0.3417939543
P1|E6|ind|T2,1,stock_tipo,20,68.5610386,85.1061634,53.59232528,69.46217445,0.01386870758,0.01433441905,0.9,0.5108573198,0.3762111045
P1|E6|ind|T3,1,aggregati,25,189.5386234,257.0852094,313.7336764,366.3033964,0.03037595298,0.03085010986,0.76,0.7316228498,0.6199359512
P1|E6|ind|T3,1,consumo,355,8.119265131,17.77058925,18.85053118,30.94235797,0.09317763887,0.09191795275,0.6634920635,1.905395274,1.550294777
P1|E6|ind|T3,1,importazioni,355,6.090516286,18.34796262,32.61343583,48.49613484,0.1571081005,0.143585487,0.6548672566,2.805638243,3.048203832
P1|E6|ind|T3,1,investimento_ind,980,2.725513639,8.427174412,18.33998066,39.64686744,0.3388668238,0.565427216,0.1051020408,1.791306009,1.575473914
P1|E6|ind|T3,1,investimento_tipo,20,80.15497134,96.5670862,87.45882602,104.8946428,0.1149662167,0.1260205515,0.45,1.987759724,1.936496976
P1|E6|ind|T3,1,produzione,355,18.93339259,35.63570167,29.27097074,45.97387449,0.06559739805,0.0595296152,0.6338028169,1.611877343,1.24686652
P1|E6|ind|T3,1,scorte,55,35.36827421,42.90254959,45.15458565,51.48708107,0.1595550081,0.1591317492,0.3636363636,3.400443303,3.713982674
P1|E6|ind|T3,1,stock_ind,980,2.66326073,8.645075072,39.01510265,66.66616914,0.06859836291,0.09158264368,0.8255102041,0.6853972456,0.6000133199
P1|E6|ind|T3,1,stock_tipo,20,80.74663468,97.82431486,75.30666628,94.16452741,0.01421047106,0.01468100578,0.95,0.5871991558,0.5286429344
P1|E6|nessuna|T1,1,aggregati,25,389.3953903,505.5123694,430.0044598,523.8853086,0.084852844,0.08146953795,0.68,1.438606294,0.8496863546
P1|E6|nessuna|T1,1,consumo,355,14.63524729,27.90339192,34.57888274,49.14040609,0.1473708543,0.150651293,0.6793650794,2.991853018,2.843817016
P1|E6|nessuna|T1,1,importazioni,355,7.62300034,23.46086213,43.97420516,63.82903332,0.2255046604,0.1891657609,0.5884955752,3.587465998,4.110034325
P1|E6|nessuna|T1,1,investimento_ind,980,13.26907951,32.76517722,88.6213514,150.8237735,1.761294661,2.304140934,0.3897959184,6.964666441,7.612910279
P1|E6|nessuna|T1,1,investimento_tipo,20,335.103334,354.8041467,318.7508281,344.3539727,0.7116647193,0.5808301666,0.45,7.303372409,7.057721248
P1|E6|nessuna|T1,1,produzione,355,26.17539888,47.53710623,41.21447746,63.25422977,0.08365573657,0.07462625014,0.6535211268,2.150202771,1.755628555
P1|E6|nessuna|T1,1,scorte,55,37.5504846,47.60511605,47.48421159,56.98450023,0.1608335029,0.166462718,0.4181818182,3.77316732,3.905595337
P1|E6|nessuna|T1,1,stock_ind,980,13.23141431,32.86211783,168.6909211,233.3307793,0.2589980938,0.5252536418,0.3612244898,2.605368358,2.594297918
P1|E6|nessuna|T1,1,stock_tipo,20,329.4671027,349.9068504,346.132371,361.7900848,0.05742450161,0.05659265832,0.4,2.100347009,2.429803912
P1|E6|nessuna|T2,1,aggregati,25,303.8497794,405.3486153,350.3980473,499.0258954,0.07274310031,0.07535470026,0.68,1.15355648,0.6923845386
P1|E6|nessuna|T2,1,consumo,355,8.401748338,16.23710479,16.96363322,24.12810619,0.1122225891,0.1022270055,0.6825396825,1.740972248,1.395113577
P1|E6|nessuna|T2,1,importazioni,355,7.653497176,24.666736,46.26165353,69.3443521,0.2103061264,0.1783929108,0.5663716814,3.771859542,4.323829918
P1|E6|nessuna|T2,1,investimento_ind,980,13.37531396,34.11367435,86.40577875,151.0020869,1.738655671,1.98509505,0.3806122449,7.251307123,7.422584183
P1|E6|nessuna|T2,1,investimento_tipo,20,289.6299505,312.8116481,272.5172304,300.9753597,0.5749673439,0.5082611886,0.45,6.438988893,6.034025571
P1|E6|nessuna|T2,1,produzione,355,24.31353547,43.92608162,36.89299464,57.02085125,0.06894366495,0.06822341417,0.6450704225,1.986868573,1.57154473
P1|E6|nessuna|T2,1,scorte,55,49.90176115,63.11510543,65.01207065,76.99248131,0.1868871924,0.2062659108,0.6545454545,5.002484459,5.347268734
P1|E6|nessuna|T2,1,stock_ind,980,13.32443514,34.18797059,167.1926166,234.4152436,0.2575204887,0.4055908393,0.3602040816,2.710484372,2.571255492
P1|E6|nessuna|T2,1,stock_tipo,20,285.1696834,308.6839289,308.0523472,326.3323134,0.04869202271,0.04820805689,0.4,1.852902754,2.162487132
P1|E6|nessuna|T3,1,aggregati,25,306.3054486,408.7590781,349.0415678,500.0557267,0.07374611531,0.07630246457,0.72,1.163262104,0.6897041427
P1|E6|nessuna|T3,1,consumo,355,8.517907641,16.57115257,17.26483179,24.86817511,0.1129090944,0.1029980808,0.6825396825,1.776789466,1.41988458
P1|E6|nessuna|T3,1,importazioni,355,7.725855809,24.731316,46.66730184,69.5797983,0.2139527863,0.1808764701,0.5619469027,3.78173465,4.361743702
P1|E6|nessuna|T3,1,investimento_ind,980,13.38296874,34.24729166,86.87008751,152.0871109,1.741093944,1.980313817,0.3806122449,7.279709227,7.462470068
P1|E6|nessuna|T3,1,investimento_tipo,20,294.9026931,318.5842863,277.5368847,306.4040804,0.5947022062,0.518407379,0.45,6.557814243,6.145169819
P1|E6|nessuna|T3,1,produzione,355,24.552323,44.43574552,37.26091276,57.60408455,0.07049643925,0.06912254663,0.6422535211,2.009921737,1.587217077
P1|E6|nessuna|T3,1,scorte,55,49.01423658,62.52978725,64.26852648,77.17257534,0.1863503828,0.2046527477,0.5818181818,4.956092314,5.28611193
P1|E6|nessuna|T3,1,stock_ind,980,13.3335756,34.32266517,168.3062769,236.01871,0.2569916146,0.403034948,0.356122449,2.721163203,2.588382475
P1|E6|nessuna|T3,1,stock_tipo,20,290.442426,314.3996261,312.6812527,331.1136944,0.05000049503,0.04939632512,0.4,1.887211736,2.194981442
P1|largo|agg+ind|T1,1,aggregati,25,220.7913256,295.4548349,319.6545811,392.8837366,0.04044753328,0.04081147236,0.72,0.840816587,0.631635625
P1|largo|agg+ind|T1,1,consumo,355,9.795844508,23.33180965,21.70010755,38.15769385,0.1012983531,0.1013303435,0.6666666667,2.501679557,1.784648034
P1|largo|agg+ind|T1,1,importazioni,355,6.272514101,19.96769615,37.02868489,55.54581299,0.1566693841,0.1422616962,0.6327433628,3.053316226,3.460873604
P1|largo|agg+ind|T1,1,investimento_ind,980,2.983975865,8.624690729,18.07149865,38.30167537,0.4226785783,0.5538210697,0.1367346939,1.833290682,1.55241029
P1|largo|agg+ind|T1,1,investimento_tipo,20,66.47467233,77.84530135,71.36778404,81.96225054,0.1005295894,0.1089377347,0.35,1.602386081,1.580212133
P1|largo|agg+ind|T1,1,produzione,355,20.76669014,39.22400881,32.82134624,51.80299152,0.06571377005,0.06251122568,0.6253521127,1.774183982,1.398103197
P1|largo|agg+ind|T1,1,scorte,55,36.04190663,43.22056605,44.84647919,51.4897108,0.1691090887,0.1688792786,0.3636363636,3.425649192,3.688640795
P1|largo|agg+ind|T1,1,stock_ind,980,2.903232761,8.84118205,36.43733281,64.26137457,0.08594582656,0.1155674412,0.7948979592,0.7009449628,0.5603697938
P1|largo|agg+ind|T1,1,stock_tipo,20,61.41032485,73.53344705,62.46772965,78.39387371,0.0100990254,0.0103818802,1,0.44139106,0.4385152808
P1|largo|agg+ind|T2,1,aggregati,25,216.5360337,306.1769082,295.0143113,405.7196052,0.04105474979,0.04143042711,0.72,0.8713298703,0.5829465928
P1|largo|agg+ind|T2,1,consumo,355,10.2439127,22.75679254,21.03860223,35.28121406,0.1142069879,0.1157692242,0.6666666667,2.440025164,1.730244886
P1|largo|agg+ind|T2,1,importazioni,355,6.848343237,21.42313224,40.03677278,58.56582232,0.1690964447,0.1513507193,0.6504424779,3.275871025,3.742023528
P1|largo|agg+ind|T2,1,investimento_ind,980,2.470656927,6.165967026,13.17467732,22.43578701,0.3194464692,0.4981652973,0.1020408163,1.31065684,1.131754761
P1|largo|agg+ind|T2,1,investimento_tipo,20,42.70705867,48.4136338,42.26258334,48.08859938,0.06850062882,0.07101415281,0.4,0.99655768,0.9357702197
P1|largo|agg+ind|T2,1,produzione,355,21.2670666,42.22417961,33.35360039,55.83462709,0.06649680478,0.06365469574,0.6225352113,1.909887984,1.420775826
P1|largo|agg+ind|T2,1,scorte,55,37.29074217,44.87497717,46.60656997,53.14702326,0.1726617306,0.1711462578,0.2363636364,3.556777326,3.833408964
P1|largo|agg+ind|T2,1,stock_ind,980,2.367856975,6.00910259,23.03931109,32.66166062,0.07780024415,0.1068393214,0.8142857143,0.476412562,0.3543215985
P1|largo|agg+ind|T2,1,stock_tipo,20,37.7328858,43.00926206,36.38525897,41.35648152,0.007416328594,0.007632084764,0.95,0.2581669231,0.2554197526
P1|largo|agg+ind|T3,1,aggregati,25,197.0726103,284.068128,328.4751391,398.2623209,0.03180965905,0.03188906745,0.76,0.8084118643,0.6490649973
P1|largo|agg+ind|T3,1,consumo,355,8.663757929,20.58356105,19.12086294,33.39686467,0.09470990085,0.09343134056,0.6634920635,2.207007285,1.57252725
P1|largo|agg+ind|T3,1,importazioni,355,5.881149707,18.68458279,34.22941666,52.22105138,0.1502712101,0.1370438537,0.6371681416,2.857111776,3.199240938
P1|largo|agg+ind|T3,1,investimento_ind,980,2.554546567,8.110552956,17.70366334,38.20152744,0.3665322056,0.5058924902,0.1142857143,1.724003982,1.520811841
P1|largo|agg+ind|T3,1,investimento_tipo,20,50.48336595,60.40978277,47.4648233,55.81164569,0.08307945854,0.09159216976,0.5,1.243489245,1.050957244
P1|largo|agg+ind|T3,1,produzione,355,19.26458332,36.11338635,29.83050334,46.90796288,0.06406796494,0.06088581571,0.6309859155,1.63348402,1.27070114
P1|largo|agg+ind|T3,1,scorte,55,38.41691013,44.92733152,48.05949461,53.76196195,0.1770500563,0.1780535662,0.3636363636,3.560926916,3.952912595
P1|largo|agg+ind|T3,1,stock_ind,980,2.477504095,8.35137439,37.44605849,64.48929166,0.07986518006,0.1044699093,0.8163265306,0.6621121223,0.5758829876
P1|largo|agg+ind|T3,1,stock_tipo,20,46.27029965,59.32683284,54.03768706,70.62531198,0.007144993792,0.007338494409,1,0.3561145939,0.3793374859
P1|largo|agg|T1,1,aggregati,25,296.4077907,408.8075577,417.5928272,560.5064476,0.05075578074,0.05120691465,0.6,1.163400069,0.8251610396
P1|largo|agg|T1,1,consumo,355,13.29499687,28.05042681,26.67510435,43.35804554,0.1343812186,0.1410109726,0.6698412698,3.00761837,2.193798922
P1|largo|agg|T1,1,importazioni,355,8.370592187,26.18267028,46.69948471,70.63346781,0.2033653572,0.1831069304,0.6194690265,4.003665289,4.364751663
P1|largo|agg|T1,1,investimento_ind,980,13.921258,28.11689621,39.88674295,57.97743931,1.742762231,2.470361065,0.412244898,5.976613592,3.426422534
P1|largo|agg|T1,1,investimento_tipo,20,70.37903848,83.34664287,75.58745305,87.04854341,0.1052713893,0.1140628676,0.35,1.715626994,1.673643255
P1|largo|agg|T1,1,produzione,355,25.90498124,48.83414652,40.95849856,65.77834326,0.08077812606,0.07493750513,0.6281690141,2.208870617,1.744724526
P1|largo|agg|T1,1,scorte,55,38.56907554,49.0632702,49.48203875,58.89277155,0.1720161915,0.1695112281,0.2545454545,3.888740183,4.069917418
P1|largo|agg|T1,1,stock_ind,980,13.85538565,28.15770066,48.66058904,73.91859142,0.2745426679,0.5353944825,0.3867346939,2.232393624,0.7483512689
P1|largo|agg|T1,1,stock_tipo,20,64.72559288,78.20000565,62.0315043,81.0680568,0.01173501769,0.01205875002,1,0.4694024932,0.435453036
P1|largo|agg|T2,1,aggregati,25,271.3639504,388.9126052,401.5718775,558.938516,0.04491472313,0.04561263059,0.68,1.106782258,0.7935037346
P1|largo|agg|T2,1,consumo,355,12.18322795,27.18370775,24.74602578,42.07494556,0.1220067216,0.1273365639,0.6761904762,2.914687158,2.035148727
P1|largo|agg|T2,1,importazioni,355,8.462621882,26.03118151,46.81068018,69.07069044,0.2039747087,0.1876975277,0.610619469,3.980500718,4.37514451
P1|largo|agg|T2,1,investimento_ind,980,14.60086363,30.13245681,34.87946428,52.16624427,1.762083197,2.629418522,0.3918367347,6.405047326,2.996278301
P1|largo|agg|T2,1,investimento_tipo,20,45.68735858,55.68024274,49.61540046,59.26366849,0.06762056511,0.06955114427,0.55,1.146135276,1.098574922
P1|largo|agg|T2,1,produzione,355,25.9077772,49.78403383,40.11526767,65.86860353,0.08257455342,0.07673943463,0.6338028169,2.251836007,1.708805104
P1|largo|agg|T2,1,scorte,55,35.16340039,42.19637323,43.21130843,49.62593798,0.1706116538,0.1688222763,0.2181818182,3.344471975,3.554147349
P1|largo|agg|T2,1,stock_ind,980,14.49647248,30.03386621,28.01665336,43.65157405,0.2798634817,0.4957709977,0.3724489796,2.381139435,0.4308681525
P1|largo|agg|T2,1,stock_tipo,20,39.86190453,48.71399446,29.74925218,38.42247364,0.009138462141,0.009403967814,1,0.292410087,0.2088358541
P1|largo|agg|T3,1,aggregati,25,259.1087518,380.4858347,394.5852709,554.4737293,0.0415113487,0.04217697798,0.72,1.082801035,0.7796982397
P1|largo|agg|T3,1,consumo,355,11.89621453,26.50573707,24.27345014,41.27541949,0.1200360124,0.1246666076,0.6761904762,2.841993894,1.996283427
P1|largo|agg|T3,1,importazioni,355,8.24353426,25.73937559,45.05596174,68.08360072,0.194775363,0.1802006827,0.6283185841,3.93587986,4.21114034
P1|largo|agg|T3,1,investimento_ind,980,14.15159332,29.3072133,38.80784526,60.37454743,1.756178691,2.468114492,0.393877551,6.229631037,3.333741129
P1|largo|agg|T3,1,investimento_tipo,20,61.13853401,76.37194544,63.89026859,77.76052445,0.09370825936,0.10252318,0.45,1.572058174,1.414646383
P1|largo|agg|T3,1,produzione,355,25.44368442,49.44937272,39.67902516,65.80685842,0.0794852682,0.07422809709,0.6253521127,2.236698585,1.690222318
P1|largo|agg|T3,1,scorte,55,34.49622736,42.56591328,41.34822979,49.26007589,0.1644454225,0.1648663259,0.2727272727,3.373761609,3.400908387
P1|largo|agg|T3,1,stock_ind,980,14.0713621,29.30899632,44.56100508,73.1636366,0.2797380121,0.4911769069,0.3806122449,2.323670434,0.6853037614
P1|largo|agg|T3,1,stock_tipo,20,56.40912014,72.19730952,53.31481507,75.68495778,0.010709156,0.01100089821,1,0.4333707755,0.3742630192
P1|largo|ind|T1,1,aggregati,25,225.2856729,321.3016403,331.1450161,451.8508237,0.03898250891,0.03947752932,0.68,0.9143724072,0.6543406589
P1|largo|ind|T1,1,consumo,355,10.86751561,24.54064435,22.46829436,38.42462116,0.1110701021,0.1149553058,0.6666666667,2.631293037,1.847824821
P1|largo|ind|T1,1,importazioni,355,7.047725774,21.10237326,38.26449336,54.95307126,0.1846164849,0.161763642,0.6548672566,3.226822873,3.576378027
P1|largo|ind|T1,1,investimento_ind,980,3.384491472,10.36349786,21.98634396,49.17232708,0.4594069643,0.6141517313,0.1387755102,2.202896853,1.888710354
P1|largo|ind|T1,1,investimento_tipo,20,104.5795968,124.6477552,118.1786221,137.9475368,0.1493645869,0.1607425584,0.3,2.565778852,2.616688957
P1|largo|ind|T1,1,produzione,355,22.94860526,44.68910443,35.95689991,59.00108014,0.07287603174,0.06774913206,0.6112676056,2.021381691,1.531669552
P1|largo|ind|T1,1,scorte,55,37.57854402,46.52550396,47.23501266,55.30555167,0.1703701087,0.1715779293,0.3818181818,3.687597587,3.885098626
P1|largo|ind|T1,1,stock_ind,980,3.304672269,10.60471678,46.04381149,82.40355065,0.08832641107,0.1163283888,0.7571428571,0.8407611974,0.7081078433
P1|largo|ind|T1,1,stock_tipo,20,99.50250115,121.0372898,93.4311637,117.5803083,0.01688154327,0.01736902627,0.85,0.7265371038,0.6558745325
P1|largo|ind|T2,1,aggregati,25,199.9276797,301.8741624,302.0021235,431.4804974,0.03387050525,0.03427532001,0.76,0.8590849529,0.5967544698
P1|largo|ind|T2,1,consumo,355,10.2286404,22.5519959,20.63847545,33.96380249,0.108568036,0.1104752616,0.6634920635,2.418066492,1.697337884
P1|largo|ind|T2,1,importazioni,355,7.440865161,21.6984865,41.42603887,56.84613243,0.194869407,0.1682661033,0.6327433628,3.317976214,3.871870817
P1|largo|ind|T2,1,investimento_ind,980,2.506491194,6.088176294,12.90625647,21.55559142,0.3062240743,0.4916060313,0.09489795918,1.294121403,1.108696392
P1|largo|ind|T2,1,investimento_tipo,20,68.67140115,84.93869207,78.86821485,96.35044467,0.09438914166,0.09833684784,0.4,1.748398111,1.74628527
P1|largo|ind|T2,1,produzione,355,22.14840208,43.98865043,34.03450361,57.5315691,0.07164644845,0.06641331596,0.6028169014,1.989698691,1.449780516
P1|largo|ind|T2,1,scorte,55,38.68033313,46.15571951,48.15481466,54.23845126,0.1766185248,0.1766929583,0.2363636364,3.658288582,3.960752707
P1|largo|ind|T2,1,stock_ind,980,2.417756673,5.946053678,22.26179849,31.12006686,0.06904424629,0.08424153902,0.8193877551,0.4714139298,0.342364231
P1|largo|ind|T2,1,stock_tipo,20,68.1670243,84.53763788,53.4289929,69.11581498,0.01376934997,0.01423321565,0.95,0.5074446947,0.3750645326
P1|largo|ind|T3,1,aggregati,25,200.2042947,296.168213,349.284487,445.9225428,0.02978401421,0.03030959344,0.76,0.8428467456,0.6901841497
P1|largo|ind|T3,1,consumo,355,8.561057898,19.87180867,18.37454957,31.16604915,0.09443396324,0.0945629246,0.6666666667,2.130691886,1.511149366
P1|largo|ind|T3,1,importazioni,355,6.49621132,19.55683483,35.28857251,51.24949429,0.1652985413,0.1487784042,0.6415929204,2.990490273,3.298234584
P1|largo|ind|T3,1,investimento_ind,980,2.733366894,8.372306877,18.18705365,39.21793958,0.352741908,0.5538248944,0.1040816327,1.779643197,1.562336903
P1|largo|ind|T3,1,investimento_tipo,20,79.58364153,96.11312066,86.79026355,104.6403002,0.1140468381,0.1250040226,0.45,1.978415191,1.921693791
P1|largo|ind|T3,1,produzione,355,20.36750491,39.57582211,31.43626622,51.57103981,0.06839241143,0.06262512091,0.6197183099,1.790097234,1.339102423
P1|largo|ind|T3,1,scorte,55,34.39695227,41.01508753,42.06626868,47.87514805,0.1615792074,0.1620719708,0.3454545455,3.250843622,3.459967372
P1|largo|ind|T3,1,stock_ind,980,2.668302833,8.582908087,38.78970116,65.93750263,0.07302481515,0.09536217111,0.8163265306,0.6804685341,0.5965468701
P1|largo|ind|T3,1,stock_tipo,20,80.17530487,97.29163234,74.83137237,93.56147708,0.01408589325,0.01455727235,0.95,0.5840016815,0.5253064334
P1|largo|nessuna|T1,1,aggregati,25,384.1782394,523.3833794,485.7588211,651.561684,0.07374979109,0.07237670315,0.68,1.489464293,0.9598566539
P1|largo|nessuna|T1,1,consumo,355,15.39528231,31.31725356,30.99797533,48.96936343,0.1643538571,0.1686570277,0.673015873,3.357893545,2.549318044
P1|largo|nessuna|T1,1,importazioni,355,8.377793637,26.68446238,49.8587535,74.01685532,0.2371724063,0.200377795,0.610619469,4.080395721,4.66003166
P1|largo|nessuna|T1,1,investimento_ind,980,13.13979713,32.38132033,83.84880367,145.3026184,1.752902651,2.517087005,0.3908163265,6.883072646,7.202930324
P1|largo|nessuna|T1,1,investimento_tipo,20,299.6781638,323.3395186,275.7925995,306.0479352,0.6426490649,0.5343406414,0.5,6.655697067,6.106548182
P1|largo|nessuna|T1,1,produzione,355,28.40607869,52.17867524,44.66767496,68.54145939,0.08731198264,0.0797029594,0.6507042254,2.360150648,1.902725704
P1|largo|nessuna|T1,1,scorte,55,40.66715626,51.3826355,51.40870457,61.37377804,0.1773217457,0.182404558,0.3636363636,4.072572387,4.22838645
P1|largo|nessuna|T1,1,stock_ind,980,13.10221202,32.48234192,159.8945827,224.652414,0.2568259881,0.6283693785,0.3602040816,2.575259034,2.459019018
P1|largo|nessuna|T1,1,stock_tipo,20,294.502387,319.0198264,321.0579955,341.3452311,0.04895610347,0.04862668942,0.45,1.914944899,2.25378508
P1|largo|nessuna|T2,1,aggregati,25,319.5287706,422.8836014,376.336804,535.0399172,0.0743187106,0.07673870187,0.68,1.203458209,0.7436393735
P1|largo|nessuna|T2,1,consumo,355,9.194016941,18.94976122,16.90504925,25.50846489,0.1198274458,0.1128679338,0.6825396825,2.031828262,1.390295548
P1|largo|nessuna|T2,1,importazioni,355,7.871271126,25.53421335,48.27436745,71.38543728,0.1992649234,0.1729950832,0.5840707965,3.904507927,4.511947549
P1|largo|nessuna|T2,1,investimento_ind,980,13.30130557,34.2003897,85.58197877,150.6693365,1.739656641,1.986977427,0.3785714286,7.269739603,7.35181664
P1|largo|nessuna|T2,1,investimento_tipo,20,287.5226089,307.7392961,272.7232793,297.0287451,0.5594529673,0.5017514962,0.45,6.3345784,6.038587867
P1|largo|nessuna|T2,1,produzione,355,24.53271344,45.98983063,37.43595964,59.45025094,0.06828344501,0.06814043944,0.6422535211,2.080216258,1.594673614
P1|largo|nessuna|T2,1,scorte,55,48.84651409,61.73843041,63.52345738,75.39664847,0.1855298813,0.2045258558,0.6181818182,4.893369607,5.224829699
P1|largo|nessuna|T2,1,stock_ind,980,13.24975982,34.27092145,166.6502835,234.2720774,0.2569226204,0.4127654111,0.3530612245,2.717060867,2.562914951
P1|largo|nessuna|T2,1,stock_tipo,20,283.0623418,303.2791838,307.3577104,324.1786809,0.04707653317,0.04685326789,0.4,1.820460291,2.157610873
P1|largo|nessuna|T3,1,aggregati,25,321.1202598,424.2085537,378.3407576,535.3255329,0.07476762966,0.07714676537,0.68,1.207228808,0.7475991744
P1|largo|nessuna|T3,1,consumo,355,9.199765289,18.94496568,16.86933044,25.49240416,0.1206064212,0.1137865322,0.6825396825,2.031314076,1.387357981
P1|largo|nessuna|T3,1,importazioni,355,8.053838066,25.88121724,49.4593538,72.42431048,0.2084417442,0.1774590332,0.5796460177,3.957569263,4.622701901
P1|largo|nessuna|T3,1,investimento_ind,980,13.25703688,34.07031263,85.600298,150.7963392,1.740316732,1.969091513,0.3785714286,7.242090023,7.353390331
P1|largo|nessuna|T3,1,investimento_tipo,20,291.1883031,312.1970822,275.4692496,300.7758545,0.5723847775,0.5088985341,0.45,6.426338524,6.099388628
P1|largo|nessuna|T3,1,produzione,355,24.84867462,46.38743024,37.75193784,59.96391549,0.06925941525,0.06919387444,0.6422535211,2.098200521,1.608133456
P1|largo|nessuna|T3,1,scorte,55,47.19203321,61.85809021,61.48048272,76.03267158,0.1783955964,0.1968044202,0.6363636364,4.902853807,5.056794218
P1|largo|nessuna|T3,1,stock_ind,980,13.20688363,34.14410526,166.9097637,234.689232,0.2557206366,0.4045519598,0.3540816327,2.707006649,2.566905496
P1|largo|nessuna|T3,1,stock_tipo,20,286.728036,307.8674619,308.473,325.4183095,0.04906773121,0.04860080146,0.4,1.848001838,2.165440059
P1|stretto|agg+ind|T1,1,aggregati,25,213.9022216,310.2558814,354.7266769,458.4136606,0.04022427104,0.03985602854,0.72,0.8829379671,0.7009378859
P1|stretto|agg+ind|T1,1,consumo,355,6.879621997,13.46296257,16.64656471,24.10928442,0.07983823404,0.07769148762,0.6761904762,1.443523616,1.369037407
P1|stretto|agg+ind|T1,1,importazioni,355,4.985267921,17.80889662,30.00164473,50.36976822,0.1419141508,0.1258894172,0.6460176991,2.723208155,2.804093654
P1|stretto|agg+ind|T1,1,investimento_ind,980,2.790411952,8.29728708,17.64271541,38.13482063,0.3904052356,0.530839052,0.1265306122,1.763696759,1.515576183
P1|stretto|agg+ind|T1,1,investimento_tipo,20,56.39244523,66.33628113,56.087154,64.72235819,0.08986265706,0.09828505486,0.5,1.365481688,1.241871279
P1|stretto|agg+ind|T1,1,produzione,355,18.08313669,31.03623243,28.37359623,41.01804167,0.06595959803,0.05875509384,0.6169014085,1.403833726,1.208640721
P1|stretto|agg+ind|T1,1,scorte,55,41.91908589,48.57628038,52.26771353,57.95844324,0.1939212466,0.1928000988,0.3272727273,3.850141516,4.299040279
P1|stretto|agg+ind|T1,1,stock_ind,980,2.706960637,8.533177367,36.23810833,64.29567057,0.08354162593,0.1090965401,0.8010204082,0.6765257924,0.5573059203
P1|stretto|agg+ind|T1,1,stock_tipo,20,51.32809775,63.91193112,56.57955404,73.15690738,0.008190291558,0.008413615232,1,0.3836370544,0.3971810592
P1|stretto|agg+ind|T2,1,aggregati,25,221.7707642,319.4516381,321.3510115,446.9496258,0.0454254702,0.04509200113,0.68,0.9091076008,0.6349877618
P1|stretto|agg+ind|T2,1,consumo,355,7.749299198,15.17926547,19.6252873,27.98538011,0.0830451621,0.08196638853,0.6666666667,1.62754877,1.614011835
P1|stretto|agg+ind|T2,1,importazioni,355,5.553032638,20.17659989,32.63999847,55.16543495,0.1588015766,0.1347830461,0.6548672566,3.085260279,3.050686501
P1|stretto|agg+ind|T2,1,investimento_ind,980,2.387025587,5.948969329,12.70162899,21.50269177,0.3257736511,0.4869057893,0.09285714286,1.264531145,1.091118115
P1|stretto|agg+ind|T2,1,investimento_tipo,20,41.12535285,46.56837464,40.8360444,46.38749809,0.06586346513,0.06840051362,0.45,0.9585744292,0.9041840611
P1|stretto|agg+ind|T2,1,produzione,355,19.30813245,34.29249461,30.01944531,45.61505898,0.06834221425,0.06125147081,0.5943661972,1.551121277,1.278749572
P1|stretto|agg+ind|T2,1,scorte,55,41.43729226,49.4337714,53.17827971,59.91299808,0.1880711637,0.1835636078,0.2545454545,3.918105998,4.373934711
P1|stretto|agg+ind|T2,1,stock_ind,980,2.28301434,5.789317193,22.07550196,31.05449129,0.07675680283,0.1010355618,0.8163265306,0.4589875767,0.3394991765
P1|stretto|agg+ind|T2,1,stock_tipo,20,36.15117999,41.20262036,35.05094914,39.69971992,0.007017706408,0.007223651905,0.95,0.2473223955,0.2460530724
P1|stretto|agg+ind|T3,1,aggregati,25,193.3308141,303.1081488,343.3172442,455.5531487,0.03404353335,0.03356275007,0.76,0.8625966782,0.6783929121
P1|stretto|agg+ind|T3,1,consumo,355,6.496435379,12.70837479,15.80017833,22.8287022,0.08003367485,0.0765203819,0.673015873,1.362615326,1.299429375
P1|stretto|agg+ind|T3,1,importazioni,355,5.06844142,17.56432664,29.57918903,49.22130214,0.1291868071,0.1202183851,0.6415929204,2.685810276,2.764608974
P1|stretto|agg+ind|T3,1,investimento_ind,980,2.545825321,8.036700853,17.62852212,38.11570693,0.3591146227,0.4958657396,0.1071428571,1.708305753,1.514356926
P1|stretto|agg+ind|T3,1,investimento_tipo,20,50.48730393,60.44859141,47.47449701,55.9454831,0.08306332342,0.0915757508,0.55,1.244288092,1.051171438
P1|stretto|agg+ind|T3,1,produzione,355,17.82586996,30.42056913,27.82352324,40.03016796,0.06511089185,0.05839035069,0.6084507042,1.375985987,1.185209056
P1|stretto|agg+ind|T3,1,scorte,55,40.19673547,47.58714648,50.47334933,56.92871341,0.1846651075,0.1836366976,0.3636363636,3.771743057,4.151453108
P1|stretto|agg+ind|T3,1,stock_ind,980,2.467350853,8.284814856,37.3593182,64.43998812,0.07893772449,0.1010967508,0.8132653061,0.6568351617,0.5745490084
P1|stretto|agg+ind|T3,1,stock_tipo,20,46.27423763,59.38547814,54.1901403,70.68161215,0.007087985973,0.007279692021,1,0.3564666175,0.3804076877
P1|stretto|agg|T1,1,aggregati,25,284.3237153,336.3201386,411.1199773,440.3933338,0.05324930646,0.05306984703,0.64,0.9571126198,0.8123707252
P1|stretto|agg|T1,1,consumo,355,9.855866043,17.96183074,25.19444561,33.49974928,0.09071629158,0.09440583895,0.6888888889,1.925900539,2.072027418
P1|stretto|agg|T1,1,importazioni,355,6.205220791,19.69207012,32.50811357,52.1611191,0.1649981981,0.15194502,0.6194690265,3.011169478,3.038359923
P1|stretto|agg|T1,1,investimento_ind,980,14.34406014,29.1382156,40.1505426,59.96390139,1.751696893,3.068146948,0.4010204082,6.193708369,3.449083924
P1|stretto|agg|T1,1,investimento_tipo,20,70.29212503,83.86169177,77.7229347,88.84566367,0.1027374329,0.1114936966,0.35,1.726228883,1.720926691
P1|stretto|agg|T1,1,produzione,355,20.98315527,34.70071261,31.01955349,45.19129764,0.07755402547,0.06957780303,0.6084507042,1.569585831,1.321351555
P1|stretto|agg|T1,1,scorte,55,40.09062045,49.43941503,53.15316851,61.27225022,0.1748489226,0.1717330196,0.2909090909,3.91855331,4.371869304
P1|stretto|agg|T1,1,stock_ind,980,14.27389032,29.14386601,45.14180788,72.96703129,0.2764011973,0.5419826721,0.3846938776,2.310578604,0.6942359285
P1|stretto|agg|T1,1,stock_tipo,20,64.63867943,78.39633228,58.92248439,79.63611833,0.01199077376,0.01232886671,1,0.4705809613,0.4136281234
P1|stretto|agg|T2,1,aggregati,25,183.7526293,235.926193,259.2419559,301.5197354,0.03432660529,0.03472398557,0.76,0.6714077178,0.5122606229
P1|stretto|agg|T2,1,consumo,355,8.378784587,15.23221048,19.72572029,26.54436854,0.08942203729,0.08915659916,0.6857142857,1.633225632,1.622271588
P1|stretto|agg|T2,1,importazioni,355,6.829800451,22.48525234,36.21139271,60.73870608,0.1853907816,0.1699177224,0.6415929204,3.438282778,3.384485665
P1|stretto|agg|T2,1,investimento_ind,980,15.16456112,32.35329274,36.08979816,53.83814365,1.762504329,3.210920721,0.3948979592,6.877115015,3.100250572
P1|stretto|agg|T2,1,investimento_tipo,20,36.85017138,46.17276352,40.45219867,49.24311427,0.05289549429,0.05506887739,0.7,0.9504310764,0.8956850207
P1|stretto|agg|T2,1,produzione,355,20.16559639,35.18978973,29.72900716,44.38748455,0.07279884159,0.06650521884,0.6647887324,1.591707813,1.266377669
P1|stretto|agg|T2,1,scorte,55,37.88421007,44.79667394,47.67182249,53.0554401,0.1725513853,0.1719131624,0.2909090909,3.550571035,3.921026408
P1|stretto|agg|T2,1,stock_ind,980,15.05618078,32.2408044,28.44532862,44.89656357,0.2853248062,0.5381952734,0.3867346939,2.556109501,0.4374607499
P1|stretto|agg|T2,1,stock_tipo,20,31.63204512,39.36855437,23.30917748,29.67900584,0.007338175049,0.00756703767,1,0.2363132512,0.1636273731
P1|stretto|agg|T3,1,aggregati,25,168.1279375,225.4989124,240.8735298,288.3911285,0.03111761255,0.03139492444,0.8,0.6417333666,0.475964718
P1|stretto|agg|T3,1,consumo,355,8.100281181,14.98221167,19.02477642,26.15555306,0.09000434825,0.08778766273,0.6825396825,1.606420299,1.564624956
P1|stretto|agg|T3,1,importazioni,355,6.777429647,22.33606324,36.06586882,60.48326865,0.1797270378,0.1651554612,0.6371681416,3.415469856,3.370884323
P1|stretto|agg|T3,1,investimento_ind,980,14.80245398,31.84671959,40.67386569,62.57353571,1.759532984,3.06008154,0.3979591837,6.769436273,3.494039363
P1|stretto|agg|T3,1,investimento_tipo,20,52.42122765,67.01092434,53.74849508,66.07576906,0.08003468238,0.08895460641,0.55,1.379368704,1.19008913
P1|stretto|agg|T3,1,produzione,355,19.51346942,34.53129958,29.14132468,43.98481833,0.06918885653,0.06349467995,0.6732394366,1.561922926,1.241343938
P1|stretto|agg|T3,1,scorte,55,39.26334712,44.98559845,48.5549244,52.7646511,0.1779750435,0.1794742786,0.2545454545,3.565545135,3.993661893
P1|stretto|agg|T3,1,stock_ind,980,14.7212728,31.82593336,45.59915158,74.36355814,0.2803415495,0.5176055276,0.3857142857,2.523217772,0.7012694179
P1|stretto|agg|T3,1,stock_tipo,20,47.35688017,63.71771442,45.48018588,69.61099254,0.009289549261,0.009552924457,1,0.3824712513,0.3192649484
P1|stretto|ind|T1,1,aggregati,25,157.0258588,197.749598,208.6007574,239.0563684,0.03466413443,0.034814006,0.72,0.5627633142,0.4121939043
P1|stretto|ind|T1,1,consumo,355,7.293275406,13.86136953,17.35001375,24.60305692,0.08621522033,0.08343102794,0.6761904762,1.486241544,1.426890067
P1|stretto|ind|T1,1,importazioni,355,6.366684207,21.66802491,37.00164843,57.94302974,0.1674418258,0.1422579514,0.6548672566,3.313318249,3.45834665
P1|stretto|ind|T1,1,investimento_ind,980,3.024762037,9.864460021,20.63376016,47.90738119,0.4027204301,0.5802531066,0.1255102041,2.096819841,1.772518274
P1|stretto|ind|T1,1,investimento_tipo,20,86.19641215,107.3309868,92.80412316,114.8920793,0.126715457,0.1394090324,0.4,2.209326399,2.054851546
P1|stretto|ind|T1,1,produzione,355,18.13530252,34.4540389,28.17092108,45.17956071,0.06404567079,0.05761239899,0.6450704225,1.558428264,1.200007292
P1|stretto|ind|T1,1,scorte,55,38.42042481,45.25073771,48.6285427,53.92292775,0.1737739306,0.1714157267,0.3090909091,3.586559994,3.999717027
P1|stretto|ind|T1,1,stock_ind,980,2.943925036,10.1244492,43.77751185,80.78382869,0.07322699374,0.09935143614,0.8071428571,0.8026847117,0.6732544178
P1|stretto|ind|T1,1,stock_tipo,20,83.67621475,106.4351781,82.37280965,108.1258218,0.01390894169,0.01434643892,0.95,0.6388866286,0.5782463354
P1|stretto|ind|T2,1,aggregati,25,166.0221388,213.1375863,236.9230517,266.7668514,0.03348615354,0.0335669653,0.76,0.6065550354,0.4681585958
P1|stretto|ind|T2,1,consumo,355,7.583307199,14.7310611,19.08040539,26.91351597,0.08505259798,0.08259482861,0.6603174603,1.579491474,1.569199963
P1|stretto|ind|T2,1,importazioni,355,6.28850125,20.35390924,35.2944305,54.52956144,0.1910939238,0.1570001768,0.6460176991,3.112373148,3.2987821
P1|stretto|ind|T2,1,investimento_ind,980,2.437763252,5.966714308,12.83440426,21.46699409,0.283290423,0.494854456,0.08979591837,1.268303072,1.102524014
P1|stretto|ind|T2,1,investimento_tipo,20,67.10281234,82.34402586,77.19565993,93.3941754,0.09209689303,0.09614551336,0.4,1.694988889,1.709251871
P1|stretto|ind|T2,1,produzione,355,18.60973903,33.77313676,28.48909371,43.75690312,0.06564717496,0.05929036937,0.6366197183,1.527629635,1.213560611
P1|stretto|ind|T2,1,scorte,55,41.20593053,48.0060676,51.74183218,56.89078911,0.1871996023,0.186678172,0.2363636364,3.804946621,4.255786328
P1|stretto|ind|T2,1,stock_ind,980,2.351715568,5.824893882,22.15664434,31.02693814,0.05762139641,0.07102315017,0.8346938776,0.4618081612,0.3407470653
P1|stretto|ind|T2,1,stock_tipo,20,66.5984355,82.08123163,52.56914222,67.55641391,0.01331997256,0.01377692633,0.95,0.4926998976,0.3690284934
P1|stretto|ind|T3,1,aggregati,25,152.8567695,199.7536156,240.2415275,267.7036269,0.02895847253,0.02914691159,0.76,0.5684664236,0.4747158851
P1|stretto|ind|T3,1,consumo,355,6.599681412,12.98934452,16.19090387,23.32781755,0.08167694204,0.07810993662,0.6666666667,1.392741418,1.331563205
P1|stretto|ind|T3,1,importazioni,355,5.635801979,18.54650282,31.96421065,50.49491151,0.1449393961,0.1327681954,0.6548672566,2.83599758,2.987524219
P1|stretto|ind|T3,1,investimento_ind,980,2.674539063,8.377009092,18.23567366,39.61729741,0.3372588132,0.5446389919,0.09897959184,1.780642714,1.566513546
P1|stretto|ind|T3,1,investimento_tipo,20,77.66422323,93.3151677,84.50912039,100.9770271,0.1117880672,0.1229010495,0.45,1.920821466,1.871185145
P1|stretto|ind|T3,1,produzione,355,17.4081779,31.74160037,26.66426627,40.88387008,0.06331658521,0.05694865589,0.6422535211,1.435738994,1.135827752
P1|stretto|ind|T3,1,scorte,55,36.9292319,43.76842003,46.10173196,51.98310674,0.1731389516,0.1712889535,0.3272727273,3.469071936,3.791885837
P1|stretto|ind|T3,1,stock_ind,980,2.612123663,8.595574104,38.8805614,66.64093011,0.06543444991,0.085619437,0.8316326531,0.681472719,0.5979442098
P1|stretto|ind|T3,1,stock_tipo,20,78.25588658,94.69807309,73.93508369,92.47756526,0.0135688465,0.0140258659,1,0.5684336113,0.5190146042
P1|stretto|nessuna|T1,1,aggregati,25,452.5844583,534.7263938,487.6719751,519.1147814,0.1133655182,0.1092209211,0.68,1.521744674,0.9636370353
P1|stretto|nessuna|T1,1,consumo,355,10.41791393,18.58005803,26.53410382,34.51313298,0.1145870285,0.1090829334,0.6920634921,1.992188005,2.182202835
P1|stretto|nessuna|T1,1,importazioni,355,6.41856113,19.77274855,36.82841159,55.88981229,0.1935542093,0.1696077531,0.5663716814,3.023506243,3.442155127
P1|stretto|nessuna|T1,1,investimento_ind,980,13.23579551,33.86276761,93.58334116,160.2019724,1.780094799,1.780497857,0.3826530612,7.197973617,8.039164023
P1|stretto|nessuna|T1,1,investimento_tipo,20,393.0156526,401.8221978,390.2114071,400.6151866,0.8330232764,0.6580378208,0.4,8.271203084,8.63998803
P1|stretto|nessuna|T1,1,produzione,355,25.23816683,42.27500809,38.59516723,56.3434502,0.08184704593,0.07428762773,0.6253521127,1.912187063,1.644052815
P1|stretto|nessuna|T1,1,scorte,55,44.79926662,55.06494623,57.86521699,66.51232994,0.1760503235,0.1924273326,0.6545454545,4.364431238,4.759437171
P1|stretto|nessuna|T1,1,stock_ind,980,13.19181217,33.9445165,178.6546131,247.2909021,0.2565401171,0.345577553,0.3469387755,2.69118289,2.747529553
P1|stretto|nessuna|T1,1,stock_tipo,20,386.9158441,396.3933672,389.3804632,397.7365794,0.06949011767,0.06809703767,0.3,2.379386464,2.733399855
P1|stretto|nessuna|T2,1,aggregati,25,267.7595167,377.1620195,318.7584118,457.7784501,0.06571190001,0.0689252093,0.72,1.073341995,0.6298647996
P1|stretto|nessuna|T2,1,consumo,355,6.560373127,11.93059703,14.48985215,19.34198111,0.09875334208,0.08701943525,0.6793650794,1.279220563,1.191666267
P1|stretto|nessuna|T2,1,importazioni,355,7.138078797,24.01996323,43.33982686,68.36320098,0.1887915973,0.1640736257,0.5663716814,3.672959709,4.05074237
P1|stretto|nessuna|T2,1,investimento_ind,980,13.84787765,35.67701139,88.13218643,153.088294,1.728172988,2.065846399,0.3816326531,7.583614833,7.570889152
P1|stretto|nessuna|T2,1,investimento_tipo,20,279.4321967,309.0372043,255.7302801,293.3546284,0.5711340426,0.5021678883,0.5,6.36129485,5.662332055
P1|stretto|nessuna|T2,1,produzione,355,22.86523944,40.51373046,33.70364965,50.98268796,0.06813041226,0.06707812878,0.6366197183,1.832520791,1.435687006
P1|stretto|nessuna|T2,1,scorte,55,47.17653835,62.40029988,63.61625587,77.88398237,0.1698961203,0.1885081483,0.7090909091,4.945829184,5.232462412
P1|stretto|nessuna|T2,1,stock_ind,980,13.79944657,35.74588833,169.4709278,237.1093835,0.2579536762,0.4361282283,0.3632653061,2.833998918,2.606293644
P1|stretto|nessuna|T2,1,stock_tipo,20,275.0983749,305.4200274,308.9254945,330.9254378,0.04438412806,0.0441053249,0.4,1.833310895,2.168616511
P1|stretto|nessuna|T3,1,aggregati,25,269.2846203,378.2071616,320.4432446,458.5611549,0.06604153976,0.06924309338,0.72,1.0763163,0.6331940197
P1|stretto|nessuna|T3,1,consumo,355,6.567195397,12.05835987,14.52658515,19.62137926,0.09874394429,0.08701512997,0.6793650794,1.292919531,1.194687241
P1|stretto|nessuna|T3,1,importazioni,355,7.17621761,24.100959,43.74514984,68.66881972,0.1890020115,0.1643140262,0.5663716814,3.685344999,4.088625746
P1|stretto|nessuna|T3,1,investimento_ind,980,13.68993224,35.41421937,87.71579675,152.9017078,1.725542095,2.037175087,0.3795918367,7.527754956,7.535119699
P1|stretto|nessuna|T3,1,investimento_tipo,20,276.9276489,308.606513,252.0039207,292.7658856,0.5679412159,0.4990723844,0.5,6.352429398,5.579823703
P1|stretto|nessuna|T3,1,produzione,355,22.97722287,40.50752413,33.81421292,50.91671688,0.0685272271,0.06745321944,0.6338028169,1.832240065,1.440396711
P1|stretto|nessuna|T3,1,scorte,55,48.1547329,62.25254499,63.37186512,77.07788034,0.1798685071,0.2001601706,0.6727272727,4.934118176,5.212361175
P1|stretto|nessuna|T3,1,stock_ind,980,13.6411934,35.48615187,169.221343,236.9277078,0.2563452883,0.4282818836,0.3632653061,2.813406541,2.602455277
P1|stretto|nessuna|T3,1,stock_tipo,20,273.474419,304.9027098,307.852697,330.4350198,0.04408782713,0.04379385141,0.4,1.83020565,2.161085614
P1|tetto100|agg+ind|T1,1,aggregati,25,390.0350868,661.7041856,823.5799871,1091.533268,0.05909078818,0.05679701012,0.6,1.883102895,1.627389347
P1|tetto100|agg+ind|T1,1,consumo,355,4.170550549,7.912921387,10.7677609,14.39369415,0.05523383566,0.05396284551,0.6920634921,0.8484379894,0.8855561324
P1|tetto100|agg+ind|T1,1,importazioni,355,3.413348385,10.41217077,17.57172097,27.21061402,0.1355205275,0.1128690414,0.6415929204,1.592154133,1.642335002
P1|tetto100|agg+ind|T1,1,investimento_ind,980,2.4823464,7.950573104,17.16371303,38.13933375,0.343102858,0.4836273378,0.09795918367,1.689998175,1.474428062
P1|tetto100|agg+ind|T1,1,investimento_tipo,20,52.69558921,63.6857856,52.46894067,62.05695183,0.08377794019,0.09251200296,0.45,1.310923262,1.161757476
P1|tetto100|agg+ind|T1,1,produzione,355,22.11841445,35.80445283,34.80286459,50.74797794,0.08278401747,0.07310474359,0.523943662,1.619510311,1.482510677
P1|tetto100|agg+ind|T1,1,scorte,55,47.51959134,59.48250041,63.04892142,73.60721944,0.2090677263,0.1989790562,0.3454545455,4.714565267,5.185798927
P1|tetto100|agg+ind|T1,1,stock_ind,980,2.397630476,8.205950806,36.58862545,64.72384288,0.07078349758,0.09315945236,0.8193877551,0.6505826766,0.5626965235
P1|tetto100|agg+ind|T1,1,stock_tipo,20,47.91679356,61.81067754,55.58489342,72.55100795,0.006882775453,0.007075435352,1,0.3710240927,0.3901986719
P1|tetto100|agg+ind|T2,1,aggregati,25,428.218236,718.3470017,906.223568,1189.567128,0.06595686975,0.06334244094,0.6,2.044299172,1.79069259
P1|tetto100|agg+ind|T2,1,consumo,355,4.055306897,7.785150391,10.61421553,14.28167887,0.0506316464,0.05151621514,0.6952380952,0.8347381482,0.8729283409
P1|tetto100|agg+ind|T2,1,importazioni,355,3.440516138,11.23950505,17.37746825,29.61658933,0.1760896944,0.1318939367,0.6504424779,1.718664131,1.624179237
P1|tetto100|agg+ind|T2,1,investimento_ind,980,2.128949559,5.467835591,12.25736904,21.26090704,0.2782428579,0.4469843762,0.0806122449,1.162259883,1.0529545
P1|tetto100|agg+ind|T2,1,investimento_tipo,20,36.00417423,40.61338272,35.60215682,40.2466145,0.0585699172,0.0611066052,0.55,0.8359954682,0.7882963009
P1|tetto100|agg+ind|T2,1,produzione,355,23.73538916,38.1163563,37.10341555,53.61938903,0.08803827211,0.07780347453,0.5014084507,1.724082541,1.580508109
P1|tetto100|agg+ind|T2,1,scorte,55,49.83072895,61.11361395,65.90343279,75.66463027,0.2209859548,0.2090464853,0.2909090909,4.843846841,5.420583625
P1|tetto100|agg+ind|T2,1,stock_ind,980,2.023494289,5.293803805,21.92011948,31.13071014,0.06219424875,0.08454770768,0.8408163265,0.4197023758,0.3371095492
P1|tetto100|agg+ind|T2,1,stock_tipo,20,30.81722445,36.134226,33.19203243,38.24237203,0.005125216275,0.005275111874,0.95,0.2168989073,0.2330037205
P1|tetto100|agg+ind|T3,1,aggregati,25,373.534879,642.1867298,803.5976742,1060.805683,0.05432289485,0.05210400943,0.6,1.827559378,1.587904411
P1|tetto100|agg+ind|T3,1,consumo,355,4.185623921,7.944651213,10.78723281,14.42461942,0.05560055131,0.05431744138,0.6857142857,0.8518401197,0.8871575308
P1|tetto100|agg+ind|T3,1,importazioni,355,3.337700504,9.626441319,16.62651891,24.50749434,0.1335270705,0.1119815395,0.6460176991,1.472006047,1.553992009
P1|tetto100|agg+ind|T3,1,investimento_ind,980,2.311665815,7.728999529,16.85654388,37.9024689,0.3209164962,0.4782755913,0.08265306122,1.642899817,1.448041067
P1|tetto100|agg+ind|T3,1,investimento_tipo,20,47.90333826,58.93338583,45.12163784,54.40990448,0.07879045295,0.0875308486,0.55,1.213098742,0.99907487
P1|tetto100|agg+ind|T3,1,produzione,355,21.78965981,34.85027449,34.16333665,49.3324209,0.08202965417,0.07242526115,0.5183098592,1.576350828,1.455268465
P1|tetto100|agg+ind|T3,1,scorte,55,48.13398035,59.10371505,62.96780175,72.8108199,0.2168334874,0.2066508426,0.2727272727,4.684542852,5.179126802
P1|tetto100|agg+ind|T3,1,stock_ind,980,2.232126745,7.991971235,36.24474582,64.44386118,0.06729257629,0.08717988412,0.8316326531,0.6336179877,0.5574079982
P1|tetto100|agg+ind|T3,1,stock_tipo,20,43.69027196,58.31922839,52.71107224,70.54741746,0.006226061947,0.006396630479,1,0.3500663585,0.3700248236
P1|tetto100|agg|T1,1,aggregati,25,587.0987997,943.3924841,1280.515116,1574.104937,0.08798324929,0.08316551711,0.4,2.68474215,2.530290549
P1|tetto100|agg|T1,1,consumo,355,3.872736075,7.379600595,10.26000579,13.83969842,0.04608544643,0.04815932374,0.7015873016,0.7912543528,0.8437976229
P1|tetto100|agg|T1,1,importazioni,355,5.589942693,22.05814522,32.33912627,61.28314665,0.1621010554,0.1414477011,0.5973451327,3.372972634,3.022565581
P1|tetto100|agg|T1,1,investimento_ind,980,15.22540839,50.3984601,46.68671456,104.7708323,1.753038241,2.536724157,0.4071428571,10.71285107,4.010565892
P1|tetto100|agg|T1,1,investimento_tipo,20,69.32008994,83.72810266,76.22877878,88.65795365,0.1019998134,0.110679734,0.35,1.723479053,1.687843369
P1|tetto100|agg|T1,1,produzione,355,32.51469563,52.27599085,51.20676214,74.53800561,0.1199292945,0.1037722371,0.4281690141,2.364552437,2.181273654
P1|tetto100|agg|T1,1,scorte,55,57.43706157,71.08530564,77.59502043,89.01661965,0.2550813108,0.233751489,0.1454545455,5.634200154,6.382221371
P1|tetto100|agg|T1,1,stock_ind,980,15.16177488,50.44965104,46.47673793,87.40985124,0.2685537712,0.7500226405,0.4030612245,3.999739918,0.7147658196
P1|tetto100|agg|T1,1,stock_tipo,20,63.66664434,78.14139011,58.2521695,79.45384585,0.01185361434,0.01218433893,1,0.4690506483,0.4089226006
P1|tetto100|agg|T2,1,aggregati,25,298.6189202,490.7914995,620.9211248,800.2086148,0.04544097749,0.04427669493,0.6,1.396713084,1.226936593
P1|tetto100|agg|T2,1,consumo,355,4.033393018,7.650917305,10.5826524,14.2026707,0.05113672539,0.05160077303,0.6984126984,0.8203454297,0.8703325439
P1|tetto100|agg|T2,1,importazioni,355,5.669823065,16.97220795,28.39173457,43.50452,0.1901328226,0.16599443,0.6017699115,2.595267752,2.653623941
P1|tetto100|agg|T2,1,investimento_ind,980,16.26023396,38.84842465,41.57422437,67.02595735,1.767760538,3.011225755,0.3989795918,8.257740151,3.571383589
P1|tetto100|agg|T2,1,investimento_tipo,20,23.99387318,28.84577419,24.97454518,30.37069923,0.03719704323,0.0393537879,0.8,0.5937682332,0.5529817107
P1|tetto100|agg|T2,1,produzione,355,21.96374519,35.2193661,33.73040636,48.67911045,0.08186950504,0.075409494,0.5661971831,1.593045614,1.436826771
P1|tetto100|agg|T2,1,scorte,55,43.2069333,51.85307291,55.54772039,62.86664922,0.1955467137,0.1896141345,0.3272727273,4.109859115,4.568822151
P1|tetto100|agg|T2,1,stock_ind,980,16.15532629,38.75008044,31.71825718,54.90309042,0.2805905903,0.6754056748,0.3795918367,3.072176722,0.487795123
P1|tetto100|agg|T2,1,stock_tipo,20,20.94108271,25.28141682,21.28371381,25.39768495,0.003282068201,0.003392265135,1,0.1517539543,0.1494088834
P1|tetto100|agg|T3,1,aggregati,25,271.6383932,440.0216991,552.5292463,711.4938032,0.04173585211,0.04097549419,0.64,1.252230458,1.091794632
P1|tetto100|agg|T3,1,consumo,355,4.115191038,7.773213876,10.65617116,14.27329586,0.05644319948,0.05472802795,0.6984126984,0.833458293,0.8763788322
P1|tetto100|agg|T3,1,importazioni,355,5.543263944,17.09632441,28.20480666,45.22010572,0.1955140658,0.1654968325,0.6017699115,2.614246747,2.636152787
P1|tetto100|agg|T3,1,investimento_ind,980,15.7089804,37.28110741,44.0328813,70.34033573,1.762710365,2.893367261,0.4020408163,7.924586397,3.782591547
P1|tetto100|agg|T3,1,investimento_tipo,20,35.93804361,52.80453489,33.96840114,47.99764443,0.05845512362,0.06734772105,0.75,1.086941026,0.752121988
P1|tetto100|agg|T3,1,produzione,355,20.45746306,32.47037181,31.45995555,45.20995019,0.07558949572,0.07021189921,0.5774647887,1.468702851,1.340111527
P1|tetto100|agg|T3,1,scorte,55,42.69458165,50.90285039,54.70088341,61.41374888,0.1929855365,0.1876293853,0.2909090909,4.034544762,4.499169472
P1|tetto100|agg|T3,1,stock_ind,980,15.63621012,37.27985013,47.56550148,78.65115056,0.2775924764,0.6692947265,0.3857142857,2.955614195,0.7315099158
P1|tetto100|agg|T3,1,stock_tipo,20,33.37714355,53.22240334,40.95298414,66.06051156,0.004607647715,0.004736466142,1,0.3194722125,0.2874845851
P1|tetto100|ind|T1,1,aggregati,25,341.5036764,581.0625279,701.418232,950.9751519,0.05317443035,0.05146391833,0.64,1.653609804,1.385998417
P1|tetto100|ind|T1,1,consumo,355,4.219395769,8.109850129,10.91951434,14.63300936,0.05758596832,0.05565370068,0.6857142857,0.8695530514,0.8980365539
P1|tetto100|ind|T1,1,importazioni,355,4.066515198,13.14422509,21.98364623,35.28960768,0.1465110833,0.1222252245,0.6415929204,2.009920195,2.054694115
P1|tetto100|ind|T1,1,investimento_ind,980,2.589408767,8.078721804,18.07683304,38.50111064,0.3169977954,0.5145706741,0.09897959184,1.717237855,1.552868534
P1|tetto100|ind|T1,1,investimento_tipo,20,69.97399046,80.85493323,74.41425565,85.38239483,0.1035336518,0.1132764159,0.4,1.664337054,1.647666538
P1|tetto100|ind|T1,1,produzione,355,20.6088744,33.57754189,32.04289924,46.35001664,0.07742340978,0.0685928816,0.5323943662,1.51878247,1.364943398
P1|tetto100|ind|T1,1,scorte,55,46.81283653,56.35689892,61.02956508,68.88535869,0.2077373703,0.1996356487,0.2545454545,4.466831023,5.019706062
P1|tetto100|ind|T1,1,stock_ind,980,2.517743322,8.27058851,38.52148492,64.27522794,0.05888439794,0.07938757806,0.8336734694,0.6557072711,0.5924219721
P1|tetto100|ind|T1,1,stock_tipo,20,68.53292117,80.94984255,68.397543,82.92298065,0.01137419058,0.01174626179,1,0.485908634,0.4801417939
P1|tetto100|ind|T2,1,aggregati,25,397.4300743,663.4975417,834.7416394,1091.489611,0.06169369415,0.0590918467,0.6,1.888206496,1.649444708
P1|tetto100|ind|T2,1,consumo,355,4.118081025,7.964750492,10.75055609,14.48013054,0.05395697386,0.05281650936,0.6888888889,0.8539952014,0.8841411841
P1|tetto100|ind|T2,1,importazioni,355,3.719283686,10.43861436,17.05452775,24.9422728,0.1971817445,0.1456243126,0.6460176991,1.596197697,1.593995712
P1|tetto100|ind|T2,1,investimento_ind,980,2.221764679,5.575037286,12.30630568,21.15480992,0.262102316,0.4547033662,0.08367346939,1.185047004,1.057158344
P1|tetto100|ind|T2,1,investimento_tipo,20,55.36954915,66.67895048,62.28734115,74.85127602,0.07856353761,0.08225594227,0.4,1.372535275,1.379154664
P1|tetto100|ind|T2,1,produzione,355,22.50414708,35.27833762,34.74666056,48.90141636,0.08440714655,0.07476607101,0.5014084507,1.595713019,1.480116533
P1|tetto100|ind|T2,1,scorte,55,48.11950009,58.92107636,63.66791345,72.9216729,0.2130095605,0.2019331132,0.2909090909,4.670066964,5.236711268
P1|tetto100|ind|T2,1,stock_ind,980,2.124511688,5.417067319,21.8680166,30.90035612,0.0468738764,0.05866874486,0.8479591837,0.4294749309,0.3363082589
P1|tetto100|ind|T2,1,stock_tipo,20,54.73601623,66.53248709,46.64009961,57.80871032,0.01024170984,0.01060328305,0.95,0.3993671747,0.3274073908
P1|tetto100|ind|T3,1,aggregati,25,323.251975,567.4717557,667.2210498,928.09581,0.04947438548,0.04773889984,0.64,1.614932668,1.318424981
P1|tetto100|ind|T3,1,consumo,355,4.253972223,8.176469849,10.96089198,14.6903914,0.06167582408,0.05740974502,0.6825396825,0.8766961404,0.9014395098
P1|tetto100|ind|T3,1,importazioni,355,4.049879132,13.56921751,20.42972408,34.40256638,0.1427624568,0.121112969,0.6460176991,2.074906974,1.909457303
P1|tetto100|ind|T3,1,investimento_ind,980,2.494771744,7.75633771,16.90650459,36.51892429,0.3078155339,0.4985572231,0.0887755102,1.648710904,1.452332881
P1|tetto100|ind|T3,1,investimento_tipo,20,68.45900653,82.00500371,73.99671535,88.10109386,0.0995228156,0.1094609797,0.45,1.688010377,1.638421438
P1|tetto100|ind|T3,1,produzione,355,20.39038856,33.6349528,31.89172745,46.84849816,0.075869621,0.06684264462,0.5436619718,1.521379285,1.358503876
P1|tetto100|ind|T3,1,scorte,55,46.92462404,55.72868694,60.72151007,67.74308355,0.2101070706,0.2025214545,0.2727272727,4.417039129,4.994368415
P1|tetto100|ind|T3,1,stock_ind,980,2.421601535,7.941796674,35.92915442,61.20215662,0.05630663362,0.07152427314,0.8408163265,0.6296400575,0.5525545176
P1|tetto100|ind|T3,1,stock_tipo,20,68.85537212,83.47943381,66.26992003,82.91109697,0.01171447191,0.0121142238,1,0.5010927306,0.4652061593
P1|tetto100|nessuna|T1,1,aggregati,25,1292.398269,1900.228068,2531.526956,3095.59469,0.2616408166,0.2231789317,0.28,5.407741185,5.002282795
P1|tetto100|nessuna|T1,1,consumo,355,3.77079125,7.176207499,10.03201138,13.57139836,0.04545404499,0.04756029884,0.7079365079,0.7694461709,0.8250470348
P1|tetto100|nessuna|T1,1,importazioni,355,6.428885135,19.91917576,34.30063365,52.65681259,0.1961771551,0.1614802511,0.4690265487,3.045896836,3.20589721
P1|tetto100|nessuna|T1,1,investimento_ind,980,13.63921691,33.50824744,93.69932728,154.7126709,1.812821322,2.151887546,0.387755102,7.122615724,8.049127671
P1|tetto100|nessuna|T1,1,investimento_tipo,20,507.841475,551.5996892,554.3135224,605.2254675,1.142514778,0.7852402393,0.4,11.35425837,12.27350639
P1|tetto100|nessuna|T1,1,produzione,355,55.73640213,93.99983817,88.33266562,138.8521551,0.2109858288,0.1709010645,0.3577464789,4.251809345,3.76273969
P1|tetto100|nessuna|T1,1,scorte,55,73.98525461,96.79546813,103.0691025,123.8295884,0.3326546217,0.2900928884,0.1454545455,7.671979976,8.477474779
P1|tetto100|nessuna|T1,1,stock_ind,980,13.56249312,33.53337115,170.3211913,235.8950318,0.2573351338,0.8368034078,0.3489795918,2.658586539,2.619369846
P1|tetto100|nessuna|T1,1,stock_tipo,20,501.7416665,544.5244316,459.5835144,494.8541602,0.09324913628,0.08991037067,0.25,3.26855636,3.22621608
P1|tetto100|nessuna|T2,1,aggregati,25,256.5121751,344.591026,334.4871222,419.2317665,0.05551899116,0.05947810101,0.76,0.9806502252,0.6609446415
P1|tetto100|nessuna|T2,1,consumo,355,4.510387653,8.622895039,11.19505501,14.92511616,0.07764278632,0.06651777191,0.6793650794,0.9245626707,0.9206974148
P1|tetto100|nessuna|T2,1,importazioni,355,6.606370752,23.0133699,40.44542555,66.00417832,0.203380443,0.1691342523,0.5442477876,3.519038711,3.780218123
P1|tetto100|nessuna|T2,1,investimento_ind,980,13.49062655,34.31165329,86.43371999,152.1890073,1.711281952,1.946103421,0.3908163265,7.293390133,7.424984442
P1|tetto100|nessuna|T2,1,investimento_tipo,20,247.1084246,277.3561356,223.5906124,258.2679388,0.4823347553,0.4479502823,0.5,5.709164244,4.950701543
P1|tetto100|nessuna|T2,1,produzione,355,20.65849753,35.66889111,30.21968238,44.84094659,0.06144457056,0.06118088132,0.6450704225,1.613378571,1.287279145
P1|tetto100|nessuna|T2,1,scorte,55,46.06330898,61.14436755,61.58840647,76.55108736,0.1694322091,0.1884680662,0.7090909091,4.846284361,5.06567099
P1|tetto100|nessuna|T2,1,stock_ind,980,13.44811455,34.38570138,168.7259002,236.4143263,0.2587154687,0.41693108,0.3785714286,2.726160828,2.594835862
P1|tetto100|nessuna|T2,1,stock_tipo,20,244.3459565,274.7995255,290.8899239,312.6788402,0.03443782343,0.03468606235,0.55,1.649508608,2.042009168
P1|tetto100|nessuna|T3,1,aggregati,25,254.6827695,344.2553131,333.2854739,420.130652,0.05485616202,0.05883241024,0.8,0.9796948408,0.6585701912
P1|tetto100|nessuna|T3,1,consumo,355,4.512799676,8.624143781,11.1973209,14.92667218,0.07766061971,0.06654120138,0.6793650794,0.924696563,0.9208837641
P1|tetto100|nessuna|T3,1,importazioni,355,6.600192205,23.00752434,40.41528577,65.88151532,0.2051194599,0.1698218297,0.5442477876,3.51814485,3.777401118
P1|tetto100|nessuna|T3,1,investimento_ind,980,13.61677185,35.24813393,87.18239241,152.3250968,1.715189313,1.986794714,0.3897959184,7.492451325,7.489298243
P1|tetto100|nessuna|T3,1,investimento_tipo,20,247.0415994,278.2723535,223.1343695,258.6377365,0.4875688235,0.4486677656,0.5,5.728023891,4.940599497
P1|tetto100|nessuna|T3,1,produzione,355,20.87254526,36.04000905,30.33874747,45.08426715,0.06339382195,0.06270489745,0.6450704225,1.630165011,1.292351006
P1|tetto100|nessuna|T3,1,scorte,55,47.42807672,61.90177037,63.1508321,77.52125689,0.1772203684,0.1960124306,0.6727272727,4.906315883,5.194181121
P1|tetto100|nessuna|T3,1,stock_ind,980,13.57333371,35.31740633,168.9889014,236.0793403,0.2574907893,0.4251493933,0.3775510204,2.800028088,2.598880558
P1|tetto100|nessuna|T3,1,stock_tipo,20,244.2791314,275.6196098,291.0327756,313.674891,0.03440170661,0.03463513451,0.55,1.654431236,2.043011969
P1|tetto110|agg+ind|T1,1,aggregati,25,202.4362158,302.4362084,334.2240167,448.76663,0.03829117815,0.03798091132,0.72,0.8606844448,0.6604247465
P1|tetto110|agg+ind|T1,1,consumo,355,6.864856438,13.29236663,16.405163,23.5132524,0.08071930989,0.07868184559,0.673015873,1.425232005,1.349184184
P1|tetto110|agg+ind|T1,1,importazioni,355,5.056610075,17.6716879,30.22014262,49.79942342,0.1317650102,0.1204245568,0.6415929204,2.702227186,2.824515485
P1|tetto110|agg+ind|T1,1,investimento_ind,980,2.777461055,8.286216865,17.62263052,38.11296041,0.3905970242,0.5305542271,0.1244897959,1.761343641,1.513850815
P1|tetto110|agg+ind|T1,1,investimento_tipo,20,56.15173655,66.143154,55.81090195,64.5136565,0.08952984089,0.09794746719,0.5,1.361506314,1.235754558
P1|tetto110|agg+ind|T1,1,produzione,355,17.461424,30.49692909,27.22832474,40.10520191,0.06442541192,0.05749727857,0.6169014085,1.379439908,1.159855162
P1|tetto110|agg+ind|T1,1,scorte,55,41.69581585,48.33276909,52.48944997,57.79119281,0.1896362529,0.1886547581,0.3454545455,3.830840883,4.317278189
P1|tetto110|agg+ind|T1,1,stock_ind,980,2.694918274,8.523004805,36.21581632,64.26818273,0.08406333638,0.1101721292,0.8020408163,0.6757192932,0.5569630913
P1|tetto110|agg+ind|T1,1,stock_tipo,20,51.08738907,63.70695876,56.37763774,73.00705081,0.008150013646,0.008372230453,1,0.3824066895,0.3957636332
P1|tetto110|agg+ind|T2,1,aggregati,25,214.1661855,293.7710771,315.8060747,402.7903834,0.04256505215,0.04246106263,0.68,0.8360248852,0.6240309984
P1|tetto110|agg+ind|T2,1,consumo,355,7.896982991,15.28635293,19.91104081,28.13195514,0.08598731898,0.08502582082,0.6666666667,1.639030885,1.637512614
P1|tetto110|agg+ind|T2,1,importazioni,355,5.838658239,20.8499927,33.04609639,54.84353619,0.1648035485,0.1389580805,0.6592920354,3.188230656,3.088642306
P1|tetto110|agg+ind|T2,1,investimento_ind,980,2.388921185,5.954403771,12.82260981,21.86237749,0.3293714554,0.4976632374,0.09183673469,1.265686306,1.101510826
P1|tetto110|agg+ind|T2,1,investimento_tipo,20,41.66285384,47.17453277,41.29143379,46.91349352,0.06678338143,0.06931442945,0.4,0.9710517315,0.914267208
P1|tetto110|agg+ind|T2,1,produzione,355,19.35424959,36.96964741,30.71158687,50.26694184,0.06677825451,0.0599438531,0.6225352113,1.6722145,1.308232985
P1|tetto110|agg+ind|T2,1,scorte,55,37.48286445,46.71107801,48.47973525,57.32686377,0.1703585216,0.1679797763,0.3636363636,3.702306132,3.987477556
P1|tetto110|agg+ind|T2,1,stock_ind,980,2.283176697,5.800070301,22.46484338,31.8185178,0.07746540408,0.1014511643,0.8163265306,0.4598401026,0.3454868588
P1|tetto110|agg+ind|T2,1,stock_tipo,20,36.68868097,41.8238913,35.61900209,40.43104582,0.007126642383,0.007335399072,0.95,0.2510516296,0.2500407297
P1|tetto110|agg+ind|T3,1,aggregati,25,181.683693,293.4455441,319.8219908,441.0755282,0.03218832021,0.03177896846,0.76,0.8350984709,0.6319664256
P1|tetto110|agg+ind|T3,1,consumo,355,6.474228046,12.55037333,15.43360338,22.21406307,0.08052895299,0.07698866468,0.673015873,1.345674118,1.269281724
P1|tetto110|agg+ind|T3,1,importazioni,355,4.83666985,16.98361542,28.25199322,47.83758079,0.1268315917,0.1184540193,0.6415929204,2.5970121,2.640563063
P1|tetto110|agg+ind|T3,1,investimento_ind,980,2.516038325,8.014702545,17.60770252,38.11113649,0.3560294336,0.4900872456,0.1051020408,1.703629725,1.512568443
P1|tetto110|agg+ind|T3,1,investimento_tipo,20,50.3557192,60.34316655,47.28874911,55.79651122,0.08293691671,0.09144807759,0.55,1.242118001,1.047058643
P1|tetto110|agg+ind|T3,1,produzione,355,17.50759344,30.08573914,27.42552739,39.55790883,0.06333849373,0.05683957495,0.6197183099,1.360840926,1.168255477
P1|tetto110|agg+ind|T3,1,scorte,55,40.74601859,47.66871401,51.36922937,57.0064572,0.1846185579,0.1841998447,0.3818181818,3.778208075,4.225139599
P1|tetto110|agg+ind|T3,1,stock_ind,980,2.437057526,8.26261795,37.3525802,64.4364567,0.07752797414,0.0995905169,0.8173469388,0.6550753507,0.5744453847
P1|tetto110|agg+ind|T3,1,stock_tipo,20,46.14265291,59.26641626,54.10355832,70.63001135,0.007065605391,0.007256615966,1,0.355751938,0.3797998935
P1|tetto110|agg|T1,1,aggregati,25,283.3735665,332.6959332,413.9764316,435.6006832,0.05200855829,0.05196221148,0.6,0.9467987186,0.8180150626
P1|tetto110|agg|T1,1,consumo,355,9.910164794,18.01462583,25.30243301,33.55272396,0.09189791474,0.09562819661,0.6888888889,1.931561325,2.080908458
P1|tetto110|agg|T1,1,importazioni,355,6.010193106,19.20195614,30.69222579,50.95282004,0.1709136168,0.1536222607,0.6238938053,2.93622478,2.868638581
P1|tetto110|agg|T1,1,investimento_ind,980,14.32527474,28.780877,41.59936686,60.13525073,1.752685475,3.061622789,0.4020408163,6.117751381,3.573543425
P1|tetto110|agg|T1,1,investimento_tipo,20,73.17131505,85.2641411,79.92746588,89.88864438,0.1077971251,0.116554088,0.3,1.755097231,1.769739008
P1|tetto110|agg|T1,1,produzione,355,21.20106865,34.65484722,31.55245647,45.22187769,0.07673328078,0.06899169289,0.6084507042,1.567511244,1.344051823
P1|tetto110|agg|T1,1,scorte,55,37.15885056,47.22421434,49.64752747,58.93348231,0.1623488006,0.1583689303,0.3272727273,3.742977164,4.083528931
P1|tetto110|agg|T1,1,stock_ind,980,14.25138073,28.79700858,49.32015643,74.78760604,0.2771616653,0.5430158827,0.387755102,2.283079117,0.7584947569
P1|tetto110|agg|T1,1,stock_tipo,20,67.51786944,79.91838787,63.8732527,82.16595828,0.01216718058,0.01250735881,1,0.4797172355,0.4483818685
P1|tetto110|agg|T2,1,aggregati,25,186.1504096,236.6519629,273.4823619,312.7534658,0.03316772409,0.03368313645,0.76,0.6734731412,0.5403995839
P1|tetto110|agg|T2,1,consumo,355,8.637229736,15.6429809,20.44699552,27.22284736,0.09218610317,0.09180151587,0.6793650794,1.677269192,1.6815903
P1|tetto110|agg|T2,1,importazioni,355,6.763474948,22.0631086,35.72959156,58.76611724,0.1803730719,0.1663328058,0.6504424779,3.373731599,3.339454281
P1|tetto110|agg|T2,1,investimento_ind,980,15.1028924,31.91211925,35.98584897,53.18840456,1.764009899,3.196201381,0.3908163265,6.783337826,3.091320942
P1|tetto110|agg|T2,1,investimento_tipo,20,37.37342723,47.06752764,41.25912244,50.52634702,0.05344327128,0.05560971929,0.7,0.9688491126,0.913551776
P1|tetto110|agg|T2,1,produzione,355,20.50405777,35.86052616,30.738487,45.91643461,0.07216177254,0.06609513564,0.6450704225,1.622046625,1.30937886
P1|tetto110|agg|T2,1,scorte,55,32.42576741,38.94430612,39.83029334,45.6840539,0.1496510356,0.1507293027,0.3818181818,3.086714104,3.276057509
P1|tetto110|agg|T2,1,stock_ind,980,14.99583624,31.80650606,28.18123539,44.06136827,0.2861687301,0.5173120188,0.3857142857,2.52167754,0.4333992596
P1|tetto110|agg|T2,1,stock_tipo,20,32.15530097,40.19407446,23.63529454,30.36774712,0.007427893194,0.007659582794,1,0.241268509,0.1659166722
P1|tetto110|agg|T3,1,aggregati,25,167.648955,225.4611793,255.5459781,302.1846163,0.02913061933,0.02951786568,0.8,0.6416259844,0.504957392
P1|tetto110|agg|T3,1,consumo,355,8.179413909,15.08826499,19.26630221,26.28683404,0.09177490793,0.08946418557,0.6793650794,1.617791532,1.584488385
P1|tetto110|agg|T3,1,importazioni,355,6.825055458,22.39080484,36.50989535,59.78382903,0.1760141397,0.1622766071,0.6460176991,3.423840547,3.412385113
P1|tetto110|agg|T3,1,investimento_ind,980,14.78276711,31.48620242,40.62139606,62.09455799,1.762388475,3.037895497,0.3959183673,6.69280364,3.489532023
P1|tetto110|agg|T3,1,investimento_tipo,20,52.48551099,67.07739354,53.79519835,66.12553184,0.08019149928,0.08911319522,0.55,1.380736921,1.191123225
P1|tetto110|agg|T3,1,produzione,355,19.79569122,35.56583617,30.05776119,46.03259736,0.06835855529,0.06303260785,0.6591549296,1.60871718,1.280381728
P1|tetto110|agg|T3,1,scorte,55,34.68932702,41.05177534,42.86742709,48.4328308,0.1592660965,0.1612962327,0.3454545455,3.253751487,3.525862971
P1|tetto110|agg|T3,1,stock_ind,980,14.70201336,31.47340379,45.3875697,73.9350758,0.2812015643,0.491603492,0.3846938776,2.495268587,0.6980154998
P1|tetto110|agg|T3,1,stock_tipo,20,47.42116351,63.77556893,45.56158209,69.67623671,0.009296122942,0.009559542487,1,0.3828185282,0.3198363391
P1|tetto110|ind|T1,1,aggregati,25,146.259704,186.7621448,195.4229546,221.2663512,0.03210023821,0.03226585522,0.76,0.5314948027,0.3861546412
P1|tetto110|ind|T1,1,consumo,355,7.151386765,13.38539595,16.62898721,23.21849601,0.08624455452,0.08362058326,0.673015873,1.43520678,1.367591809
P1|tetto110|ind|T1,1,importazioni,355,6.111172079,20.89002123,35.05989196,56.1413256,0.1549723953,0.1375705431,0.6460176991,3.194351532,3.276861033
P1|tetto110|ind|T1,1,investimento_ind,980,3.012870856,9.950722266,21.33415359,48.79425556,0.3879670965,0.5707212821,0.1204081633,2.115156008,1.832684727
P1|tetto110|ind|T1,1,investimento_tipo,20,87.49501188,107.036237,93.15246285,113.7956572,0.12974244,0.1423244374,0.35,2.203259199,2.062564419
P1|tetto110|ind|T1,1,produzione,355,17.52978595,33.52208834,27.12215255,43.78694794,0.06251705831,0.05656374063,0.6591549296,1.51627419,1.155332505
P1|tetto110|ind|T1,1,scorte,55,34.90047241,42.51162198,45.09358501,51.80157564,0.1551007019,0.152498419,0.3454545455,3.369458497,3.708965348
P1|tetto110|ind|T1,1,stock_ind,980,2.933514571,10.21099756,45.3630513,82.03276871,0.07186349147,0.09807234226,0.8071428571,0.809546423,0.6976384313
P1|tetto110|ind|T1,1,stock_tipo,20,85.75564262,106.1762794,85.03423053,108.4726538,0.0141876704,0.01463192021,0.95,0.6373325664,0.5969291615
P1|tetto110|ind|T2,1,aggregati,25,161.9239955,210.8340516,229.7198803,263.0177857,0.03264866608,0.03271175248,0.76,0.599999549,0.4539251704
P1|tetto110|ind|T2,1,consumo,355,7.712460914,14.77280338,19.12519948,26.78679717,0.08658502562,0.0841740466,0.6603174603,1.583967158,1.572883893
P1|tetto110|ind|T2,1,importazioni,355,6.454008913,21.57095481,37.39597748,58.06615173,0.1778184576,0.1513144476,0.6371681416,3.298474988,3.495202482
P1|tetto110|ind|T2,1,investimento_ind,980,2.434974433,5.955902836,12.81538288,21.44689493,0.2831280538,0.494587161,0.09081632653,1.266004952,1.100890006
P1|tetto110|ind|T2,1,investimento_tipo,20,67.0070624,82.20791947,77.19870895,93.3855101,0.0918441151,0.09594336581,0.4,1.692187243,1.709319382
P1|tetto110|ind|T2,1,produzione,355,18.61134432,35.11242794,28.66482837,45.76189212,0.06554945971,0.05929208159,0.6253521127,1.588208577,1.221046446
P1|tetto110|ind|T2,1,scorte,55,39.78771249,47.08204553,50.784691,56.55741846,0.1766677294,0.1764176913,0.3454545455,3.731708906,4.177061085
P1|tetto110|ind|T2,1,stock_ind,980,2.348989319,5.812492549,22.15265034,31.02377367,0.05761126278,0.07098075804,0.8346938776,0.460824961,0.3406856415
P1|tetto110|ind|T2,1,stock_tipo,20,66.50268556,82.01263327,52.59812109,67.65022114,0.01324762404,0.01370542173,0.95,0.4922881299,0.3692319213
P1|tetto110|ind|T3,1,aggregati,25,152.7469689,198.2107689,240.2873774,266.7536826,0.02882792136,0.02905846829,0.76,0.5640757318,0.4748064842
P1|tetto110|ind|T3,1,consumo,355,6.607553745,12.84284536,15.9705114,22.81319751,0.08167648051,0.078287967,0.6666666667,1.377033508,1.313437811
P1|tetto110|ind|T3,1,importazioni,355,5.494973122,18.35358398,30.68292137,49.86227394,0.1415401613,0.1307990246,0.6504424779,2.806497822,2.867768946
P1|tetto110|ind|T3,1,investimento_ind,980,2.678493348,8.374134076,18.192673,39.52762572,0.3325787871,0.5408848208,0.1,1.780031592,1.562819626
P1|tetto110|ind|T3,1,investimento_tipo,20,78.3119091,93.64406392,85.48684562,101.4675129,0.1123900368,0.1235328171,0.45,1.927591543,1.892833755
P1|tetto110|ind|T3,1,produzione,355,17.06054069,31.23676019,26.09921538,40.11134988,0.06263943107,0.05630161181,0.6535211268,1.412904016,1.111758067
P1|tetto110|ind|T3,1,scorte,55,37.44421201,43.85852755,47.68380485,52.65522528,0.1686189619,0.1671374905,0.3454545455,3.476213831,3.922011962
P1|tetto110|ind|T3,1,stock_ind,980,2.616027694,8.589723197,38.8068781,66.48878456,0.06339505461,0.08349059137,0.8346938776,0.6810088484,0.5968110342
P1|tetto110|ind|T3,1,stock_tipo,20,78.90357244,95.09054038,74.23748551,92.63529772,0.0137112057,0.01417491965,1,0.5707894311,0.5211374254
P1|tetto110|nessuna|T1,1,aggregati,25,452.6199212,538.5789814,487.3236971,518.3999316,0.1134545212,0.1088775794,0.68,1.532708514,0.9629488399
P1|tetto110|nessuna|T1,1,consumo,355,10.48314636,18.62184403,26.69791485,34.57826815,0.117458249,0.1103313989,0.6920634921,1.996668378,2.195674889
P1|tetto110|nessuna|T1,1,importazioni,355,6.417938094,19.75126984,36.7727552,55.69494578,0.1911617172,0.1680248609,0.5663716814,3.020221874,3.436953221
P1|tetto110|nessuna|T1,1,investimento_ind,980,13.2872343,33.88433601,93.90087998,160.2789778,1.783578089,1.773248106,0.3826530612,7.202558263,8.066441812
P1|tetto110|nessuna|T1,1,investimento_tipo,20,397.8620569,406.8128473,395.2832694,405.678494,0.8490287656,0.6658071806,0.4,8.373931792,8.752288258
P1|tetto110|nessuna|T1,1,produzione,355,25.25569409,42.78670312,38.85726397,57.41215011,0.08125399501,0.07360604791,0.6253521127,1.935332099,1.655217448
P1|tetto110|nessuna|T1,1,scorte,55,44.52805197,54.5909153,57.59489379,66.22804,0.1761106957,0.1923815676,0.6363636364,4.326859688,4.737202979
P1|tetto110|nessuna|T1,1,stock_ind,980,13.24255202,33.96809593,178.7984888,247.3357992,0.2567292954,0.3420648233,0.3448979592,2.69305231,2.749742217
P1|tetto110|nessuna|T1,1,stock_tipo,20,391.7622483,401.311642,390.6162387,398.8635814,0.0718899691,0.07017083441,0.3,2.408908846,2.742074837
P1|tetto110|nessuna|T2,1,aggregati,25,274.147499,381.967156,324.7313019,461.8780185,0.06699661549,0.07033363865,0.72,1.087016635,0.6416671963
P1|tetto110|nessuna|T2,1,consumo,355,6.702884781,12.28674712,14.83066436,19.93436142,0.09893230762,0.08713844038,0.6793650794,1.317407632,1.219695153
P1|tetto110|nessuna|T2,1,importazioni,355,7.129555533,24.15120342,43.46116006,69.15428276,0.2105932405,0.1768876627,0.5530973451,3.693028014,4.062082736
P1|tetto110|nessuna|T2,1,investimento_ind,980,13.53514196,34.93347471,87.16283577,152.7155823,1.726916036,2.042705546,0.3887755102,7.425566399,7.487618254
P1|tetto110|nessuna|T2,1,investimento_tipo,20,281.9846737,305.9062043,262.4113394,291.1496379,0.5645549066,0.5004069888,0.45,6.296845606,5.810262821
P1|tetto110|nessuna|T2,1,produzione,355,22.83219381,40.34812671,34.02619537,51.15531233,0.06741266808,0.06618179915,0.6394366197,1.825030187,1.449426607
P1|tetto110|nessuna|T2,1,scorte,55,49.3429035,63.83163479,65.80734545,79.23818596,0.1813288957,0.2002546052,0.6727272727,5.059276362,5.412680403
P1|tetto110|nessuna|T2,1,stock_ind,980,13.48712437,35.00785124,168.8788393,236.8875427,0.2589755584,0.4272913655,0.3653061224,2.775485998,2.597187912
P1|tetto110|nessuna|T2,1,stock_tipo,20,277.5244066,302.1334622,307.7034202,326.9924438,0.0452512961,0.04502253411,0.4,1.813582995,2.16003771
P1|tetto110|nessuna|T3,1,aggregati,25,275.034367,381.9905765,328.3227687,462.6224541,0.06687648054,0.07019518227,0.72,1.087083286,0.6487639142
P1|tetto110|nessuna|T3,1,consumo,355,6.685474709,12.27889653,14.78404288,19.92583494,0.09892439371,0.08710425617,0.6793650794,1.316565877,1.215860935
P1|tetto110|nessuna|T3,1,importazioni,355,7.145804449,24.18013916,43.68461379,69.281766,0.2137604746,0.1780753489,0.5530973451,3.697452659,4.082967764
P1|tetto110|nessuna|T3,1,investimento_ind,980,13.37830699,34.7230908,86.75404878,152.5811234,1.725145817,2.010152562,0.3836734694,7.380846551,7.4525019
P1|tetto110|nessuna|T3,1,investimento_tipo,20,279.0011072,306.0079033,257.7848455,291.0224046,0.5611965855,0.4968262466,0.5,6.298939002,5.707823859
P1|tetto110|nessuna|T3,1,produzione,355,22.86608494,40.32729804,34.08017185,51.13904209,0.06752589728,0.0662754447,0.6394366197,1.824088062,1.451725863
P1|tetto110|nessuna|T3,1,scorte,55,48.01631708,62.86707719,63.64228035,77.98628491,0.1788128926,0.1984166889,0.6545454545,4.982825815,5.234602936
P1|tetto110|nessuna|T3,1,stock_ind,980,13.3304986,34.7997939,168.6335427,236.7336128,0.2570428078,0.4188283159,0.3663265306,2.758990835,2.593415497
P1|tetto110|nessuna|T3,1,stock_tipo,20,274.5408401,302.1931908,305.0906045,326.1301691,0.04507112042,0.04476138929,0.4,1.813941521,2.141696086
P2|inv1.0|m0.0|S0.0|T1,1,aggregati,25,120.8250352,172.6550353,218.3566509,267.9237183,0.01791683547,0.01841690183,0.88,0.4913482549,0.4314714941
P2|inv1.0|m0.0|S0.0|T1,1,consumo,355,4.604916964,8.756719555,11.03654854,14.72831548,0.07290692671,0.06498988729,0.6698412698,0.9389115814,0.9076616145
P2|inv1.0|m0.0|S0.0|T1,1,importazioni,355,5.236641752,17.72093325,27.1936279,46.31499557,0.3190808864,0.2272178841,0.5575221239,2.709757431,2.541643304
P2|inv1.0|m0.0|S0.0|T1,1,investimento_ind,980,14.16895348,38.47783828,44.69836311,91.19347172,1.749884312,2.522795728,0.4081632653,8.178967177,3.839758959
P2|inv1.0|m0.0|S0.0|T1,1,investimento_tipo,20,36.32110541,57.86504736,36.30174992,53.82626322,0.0566740392,0.06649665787,0.75,1.19110781,0.8037865605
P2|inv1.0|m0.0|S0.0|T1,1,produzione,355,12.60523678,20.54567399,20.0055007,28.66131967,0.03714834751,0.03753514114,0.5577464789,0.9293238196,0.8521818172
P2|inv1.0|m0.0|S0.0|T1,1,scorte,55,38.12912543,44.74893809,48.32773708,53.80004492,0.1685461872,0.1716894373,0.4545454545,3.546787505,3.974975645
P2|inv1.0|m0.0|S0.0|T1,1,stock_ind,980,14.13979891,38.62488313,46.40242206,86.47139173,0.26640307,0.8919567182,0.3887755102,3.062250852,0.7136229157
P2|inv1.0|m0.0|S0.0|T1,1,stock_tipo,20,36.61492063,60.1157373,43.76586916,74.06367414,0.00471547215,0.004869179415,1,0.3608500631,0.3072306695
P2|inv1.0|m0.0|S0.0|T3,1,aggregati,25,122.4191412,173.6970024,221.0961133,269.1241758,0.01817017251,0.01868852154,0.88,0.4943135244,0.436884656
P2|inv1.0|m0.0|S0.0|T3,1,consumo,355,4.6108541,8.651154407,11.05055761,14.70607477,0.07502326679,0.0656605181,0.673015873,0.927592692,0.9088137408
P2|inv1.0|m0.0|S0.0|T3,1,importazioni,355,4.994697327,17.14289156,25.73497013,44.84652122,0.3064259236,0.218459358,0.5663716814,2.621367461,2.405310345
P2|inv1.0|m0.0|S0.0|T3,1,investimento_ind,980,14.08800231,39.41689774,45.57010878,94.06337242,1.74496657,3.448850842,0.4040816327,8.378576532,3.914645219
P2|inv1.0|m0.0|S0.0|T3,1,investimento_tipo,20,36.31848269,57.85891368,36.29993174,53.82187753,0.05666996688,0.06649059543,0.75,1.190981553,0.8037463027
P2|inv1.0|m0.0|S0.0|T3,1,produzione,355,12.57074449,20.49137356,19.93634684,28.5734694,0.0370284997,0.03743630276,0.5549295775,0.9268676978,0.8492360441
P2|inv1.0|m0.0|S0.0|T3,1,scorte,55,37.13568963,45.12897774,47.82433687,54.83964515,0.1604935015,0.1629211413,0.5272727273,3.576909335,3.933570777
P2|inv1.0|m0.0|S0.0|T3,1,stock_ind,980,14.06326586,39.55177414,47.15564059,88.05407652,0.2625519921,1.310619073,0.3918367347,3.135736455,0.7252066647
P2|inv1.0|m0.0|S0.0|T3,1,stock_tipo,20,36.61229791,60.10938834,43.76119047,74.05437424,0.004715315357,0.004869020293,1,0.3608119529,0.3071978257
P2|inv1.0|m1.0|S1.0|T1,1,aggregati,25,120.8924736,166.6457182,212.3692284,252.5875073,0.01772703898,0.01824090165,0.88,0.4742467121,0.4196403814
P2|inv1.0|m1.0|S1.0|T1,1,consumo,355,4.88029155,9.370097126,11.08827203,14.86678915,0.09179635829,0.07549868604,0.6793650794,1.004679053,0.911915429
P2|inv1.0|m1.0|S1.0|T1,1,importazioni,355,2.136159845,6.830597208,10.83419651,18.40149672,0.08421221221,0.07767336914,0.6371681416,1.04448571,1.01261454
P2|inv1.0|m1.0|S1.0|T1,1,investimento_ind,980,13.79822436,30.92675295,40.27257156,64.70407414,1.726459038,2.848836073,0.4051020408,6.573885348,3.459566675
P2|inv1.0|m1.0|S1.0|T1,1,investimento_tipo,20,36.64606363,59.21768662,36.51258116,54.79177393,0.05715320942,0.06739186843,0.75,1.218950857,0.8084547463
P2|inv1.0|m1.0|S1.0|T1,1,produzione,355,12.73655152,20.74053698,19.84952337,28.45188269,0.03901520699,0.03918792926,0.5915492958,0.9381378803,0.8455375923
P2|inv1.0|m1.0|S1.0|T1,1,scorte,55,8.723981395,11.36419818,9.583782064,12.2204741,0.04250757034,0.0439741288,0.4181818182,0.9007229629,0.7882698962
P2|inv1.0|m1.0|S1.0|T1,1,stock_ind,980,13.77042365,31.06561985,45.59131876,80.21349292,0.2684006794,0.7820024271,0.3887755102,2.462938737,0.7011489569
P2|inv1.0|m1.0|S1.0|T1,1,stock_tipo,20,36.93987884,61.52149893,44.35607504,76.12040464,0.004735151813,0.004889179278,1,0.3692882724,0.3113738375
P2|inv1.0|m1.0|S1.0|T3,1,aggregati,25,120.7471188,166.4428132,211.9570046,252.2211564,0.01772150795,0.01823528405,0.88,0.4736692773,0.4188258295
P2|inv1.0|m1.0|S1.0|T3,1,consumo,355,4.873912427,9.288526096,11.0646556,14.82254867,0.09324309986,0.07644571621,0.6825396825,0.9959328572,0.9099731792
P2|inv1.0|m1.0|S1.0|T3,1,importazioni,355,2.136159976,6.830597234,10.8341966,18.40149673,0.0842122256,0.07767338309,0.6371681416,1.044485714,1.012614548
P2|inv1.0|m1.0|S1.0|T3,1,investimento_ind,980,13.72576175,31.43058978,41.34927893,66.48993093,1.732531571,3.368314865,0.3989795918,6.680982446,3.552059923
P2|inv1.0|m1.0|S1.0|T3,1,investimento_tipo,20,36.64653249,59.21776724,36.51293111,54.79183841,0.05715397544,0.06739270377,0.85,1.218952516,0.8084624948
P2|inv1.0|m1.0|S1.0|T3,1,produzione,355,12.72982992,20.72478447,19.83419212,28.43753365,0.03903384818,0.03920628991,0.5943661972,0.9374253617,0.8448845212
P2|inv1.0|m1.0|S1.0|T3,1,scorte,55,8.723981395,11.36419818,9.583782064,12.2204741,0.04250757034,0.0439741288,0.4181818182,0.9007229629,0.7882698962
P2|inv1.0|m1.0|S1.0|T3,1,stock_ind,980,13.69956412,31.56399022,46.58998882,81.34082729,0.2603632371,1.304222537,0.3826530612,2.502450444,0.7165075052
P2|inv1.0|m1.0|S1.0|T3,1,stock_tipo,20,36.9403477,61.52157023,44.35689333,76.12050553,0.004735179399,0.004889207233,1,0.3692887004,0.3113795818
P2|lx0.5|li0.1|T1,1,aggregati,25,128.0603784,181.2415257,237.2486896,283.9243257,0.01927530568,0.01975158048,0.84,0.5157840152,0.4688020545
P2|lx0.5|li0.1|T1,1,consumo,355,4.357789456,8.164559822,10.8951974,14.54415987,0.06490720062,0.06012332285,0.6698412698,0.8754191254,0.8960366934
P2|lx0.5|li0.1|T1,1,importazioni,355,4.483231331,12.92424592,21.16288253,32.61399301,0.2582133261,0.1941454676,0.5486725664,1.976282564,1.977981712
P2|lx0.5|li0.1|T1,1,investimento_ind,980,13.75840088,31.16162138,43.82313652,73.19327083,1.729815667,2.123029365,0.4142857143,6.623809701,3.764573674
P2|lx0.5|li0.1|T1,1,investimento_tipo,20,56.08556291,72.83675301,57.49623841,70.65480903,0.08457148266,0.0972001658,0.6,1.499288938,1.273070962
P2|lx0.5|li0.1|T1,1,produzione,355,12.68273956,20.41040742,20.12810476,28.60685096,0.03910685573,0.03895127979,0.5690140845,0.92320543,0.8574044282
P2|lx0.5|li0.1|T1,1,scorte,55,34.94728719,39.87523149,41.92120816,46.19941732,0.164184588,0.1680978049,0.4363636364,3.160498972,3.448036087
P2|lx0.5|li0.1|T1,1,stock_ind,980,13.73401869,31.30685944,54.60112777,87.31163252,0.2592215647,0.3802757432,0.3887755102,2.48206465,0.8397108228
P2|lx0.5|li0.1|T1,1,stock_tipo,20,50.88242289,70.92475697,57.90824142,84.77343205,0.007357696445,0.007588066996,1,0.4257321656,0.4065082706
P2|lx0.5|li0.1|T3,1,aggregati,25,127.7215836,180.99421,236.9008574,283.5290816,0.01917765091,0.01964600856,0.84,0.5150801948,0.4681147402
P2|lx0.5|li0.1|T3,1,consumo,355,4.356300747,8.161236527,10.89376358,14.54266773,0.06492393383,0.06013243042,0.6698412698,0.8750627956,0.8959187738
P2|lx0.5|li0.1|T3,1,importazioni,355,3.984520993,11.68009628,19.10892889,30.7139569,0.2504074295,0.1875600751,0.5619469027,1.786036166,1.786009624
P2|lx0.5|li0.1|T3,1,investimento_ind,980,14.06789617,32.22099957,44.6211871,73.42520084,1.742724127,2.566788704,0.3989795918,6.848994374,3.833129247
P2|lx0.5|li0.1|T3,1,investimento_tipo,20,54.49095201,69.85487902,56.40256334,68.60250711,0.08154279671,0.0932153766,0.55,1.437909339,1.248855014
P2|lx0.5|li0.1|T3,1,produzione,355,12.68432278,20.43669135,20.18912966,28.68067193,0.03890112914,0.03877624161,0.5690140845,0.9243943071,0.8600039289
P2|lx0.5|li0.1|T3,1,scorte,55,36.16753528,42.18918105,44.45614031,49.85627023,0.1662890054,0.169833174,0.4727272727,3.343901925,3.656535267
P2|lx0.5|li0.1|T3,1,stock_ind,980,14.03931472,32.33818715,53.65266986,84.3404347,0.2687419419,0.4028080251,0.393877551,2.563830182,0.8251244871
P2|lx0.5|li0.1|T3,1,stock_tipo,20,49.287812,67.76547439,55.34417749,80.13387501,0.007246692046,0.007476029592,1,0.4067682907,0.3885088776
P2|lx0.5|li0.5|T1,1,aggregati,25,130.7912057,181.6581871,241.2439201,285.3720936,0.01940891505,0.0199107517,0.88,0.516969766,0.4766966071
P2|lx0.5|li0.5|T1,1,consumo,355,4.424807228,8.216121334,10.93066518,14.56602852,0.06625680927,0.06134791002,0.6698412698,0.8809476456,0.8989536147
P2|lx0.5|li0.5|T1,1,importazioni,355,4.584763621,12.80088235,21.22832229,30.93911858,0.2657315719,0.201621813,0.5398230088,1.957418697,1.984098017
P2|lx0.5|li0.5|T1,1,investimento_ind,980,13.56663119,30.09968653,41.81449859,64.53038573,1.73038121,4.210035591,0.4132653061,6.398081576,3.592024056
P2|lx0.5|li0.5|T1,1,investimento_tipo,20,52.03513497,67.79188676,52.32559524,64.67734371,0.07983846042,0.09163661597,0.6,1.395444219,1.158583548
P2|lx0.5|li0.5|T1,1,produzione,355,12.95436329,20.81507897,20.28764463,28.86649257,0.03932969336,0.03973980643,0.5605633803,0.9415095708,0.8642004079
P2|lx0.5|li0.5|T1,1,scorte,55,35.66705476,42.03490358,44.19469201,49.79678111,0.1603206829,0.1645445066,0.4909090909,3.331673939,3.63503104
P2|lx0.5|li0.5|T1,1,stock_ind,980,13.5323227,30.20967775,53.3179408,82.98036718,0.2586571848,0.3866415685,0.3908163265,2.395078094,0.8199766885
P2|lx0.5|li0.5|T1,1,stock_tipo,20,45.90796321,65.2235411,53.4368688,79.41068756,0.006718494829,0.006921158013,1,0.39151011,0.3751198204
P2|lx0.5|li0.5|T3,1,aggregati,25,131.3012849,182.2133282,241.8220434,286.190367,0.01959463518,0.02009523776,0.88,0.5185496077,0.4778389756
P2|lx0.5|li0.5|T3,1,consumo,355,4.415266167,8.205266222,10.92549754,14.56199994,0.06600976472,0.06114437369,0.6698412698,0.8797837405,0.8985286202
P2|lx0.5|li0.5|T3,1,importazioni,355,3.909388843,10.91742712,17.82990464,27.07979022,0.2530547044,0.1922614478,0.5530973451,1.669414294,1.666466052
P2|lx0.5|li0.5|T3,1,investimento_ind,980,13.52174125,29.39377139,40.5976374,62.95259987,1.736692979,3.977762693,0.4020408163,6.24803009,3.487491064
P2|lx0.5|li0.5|T3,1,investimento_tipo,20,51.95044503,67.6047851,52.26860959,64.54620427,0.0797019753,0.09142767265,0.5,1.391592874,1.157321782
P2|lx0.5|li0.5|T3,1,produzione,355,12.98000162,20.91969022,20.45161831,29.16266915,0.03892952122,0.03944412513,0.5633802817,0.9462413566,0.8711852562
P2|lx0.5|li0.5|T3,1,scorte,55,35.74173158,42.7459528,44.407748,51.0961341,0.1602815315,0.165338576,0.4909090909,3.388031488,3.65255498
P2|lx0.5|li0.5|T3,1,stock_ind,980,13.48613928,29.493511,52.49460499,82.23648086,0.2654821495,0.37784693,0.3908163265,2.338299093,0.8073146058
P2|lx0.5|li0.5|T3,1,stock_tipo,20,45.82327328,65.02171978,53.28460902,79.11195729,0.006713381524,0.006915973902,1,0.3902986595,0.3740509767
P2|lx2.0|li0.1|T1,1,aggregati,25,139.9663116,192.340669,248.8932436,295.3342565,0.02077008116,0.02134345972,0.88,0.5473703786,0.4918116267
P2|lx2.0|li0.1|T1,1,consumo,355,4.67677751,8.562927547,11.14304573,14.91141349,0.09765062679,0.07853991474,0.653968254,0.9181328458,0.9164200961
P2|lx2.0|li0.1|T1,1,importazioni,355,4.414676978,13.01258789,23.67903964,35.72277406,0.2959425189,0.2064573491,0.5575221239,1.989791183,2.213153491
P2|lx2.0|li0.1|T1,1,investimento_ind,980,14.01138413,33.21316375,47.00940384,78.98149402,1.742234038,1.980365735,0.406122449,7.059891832,4.038286125
P2|lx2.0|li0.1|T1,1,investimento_tipo,20,64.04986011,85.42545098,62.81986506,79.24900403,0.1086801596,0.1169916555,0.45,1.758417672,1.390945709
P2|lx2.0|li0.1|T1,1,produzione,355,11.90705503,19.14532403,18.80496988,26.86875604,0.03621728802,0.03639040428,0.5042253521,0.8659830613,0.8010423554
P2|lx2.0|li0.1|T1,1,scorte,55,36.06287712,43.4188572,46.20549112,52.75839561,0.1580594258,0.1618628433,0.4909090909,3.44136569,3.800420069
P2|lx2.0|li0.1|T1,1,stock_ind,980,13.97789479,33.37234912,56.54057239,89.58257043,0.2625088866,0.3330268672,0.387755102,2.645820421,0.8695375443
P2|lx2.0|li0.1|T1,1,stock_tipo,20,57.92268836,82.48507677,68.44903445,98.63732475,0.007846031091,0.008063108853,0.95,0.495124014,0.4805032571
P2|lx2.0|li0.1|T3,1,aggregati,25,140.2575965,192.1872887,248.7260268,294.818909,0.02088850248,0.02146735868,0.84,0.5469338831,0.4914812073
P2|lx2.0|li0.1|T3,1,consumo,355,4.68691076,8.572578084,11.1465287,14.91400891,0.09804817692,0.07884065517,0.6507936508,0.9191675941,0.9167065407
P2|lx2.0|li0.1|T3,1,importazioni,355,4.205120463,13.05615675,23.38356495,36.66698134,0.2753326094,0.1949034777,0.5707964602,1.996453419,2.185537048
P2|lx2.0|li0.1|T3,1,investimento_ind,980,14.19460217,33.69094159,48.23797464,79.91761327,1.750745802,2.155212461,0.3867346939,7.161449752,4.143825017
P2|lx2.0|li0.1|T3,1,investimento_tipo,20,63.27291203,84.89775001,62.27414102,78.85872715,0.10719607,0.115240217,0.35,1.74755535,1.378862389
P2|lx2.0|li0.1|T3,1,produzione,355,11.90975747,19.14597102,18.80671015,26.86771482,0.03621518823,0.03638824629,0.5042253521,0.8660123261,0.8011164865
P2|lx2.0|li0.1|T3,1,scorte,55,37.97323391,44.69888297,47.93571734,53.76682794,0.1666668685,0.1718368337,0.4727272727,3.542820151,3.942731865
P2|lx2.0|li0.1|T3,1,stock_ind,980,14.15413462,33.83513912,56.67850837,89.70878684,0.2620602685,0.3534406242,0.3653061224,2.682511252,0.8716588619
P2|lx2.0|li0.1|T3,1,stock_tipo,20,57.14574028,81.97106988,67.20706421,97.88223044,0.007792181083,0.008008753225,0.95,0.4920386419,0.4717847887
P2|lx2.0|li0.5|T1,1,aggregati,25,138.2095622,189.1649205,246.0778285,287.0245545,0.01909872569,0.01961156573,0.84,0.5383327129,0.4862483825
P2|lx2.0|li0.5|T1,1,consumo,355,5.002891632,9.201309785,11.28835833,15.01089475,0.1327833753,0.09750963013,0.6476190476,0.9865813639,0.9283708135
P2|lx2.0|li0.5|T1,1,importazioni,355,4.586468004,13.33726809,23.07662721,33.75364444,0.2983866178,0.2097127916,0.5575221239,2.039438939,2.156849216
P2|lx2.0|li0.5|T1,1,investimento_ind,980,13.54395691,30.1329252,42.40828579,65.77624698,1.73972743,4.178960353,0.4030612245,6.405146888,3.643032629
P2|lx2.0|li0.5|T1,1,investimento_tipo,20,52.8789378,69.74077041,53.49334565,67.27338484,0.0805380383,0.09258881642,0.45,1.4355605,1.184439659
P2|lx2.0|li0.5|T1,1,produzione,355,12.39778195,20.08809818,19.50793621,28.11722776,0.03790340138,0.038228118,0.4901408451,0.9086267085,0.8309868758
P2|lx2.0|li0.5|T1,1,scorte,55,36.47613448,43.86648657,46.43001866,53.19871435,0.1604287815,0.1647330641,0.4909090909,3.476844661,3.818887548
P2|lx2.0|li0.5|T1,1,stock_ind,980,13.49998471,30.26570505,53.0995989,83.4024148,0.2657666933,0.3934932504,0.387755102,2.399520039,0.816618808
P2|lx2.0|li0.5|T1,1,stock_tipo,20,47.47305307,67.53611892,54.66253838,81.33206534,0.006932232947,0.007144899355,1,0.4053915641,0.3837238603
P2|lx2.0|li0.5|T3,1,aggregati,25,138.3814289,189.1723927,246.0735393,286.9388726,0.01917068213,0.0196860546,0.84,0.5383539778,0.486239907
P2|lx2.0|li0.5|T3,1,consumo,355,5.005573832,9.214604436,11.28639124,15.01281296,0.1332112559,0.09774674305,0.6476190476,0.9880068408,0.9282090374
P2|lx2.0|li0.5|T3,1,importazioni,355,4.337064605,12.81115623,21.8843103,32.5159411,0.2864453756,0.2025201417,0.5619469027,1.958989705,2.045409716
P2|lx2.0|li0.5|T3,1,investimento_ind,980,13.57846002,29.80190428,42.74033874,65.66255216,1.750286834,4.115020191,0.3918367347,6.334784069,3.671557238
P2|lx2.0|li0.5|T3,1,investimento_tipo,20,52.86825037,69.73198554,53.48598485,67.26697879,0.08051897804,0.09256493548,0.55,1.43537967,1.184276678
P2|lx2.0|li0.5|T3,1,produzione,355,12.40152655,20.08658855,19.50978026,28.10705814,0.03791437304,0.03823732549,0.4901408451,0.9085584248,0.8310654273
P2|lx2.0|li0.5|T3,1,scorte,55,34.51685978,42.12235028,43.19730987,50.78082046,0.1532024404,0.1579346352,0.5272727273,3.338604938,3.552995961
P2|lx2.0|li0.5|T3,1,stock_ind,980,13.53274978,29.92795967,53.25336372,83.39180172,0.2663157808,0.4049093304,0.3714285714,2.372742972,0.8189835574
P2|lx2.0|li0.5|T3,1,stock_tipo,20,47.46236564,67.52886004,54.64346213,81.32141299,0.006931586729,0.007144246114,1,0.4053479921,0.3835899475
P2|uniformi|li0.5|T1,1,aggregati,25,180.0428059,259.0490295,346.0872978,410.7705927,0.02298873522,0.02352472266,0.8,0.7372115637,0.6838665222
P2|uniformi|li0.5|T1,1,consumo,355,5.531271869,15.75483705,20.00803142,43.17532627,0.05368813527,0.05492023731,0.6444444444,1.689262615,1.645489261
P2|uniformi|li0.5|T1,1,importazioni,355,4.180531581,11.49077654,20.79031728,29.5033476,0.3143058698,0.2192986872,0.5398230088,1.757086756,1.943160026
P2|uniformi|li0.5|T1,1,investimento_ind,980,13.40995135,28.86239778,41.05613677,65.04226129,1.734453175,4.170674609,0.4071428571,6.135079689,3.526877899
P2|uniformi|li0.5|T1,1,investimento_tipo,20,53.62717879,70.65037197,53.85560284,66.9869075,0.08195353074,0.09473891145,0.85,1.454283954,1.19246069
P2|uniformi|li0.5|T1,1,produzione,355,14.14345557,24.76268984,24.9028541,39.5328994,0.03907085001,0.03924875756,0.4901408451,1.120068269,1.060796217
P2|uniformi|li0.5|T1,1,scorte,55,36.96687402,43.07052826,46.76464455,51.59945269,0.163952688,0.1672002789,0.4909090909,3.413757242,3.846410661
P2|uniformi|li0.5|T1,1,stock_ind,980,13.37462233,29.02214195,53.74638761,85.33466709,0.2667564781,0.3956162208,0.3948979592,2.300928099,0.8265657726
P2|uniformi|li0.5|T1,1,stock_tipo,20,47.50000704,68.32265086,55.70845872,83.65527474,0.006860207205,0.007067237659,1,0.4101127921,0.3910660841
P3|q25,1,aggregati,25,286.1354034,348.1623391,420.8818018,465.7394927,0.05201820111,0.05211859051,0.6,0.9908136038,0.8316600346
P3|q25,1,consumo,355,10.88416026,22.18196856,22.97122964,35.59380398,0.1126383661,0.1141289849,0.6825396825,2.37839148,1.889186942
P3|q25,1,importazioni,355,7.588374862,26.15045944,41.51145114,69.41129298,0.1915194074,0.1688057717,0.610619469,3.998739839,3.879853846
P3|q25,1,investimento_ind,980,14.33469491,29.21380609,40.3229144,58.81602949,1.747381395,3.242956569,0.4040816327,6.209776116,3.463891315
P3|q25,1,investimento_tipo,20,73.14937104,85.24210855,79.89335848,89.8561595,0.1077767849,0.11653451,0.3,1.754643708,1.768983808
P3|q25,1,produzione,355,24.71002306,45.53669261,39.78527003,62.11953881,0.07940455974,0.07243271919,0.5887323944,2.059719878,1.69474807
P3|q25,1,scorte,55,36.86616553,44.99860137,46.04252348,54.25233653,0.1742294098,0.1697495678,0.2363636364,3.566575743,3.787015915
P3|q25,1,stock_ind,980,14.27135368,29.26901027,48.47578195,74.0309422,0.2790403549,0.6868089709,0.3857142857,2.320500268,0.7455091205
P3|q25,1,stock_tipo,20,67.49592543,79.89741905,63.85877873,82.15250652,0.01216376975,0.01250383327,1,0.4795913683,0.4482802631
P3|q75,1,aggregati,25,351.1217652,446.0179955,455.0283662,548.4492762,0.06360680743,0.06395631909,0.6,1.269294946,0.8991334507
P3|q75,1,consumo,355,14.83164417,29.04131614,36.48063676,52.99715223,0.1343096771,0.143003524,0.6761904762,3.113863347,3.00022
P3|q75,1,importazioni,355,8.273146002,26.29604691,49.61783559,74.90812924,0.1814482759,0.1736070644,0.6238938053,4.021002026,4.637514348
P3|q75,1,investimento_ind,980,13.92815288,27.8308461,41.06194027,59.86626247,1.737569611,3.082848342,0.4071428571,5.915809903,3.527376441
P3|q75,1,investimento_tipo,20,69.42585788,83.11869007,74.16774691,86.71228087,0.1043510125,0.1131379514,0.35,1.71093476,1.642208387
P3|q75,1,produzione,355,23.37800951,39.58643795,35.06074405,51.73075707,0.07925442585,0.07257336631,0.6422535211,1.79057741,1.493495665
P3|q75,1,scorte,55,34.73661749,41.62404667,44.2216493,50.15781763,0.1608434909,0.156423181,0.2,3.299109542,3.637248288
P3|q75,1,stock_ind,980,13.84898152,27.8677505,49.21630937,75.0151966,0.2751049001,0.74210405,0.3908163265,2.209405849,0.7568976927
P3|q75,1,stock_tipo,20,63.43747866,78.04239598,60.92309474,80.95358911,0.01156696195,0.01188446165,1,0.4684564272,0.427672146
condizionata|P1|E6|agg|T1,1,aggregati,25,284.9955788,367.4544865,369.0448308,433.1343416,0.05218917237,0.05202334259,0.68,1.045715929,0.7292304762
condizionata|P1|E6|agg|T1,1,consumo,355,11.64919315,25.83746326,29.83230673,48.01830117,0.09886916977,0.1033280229,0.7777777778,2.770340347,2.453451783
condizionata|P1|E6|agg|T1,1,importazioni,355,6.981822405,23.27240127,41.95450085,66.11635265,0.1651570103,0.1576793698,0.6902654867,3.558647922,3.921263339
condizionata|P1|E6|agg|T1,1,investimento_ind,980,14.44006631,32.51907465,41.05454363,64.68496654,1.750228211,2.298664556,0.4030612245,6.912354125,3.526741042
condizionata|P1|E6|agg|T1,1,investimento_tipo,20,45.99489459,53.58111954,44.14990036,51.97751797,0.07463748036,0.07652277061,0.45,1.102926428,0.9775588404
condizionata|P1|E6|agg|T1,1,produzione,355,21.92156884,38.11762056,31.63933509,48.10965725,0.0840645301,0.07407909471,0.7126760563,1.724139727,1.347752624
condizionata|P1|E6|agg|T1,1,scorte,55,37.26907706,45.509995,48.19979884,55.17012542,0.1692154848,0.1631867556,0.2363636364,3.60710865,3.964452674
condizionata|P1|E6|agg|T1,1,stock_ind,980,14.36015259,32.50029173,41.18963983,56.29443967,0.2737757698,0.43715793,0.3867346939,2.576682128,0.6334555303
condizionata|P1|E6|agg|T1,1,stock_tipo,20,40.09668999,48.29548653,39.38000042,47.00894163,0.008010325922,0.008228137184,1,0.2898979559,0.2764424454
persistenza,1,aggregati,25,251.9835817,351.3903501,506.0743384,573.3734482,0.0327400748,0.03345677209,0,1,1
persistenza,1,consumo,355,4.625315829,9.326458133,12.15932057,17.15503956,0.04887106394,0.05105889381,0,1,1
persistenza,1,importazioni,355,2.111062443,6.53967512,10.69923064,17.47137624,0.08721198873,0.08075444109,0,1,1
persistenza,1,investimento_ind,980,1.598107247,4.704486208,11.64092944,20.86818962,0.1742416386,0.204337313,0.001020408163,1,1
persistenza,1,investimento_tipo,20,42.49383116,48.58086468,45.16341988,51.8124326,0.06546444378,0.0683107699,0,1,1
persistenza,1,produzione,355,14.1508991,22.1081969,23.47562492,32.13750353,0.03841457035,0.0387103578,0,1,1
persistenza,1,scorte,55,10.1890818,12.61675193,12.15799577,14.07678705,0.04598922227,0.04750650646,0,1,1
persistenza,1,stock_ind,980,3.587788161,12.61323288,65.02372757,98.98699386,0.04762928102,0.05114648236,0,1,1
persistenza,1,stock_tipo,20,150.4733157,166.5947812,142.4528001,157.8808474,0.02495769643,0.02542277263,0,1,1
trend_mobile,1,aggregati,25,141.5916456,224.8364127,242.5907345,356.9063225,0.02512680268,0.02576889175,0.76,0.6398479999,0.4793579047
trend_mobile,1,consumo,355,3.574940504,6.85122606,8.873661397,12.37659714,0.05259269773,0.05446886176,0.6507936508,0.7346010632,0.7297826672
trend_mobile,1,importazioni,355,2.172798865,7.309281723,11.42416378,19.9838687,0.08250732492,0.07603843998,0.6681415929,1.117682697,1.067755633
trend_mobile,1,investimento_ind,980,1.600678677,5.316787675,10.67186902,24.20728271,0.189197533,0.2196229486,0.5785714286,1.130152675,0.9167540336
trend_mobile,1,investimento_tipo,20,40.58164438,51.39807179,41.59255226,52.70277508,0.06835602554,0.07050987254,0.6,1.057990057,0.9209345168
trend_mobile,1,produzione,355,12.2880275,20.62422407,20.61639871,30.37214032,0.03664491028,0.0367636707,0.6535211268,0.9328768043,0.8782044686
trend_mobile,1,scorte,55,8.609959518,11.63888737,9.830328754,12.72074786,0.04119214788,0.042592043,0.6727272727,0.9224947466,0.8085484597
trend_mobile,1,stock_ind,980,2.058242903,7.911257203,39.86201977,61.24622614,0.03100500616,0.03391201093,0.7979591837,0.6272188328,0.6130380596
trend_mobile,1,stock_tipo,20,55.92624164,72.63958272,62.963817,76.9655912,0.007239950636,0.007437876473,1,0.4360255598,0.441997749
ultimo_tasso,1,aggregati,25,82.27943796,96.93745843,114.7173456,129.3560596,0.01758254322,0.01818401962,0.88,0.2758682997,0.2266808191
ultimo_tasso,1,consumo,355,3.742441701,6.914193584,9.046511596,11.73709514,0.05462290761,0.05750353982,0.6825396825,0.7413525569,0.743998116
ultimo_tasso,1,importazioni,355,2.887794206,9.396976077,14.4777217,24.82694216,0.09936414651,0.09438901152,0.6548672566,1.436917875,1.353155399
ultimo_tasso,1,investimento_ind,980,1.860239577,4.533412943,9.154926216,16.46356799,0.2252147046,0.2694325882,0.5673469388,0.9636361426,0.7864428921
ultimo_tasso,1,investimento_tipo,20,29.35664074,34.34477685,29.00579134,33.7150468,0.04739091611,0.05044818359,0.85,0.7069610035,0.6422408094
ultimo_tasso,1,produzione,355,11.13033786,17.05927618,16.91688297,22.67052228,0.03581828884,0.03622132043,0.7267605634,0.7716267526,0.720614809
ultimo_tasso,1,scorte,55,8.373380175,10.99079701,9.094260789,11.76111589,0.04173182399,0.04345309031,0.7272727273,0.8711272973,0.7480065761
ultimo_tasso,1,stock_ind,980,1.383483928,4.534680834,20.76342413,32.01387494,0.02567371724,0.028507839,0.8683673469,0.3595177286,0.3193207296
ultimo_tasso,1,stock_tipo,20,27.63164302,34.32849247,32.9469302,38.80287972,0.003376606947,0.003477395641,1,0.2060598311,0.231283135
selezionata,1,aggregati,25,298.6189202,490.7914995,620.9211248,800.2086148,0.04544097749,0.04427669493,0.6,1.396713084,1.226936593
selezionata,1,consumo,355,4.033393018,7.650917305,10.5826524,14.2026707,0.05113672539,0.05160077303,0.6984126984,0.8203454297,0.8703325439
selezionata,1,importazioni,355,5.669823065,16.97220795,28.39173457,43.50452,0.1901328226,0.16599443,0.6017699115,2.595267752,2.653623941
selezionata,1,investimento_ind,980,16.26023396,38.84842465,41.57422437,67.02595735,1.767760538,3.011225755,0.3989795918,8.257740151,3.571383589
selezionata,1,investimento_tipo,20,23.99387318,28.84577419,24.97454518,30.37069923,0.03719704323,0.0393537879,0.8,0.5937682332,0.5529817107
selezionata,1,produzione,355,21.96374519,35.2193661,33.73040636,48.67911045,0.08186950504,0.075409494,0.5661971831,1.593045614,1.436826771
selezionata,1,scorte,55,43.2069333,51.85307291,55.54772039,62.86664922,0.1955467137,0.1896141345,0.3272727273,4.109859115,4.568822151
selezionata,1,stock_ind,980,16.15532629,38.75008044,31.71825718,54.90309042,0.2805905903,0.6754056748,0.3795918367,3.072176722,0.487795123
selezionata,1,stock_tipo,20,20.94108271,25.28141682,21.28371381,25.39768495,0.003282068201,0.003392265135,1,0.1517539543,0.1494088834
