caso,h,gruppo,n,MAE,RMSE,WMAE,WRMSE,sMAPE,errore_tassi,segno,theil_U,rapporto_WMAE
P0,1,aggregati,55,195.1603968,408.1250165,387.7746027,682.249301,0.03361299446,0.03337881932,0.8,0.9824682774,0.6793468879
P0,1,consumo,781,4.108536961,8.306126785,9.956645068,14.62827866,0.05362296133,0.05372720754,0.3434343434,0.8748796925,0.75989797
P0,1,importazioni,781,2.746048433,8.54556324,13.10380972,21.43578488,0.1142687898,0.1171650878,0.3795180723,1.183178864,1.142411922
P0,1,investimento_ind,2156,1.626822651,4.477791459,8.808989053,16.77405732,0.1843881392,0.2022646629,0.2425788497,0.9431020782,0.8624668319
P0,1,investimento_tipo,44,36.50880404,59.44182689,40.04925913,64.85702386,0.05945688678,0.0588602562,0.5909090909,0.9716035069,0.766387012
P0,1,produzione,781,13.98132684,26.04689688,22.34509753,38.28102508,0.04384268841,0.04359869644,0.4737516005,0.9436088429,0.8171195386
P0,1,scorte,121,9.007836305,13.31076583,10.59760765,15.15148041,0.04248881182,0.04278996126,0.4958677686,1.000996027,0.883400514
P0,1,stock_ind,2156,1.599243484,4.811788266,19.01047054,31.6957133,0.02726666128,0.02942261184,0.7435064935,0.3934177111,0.3378911331
P0,1,stock_tipo,44,34.85020968,51.89039437,37.33538695,51.37548287,0.004813813264,0.00491426839,0.9545454545,0.3287172938,0.2940669396
P0,2,aggregati,50,324.6784142,707.518378,620.6034101,1185.653845,0.05610932382,0.05709606134,0.8,1.021979773,0.6284225494
P0,2,consumo,710,7.090484038,14.37698962,18.1886819,26.60969858,0.08815998617,0.08981888782,0.3492063492,0.8764405834,0.7804324408
P0,2,importazioni,710,4.016906728,12.50690938,19.73258635,31.62978027,0.1703745944,0.1831540866,0.3960176991,1.331747738,1.207844628
P0,2,investimento_ind,1960,2.747035185,8.48443246,20.30809696,37.35574001,0.2650434329,0.331509657,0.2576530612,1.151618911,1.16748277
P0,2,investimento_tipo,40,69.57538889,105.2042299,73.92060346,114.0134369,0.1170859355,0.1172379898,0.6,1.079161932,0.8232536472
P0,2,produzione,710,23.19634663,40.43900944,37.89566335,56.99691924,0.07011724582,0.0710246827,0.476056338,0.9443226019,0.8495503033
P0,2,scorte,110,14.45734909,20.64691423,17.55840477,23.66426051,0.06374792948,0.0659170143,0.5454545455,0.967543525,0.8847297342
P0,2,stock_ind,1960,3.58361131,11.1896385,48.21846477,77.23494111,0.05578511339,0.06582083315,0.7260204082,0.4669570131,0.4270770616
P0,2,stock_tipo,40,87.11380754,118.352557,95.27527097,121.5649168,0.01171547096,0.01225514511,0.975,0.3775659148,0.3787350338
P0,3,aggregati,45,533.0850512,1096.812133,1034.100323,1839.04716,0.08801213774,0.09061254366,0.8,1.089272152,0.7404691008
P0,3,consumo,639,10.18393687,21.21844395,27.85498135,41.35859036,0.120284409,0.1264987258,0.3456790123,0.902021597,0.8372650445
P0,3,importazioni,639,5.276103619,17.20666654,26.79055432,44.14478782,0.2120171766,0.2994106326,0.4004914005,1.450739371,1.266257138
P0,3,investimento_ind,1764,3.853608182,13.33754231,32.28210715,62.41364637,0.3361207861,0.4486997948,0.2511337868,1.368527545,1.328253284
P0,3,investimento_tipo,36,105.4641851,155.0614159,114.7216808,168.2132426,0.1737399321,0.1763187897,0.5555555556,1.159040386,0.9247944188
P0,3,produzione,639,32.79728491,57.89740758,53.73351629,82.18331644,0.09692420755,0.09950298088,0.4679186228,0.9871962639,0.8701652914
P0,3,scorte,99,21.0408044,29.42642902,25.23322788,33.44652435,0.09342712181,0.09868502253,0.5050505051,0.9933986334,0.9109620765
P0,3,stock_ind,1764,5.786780905,18.87336258,85.27371987,136.9692075,0.0872737411,0.1148331052,0.7012471655,0.5332724736,0.4977609234
P0,3,stock_tipo,36,147.1571309,199.8314326,161.9746908,206.6416885,0.01960574987,0.02103030591,0.9722222222,0.4267452206,0.4251837618
P0,4,aggregati,40,772.6528973,1528.038236,1507.815581,2564.435711,0.1256858748,0.1303775279,0.725,1.151957373,0.80539055
P0,4,consumo,568,13.78598195,28.59765629,39.32787996,58.17482653,0.1511453524,0.1645663132,0.3511904762,0.9270658492,0.9049168512
P0,4,importazioni,568,7.261097613,22.56498054,37.85409456,58.81836258,0.2703034566,0.3737895427,0.3850415512,1.555653214,1.417833392
P0,4,investimento_ind,1568,5.23426051,19.9571011,46.0216152,92.77183386,0.4071674261,0.6115999551,0.2506377551,1.679206061,1.50885699
P0,4,investimento_tipo,32,149.4568275,212.4753472,165.0521567,231.0677436,0.2402933017,0.2504353555,0.5625,1.254419229,1.035419727
P0,4,produzione,568,43.77908599,79.07036923,72.74395226,113.2087724,0.1259238632,0.1301241591,0.4718309859,1.059669528,0.9203522847
P0,4,scorte,88,27.6244801,38.69575259,33.57893623,43.74978209,0.1195923638,0.1290779325,0.5227272727,1.021883202,0.9372239484
P0,4,stock_ind,1568,8.471566358,28.18224771,140.7282882,215.6860221,0.1202221337,0.1790969629,0.6798469388,0.6037356921,0.6024338397
P0,4,stock_tipo,32,225.4199665,301.8550742,250.8356152,312.4489029,0.02966684679,0.03266751744,0.96875,0.4832053627,0.4855727151
P0,5,aggregati,35,1041.243158,2038.618907,2060.379669,3428.464821,0.1676904245,0.1754750879,0.7142857143,1.227333895,0.8694355849
P0,5,consumo,497,17.41532283,37.20677527,51.31775424,77.24231241,0.1810158713,0.2040441278,0.3492063492,0.978101883,0.9681008382
P0,5,importazioni,497,9.809168082,29.49179355,52.08912372,76.96063233,0.3327907587,0.4103564782,0.3682539683,1.73746258,1.677710156
P0,5,investimento_ind,1372,6.899031844,28.95297521,59.50791333,122.4646093,0.4755416369,0.8114237083,0.2419825073,2.053448715,1.699977751
P0,5,investimento_tipo,28,200.5507488,279.2064912,226.1789692,307.1651224,0.3154773097,0.3355444302,0.5357142857,1.352711601,1.148285541
P0,5,produzione,497,55.52962768,103.0176501,91.78126475,146.4980066,0.1600193786,0.1677569236,0.4647887324,1.13842659,0.9658380585
P0,5,scorte,77,34.67261238,47.68854279,41.730571,53.65590011,0.1523896334,0.1668986534,0.4805194805,1.02345628,0.9201348545
P0,5,stock_ind,1372,11.47832752,39.00910496,211.0315331,308.9964138,0.1581605337,0.267875748,0.6581632653,0.6832724508,0.7121357147
P0,5,stock_tipo,28,314.009073,419.8555132,359.1552454,435.8487585,0.03989557737,0.04480271899,0.9642857143,0.5384594331,0.5490684058
P1|E6|agg+ind|T1,1,aggregati,55,276.8212156,451.1088357,456.4615233,688.4243764,0.04819623521,0.04842963251,0.7090909091,1.085942059,0.7996803122
P1|E6|agg+ind|T1,1,consumo,781,9.227414654,19.87231359,22.31224125,35.21842281,0.1083970064,0.1029693417,0.6305916306,2.093139685,1.702885532
P1|E6|agg+ind|T1,1,importazioni,781,6.423279373,20.03082005,36.11779706,53.48415361,0.1838578126,0.1752850837,0.6004016064,2.773374002,3.148809608
P1|E6|agg+ind|T1,1,investimento_ind,2156,3.330744864,16.12392372,32.35406007,92.67422054,0.4541877886,0.5101997749,0.1275510204,3.395983514,3.167707841
P1|E6|agg+ind|T1,1,investimento_tipo,44,88.92749416,138.7727198,88.2569911,136.069061,0.1475107546,0.1609665902,0.4318181818,2.268302781,1.688895454
P1|E6|agg+ind|T1,1,produzione,781,22.94990981,43.79205895,37.53433443,63.09749369,0.07034022593,0.06728355924,0.6030729834,1.586468218,1.372562281
P1|E6|agg+ind|T1,1,scorte,121,34.70299787,43.40251494,42.73561272,50.74172874,0.1540269998,0.1575742648,0.3801652893,3.263955326,3.562375914
P1|E6|agg+ind|T1,1,stock_ind,2156,3.212691446,15.83993375,65.24692164,140.0956711,0.07771841816,0.1216918363,0.7833951763,1.295092413,1.159695455
P1|E6|agg+ind|T1,1,stock_tipo,44,82.91254434,135.1770097,95.63507788,156.2846125,0.01226300978,0.01244809118,0.9318181818,0.8563245923,0.7532562796
P1|E6|agg+ind|T1,2,aggregati,50,423.1407084,640.6700443,727.7222909,996.1425627,0.0701588469,0.07247394145,0.66,0.9254202391,0.7368910481
P1|E6|agg+ind|T1,2,consumo,710,12.12729095,25.57726329,26.98283955,41.2820413,0.1249602068,0.1256929323,0.6492063492,1.559224299,1.157768521
P1|E6|agg+ind|T1,2,importazioni,710,5.929327038,17.70102169,30.7384901,45.36237129,0.2042278383,0.2114592367,0.639380531,1.884821812,1.881523257
P1|E6|agg+ind|T1,2,investimento_ind,1960,4.353741868,19.05097717,41.39644123,108.0214075,0.5581945373,0.719417586,0.143877551,2.585849517,2.379820816
P1|E6|agg+ind|T1,2,investimento_tipo,40,129.6727753,180.7152969,132.407514,182.0602071,0.2048362725,0.2286530913,0.475,1.853737907,1.47462228
P1|E6|agg+ind|T1,2,produzione,710,31.49545611,55.25281978,52.04422712,81.29247487,0.09608817443,0.09214002566,0.638028169,1.29025135,1.166734793
P1|E6|agg+ind|T1,2,scorte,110,33.59125889,43.75571516,42.20726728,51.84061751,0.1457353618,0.1499756771,0.3272727273,2.050454533,2.126732175
P1|E6|agg+ind|T1,2,stock_ind,1960,6.929042287,34.30780181,148.9047934,304.8811602,0.1462065883,0.2547239729,0.7551020408,1.431705649,1.318868652
P1|E6|agg+ind|T1,2,stock_tipo,40,198.1330418,301.700895,224.3599589,344.3925698,0.02987969046,0.0308639219,0.95,0.9624800452,0.8918681179
P1|E6|agg+ind|T1,3,aggregati,45,549.740391,883.5508519,973.3158459,1397.249773,0.08806715181,0.0928104525,0.6666666667,0.8774769247,0.6969442839
P1|E6|agg+ind|T1,3,consumo,639,15.68849158,36.10931643,38.54836171,63.15050445,0.1472222632,0.1534398092,0.6684303351,1.535050513,1.158686677
P1|E6|agg+ind|T1,3,importazioni,639,6.094325928,18.1767099,31.73703763,47.44165297,0.2209433395,0.3022011743,0.6609336609,1.532526281,1.500052965
P1|E6|agg+ind|T1,3,investimento_ind,1764,5.199200425,20.28853752,46.27350493,112.8840631,0.6514682238,0.8383906554,0.1479591837,2.081749532,1.90393194
P1|E6|agg+ind|T1,3,investimento_tipo,36,166.4006197,218.1344127,174.3934292,225.5657279,0.2546061455,0.2866773472,0.4444444444,1.630493263,1.405820319
P1|E6|agg+ind|T1,3,produzione,639,38.9963189,68.60786052,65.71497013,101.5356362,0.1130357664,0.1117012241,0.6557120501,1.169817897,1.064194009
P1|E6|agg+ind|T1,3,scorte,99,36.92797027,47.67387788,47.29788785,56.8910786,0.1549702017,0.1616336504,0.2929292929,1.609409185,1.707533508
P1|E6|agg+ind|T1,3,stock_ind,1764,11.07441947,54.01909093,245.9671432,480.5827256,0.2114227899,0.3555193929,0.7227891156,1.526325482,1.435762771
P1|E6|agg+ind|T1,3,stock_tipo,36,338.2852751,492.821771,375.8895278,552.8233049,0.05187917024,0.05444592384,0.8888888889,1.052433707,0.9867104711
P1|E6|agg+ind|T1,4,aggregati,40,720.0572355,1187.014844,1350.512064,1908.027716,0.1072866142,0.1151463288,0.775,0.894866679,0.7213678303
P1|E6|agg+ind|T1,4,consumo,568,19.53486657,44.34306289,50.13639936,78.64249392,0.1780746895,0.1872371276,0.6686507937,1.437493298,1.153616027
P1|E6|agg+ind|T1,4,importazioni,568,6.854176324,20.62752271,35.68402942,54.86005661,0.2671205341,0.3571555321,0.6398891967,1.422082857,1.336553128
P1|E6|agg+ind|T1,4,investimento_ind,1568,5.921649974,20.69178076,48.89275625,112.3007247,0.7363150817,0.9459509673,0.162627551,1.741022581,1.602989741
P1|E6|agg+ind|T1,4,investimento_tipo,32,198.8258223,253.9363533,212.5177617,268.0440979,0.2976871583,0.3386283879,0.40625,1.499198136,1.333185142
P1|E6|agg+ind|T1,4,produzione,568,50.51251813,84.02384111,85.68349714,124.465345,0.1416344493,0.1424651677,0.6373239437,1.126053981,1.08406266
P1|E6|agg+ind|T1,4,scorte,88,42.68179821,53.18260173,51.94505971,61.28619841,0.2014673606,0.207272933,0.3409090909,1.404454073,1.449842057
P1|E6|agg+ind|T1,4,stock_ind,1568,15.55192019,74.34588025,355.3028087,662.3711447,0.2757261832,0.422140097,0.6875,1.592678552,1.520990826
P1|E6|agg+ind|T1,4,stock_tipo,32,506.2138439,704.505596,554.4621338,777.246521,0.07790651936,0.08286638695,0.875,1.127762662,1.073339141
P1|E6|agg+ind|T1,5,aggregati,35,967.5833189,1591.763581,1886.493298,2569.555449,0.1358150363,0.1475198186,0.6857142857,0.9583082887,0.7960593035
P1|E6|agg+ind|T1,5,consumo,497,23.76596599,56.67605919,64.1964321,102.281339,0.2289328638,0.2265148046,0.6575963719,1.489915743,1.211054939
P1|E6|agg+ind|T1,5,importazioni,497,7.446530043,22.24242031,37.74744524,58.12006357,0.3382326173,0.3711615901,0.6349206349,1.31037717,1.215786862
P1|E6|agg+ind|T1,5,investimento_ind,1372,6.476707309,20.43646958,48.40072425,106.5533678,0.8116411932,1.087457133,0.1639941691,1.449427629,1.382675845
P1|E6|agg+ind|T1,5,investimento_tipo,28,234.3133684,292.4147483,255.836382,313.412387,0.3433582775,0.3933886479,0.3928571429,1.416703533,1.298852936
P1|E6|agg+ind|T1,5,produzione,497,62.40470153,102.7766976,106.8625148,152.3946104,0.1737968778,0.1769240492,0.6197183099,1.135763874,1.124541965
P1|E6|agg+ind|T1,5,scorte,77,35.72915372,45.93570656,44.21426569,52.2935499,0.1454197095,0.1628812771,0.07792207792,0.9858382032,0.97489888
P1|E6|agg+ind|T1,5,stock_ind,1372,20.36544571,94.52746419,468.4057571,841.0612908,0.343108028,0.5293826463,0.6413994169,1.65571633,1.580656994
P1|E6|agg+ind|T1,5,stock_tipo,28,709.7267978,941.1286369,762.2157763,1016.688485,0.1097468769,0.1183562352,0.8214285714,1.206985681,1.165258218
P1|E6|agg+ind|T2,1,aggregati,55,267.1400373,406.967149,414.9141451,604.8636771,0.04811075036,0.04830749778,0.7090909091,0.9796809746,0.7268929714
P1|E6|agg+ind|T2,1,consumo,781,9.86253985,21.26995958,24.10211042,37.75819774,0.1083428661,0.1051583535,0.6277056277,2.240352956,1.839489573
P1|E6|agg+ind|T2,1,importazioni,781,7.032336243,22.01088824,39.98252143,58.59315732,0.1890414176,0.1790142495,0.6144578313,3.047525017,3.485742706
P1|E6|agg+ind|T2,1,investimento_ind,2156,2.343700738,5.77420552,11.24573985,20.66525461,0.3278860864,0.4140899438,0.08858998145,1.216149809,1.101043214
P1|E6|agg+ind|T2,1,investimento_tipo,44,46.31329248,60.02322647,48.04515299,63.28763854,0.07389932514,0.07378182698,0.4772727273,0.9811067456,0.9193973132
P1|E6|agg+ind|T2,1,produzione,781,22.49398723,42.05963689,36.0982402,57.69706748,0.06891136307,0.06549923022,0.609475032,1.523707238,1.320046929
P1|E6|agg+ind|T2,1,scorte,121,36.82344194,45.97138799,46.54849696,54.64284623,0.1608328834,0.1631302264,0.2809917355,3.457139682,3.880212166
P1|E6|agg+ind|T2,1,stock_ind,2156,2.244529013,5.558876877,17.82529387,28.20021878,0.06670769035,0.09916031306,0.8038033395,0.4545005923,0.3168258634
P1|E6|agg+ind|T2,1,stock_tipo,44,41.75229237,55.31138688,36.90365509,48.69570654,0.008161710498,0.008351615424,0.8863636364,0.3503887306,0.2906664642
P1|E6|agg+ind|T2,2,aggregati,50,410.1943365,629.1052465,707.3612071,975.9982625,0.06729939051,0.06991522311,0.74,0.9087153876,0.7162734298
P1|E6|agg+ind|T2,2,consumo,710,12.23887624,25.51156036,27.56522073,40.49728403,0.1253506665,0.1267971149,0.6476190476,1.55521896,1.182757091
P1|E6|agg+ind|T2,2,importazioni,710,5.970793915,17.98295719,30.75805854,45.34628662,0.2093463275,0.2114006507,0.6637168142,1.914842575,1.882721054
P1|E6|agg+ind|T2,2,investimento_ind,1960,3.270771938,8.050387581,18.11482531,31.75975692,0.4246507789,0.6281872608,0.1214285714,1.092704624,1.041394793
P1|E6|agg+ind|T2,2,investimento_tipo,40,75.10387529,94.73194042,77.32705374,98.98693924,0.1176984851,0.1226912083,0.55,0.9717394818,0.8611912787
P1|E6|agg+ind|T2,2,produzione,710,30.50803552,51.70930868,50.13462679,73.20526994,0.09229491217,0.08908181376,0.6478873239,1.20750408,1.123925104
P1|E6|agg+ind|T2,2,scorte,110,34.25254205,43.93451565,42.78076608,51.75218175,0.1485002754,0.1536949501,0.3636363636,2.058833376,2.155629529
P1|E6|agg+ind|T2,2,stock_ind,1960,4.855527567,12.27906543,45.68244525,70.61390236,0.1279614761,0.2209001671,0.7836734694,0.5124201032,0.4046152148
P1|E6|agg+ind|T2,2,stock_tipo,40,101.5687053,130.3378972,91.37301783,116.115076,0.01948668235,0.02042371981,0.9,0.4158013028,0.3632229291
P1|E6|agg+ind|T2,3,aggregati,45,555.2409971,892.5029746,964.7669313,1406.17739,0.0899350337,0.09523051071,0.7333333333,0.8863675066,0.6908228206
P1|E6|agg+ind|T2,3,consumo,639,15.70558539,34.69827998,37.64590273,59.41891446,0.1495447288,0.1569739954,0.6701940035,1.475065655,1.131560565
P1|E6|agg+ind|T2,3,importazioni,639,5.731384169,17.50049821,28.29881164,44.25662343,0.2229421452,0.2983977465,0.6928746929,1.475513092,1.33754501
P1|E6|agg+ind|T2,3,investimento_ind,1764,4.123973332,10.59430926,25.85334609,45.72126309,0.4976158878,0.7333828471,0.1207482993,1.087052151,1.063740719
P1|E6|agg+ind|T2,3,investimento_tipo,36,110.3747943,136.4409062,114.2952236,143.3192172,0.1716716111,0.1846564711,0.4444444444,1.019857324,0.9213566619
P1|E6|agg+ind|T2,3,produzione,639,38.1887436,65.05216964,64.09654696,94.26297299,0.1099170197,0.1088086293,0.6557120501,1.109190575,1.037985122
P1|E6|agg+ind|T2,3,scorte,99,35.86304345,45.74336665,45.09847316,53.91061636,0.1543703444,0.1622932908,0.3333333333,1.544237593,1.628130929
P1|E6|agg+ind|T2,3,stock_ind,1764,7.883745558,20.61045339,89.07195133,132.6031183,0.1832951659,0.3101066419,0.7602040816,0.5823544912,0.519932012
P1|E6|agg+ind|T2,3,stock_tipo,36,178.8491341,230.4420696,164.3118432,206.4744845,0.03373513487,0.03613221975,0.8611111111,0.4921150319,0.4313187897
P1|E6|agg+ind|T2,4,aggregati,40,746.9668422,1200.863668,1367.016315,1917.138607,0.1152074212,0.1233696949,0.725,0.905307029,0.7301834756
P1|E6|agg+ind|T2,4,consumo,568,19.03008133,43.08065084,46.90053404,75.12532247,0.1769058945,0.1874407826,0.6706349206,1.396568997,1.07916022
P1|E6|agg+ind|T2,4,importazioni,568,6.671928839,20.47843137,33.81016317,53.41784274,0.2902564062,0.3635605816,0.648199446,1.411804345,1.266367057
P1|E6|agg+ind|T2,4,investimento_ind,1568,4.836084279,13.02111597,32.14564722,59.66587382,0.5578070067,0.8254062155,0.1288265306,1.09560686,1.053921821
P1|E6|agg+ind|T2,4,investimento_tipo,32,142.1572578,178.2623588,147.8808224,187.596229,0.2172072223,0.2426998811,0.375,1.052431417,0.9276990005
P1|E6|agg+ind|T2,4,produzione,568,49.02649231,81.23391895,83.17653123,119.579676,0.1371684123,0.1381294348,0.6373239437,1.088664558,1.052344672
P1|E6|agg+ind|T2,4,scorte,88,40.45880524,49.91132725,49.22113507,57.44728263,0.1926662912,0.196287695,0.3068181818,1.318065769,1.373814413
P1|E6|agg+ind|T2,4,stock_ind,1568,11.19847776,31.05572957,154.1841175,221.283467,0.2343659358,0.3737227364,0.7353316327,0.6652930093,0.6600359538
P1|E6|agg+ind|T2,4,stock_tipo,32,285.1165073,356.937924,270.5675038,325.5191989,0.05185278508,0.05651575397,0.84375,0.571381215,0.5237701086
P1|E6|agg+ind|T2,5,aggregati,35,985.5097984,1604.094487,1888.266759,2574.882889,0.1456366897,0.1575333474,0.6285714286,0.96573201,0.7968076656
P1|E6|agg+ind|T2,5,consumo,497,22.65552797,54.45097405,56.62430917,95.54851646,0.2270925919,0.2264478211,0.6575963719,1.431422096,1.068208108
P1|E6|agg+ind|T2,5,importazioni,497,7.134362748,21.53720196,36.17036169,57.16495868,0.3389869978,0.3644331338,0.6666666667,1.268830341,1.164991438
P1|E6|agg+ind|T2,5,investimento_ind,1372,5.446034223,15.28508733,38.39445805,72.1026563,0.6045175603,0.9478747864,0.1290087464,1.084073147,1.096824284
P1|E6|agg+ind|T2,5,investimento_tipo,28,180.188751,219.1909354,190.3296709,231.8034768,0.2690801711,0.309596879,0.3928571429,1.061945659,0.9662826296
P1|E6|agg+ind|T2,5,produzione,497,61.39933234,102.3879679,104.7065233,151.3325788,0.1710350253,0.1753442084,0.6197183099,1.131468103,1.101853908
P1|E6|agg+ind|T2,5,scorte,77,35.89617575,46.0842896,44.45529083,52.49298883,0.1459867033,0.163465799,0.05194805195,0.9890269827,0.9802133445
P1|E6|agg+ind|T2,5,stock_ind,1372,14.55627824,43.27159406,227.3644314,329.2386875,0.2837804144,0.4665859674,0.7040816327,0.7579330043,0.7672518393
P1|E6|agg+ind|T2,5,stock_tipo,28,417.9344784,509.986297,402.214611,473.7433919,0.07306056982,0.08106737622,0.8214285714,0.6540510336,0.614896589
P1|E6|agg+ind|T3,1,aggregati,55,263.8317292,438.580217,438.8934429,666.3733388,0.04483031856,0.04501274016,0.7090909091,1.055782255,0.7689025855
P1|E6|agg+ind|T3,1,consumo,781,9.108941096,20.34993541,22.30858275,36.05302879,0.1060325857,0.1002967876,0.6277056277,2.143447324,1.702606312
P1|E6|agg+ind|T3,1,importazioni,781,6.334563257,20.02180718,35.63041051,53.51986663,0.1774881543,0.1711721049,0.6084337349,2.772126122,3.106318438
P1|E6|agg+ind|T3,1,investimento_ind,2156,3.041423762,15.92946489,31.66376437,92.56788505,0.3978579135,0.4448482462,0.1066790353,3.355027044,3.100122656
P1|E6|agg+ind|T3,1,investimento_tipo,44,76.98859724,124.870843,72.30974894,117.546703,0.1276602872,0.1450489593,0.4772727273,2.041070326,1.383727281
P1|E6|agg+ind|T3,1,produzione,781,22.69449941,43.6850314,36.95927724,63.00578789,0.07177278205,0.06759319177,0.5992317542,1.582590899,1.351533486
P1|E6|agg+ind|T3,1,scorte,121,37.02158571,45.33545854,46.07716955,53.41278085,0.1622743457,0.1662761289,0.3884297521,3.409316524,3.840923027
P1|E6|agg+ind|T3,1,stock_ind,2156,2.935146162,15.66660188,66.29987731,140.322491,0.07086821451,0.1006491184,0.7982374768,1.280920588,1.178410635
P1|E6|agg+ind|T3,1,stock_tipo,44,72.07194627,121.7388933,89.6203647,149.2225837,0.01001299089,0.01019224787,0.9318181818,0.771196289,0.7058822347
P1|E6|agg+ind|T3,2,aggregati,50,398.8219336,601.4952104,698.2922661,923.5676715,0.06417613636,0.06648503696,0.7,0.8688338815,0.7070902269
P1|E6|agg+ind|T3,2,consumo,710,11.95417045,26.62728059,27.30526456,44.1273231,0.1202600707,0.1208076652,0.646031746,1.623234763,1.171603
P1|E6|agg+ind|T3,2,importazioni,710,5.888675573,18.1075547,30.85126832,46.56912172,0.2042929986,0.2091936608,0.6526548673,1.928109837,1.888426487
P1|E6|agg+ind|T3,2,investimento_ind,1960,4.03419599,18.75866793,40.23623705,107.701185,0.4973489443,0.6551075426,0.1295918367,2.546173457,2.313122376
P1|E6|agg+ind|T3,2,investimento_tipo,40,111.0680427,159.4569238,107.6018768,153.889118,0.1754675244,0.2038144045,0.575,1.635674175,1.198361937
P1|E6|agg+ind|T3,2,produzione,710,31.1213629,55.25075298,51.52267293,81.20884581,0.093737164,0.09027178043,0.6436619718,1.290203087,1.155042518
P1|E6|agg+ind|T3,2,scorte,110,37.22246101,47.16362253,46.73715372,55.65071637,0.1592907223,0.1646717051,0.3,2.21015388,2.354983276
P1|E6|agg+ind|T3,2,stock_ind,1960,6.332373225,33.90519314,149.0005312,305.043581,0.1349523651,0.2176680703,0.7780612245,1.414904308,1.319716614
P1|E6|agg+ind|T3,2,stock_tipo,40,168.7106709,269.4884713,206.8199078,327.3841703,0.023692904,0.02461614741,0.95,0.8597166277,0.8221435004
P1|E6|agg+ind|T3,3,aggregati,45,530.3782058,856.0539374,943.540817,1350.026451,0.08296373515,0.08758671065,0.6888888889,0.8501690364,0.6756238294
P1|E6|agg+ind|T3,3,consumo,639,15.71171251,37.44416929,38.80919884,65.89467085,0.1465982434,0.1519655372,0.6684303351,1.591796715,1.16652692
P1|E6|agg+ind|T3,3,importazioni,639,5.787637134,17.59652598,29.04023344,45.21033453,0.2231737666,0.2997102027,0.6756756757,1.483609447,1.372588355
P1|E6|agg+ind|T3,3,investimento_ind,1764,4.842865326,19.94085061,45.21215078,112.5424364,0.5854812975,0.7812064624,0.141723356,2.04607436,1.860262327
P1|E6|agg+ind|T3,3,investimento_tipo,36,146.2959328,192.3743845,147.6322036,192.6196691,0.2222615337,0.2595275014,0.5555555556,1.437944312,1.190092727
P1|E6|agg+ind|T3,3,produzione,639,38.85045005,68.91258892,65.53339229,101.7150601,0.1122928915,0.1106079308,0.6588419405,1.175013755,1.061253522
P1|E6|agg+ind|T3,3,scorte,99,35.67602552,45.73762051,44.98876771,54.03762623,0.1542828095,0.1606391606,0.303030303,1.54404361,1.624170378
P1|E6|agg+ind|T3,3,stock_ind,1764,10.14113132,53.3565881,244.0376012,480.6167654,0.1947409456,0.3117535131,0.7517006803,1.507606268,1.424499622
P1|E6|agg+ind|T3,3,stock_tipo,36,289.2255926,438.5850905,345.0625281,523.1862385,0.04165599687,0.04412211597,0.9166666667,0.9366098654,0.9057895592
P1|E6|agg+ind|T3,4,aggregati,40,702.5471239,1144.525053,1308.31473,1828.969672,0.1019268769,0.1096846844,0.75,0.8628344776,0.69882838
P1|E6|agg+ind|T3,4,consumo,568,19.6395497,45.81754882,50.95982783,81.37357891,0.1766624094,0.184269314,0.6626984127,1.485292514,1.172562746
P1|E6|agg+ind|T3,4,importazioni,568,6.69687982,20.42523983,34.43132289,53.95095095,0.2774876331,0.3592490727,0.6454293629,1.408137266,1.28963273
P1|E6|agg+ind|T3,4,investimento_ind,1568,5.493035191,20.30020069,47.98251129,111.9718997,0.6546270986,0.8819345831,0.1536989796,1.708074728,1.573146602
P1|E6|agg+ind|T3,4,investimento_tipo,32,174.6144121,223.3381449,180.562429,229.6289963,0.2571195632,0.305307621,0.5,1.318551385,1.132720134
P1|E6|agg+ind|T3,4,produzione,568,50.49298245,83.78812838,85.39629174,123.5958897,0.1412279988,0.1417736968,0.6408450704,1.122895053,1.080428953
P1|E6|agg+ind|T3,4,scorte,88,42.04429129,51.95598449,51.1395881,59.58227514,0.1996378021,0.2043907383,0.3068181818,1.372061382,1.427360484
P1|E6|agg+ind|T3,4,stock_ind,1568,14.23341135,73.45533104,354.2125313,662.329926,0.252144242,0.3806789337,0.7238520408,1.573600714,1.516323534
P1|E6|agg+ind|T3,4,stock_tipo,32,436.388651,625.7629264,510.1547349,732.1933328,0.06355548268,0.06846737482,0.90625,1.001712503,0.9875679716
P1|E6|agg+ind|T3,5,aggregati,35,952.8732137,1574.777097,1862.309116,2534.939416,0.1289895866,0.1404582767,0.6857142857,0.9480817147,0.7858541024
P1|E6|agg+ind|T3,5,consumo,497,24.22144659,57.1901774,65.00241469,102.904226,0.2492210225,0.2348934502,0.6394557823,1.503431023,1.226259665
P1|E6|agg+ind|T3,5,importazioni,497,7.347661625,21.79551979,37.43624966,57.55596035,0.3408978991,0.3723709175,0.6380952381,1.284048729,1.205763733
P1|E6|agg+ind|T3,5,investimento_ind,1372,6.007116127,19.93105567,47.38415074,106.1179393,0.7254823467,1.019185795,0.1530612245,1.413581864,1.35363513
P1|E6|agg+ind|T3,5,investimento_tipo,28,206.8956109,257.4849375,219.63307,270.3846733,0.2978908973,0.3556923972,0.5,1.247474085,1.115052736
P1|E6|agg+ind|T3,5,produzione,497,62.41465036,102.3018418,106.2199355,151.2073119,0.1759397302,0.1780994199,0.615694165,1.130516341,1.117779936
P1|E6|agg+ind|T3,5,scorte,77,35.72838666,45.93547711,44.21480881,52.2939753,0.1454068725,0.1628682103,0.07792207792,0.9858332789,0.9749108556
P1|E6|agg+ind|T3,5,stock_ind,1372,18.55168725,93.31921204,466.6312037,840.8651249,0.3092205349,0.4809507015,0.6836734694,1.634552928,1.574668681
P1|E6|agg+ind|T3,5,stock_tipo,28,613.1600893,832.5280137,700.5527009,952.0724989,0.0899212192,0.09848239423,0.8928571429,1.067706743,1.070989105
P1|E6|agg|T1,1,aggregati,55,351.6733148,526.0847997,499.5952691,742.8504529,0.06449978669,0.06424894927,0.5636363636,1.266429663,0.8752468288
P1|E6|agg|T1,1,consumo,781,12.65848549,25.63903349,30.58492239,45.18764776,0.1259331704,0.1266013744,0.6406926407,2.700545069,2.334262222
P1|E6|agg|T1,1,importazioni,781,7.467109903,24.23144364,39.9729425,62.97215511,0.2024985266,0.1944785177,0.5883534137,3.35497277,3.484907598
P1|E6|agg|T1,1,investimento_ind,2156,15.6289242,46.85742714,64.76759888,136.7844585,1.784751844,2.759096467,0.4304267161,9.869002904,6.3412391
P1|E6|agg|T1,1,investimento_tipo,44,104.8949961,157.1457417,106.5643895,157.0669276,0.1773601079,0.1843728193,0.3181818182,2.568618122,2.039227836
P1|E6|agg|T1,1,produzione,781,27.68137886,48.92805891,43.54772059,68.58210011,0.08755185447,0.08148946053,0.5979513444,1.772531648,1.592460865
P1|E6|agg|T1,1,scorte,121,32.70621092,42.48487361,41.78968008,51.4997547,0.1471511844,0.1451026771,0.3553719008,3.194946876,3.483524402
P1|E6|agg|T1,1,stock_ind,2156,15.51636097,46.71398657,83.95275001,157.8188755,0.2655775632,0.8022197243,0.3831168831,3.819392844,1.492171893
P1|E6|agg|T1,1,stock_tipo,44,98.06913556,153.0572428,106.9339363,169.3646945,0.01532377916,0.01553380977,0.9318181818,0.9695929901,0.8422501537
P1|E6|agg|T1,2,aggregati,50,527.8609774,756.4857377,856.239858,1142.348352,0.08892715841,0.0909619394,0.6,1.092711012,0.8670278405
P1|E6|agg|T1,2,consumo,710,14.84679023,28.84655744,32.55622488,46.80565538,0.1372805689,0.1454758667,0.6619047619,1.758524858,1.396909033
P1|E6|agg|T1,2,importazioni,710,8.411117286,25.58361794,44.6633818,66.73128205,0.2801175337,0.2952349121,0.5840707965,2.72416824,2.733875065
P1|E6|agg|T1,2,investimento_ind,1960,15.38165309,48.56862185,76.3716438,152.8600081,1.775811605,8.169609193,0.406122449,6.592372992,4.39049402
P1|E6|agg|T1,2,investimento_tipo,40,148.4007806,202.6036872,151.3447456,208.2209093,0.2479174494,0.2589118894,0.4,2.078264218,1.6855262
P1|E6|agg|T1,2,produzione,710,42.54255642,74.32363595,68.11942548,103.8852413,0.1210718348,0.1297157232,0.6211267606,1.735588736,1.527110847
P1|E6|agg|T1,2,scorte,110,34.86093025,46.28301919,45.55146018,56.6207136,0.1494797281,0.1512659906,0.2818181818,2.168887565,2.295238764
P1|E6|agg|T1,2,stock_ind,1960,24.53862986,71.11569772,179.220289,321.1415158,0.4124580865,5.665771084,0.4173469388,2.96774322,1.587376844
P1|E6|agg|T1,2,stock_tipo,40,221.10209,333.3394863,245.3657625,365.8845406,0.03346177672,0.0343751951,0.925,1.063412834,0.9753696779
P1|E6|agg|T1,3,aggregati,45,634.1965636,958.6754637,1067.041557,1481.792396,0.1057893308,0.1109086516,0.6222222222,0.9520850961,0.7640567214
P1|E6|agg|T1,3,consumo,639,17.59817419,35.68610124,41.86899446,60.71306488,0.1650009398,0.1761470964,0.6737213404,1.517059126,1.258498258
P1|E6|agg|T1,3,importazioni,639,8.645559256,27.83138172,46.39909113,73.97250079,0.2845080424,0.3863660997,0.6216216216,2.346537088,2.193055793
P1|E6|agg|T1,3,investimento_ind,1764,15.5722943,52.37708265,81.5881393,157.5525103,1.757102938,11.85276091,0.3673469388,5.374264516,3.356959119
P1|E6|agg|T1,3,investimento_tipo,36,192.8903485,246.6692324,202.1239644,259.0487623,0.3151107268,0.3307947139,0.4166666667,1.843782998,1.629361711
P1|E6|agg|T1,3,produzione,639,49.61580275,87.28930163,81.46666935,124.321739,0.1361760438,0.1495539757,0.6384976526,1.488351138,1.319278413
P1|E6|agg|T1,3,scorte,99,39.15234887,49.59789849,49.6983317,58.94653024,0.1682834872,0.1755666701,0.2424242424,1.674361661,1.794193579
P1|E6|agg|T1,3,stock_ind,1764,32.25697477,96.83455996,289.8338136,498.3650137,0.4987097327,8.020018862,0.4263038549,2.736089295,1.691821899
P1|E6|agg|T1,3,stock_tipo,36,374.5299523,541.5037718,416.4243181,588.2339121,0.05578260485,0.05795932834,0.8888888889,1.156395386,1.093114345
P1|E6|agg|T1,4,aggregati,40,784.7002305,1265.518279,1390.011071,2006.349436,0.127087942,0.1349765857,0.65,0.9540488437,0.7424659852
P1|E6|agg|T1,4,consumo,568,20.93687708,45.50403374,54.66713218,82.42870226,0.18549032,0.2002308351,0.6765873016,1.475129124,1.257866154
P1|E6|agg|T1,4,importazioni,568,8.802179833,28.99142916,48.61989115,79.88895545,0.3021284042,0.4178467067,0.6121883657,1.998699262,1.821068658
P1|E6|agg|T1,4,investimento_ind,1568,15.57898298,51.49048252,83.42217113,159.844492,1.735060706,10.48278434,0.3616071429,4.332449382,2.73506537
P1|E6|agg|T1,4,investimento_tipo,32,233.2934728,291.0840178,250.3990752,309.7300713,0.3741076425,0.3948824712,0.375,1.718511789,1.570825534
P1|E6|agg|T1,4,produzione,568,58.13114494,100.3702974,98.0618995,145.7900213,0.1566815757,0.1691385248,0.6320422535,1.345122664,1.240673492
P1|E6|agg|T1,4,scorte,88,42.70499329,53.91535317,52.76026367,62.64921303,0.1939803732,0.2031829322,0.3295454545,1.423804682,1.472595269
P1|E6|agg|T1,4,stock_ind,1568,37.96148963,113.4496703,406.7191737,680.7017504,0.550168714,7.276864273,0.4349489796,2.430381564,1.74109553
P1|E6|agg|T1,4,stock_tipo,32,570.340355,780.5348966,619.5492677,835.0109292,0.08641545299,0.09068112166,0.8125,1.249469298,1.199336146
P1|E6|agg|T1,5,aggregati,35,939.6362171,1542.832072,1706.373192,2441.815351,0.1512477684,0.1623523091,0.6285714286,0.9288494729,0.720052521
P1|E6|agg|T1,5,consumo,497,23.95203668,55.622346,65.19509783,101.4835105,0.2240656544,0.2286496817,0.6734693878,1.462215442,1.229894601
P1|E6|agg|T1,5,importazioni,497,11.45698635,35.76698226,63.25128738,97.67489961,0.3747300732,0.4446587294,0.5555555556,2.107155441,2.037226193
P1|E6|agg|T1,5,investimento_ind,1372,20.29024682,69.46738815,94.69828422,169.5717693,1.980781911,10.7171522,0.2055393586,4.926876009,2.70527006
P1|E6|agg|T1,5,investimento_tipo,28,290.5529693,353.8359128,316.7826041,380.5010839,0.4625649887,0.4875963284,0.3214285714,1.714279429,1.608270146
P1|E6|agg|T1,5,produzione,497,74.32605603,122.7988604,123.4648303,176.9830123,0.1991100314,0.2201811031,0.6036217304,1.357024624,1.299252438
P1|E6|agg|T1,5,scorte,77,35.25508723,45.5157741,43.92404794,51.9676681,0.1423594368,0.1596733684,0.1038961039,0.9768259231,0.9684997472
P1|E6|agg|T1,5,stock_ind,1372,47.19032317,146.8763572,530.4952402,868.8789815,0.6130032848,8.320549365,0.387755102,2.572644735,1.79018084
P1|E6|agg|T1,5,stock_tipo,28,826.0699511,1070.806917,864.0315157,1116.915277,0.131206216,0.1386966288,0.5714285714,1.37329645,1.320911815
P1|E6|agg|T2,1,aggregati,55,310.7472517,474.456462,502.3944746,705.2930046,0.04945155091,0.04950184452,0.6727272727,1.142146166,0.8801507899
P1|E6|agg|T2,1,consumo,781,11.69574702,23.94934746,27.32399554,41.15058732,0.120989626,0.1191604869,0.6421356421,2.522571384,2.085386052
P1|E6|agg|T2,1,importazioni,781,7.672852117,23.46856187,40.80499947,61.36447058,0.2091127935,0.204435725,0.5863453815,3.249347714,3.557447709
P1|E6|agg|T2,1,investimento_ind,2156,15.72827343,46.94800753,43.18161938,103.8087882,1.790527541,2.960484606,0.4313543599,9.888080736,4.227808008
P1|E6|agg|T2,1,investimento_tipo,44,45.13524002,60.8415515,49.8184155,66.07642991,0.06851439986,0.06818760874,0.6590909091,0.9944826377,0.953330659
P1|E6|agg|T2,1,produzione,781,25.95030052,45.79176242,40.41783549,62.08969263,0.0819188395,0.07698553763,0.6248399488,1.658912083,1.478006665
P1|E6|agg|T2,1,scorte,121,34.45934157,43.68997652,43.34140942,51.90616141,0.1537464728,0.1538553384,0.347107438,3.285573008,3.612874208
P1|E6|agg|T2,1,stock_ind,2156,15.66716739,46.89166081,33.66321504,72.29392758,0.2701314997,0.7840763257,0.3854359926,3.833919707,0.5983282659
P1|E6|agg|T2,1,stock_tipo,44,41.13818372,56.17347245,32.93681323,46.65865422,0.008658813929,0.008863425703,0.9318181818,0.3558499039,0.2594221905
P1|E6|agg|T2,2,aggregati,50,425.6237133,640.2884751,713.1649436,964.2785063,0.06830712972,0.07082798566,0.7,0.9248690788,0.722150289
P1|E6|agg|T2,2,consumo,710,13.94459739,28.20641837,31.11968529,44.90238775,0.130539192,0.1359052872,0.6587301587,1.719501121,1.335270587
P1|E6|agg|T2,2,importazioni,710,8.73408696,27.21560984,47.26816202,72.43866425,0.2832587638,0.3105504746,0.6039823009,2.897944307,2.89331538
P1|E6|agg|T2,2,investimento_ind,1960,14.72739452,48.35129902,50.95342149,118.9977715,1.756427213,8.14426802,0.3974489796,6.562875076,2.929237623
P1|E6|agg|T2,2,investimento_tipo,40,65.72051892,89.18884842,71.91398556,96.23584758,0.09785579614,0.1017919604,0.725,0.914879659,0.8009059468
P1|E6|agg|T2,2,produzione,710,41.6464004,74.02690539,64.86274939,98.5674542,0.1211025874,0.1337185249,0.6352112676,1.728659551,1.454102226
P1|E6|agg|T2,2,scorte,110,34.68298241,45.51364675,44.44213652,54.57566665,0.1499211885,0.1532605128,0.2909090909,2.132833687,2.239342363
P1|E6|agg|T2,2,stock_ind,1960,23.71622459,66.17762601,69.21893385,121.8558744,0.4135359858,5.705179592,0.4178571429,2.761671574,0.6130808812
P1|E6|agg|T2,2,stock_tipo,40,88.23166734,121.246782,75.2063639,103.3979301,0.01696419876,0.01783912267,0.95,0.3867990124,0.2989577934
P1|E6|agg|T2,3,aggregati,45,525.3061074,897.4026499,953.9280577,1435.483799,0.08133948176,0.08592524784,0.7555555556,0.8912334992,0.6830616288
P1|E6|agg|T2,3,consumo,639,15.92974772,32.21521117,37.10052892,53.50833031,0.152390825,0.161774227,0.6684303351,1.36950741,1.115167719
P1|E6|agg|T2,3,importazioni,639,8.803026505,28.50773834,47.18657642,76.47291953,0.3008995265,0.4140598998,0.6314496314,2.403562496,2.230276332
P1|E6|agg|T2,3,investimento_ind,1764,15.18175368,50.53324174,55.56226775,118.6280772,1.724965282,11.53325733,0.373015873,5.185073208,2.286119809
P1|E6|agg|T2,3,investimento_tipo,36,93.04185135,122.370876,101.7098207,132.222298,0.1372197892,0.1479068989,0.8055555556,0.9146878126,0.819903211
P1|E6|agg|T2,3,produzione,639,51.21673099,89.33111516,81.62330569,122.3913403,0.1417840371,0.1640225512,0.6447574335,1.523165662,1.321814995
P1|E6|agg|T2,3,scorte,99,34.59711796,44.48957524,43.16604458,52.18261392,0.1506115245,0.15802376,0.3535353535,1.501911197,1.558366999
P1|E6|agg|T2,3,stock_ind,1764,30.93293356,85.68932051,110.6501004,179.1730921,0.5163667367,7.425215678,0.4178004535,2.421177239,0.6458882787
P1|E6|agg|T2,3,stock_tipo,36,137.5989997,196.583598,125.8282074,170.3548826,0.02356739266,0.02534939385,0.9444444444,0.4198093854,0.3302991985
P1|E6|agg|T2,4,aggregati,40,698.3985278,1196.818402,1335.184804,1929.6491,0.1026268749,0.1090573872,0.75,0.9022573844,0.7131808672
P1|E6|agg|T2,4,consumo,568,18.96859465,42.44381782,45.58021418,73.82134865,0.1803850056,0.1936359857,0.6746031746,1.375924433,1.048780253
P1|E6|agg|T2,4,importazioni,568,9.045351639,28.40737852,48.46711545,78.00348378,0.3358901691,0.4674476466,0.6066481994,1.958434204,1.815346411
P1|E6|agg|T2,4,investimento_ind,1568,15.91916957,54.22847872,67.73114361,139.6129651,1.730486498,8.048987827,0.3469387755,4.562826519,2.220621962
P1|E6|agg|T2,4,investimento_tipo,32,119.7913357,161.4721479,129.7113039,173.2974679,0.1757839775,0.197046327,0.78125,0.9533047946,0.8137163767
P1|E6|agg|T2,4,produzione,568,61.66332,106.791444,99.3926392,147.8646916,0.1662279658,0.1946756442,0.639084507,1.431176308,1.257509934
P1|E6|agg|T2,4,scorte,88,40.74997666,50.79554232,49.66283185,58.26196127,0.1893172216,0.1961738157,0.3409090909,1.341416252,1.386142641
P1|E6|agg|T2,4,stock_ind,1568,37.03924907,101.9503747,158.3861047,249.3637695,0.5779793698,5.257290115,0.4260204082,2.184037294,0.6780239455
P1|E6|agg|T2,4,stock_tipo,32,204.7140399,295.6991827,188.1590181,256.9919825,0.03394912121,0.03713263125,0.9375,0.4733510981,0.3642420763
P1|E6|agg|T2,5,aggregati,35,852.8357336,1507.531548,1613.809032,2424.450541,0.1309732098,0.1400815749,0.6857142857,0.9075970801,0.6809924506
P1|E6|agg|T2,5,consumo,497,22.46021603,53.56072043,56.82563435,95.22154781,0.2150315411,0.222688488,0.6598639456,1.408018866,1.072006074
P1|E6|agg|T2,5,importazioni,497,11.68512258,41.35010742,65.77501383,115.3362845,0.3979701163,0.503874663,0.5777777778,2.436076469,2.118511521
P1|E6|agg|T2,5,investimento_ind,1372,22.19928319,86.25339271,95.03007259,183.783484,1.980460189,6.224297115,0.2091836735,6.117399583,2.714748343
P1|E6|agg|T2,5,investimento_tipo,28,156.3227769,208.1440814,165.3143014,221.6654358,0.2380903708,0.2685055546,0.75,1.008425386,0.8392823731
P1|E6|agg|T2,5,produzione,497,81.04568242,136.2813777,128.8494767,187.5547994,0.2119420123,0.2552812633,0.5895372233,1.506017114,1.355916469
P1|E6|agg|T2,5,scorte,77,35.131136,45.37982241,43.69048856,51.6576053,0.1418746886,0.159088297,0.1038961039,0.9739082283,0.9633498985
P1|E6|agg|T2,5,stock_ind,1372,47.65255704,147.5022484,224.7522593,360.5455641,0.6477916919,4.617257233,0.3811953353,2.58360767,0.7584369431
P1|E6|agg|T2,5,stock_tipo,28,290.2768146,433.8041872,273.1573731,386.2105805,0.04701587867,0.05186884376,0.8928571429,0.5563484327,0.4175968062
P1|E6|agg|T3,1,aggregati,55,292.3789957,477.2038187,471.4442587,704.8764108,0.04703132205,0.04719544148,0.7090909091,1.148759804,0.8259287426
P1|E6|agg|T3,1,consumo,781,11.34973536,24.09889089,26.62360213,40.80200734,0.1173746299,0.1145302451,0.6392496392,2.53832271,2.031931546
P1|E6|agg|T3,1,importazioni,781,7.485801715,23.42329536,39.8750058,61.06062648,0.2066506728,0.1996899262,0.5903614458,3.243080325,3.476369314
P1|E6|agg|T3,1,investimento_ind,2156,15.90957435,48.60873626,63.28794025,138.5989863,1.788785401,2.755863051,0.4294990724,10.23785958,6.196369299
P1|E6|agg|T3,1,investimento_tipo,44,80.70864863,132.762279,79.54049067,127.613009,0.1293165472,0.1481333763,0.5454545455,2.170059411,1.522095547
P1|E6|agg|T3,1,produzione,781,26.59893987,48.99793769,42.55925,69.37667373,0.08367171606,0.07780145639,0.6133162612,1.775063168,1.556314295
P1|E6|agg|T3,1,scorte,121,33.71316011,43.67469274,43.57413087,52.71087855,0.1453773707,0.1455000058,0.3966942149,3.284423637,3.632273516
P1|E6|agg|T3,1,stock_ind,2156,15.85409521,48.49680499,84.72181777,158.595112,0.2678347172,0.7331647023,0.3840445269,3.965158265,1.505841265
P1|E6|agg|T3,1,stock_tipo,44,76.7722936,129.4415677,90.28794742,154.344324,0.0115842633,0.01178348709,0.9545454545,0.8199914908,0.7111403563
P1|E6|agg|T3,2,aggregati,50,432.4887005,651.8918107,744.1490257,991.1398617,0.06722630524,0.06947182484,0.68,0.9416295965,0.7535247474
P1|E6|agg|T3,2,consumo,710,13.82782239,28.58392126,30.91971494,45.97432878,0.1270973472,0.131514615,0.6619047619,1.742514204,1.326690342
P1|E6|agg|T3,2,importazioni,710,8.372668146,26.25892872,45.0531088,69.30514893,0.2740623363,0.2962660978,0.610619469,2.796075981,2.757730512
P1|E6|agg|T3,2,investimento_ind,1960,15.25133416,50.29334284,72.42183689,154.0609239,1.763663293,8.31136344,0.3979591837,6.826474839,4.163425402
P1|E6|agg|T3,2,investimento_tipo,40,112.7730347,166.6957874,114.0395332,166.2265618,0.1749294992,0.2016064404,0.6,1.709928851,1.270058106
P1|E6|agg|T3,2,produzione,710,40.8901006,71.84821241,63.75002865,96.42890917,0.1206331128,0.1305837548,0.638028169,1.677783205,1.429157096
P1|E6|agg|T3,2,scorte,110,33.68690578,43.49540851,42.77707883,52.34808538,0.148544461,0.1517516299,0.2818181818,2.038256196,2.155443736
P1|E6|agg|T3,2,stock_ind,1960,24.47272599,72.60120517,178.6922924,322.6015827,0.4110403386,5.74277454,0.4158163265,3.029735224,1.582700311
P1|E6|agg|T3,2,stock_tipo,40,171.8016733,280.3299177,202.9390626,331.1891948,0.02499100114,0.02592993097,0.95,0.8943027891,0.8067164959
P1|E6|agg|T3,3,aggregati,45,530.7283834,867.1313576,978.6319089,1373.335272,0.0783935075,0.08330511028,0.7111111111,0.8611703055,0.7007508588
P1|E6|agg|T3,3,consumo,639,16.04782025,37.17990254,39.16987229,64.63809923,0.1504376496,0.1572486935,0.6754850088,1.580562418,1.177368043
P1|E6|agg|T3,3,importazioni,639,8.735937534,28.16483931,47.43322513,75.40557763,0.2913451874,0.400626812,0.6363636364,2.374651776,2.241934198
P1|E6|agg|T3,3,investimento_ind,1764,15.5748342,52.54980862,76.38402161,155.1644917,1.73896612,11.57051213,0.3645124717,5.39198744,3.142834732
P1|E6|agg|T3,3,investimento_tipo,36,144.4207597,196.7230712,148.7472144,200.329212,0.2184353894,0.2540144801,0.6388888889,1.470449519,1.199081052
P1|E6|agg|T3,3,produzione,639,49.65669891,86.97176789,79.15220203,118.9693062,0.1382154485,0.1571283612,0.6463223787,1.482936938,1.281797725
P1|E6|agg|T3,3,scorte,99,36.01763815,45.92035036,44.86196285,53.77480866,0.1552323659,0.1639741256,0.3232323232,1.550212337,1.619592508
P1|E6|agg|T3,3,stock_ind,1764,32.20210414,97.27099946,281.6664147,497.3607491,0.5135207314,7.449112491,0.4178004535,2.748421023,1.644147046
P1|E6|agg|T3,3,stock_tipo,36,279.1287016,446.6060964,333.1846158,523.263666,0.03864621434,0.0407769525,0.9166666667,0.9537389323,0.8746100248
P1|E6|agg|T3,4,aggregati,40,684.0513284,1171.436878,1326.18601,1889.366356,0.0942011065,0.1017102777,0.775,0.8831227629,0.7083742161
P1|E6|agg|T3,4,consumo,568,19.88351695,44.56021978,50.88367046,79.2518086,0.1825207229,0.1941634762,0.6765873016,1.444532991,1.1708104
P1|E6|agg|T3,4,importazioni,568,8.960906132,28.78288985,49.29633838,79.73803818,0.3183473907,0.4505589786,0.6011080332,1.984322345,1.846405137
P1|E6|agg|T3,4,investimento_ind,1568,16.30628286,55.03218392,84.36235427,167.1069348,1.749065818,7.978139911,0.3405612245,4.630450902,2.765890058
P1|E6|agg|T3,4,investimento_tipo,32,170.1898421,227.6843669,178.1147566,235.9565382,0.249858022,0.2967405181,0.65625,1.34421076,1.11736518
P1|E6|agg|T3,4,produzione,568,60.87433024,103.4180364,97.8770982,143.2994446,0.1669713938,0.1907476752,0.6355633803,1.385967245,1.238335396
P1|E6|agg|T3,4,scorte,88,42.30491828,51.97423751,51.24231846,59.34772112,0.199484644,0.204355885,0.3181818182,1.37254341,1.430227799
P1|E6|agg|T3,4,stock_ind,1568,38.93530924,117.8678163,386.3896341,678.3275644,0.5751800778,5.236212888,0.419005102,2.525029529,1.654068232
P1|E6|agg|T3,4,stock_tipo,32,405.2761381,631.6459166,474.8241608,728.3547928,0.05625530239,0.06013228946,0.90625,1.011129911,0.9191743237
P1|E6|agg|T3,5,aggregati,35,843.3441167,1476.40004,1625.32551,2366.422409,0.1193186369,0.1300647743,0.7428571429,0.888854609,0.6858521549
P1|E6|agg|T3,5,consumo,497,23.93534575,57.13673924,65.64087681,103.9965991,0.2324282824,0.228361023,0.6689342404,1.502026226,1.238304146
P1|E6|agg|T3,5,importazioni,497,12.01651916,40.89145496,68.27307213,113.4378987,0.400281512,0.4907316342,0.5523809524,2.409055682,2.198970118
P1|E6|agg|T3,5,investimento_ind,1372,21.86513996,85.47469226,101.9996197,198.2216037,1.981725483,6.215617009,0.2084548105,6.062171358,2.913849174
P1|E6|agg|T3,5,investimento_tipo,28,202.6690619,268.5872516,214.3999298,282.889797,0.2962125658,0.3526504642,0.6428571429,1.301263053,1.088484664
P1|E6|agg|T3,5,produzione,497,78.19481044,128.847743,124.0515005,176.8616618,0.2100135645,0.2443161578,0.5875251509,1.423869565,1.305426121
P1|E6|agg|T3,5,scorte,77,35.10269966,45.46879161,43.72385164,51.82443321,0.1413099371,0.15851097,0.1168831169,0.9758176195,0.9640855351
P1|E6|agg|T3,5,stock_ind,1372,49.78547483,164.0716674,517.0691739,874.9611672,0.6434281502,4.598084058,0.3760932945,2.873832926,1.744873955
P1|E6|agg|T3,5,stock_tipo,28,564.7818847,846.5665095,655.4832209,956.5950196,0.07887422301,0.08496441159,0.8214285714,1.085710937,1.002087904
P1|E6|ind|T1,1,aggregati,55,274.106634,455.3408027,446.3903333,698.5646317,0.05196474498,0.05096653524,0.7090909091,1.096129558,0.782036476
P1|E6|ind|T1,1,consumo,781,9.206408365,18.98751573,21.74319512,33.20366547,0.10487218,0.1014214612,0.6291486291,1.999944421,1.659455541
P1|E6|ind|T1,1,importazioni,781,6.820142961,21.08930487,37.04080345,54.91039113,0.2004258036,0.1850134151,0.6184738956,2.919926877,3.22927884
P1|E6|ind|T1,1,investimento_ind,2156,3.940158028,19.08181467,38.9244222,108.4015715,0.5630888085,0.5812469365,0.1683673469,4.018967662,3.810996119
P1|E6|ind|T1,1,investimento_tipo,44,134.9771039,194.1454711,135.6247058,193.8776508,0.2592243162,0.2418530823,0.4090909091,3.17339541,2.595329234
P1|E6|ind|T1,1,produzione,781,23.5795918,44.25890452,37.89500037,61.91856257,0.07424616507,0.06991085936,0.6005121639,1.603380774,1.385751177
P1|E6|ind|T1,1,scorte,121,34.54304383,43.60143144,42.3827522,50.78620404,0.1548253826,0.1582701851,0.3553719008,3.278914241,3.532961995
P1|E6|ind|T1,1,stock_ind,2156,3.844410683,18.8409006,80.28421292,165.0615335,0.08247824814,0.127187574,0.7527829314,1.540455144,1.426967502
P1|E6|ind|T1,1,stock_tipo,44,129.8903441,191.4342897,140.0534865,208.3950477,0.02172757929,0.02181313573,0.7727272727,1.212705404,1.103111646
P1|E6|ind|T1,2,aggregati,50,438.1812092,719.6836993,771.9205499,1141.760802,0.07449444158,0.07507281942,0.68,1.039552055,0.7816461721
P1|E6|ind|T1,2,consumo,710,12.10018776,24.15596591,27.44290692,39.65409272,0.1188617667,0.1230775383,0.646031746,1.472580103,1.177508901
P1|E6|ind|T1,2,importazioni,710,5.862046845,17.72065709,29.0586263,43.47460006,0.2152843974,0.2165279008,0.6438053097,1.886912608,1.778697686
P1|E6|ind|T1,2,investimento_ind,1960,4.75908927,19.91923053,43.75712023,111.3031701,0.6463978919,0.8181721765,0.1698979592,2.703700298,2.515532797
P1|E6|ind|T1,2,investimento_tipo,40,164.5369009,222.1521978,168.9233024,227.0108946,0.3026687035,0.2877235443,0.45,2.278788555,1.881298559
P1|E6|ind|T1,2,produzione,710,32.00714809,54.85139789,52.84973553,79.57909341,0.09724426862,0.09429724172,0.6408450704,1.280877437,1.184792794
P1|E6|ind|T1,2,scorte,110,35.06735507,44.75936623,44.44831988,53.32776978,0.1516716329,0.156220843,0.3,2.097487038,2.239653929
P1|E6|ind|T1,2,stock_ind,1960,8.001241844,38.23100744,170.0637498,335.1875992,0.1568024265,0.2993767875,0.7346938776,1.595425718,1.506276214
P1|E6|ind|T1,2,stock_tipo,40,279.0275049,395.5347018,300.1922618,427.9400966,0.04606539452,0.04668912432,0.775,1.261826743,1.193314123
P1|E6|ind|T1,3,aggregati,45,564.0711515,938.9110703,998.6644976,1492.149693,0.09563409685,0.0991012436,0.6888888889,0.932456572,0.7150952243
P1|E6|ind|T1,3,consumo,639,15.26881813,31.60429512,36.87292376,53.28121979,0.1462528454,0.1537332041,0.6701940035,1.343536634,1.108326362
P1|E6|ind|T1,3,importazioni,639,5.855611727,17.35895796,28.85834283,43.8928677,0.2544519623,0.3158431286,0.656019656,1.463579461,1.363991285
P1|E6|ind|T1,3,investimento_ind,1764,5.480996165,20.33331571,46.35810541,110.6611651,0.7291918065,0.9334731399,0.1729024943,2.086344096,1.907412843
P1|E6|ind|T1,3,investimento_tipo,36,192.9723062,252.9448296,199.8274097,261.4984957,0.3448904835,0.3346943697,0.4444444444,1.890691319,1.610848725
P1|E6|ind|T1,3,produzione,639,39.02011302,66.04434342,64.99856504,96.63635854,0.1152723556,0.113931947,0.6572769953,1.126107917,1.052592482
P1|E6|ind|T1,3,scorte,99,38.04767024,48.93462436,48.11666929,57.89439056,0.1617183907,0.1693177832,0.2727272727,1.651970374,1.737092899
P1|E6|ind|T1,3,stock_ind,1764,12.46963573,57.86837998,264.7043872,506.3483149,0.2248675992,0.4255496638,0.7063492063,1.635088289,1.545136068
P1|E6|ind|T1,3,stock_tipo,36,445.2053858,614.144851,476.2532356,659.638787,0.07337988081,0.07510268346,0.7777777778,1.311522299,1.250165327
P1|E6|ind|T1,4,aggregati,40,751.5780026,1248.772699,1395.539662,2014.251395,0.1190271666,0.125574384,0.7,0.9414246865,0.7454190487
P1|E6|ind|T1,4,consumo,568,19.0448853,42.73443123,49.48949508,76.93896085,0.1728040035,0.1847295113,0.6686507937,1.385345407,1.13873105
P1|E6|ind|T1,4,importazioni,568,6.400997175,19.25674874,30.79830837,49.44517976,0.3064740586,0.3744031003,0.6398891967,1.327580275,1.153557377
P1|E6|ind|T1,4,investimento_ind,1568,6.112095576,20.15625325,47.73511759,105.818383,0.8021424801,1.050659529,0.1830357143,1.695962878,1.565035593
P1|E6|ind|T1,4,investimento_tipo,32,224.6493541,282.4785143,236.1655682,295.1263218,0.3920295959,0.3856906616,0.40625,1.667706323,1.481534644
P1|E6|ind|T1,4,produzione,568,50.34107488,82.91967777,85.19632688,122.2981543,0.1410403416,0.1429227293,0.6302816901,1.111256425,1.077899009
P1|E6|ind|T1,4,scorte,88,38.28471619,49.17873557,48.1073286,57.92444343,0.1669162248,0.1767637683,0.3295454545,1.298719379,1.342726886
P1|E6|ind|T1,4,stock_ind,1568,17.14940905,77.48622742,370.3408645,676.8470683,0.2898286177,0.5180820265,0.6741071429,1.659952805,1.585366182
P1|E6|ind|T1,4,stock_tipo,32,631.0562068,846.3297009,676.7342952,902.9712724,0.1030546422,0.1063793555,0.78125,1.354792697,1.310036092
P1|E6|ind|T1,5,aggregati,35,989.2239115,1624.46712,1899.199116,2616.111401,0.1476371309,0.1579409551,0.6,0.977997188,0.8014208834
P1|E6|ind|T1,5,consumo,497,23.24466292,54.64144914,62.68587391,99.6775612,0.2232290898,0.2241727639,0.6575963719,1.436429358,1.182558512
P1|E6|ind|T1,5,importazioni,497,7.409716329,22.52509099,36.24156999,58.01321186,0.3495273372,0.3793370593,0.6285714286,1.327030268,1.167284948
P1|E6|ind|T1,5,investimento_ind,1372,6.745348636,20.1177008,47.82407579,100.2277822,0.8910344595,1.200420201,0.1865889213,1.426819405,1.366202582
P1|E6|ind|T1,5,investimento_tipo,28,260.0789168,320.6921795,278.2065715,339.4563566,0.4416451474,0.4433026932,0.4285714286,1.553703246,1.412423907
P1|E6|ind|T1,5,produzione,497,63.1607723,103.6168436,107.5823468,152.6344914,0.1758723704,0.1822974576,0.6116700201,1.145048152,1.132116944
P1|E6|ind|T1,5,scorte,77,35.70412912,45.86119517,44.19955813,52.23916367,0.1453278753,0.1627822631,0.07792207792,0.984239095,0.974574587
P1|E6|ind|T1,5,stock_ind,1372,22.19063953,97.02136399,476.8366323,842.9721131,0.3588303326,0.6407345687,0.6260932945,1.699398774,1.609107374
P1|E6|ind|T1,5,stock_tipo,28,848.4773615,1101.375011,909.3022278,1164.677058,0.1370885673,0.1425872887,0.75,1.412499646,1.390120654
P1|E6|ind|T2,1,aggregati,55,278.1142664,483.1002653,452.776959,727.3814,0.05592498419,0.05238483872,0.7272727273,1.162954159,0.7932252806
P1|E6|ind|T2,1,consumo,781,9.205865694,19.53786885,21.86987746,34.14743362,0.1050401892,0.1018566165,0.6262626263,2.057912807,1.669124025
P1|E6|ind|T2,1,importazioni,781,7.450591478,22.16909146,41.09320007,57.86642525,0.2111896715,0.1919667936,0.6184738956,3.069429097,3.582573517
P1|E6|ind|T2,1,investimento_ind,2156,2.830494102,7.939260222,15.59230846,33.47561293,0.4341615594,0.4702345623,0.1368274583,1.672148621,1.526605244
P1|E6|ind|T2,1,investimento_tipo,44,87.97800373,130.6992736,96.72285359,141.4659136,0.1620557249,0.1389437114,0.4090909091,2.136338656,1.850899127
P1|E6|ind|T2,1,produzione,781,23.71267368,46.12242585,38.37035484,65.27965786,0.07310486273,0.06914214792,0.590268886,1.670891128,1.403134025
P1|E6|ind|T2,1,scorte,121,36.95963073,47.41851565,46.56899748,56.25420467,0.1613581183,0.1637221511,0.305785124,3.565966556,3.881921058
P1|E6|ind|T2,1,stock_ind,2156,2.755720632,7.924761396,26.99890502,50.24868982,0.06740061793,0.09592361632,0.7912801484,0.6479382127,0.4798771597
P1|E6|ind|T2,1,stock_tipo,44,86.51958666,129.9711938,71.80738452,112.1369652,0.01754871267,0.01769932405,0.7727272727,0.8233465871,0.5655807943
P1|E6|ind|T2,2,aggregati,50,421.9268106,746.6878846,753.8530885,1185.658552,0.07658311603,0.07471392142,0.74,1.078558435,0.7633510741
P1|E6|ind|T2,2,consumo,710,11.35598793,22.14889621,25.85824567,35.38460437,0.117695475,0.1205005278,0.6428571429,1.35022644,1.109514912
P1|E6|ind|T2,2,importazioni,710,5.997229412,18.26077046,30.47711727,45.28997223,0.2168028226,0.2142969388,0.6592920354,1.944424399,1.865524454
P1|E6|ind|T2,2,investimento_ind,1960,3.676869142,9.866649483,22.75421293,42.85661073,0.5169038561,0.6754711227,0.1423469388,1.339231609,1.308106397
P1|E6|ind|T2,2,investimento_tipo,40,108.0853983,160.4671001,112.7130447,171.9381726,0.2000861172,0.1799440687,0.425,1.646036342,1.255285005
P1|E6|ind|T2,2,produzione,710,31.5349564,56.04617687,52.82101359,81.87155766,0.09261157174,0.09100253611,0.6535211268,1.308777646,1.184148901
P1|E6|ind|T2,2,scorte,110,34.99329715,44.50502887,43.91644392,52.33626359,0.1518985502,0.1566984753,0.3363636364,2.085568431,2.212853859
P1|E6|ind|T2,2,stock_ind,1960,5.817950839,16.79151825,65.51676375,112.5670253,0.1330456154,0.227158019,0.775,0.7007301628,0.5802902908
P1|E6|ind|T2,2,stock_tipo,40,178.1723759,269.0047332,154.3938394,233.9172849,0.03573825502,0.03633878536,0.775,0.8581734164,0.613741167
P1|E6|ind|T2,3,aggregati,45,586.0115812,1021.936433,1038.049706,1636.710201,0.1032767048,0.1040443771,0.7555555556,1.014911181,0.7432970626
P1|E6|ind|T2,3,consumo,639,14.54386463,28.62584289,34.6811364,47.94829565,0.1411843552,0.150204408,0.6613756614,1.216919044,1.042445617
P1|E6|ind|T2,3,importazioni,639,5.905958693,17.36291595,29.0402671,43.18152258,0.252338838,0.3126782907,0.6658476658,1.46391317,1.372589946
P1|E6|ind|T2,3,investimento_ind,1764,4.478532841,12.44025299,30.49400466,57.12149693,0.5882369312,0.7636833454,0.1428571429,1.276459223,1.254681476
P1|E6|ind|T2,3,investimento_tipo,36,139.6948115,196.4515361,143.174721,207.2101233,0.2524242509,0.2392413525,0.3611111111,1.468419871,1.154160067
P1|E6|ind|T2,3,produzione,639,39.51107937,68.37065032,66.61870817,100.9553283,0.1120347669,0.1123600645,0.6588419405,1.165773277,1.078829223
P1|E6|ind|T2,3,scorte,99,36.85817788,47.05793153,46.8000941,55.56385458,0.1562460508,0.1635817939,0.2626262626,1.588615623,1.689562315
P1|E6|ind|T2,3,stock_ind,1764,9.229403591,27.29447289,120.2364556,193.705446,0.1934697575,0.3073542555,0.7511337868,0.7712134502,0.7018458823
P1|E6|ind|T2,3,stock_tipo,36,281.9980642,422.3513926,256.8370448,374.3763631,0.0555201244,0.05685326953,0.7777777778,0.9019423815,0.6741975573
P1|E6|ind|T2,4,aggregati,40,785.6881031,1330.149735,1455.781595,2149.248862,0.1298653979,0.1334720216,0.725,1.002773202,0.777596912
P1|E6|ind|T2,4,consumo,568,18.11047997,37.98794482,44.91973744,66.56649631,0.167882419,0.1812151806,0.6646825397,1.231475963,1.03358298
P1|E6|ind|T2,4,importazioni,568,6.450552707,18.57636184,31.96035593,47.55091551,0.2890081528,0.3611483105,0.6592797784,1.280673695,1.197082122
P1|E6|ind|T2,4,investimento_ind,1568,5.218145417,14.85580183,37.10172253,70.48620784,0.6477224816,0.8502861161,0.1505102041,1.249978759,1.216410879
P1|E6|ind|T2,4,investimento_tipo,32,174.7590407,232.7822981,179.2192278,243.8723254,0.306977646,0.3035779106,0.3125,1.3743081,1.124293846
P1|E6|ind|T2,4,produzione,568,50.62903021,84.58360278,86.15203179,126.2761078,0.1390741018,0.1417755854,0.6338028169,1.133555684,1.089990533
P1|E6|ind|T2,4,scorte,88,39.21938795,49.7747929,47.94839578,56.81816174,0.1711597264,0.1822376926,0.2840909091,1.314460149,1.338290901
P1|E6|ind|T2,4,stock_ind,1568,12.93948746,40.34487871,197.0388307,304.7563737,0.2492056059,0.3596422604,0.7225765306,0.864290298,0.8434896841
P1|E6|ind|T2,4,stock_tipo,32,409.3375985,595.4418184,390.9009285,541.7110525,0.07810707875,0.08060447048,0.78125,0.9531748988,0.7567140138
P1|E6|ind|T2,5,aggregati,35,1008.757668,1638.78051,1915.242924,2629.928879,0.1594577889,0.1669277687,0.6285714286,0.9866144476,0.8081910228
P1|E6|ind|T2,5,consumo,497,22.1347196,53.02344822,57.07315427,95.30451163,0.2058091777,0.2130286515,0.6553287982,1.393894907,1.076675496
P1|E6|ind|T2,5,importazioni,497,7.127418617,21.34784224,34.0869327,54.3544435,0.3557017573,0.3729646444,0.6761904762,1.257674511,1.097887411
P1|E6|ind|T2,5,investimento_ind,1372,5.880719699,17.21783265,42.3077473,82.52341806,0.707559255,0.9806114844,0.1494169096,1.221150368,1.208616217
P1|E6|ind|T2,5,investimento_tipo,28,211.7760971,275.0180346,219.5857602,288.5856245,0.3611711573,0.371242625,0.3214285714,1.332419187,1.11481255
P1|E6|ind|T2,5,produzione,497,63.42612504,107.1781667,109.3860403,159.4549604,0.1685904822,0.1779925413,0.6136820926,1.184403592,1.151097679
P1|E6|ind|T2,5,scorte,77,35.70069751,45.84944062,44.20699444,52.23378621,0.1452857547,0.162737996,0.07792207792,0.9839868275,0.9747385532
P1|E6|ind|T2,5,stock_ind,1372,16.91692129,55.41059934,286.5975068,434.5761117,0.3053666368,0.4556469657,0.6844023324,0.970556388,0.9671366047
P1|E6|ind|T2,5,stock_tipo,28,560.0787128,794.305036,553.8663485,739.9504962,0.1034966493,0.1075724932,0.75,1.018686253,0.8467383308
P1|E6|ind|T3,1,aggregati,55,273.7665382,452.5066282,455.2634087,697.4437579,0.05159573773,0.05068917112,0.7090909091,1.089306927,0.7975813211
P1|E6|ind|T3,1,consumo,781,8.546271259,18.20953579,20.97782716,32.91900864,0.09961148969,0.09545917295,0.6262626263,1.918000229,1.601042135
P1|E6|ind|T3,1,importazioni,781,6.62460267,20.00876367,35.53282302,51.7827322,0.1864670952,0.177607164,0.6144578313,2.770320179,3.097810599
P1|E6|ind|T3,1,investimento_ind,2156,3.668825145,18.6667777,37.00898453,106.5445253,0.5104079003,0.5335238115,0.1525974026,3.931553536,3.623460246
P1|E6|ind|T3,1,investimento_tipo,44,127.811739,188.8751121,127.953383,187.7900042,0.2473461521,0.2300255869,0.4090909091,3.08724901,2.44852996
P1|E6|ind|T3,1,produzione,781,22.6182907,42.08837035,36.01701665,58.73843532,0.07383823363,0.06881510513,0.5992317542,1.524748174,1.317076732
P1|E6|ind|T3,1,scorte,121,34.13206244,43.80193152,42.86620238,51.64860153,0.1497756053,0.1515098051,0.3884297521,3.293992246,3.573261669
P1|E6|ind|T3,1,stock_ind,2156,3.58694544,18.4171093,77.25929922,161.8339769,0.07276518432,0.1042075952,0.7796846011,1.505805448,1.373202841
P1|E6|ind|T3,1,stock_tipo,44,125.9866226,187.3001013,135.2494722,204.2567325,0.02112224162,0.02122578829,0.7954545455,1.186515986,1.065273501
P1|E6|ind|T3,2,aggregati,50,412.8743431,703.8053219,762.5591822,1130.074212,0.06768413115,0.06818224411,0.7,1.016616424,0.7721668582
P1|E6|ind|T3,2,consumo,710,11.0728193,22.6082373,25.67034477,37.61551153,0.1120190407,0.1154435796,0.6444444444,1.378228489,1.101452537
P1|E6|ind|T3,2,importazioni,710,5.811143711,17.81643149,28.91200652,43.65403907,0.2180347639,0.2138209737,0.6548672566,1.897110757,1.769722993
P1|E6|ind|T3,2,investimento_ind,1960,4.472122111,19.74487324,42.42129387,110.9756665,0.5926645627,0.7475816609,0.156122449,2.680034231,2.438738094
P1|E6|ind|T3,2,investimento_tipo,40,146.103185,209.8003377,143.2132525,210.2048113,0.2785526914,0.2657662876,0.475,2.152085881,1.594965773
P1|E6|ind|T3,2,produzione,710,31.20109205,54.04165781,51.2757971,78.05425274,0.09495937109,0.09231272039,0.6507042254,1.26196857,1.149508021
P1|E6|ind|T3,2,scorte,110,33.83394048,42.77911755,42.39886292,50.35136656,0.1486507426,0.1521010556,0.2727272727,2.004689792,2.136386262
P1|E6|ind|T3,2,stock_ind,1960,7.466581814,37.75855766,164.2742036,332.5436813,0.1422419234,0.2448686756,0.7642857143,1.575709823,1.454997468
P1|E6|ind|T3,2,stock_tipo,40,255.1964155,380.8752658,280.5921208,418.0771068,0.04211210929,0.04266652899,0.8,1.215060509,1.115400306
P1|E6|ind|T3,3,aggregati,45,549.8895211,927.4971775,992.0632616,1482.176796,0.08979116867,0.09304211925,0.7111111111,0.9211211435,0.7103683993
P1|E6|ind|T3,3,consumo,639,14.74022337,31.08941774,36.26196538,52.88500214,0.141892765,0.1484073529,0.6649029982,1.321648577,1.089962175
P1|E6|ind|T3,3,importazioni,639,5.70240972,16.87464101,27.44429701,41.19172298,0.2448813866,0.3084041785,0.6707616708,1.422745424,1.297156325
P1|E6|ind|T3,3,investimento_ind,1764,5.171342522,20.13121634,45.28708277,110.3160039,0.669641235,0.8632231896,0.1592970522,2.065607249,1.863345418
P1|E6|ind|T3,3,investimento_tipo,36,173.8190505,239.4820588,172.4835263,242.9941289,0.3214920045,0.3121867375,0.4722222222,1.790060901,1.39042421
P1|E6|ind|T3,3,produzione,639,38.67439058,65.78755401,64.19863903,95.81590365,0.1139018155,0.1125606337,0.6651017214,1.121729456,1.03963841
P1|E6|ind|T3,3,scorte,99,37.94568639,47.55094786,47.64542916,55.75246916,0.1622555461,0.1693575051,0.2525252525,1.605259224,1.720080336
P1|E6|ind|T3,3,stock_ind,1764,11.64670804,57.29919441,258.7335094,504.0247308,0.2062134253,0.3478294207,0.7392290249,1.619005782,1.510282778
P1|E6|ind|T3,3,stock_tipo,36,399.2816495,588.1822818,443.0647907,643.1292441,0.06557853504,0.06692214882,0.8055555556,1.256078558,1.163045619
P1|E6|ind|T3,4,aggregati,40,740.0283042,1230.152904,1383.222471,1987.955457,0.1135845854,0.1199476682,0.7,0.9273875968,0.7388398956
P1|E6|ind|T3,4,consumo,568,18.7308071,42.59360879,49.18507275,76.85814781,0.1701296339,0.1811785852,0.6646825397,1.380780288,1.131726429
P1|E6|ind|T3,4,importazioni,568,6.375837846,18.62383952,30.46170674,47.01220246,0.3168082096,0.3763030972,0.6398891967,1.283946856,1.140949889
P1|E6|ind|T3,4,investimento_ind,1568,5.787875396,19.89900161,46.61034904,105.2871884,0.7381011581,0.966227173,0.1658163265,1.674317525,1.528159119
P1|E6|ind|T3,4,investimento_tipo,32,203.3982582,267.0641136,205.5242496,273.9107126,0.3661195402,0.3606170166,0.4375,1.576702256,1.289312825
P1|E6|ind|T3,4,produzione,568,49.9766042,82.1537097,83.95435407,120.4854124,0.1399666023,0.1417463642,0.639084507,1.100991227,1.062185641
P1|E6|ind|T3,4,scorte,88,41.35577061,51.72807639,51.88619689,60.61018641,0.179756258,0.19060684,0.3068181818,1.366042751,1.448199133
P1|E6|ind|T3,4,stock_ind,1568,16.03763654,76.77978707,362.2790813,674.2404669,0.2664766899,0.4221570362,0.7136479592,1.64481905,1.550855061
P1|E6|ind|T3,4,stock_tipo,32,563.0038473,808.3929101,628.19211,878.9023525,0.0917942942,0.09437068744,0.8125,1.294064015,1.216067137
P1|E6|ind|T3,5,aggregati,35,974.6444405,1602.585278,1874.393748,2583.365848,0.1418957561,0.1521069611,0.6285714286,0.9648234035,0.7909535557
P1|E6|ind|T3,5,consumo,497,23.16804529,54.79496497,63.2019273,100.0370208,0.2175437617,0.219648019,0.6507936508,1.440465024,1.192293772
P1|E6|ind|T3,5,importazioni,497,7.341830768,22.51074698,35.70235689,58.05625515,0.3621352264,0.3795468904,0.6380952381,1.326185213,1.149917727
P1|E6|ind|T3,5,investimento_ind,1372,6.400373634,19.88607316,47.48315231,100.1528241,0.8131002649,1.100909949,0.1632653061,1.410391543,1.356463333
P1|E6|ind|T3,5,investimento_tipo,28,236.741905,303.0806074,243.9903507,314.740514,0.4131759198,0.4159293422,0.4642857143,1.468377945,1.238711949
P1|E6|ind|T3,5,produzione,497,62.80754487,102.7559742,106.4858191,150.7971557,0.1745238422,0.1806663354,0.6116700201,1.135534864,1.120577898
P1|E6|ind|T3,5,scorte,77,35.6964407,45.84673244,44.19879969,52.22929183,0.1452773945,0.1627292155,0.07792207792,0.9839287065,0.9745578637
P1|E6|ind|T3,5,stock_ind,1372,20.78055565,96.39401234,475.6352902,842.8968214,0.3284290699,0.5285692572,0.6698250729,1.68841026,1.605053389
P1|E6|ind|T3,5,stock_tipo,28,754.6972709,1049.395926,844.7608798,1132.202174,0.1221054112,0.1263641974,0.7857142857,1.345837122,1.291451303
P1|E6|nessuna|T1,1,aggregati,55,416.7436802,570.6026509,528.3344761,709.7446691,0.08453899976,0.08209242218,0.6363636364,1.373596278,0.9255953835
P1|E6|nessuna|T1,1,consumo,781,14.00467519,27.28571135,34.65109801,48.82933825,0.1414507674,0.14177023,0.6421356421,2.873988728,2.64459553
P1|E6|nessuna|T1,1,importazioni,781,8.222267783,27.79434788,44.73707509,76.8419129,0.2785029423,0.2363214549,0.5642570281,3.848275888,3.9002526
P1|E6|nessuna|T1,1,investimento_ind,2156,15.08061283,63.3184012,111.3821669,252.6621346,1.796889651,3.178618414,0.4174397032,13.33597518,10.90515881
P1|E6|nessuna|T1,1,investimento_tipo,44,385.3335649,444.2652146,381.0122024,448.8441273,0.7902066935,0.647124142,0.4545454545,7.261715581,7.291091264
P1|E6|nessuna|T1,1,produzione,781,32.27850868,59.49952813,53.91557718,87.63569242,0.1002658585,0.09085218117,0.609475032,2.155507474,1.971594507
P1|E6|nessuna|T1,1,scorte,121,34.62028609,44.6013699,43.57706653,52.71848095,0.1479871922,0.1529174106,0.347107438,3.3541116,3.632518228
P1|E6|nessuna|T1,1,stock_ind,2156,15.04238146,63.21084319,196.8471356,327.3055911,0.2480931231,1.403874847,0.362244898,5.168196077,3.498750941
P1|E6|nessuna|T1,1,stock_tipo,44,381.7216506,439.9991246,380.5409693,438.9330909,0.07266789421,0.07035413542,0.4318181818,2.787323613,2.99727758
P1|E6|nessuna|T1,2,aggregati,50,518.2326148,759.1421691,813.0211191,1101.27168,0.08621031679,0.08949727708,0.64,1.096548112,0.8232645777
P1|E6|nessuna|T1,2,consumo,710,15.6466883,31.19705876,38.62950663,55.11332186,0.1453276911,0.1532135012,0.6650793651,1.901814573,1.657498895
P1|E6|nessuna|T1,2,importazioni,710,10.10357856,36.19734626,57.21745603,100.2139129,0.3305039061,0.287769392,0.5818584071,3.854328238,3.50231823
P1|E6|nessuna|T1,2,investimento_ind,1960,15.40466472,70.85173604,118.2500786,282.2539905,1.765572708,2.450534653,0.3948979592,9.616930713,6.798023938
P1|E6|nessuna|T1,2,investimento_tipo,40,418.0259935,491.0668385,414.3264175,497.8817001,0.8504337854,0.7081392847,0.45,5.037255999,4.614352676
P1|E6|nessuna|T1,2,produzione,710,42.63892452,78.99892658,73.94169951,119.0938601,0.1233219153,0.1181529011,0.6323943662,1.844765065,1.657635404
P1|E6|nessuna|T1,2,scorte,110,33.81855298,44.05706676,42.01821117,51.75303071,0.1466440681,0.1543824887,0.3909090909,2.064576295,2.11720605
P1|E6|nessuna|T1,2,stock_ind,1960,24.99375898,103.722049,403.5269701,660.8129308,0.3997388069,1.215397295,0.3841836735,4.3284453,3.574089584
P1|E6|nessuna|T1,2,stock_tipo,40,694.0551612,805.6637895,747.9766412,859.2002854,0.125108668,0.1199200431,0.45,2.570212198,2.973331438
P1|E6|nessuna|T1,3,aggregati,45,643.1001098,1001.655418,1069.07787,1523.392758,0.1053132313,0.1103740835,0.7333333333,0.9947695866,0.7655148263
P1|E6|nessuna|T1,3,consumo,639,19.00534243,38.89621574,55.24067507,76.89101471,0.1666105984,0.178569974,0.6772486772,1.653524958,1.660424241
P1|E6|nessuna|T1,3,importazioni,639,10.04602506,37.79262309,56.1581296,106.9382428,0.3615186301,0.3880075421,0.6044226044,3.186395582,2.654317325
P1|E6|nessuna|T1,3,investimento_ind,1764,15.92963521,74.97274299,101.4280566,252.4429381,1.715486036,7.839473657,0.3832199546,7.692741404,4.173276196
P1|E6|nessuna|T1,3,investimento_tipo,36,342.6325065,442.8278303,340.9423237,462.4328049,0.7377458029,0.5833005815,0.5833333333,3.310013239,2.748404276
P1|E6|nessuna|T1,3,produzione,639,50.91678701,95.68147808,91.41864301,148.6100491,0.1362239287,0.1363943251,0.6259780908,1.631444336,1.48044155
P1|E6|nessuna|T1,3,scorte,99,37.5386551,48.53139513,47.67547224,57.67358597,0.1594898813,0.1684059335,0.3838383838,1.638357871,1.721164941
P1|E6|nessuna|T1,3,stock_ind,1764,32.8384421,127.4414689,497.6570799,839.5583629,0.4981006088,5.144456351,0.4041950113,3.600896611,2.904930711
P1|E6|nessuna|T1,3,stock_tipo,36,864.1742394,1016.477398,972.4246777,1127.301512,0.1419322415,0.1385611991,0.5277777778,2.170713916,2.552615971
P1|E6|nessuna|T1,4,aggregati,40,800.6809816,1335.695395,1406.465343,2122.031377,0.137772462,0.1422819717,0.675,1.006953964,0.7512549346
P1|E6|nessuna|T1,4,consumo,568,21.06996346,43.2238144,63.16300774,86.75964245,0.1806510757,0.1975961497,0.6785714286,1.401210008,1.453352434
P1|E6|nessuna|T1,4,importazioni,568,10.67144337,40.38289171,60.57909137,114.7402713,0.3749137801,0.4470675125,0.6038781163,2.784038532,2.269003118
P1|E6|nessuna|T1,4,investimento_ind,1568,17.9442225,84.7551853,93.20216872,212.3193811,1.719522377,24.21819959,0.3654336735,7.131367434,3.055710738
P1|E6|nessuna|T1,4,investimento_tipo,32,321.3668236,406.7890765,322.7449335,422.5967842,0.6645213775,0.5428520047,0.46875,2.401615276,2.024671944
P1|E6|nessuna|T1,4,produzione,568,63.15153022,118.8617001,111.3380466,176.6512472,0.1671225447,0.1740380005,0.625,1.592937062,1.408642538
P1|E6|nessuna|T1,4,scorte,88,42.78413762,55.23056673,54.25639194,65.5192066,0.1831938552,0.1943556707,0.2840909091,1.458537038,1.514353806
P1|E6|nessuna|T1,4,stock_ind,1568,40.3819635,134.8420611,508.7598018,843.1425555,0.5624061528,16.07089377,0.4177295918,2.888661185,2.177914084
P1|E6|nessuna|T1,4,stock_tipo,32,931.1250208,1156.268909,1073.950998,1265.473639,0.1421281413,0.1393336165,0.59375,1.850939028,2.078976311
P1|E6|nessuna|T1,5,aggregati,35,896.4351141,1526.608098,1564.410526,2410.039475,0.1626064995,0.1700578055,0.6857142857,0.9190819615,0.6601473513
P1|E6|nessuna|T1,5,consumo,497,22.91474553,54.2396829,68.31594153,104.4692149,0.1991208407,0.2144719123,0.6712018141,1.425867617,1.288768794
P1|E6|nessuna|T1,5,importazioni,497,13.91055752,48.10793145,80.78077148,132.3557667,0.4325982129,0.511641308,0.5492063492,2.834203031,2.601823779
P1|E6|nessuna|T1,5,investimento_ind,1372,23.60624569,111.1738392,108.6210917,223.4546258,1.986134572,35.1312575,0.2026239067,7.884846917,3.103006454
P1|E6|nessuna|T1,5,investimento_tipo,28,385.9089795,524.7591369,384.0597776,528.0858129,0.7523696306,0.6670358757,0.4285714286,2.542375607,1.949828894
P1|E6|nessuna|T1,5,produzione,497,82.0481449,150.5855499,139.0927066,210.8114773,0.2006632103,0.2311117425,0.6056338028,1.66408954,1.463708634
P1|E6|nessuna|T1,5,scorte,77,35.49212126,45.4282138,43.94758254,51.67813655,0.1446162399,0.1620569197,0.09090909091,0.9749467687,0.9690186715
P1|E6|nessuna|T1,5,stock_ind,1372,49.37611866,158.3988562,513.5976009,854.7458753,0.6301269698,27.01239279,0.3797376093,2.774469571,1.73315897
P1|E6|nessuna|T1,5,stock_tipo,28,1082.872282,1330.006907,1140.744957,1372.008661,0.1916281237,0.1916479667,0.6071428571,1.705717187,1.743945058
P1|E6|nessuna|T2,1,aggregati,55,374.2738537,548.9963736,542.6568345,766.4282025,0.08117955698,0.080328662,0.6909090909,1.321584073,0.9506868918
P1|E6|nessuna|T2,1,consumo,781,8.237925481,16.99792755,18.33997114,26.9954244,0.1048521463,0.09605746268,0.6233766234,1.79038221,1.399719157
P1|E6|nessuna|T2,1,importazioni,781,9.308577682,33.88560658,54.73711708,97.20595942,0.2963822814,0.2465771409,0.5361445783,4.691643183,4.77207289
P1|E6|nessuna|T2,1,investimento_ind,2156,17.2532101,72.15247522,113.4739739,245.2896324,1.782510568,2.871089351,0.4132653061,15.19658741,11.10996259
P1|E6|nessuna|T2,1,investimento_tipo,44,374.9896038,462.7561423,385.6962518,494.9696682,0.6800837902,0.5935248947,0.5227272727,7.563958146,7.380725746
P1|E6|nessuna|T2,1,produzione,781,29.51098599,56.30435287,49.63593955,82.68518881,0.08314532203,0.08079469926,0.6120358515,2.03975489,1.815095949
P1|E6|nessuna|T2,1,scorte,121,38.20184476,52.66360367,49.59786961,64.2694674,0.1495759282,0.1599010359,0.5454545455,3.960407592,4.134403248
P1|E6|nessuna|T2,1,stock_ind,2156,17.21594269,72.05038716,195.8974685,300.9283693,0.255417558,0.9183963416,0.3668831169,5.890928035,3.481871605
P1|E6|nessuna|T2,1,stock_tipo,44,371.5833302,459.1960594,371.4621083,446.6313834,0.06395133134,0.06374474273,0.4545454545,2.908933104,2.925769204
P1|E6|nessuna|T2,2,aggregati,50,564.2649106,915.4338469,917.2523938,1354.19642,0.1096686027,0.1120823287,0.82,1.322304698,0.9288090887
P1|E6|nessuna|T2,2,consumo,710,10.13543164,20.13462128,26.30937299,36.02825342,0.09724051925,0.1012404051,0.653968254,1.227433537,1.128871696
P1|E6|nessuna|T2,2,importazioni,710,13.12486979,56.36392626,81.19143409,166.6791573,0.3964828614,0.3285972367,0.5840707965,6.001685069,4.969781243
P1|E6|nessuna|T2,2,investimento_ind,1960,19.13835453,120.6184711,137.9692084,377.997901,1.759857588,12.9268966,0.3913265306,16.37192741,7.931647851
P1|E6|nessuna|T2,2,investimento_tipo,40,482.2097682,711.3935441,538.5667421,822.7816907,0.835273053,0.7018651316,0.55,7.297319055,5.99801698
P1|E6|nessuna|T2,2,produzione,710,47.38485231,101.3676972,83.64770871,152.8035681,0.1239868274,0.1276733796,0.6126760563,2.367115538,1.875226082
P1|E6|nessuna|T2,2,scorte,110,42.84506475,60.50262533,56.47443558,74.23449654,0.1603588835,0.1782743819,0.5272727273,2.835238366,2.845623679
P1|E6|nessuna|T2,2,stock_ind,1960,29.29438782,148.616767,347.4332856,533.6558776,0.4107112452,9.43874764,0.3964285714,6.201955641,3.077260701
P1|E6|nessuna|T2,2,stock_tipo,40,679.8518189,969.5145436,670.9149487,897.1814337,0.1130573194,0.1163633268,0.5,3.092925534,2.666998406
P1|E6|nessuna|T2,3,aggregati,45,700.1111739,1246.316675,1145.646462,1876.456442,0.1402003309,0.1433986034,0.8222222222,1.237748932,0.8203418825
P1|E6|nessuna|T2,3,consumo,639,12.73565414,25.38207108,36.69402683,51.84671138,0.1240694728,0.1320951188,0.6613756614,1.079022399,1.102949078
P1|E6|nessuna|T2,3,importazioni,639,12.69531715,56.9964999,76.99604559,168.3092498,0.3953011549,0.4158285763,0.6068796069,4.80552501,3.639222659
P1|E6|nessuna|T2,3,investimento_ind,1764,19.40879632,132.557438,113.3018203,373.4857895,1.744913902,16.36226073,0.3571428571,13.60134432,4.661824404
P1|E6|nessuna|T2,3,investimento_tipo,36,454.4383106,764.8926584,524.7985072,900.7179648,0.788976873,0.6600129535,0.6111111111,5.717357067,4.230505751
P1|E6|nessuna|T2,3,produzione,639,55.8018625,111.555264,98.27092677,166.4442492,0.1455069497,0.1537706834,0.6181533646,1.902104851,1.591408036
P1|E6|nessuna|T2,3,scorte,99,51.06543275,67.59304091,66.83834426,81.74291894,0.1896579803,0.2127340992,0.4646464646,2.281854669,2.412976935
P1|E6|nessuna|T2,3,stock_ind,1764,37.28918586,195.5325902,414.9672414,652.5793188,0.5068578372,10.88348465,0.4030612245,5.524831498,2.422252454
P1|E6|nessuna|T2,3,stock_tipo,36,907.7347718,1343.822408,905.455717,1232.622942,0.1415009166,0.1484380725,0.5,2.869767696,2.376822367
P1|E6|nessuna|T2,4,aggregati,40,856.8649008,1535.741605,1462.683896,2364.076778,0.1549904413,0.1679759519,0.75,1.157764788,0.781283734
P1|E6|nessuna|T2,4,consumo,568,16.39949671,34.09434121,50.23431045,70.09329609,0.1520737337,0.1624660971,0.6706349206,1.105254888,1.155868917
P1|E6|nessuna|T2,4,importazioni,568,13.26498518,60.31230234,81.63297896,178.0004977,0.4060527248,0.5011374992,0.6094182825,4.157992816,3.057581083
P1|E6|nessuna|T2,4,investimento_ind,1568,22.93061026,144.4668432,123.4844986,302.8597285,1.759718311,41.32783624,0.3488520408,12.15555293,4.048542146
P1|E6|nessuna|T2,4,investimento_tipo,32,550.9632062,772.6569504,614.7098487,867.1027944,0.8497534451,0.8388240042,0.4375,4.561638555,3.856251967
P1|E6|nessuna|T2,4,produzione,568,69.52733025,145.9480026,119.663638,197.8924881,0.1783572052,0.2012215276,0.6320422535,1.955936878,1.51397744
P1|E6|nessuna|T2,4,scorte,88,49.71759372,65.43090037,63.06352996,77.98936662,0.2070182185,0.2246486924,0.4545454545,1.727908969,1.760170428
P1|E6|nessuna|T2,4,stock_ind,1568,45.31094631,179.5853165,378.3872153,579.9564593,0.5696294906,27.11001887,0.4088010204,3.847175942,1.61981124
P1|E6|nessuna|T2,4,stock_tipo,32,1030.646369,1325.01556,947.7123857,1202.458913,0.1745104142,0.1916811044,0.59375,2.121066297,1.834601023
P1|E6|nessuna|T2,5,aggregati,35,967.8172875,1721.442103,1576.184999,2522.635507,0.1841420107,0.1981367422,0.7714285714,1.036380186,0.6651159236
P1|E6|nessuna|T2,5,consumo,497,20.65014832,51.56641842,63.30473321,100.8010609,0.1827449717,0.1944906295,0.6598639456,1.355592109,1.194233189
P1|E6|nessuna|T2,5,importazioni,497,16.43228394,65.99218256,99.73131133,188.6143378,0.4698089486,0.6399220719,0.5206349206,3.887825524,3.212191375
P1|E6|nessuna|T2,5,investimento_ind,1372,31.76955783,200.2120303,175.9153023,356.1491044,1.993361197,74.7976844,0.1997084548,14.19975437,5.02541735
P1|E6|nessuna|T2,5,investimento_tipo,28,718.7899865,976.8903669,746.251509,1009.511489,1.187337085,1.192302325,0.4642857143,4.73288041,3.788636143
P1|E6|nessuna|T2,5,produzione,497,98.80107999,213.7407622,159.4397306,264.4042915,0.227748095,0.2954543194,0.5895372233,2.362004634,1.677825647
P1|E6|nessuna|T2,5,scorte,77,34.56567016,44.70622849,42.5001793,50.72364468,0.142278776,0.159569729,0.09090909091,0.9594520531,0.9371042706
P1|E6|nessuna|T2,5,stock_ind,1372,58.25009244,238.9425108,352.4198822,665.8594403,0.646572159,58.66771711,0.3673469388,4.185249447,1.189257269
P1|E6|nessuna|T2,5,stock_tipo,28,1240.199045,1594.69695,1013.495312,1352.729456,0.2275399488,0.2739174047,0.6428571429,2.045178851,1.549408681
P1|E6|nessuna|T3,1,aggregati,55,353.3534463,500.5191608,504.837298,693.8739296,0.07455377918,0.07632386577,0.7272727273,1.204886194,0.884430401
P1|E6|nessuna|T3,1,consumo,781,8.196165199,17.25742726,19.47730848,29.22122803,0.1024258267,0.09257681194,0.6421356421,1.817715169,1.486521522
P1|E6|nessuna|T3,1,importazioni,781,8.929704613,33.4977238,53.02010184,96.75096283,0.2790960749,0.2360770859,0.546184739,4.63793874,4.622380646
P1|E6|nessuna|T3,1,investimento_ind,2156,16.41974837,72.229557,118.1297571,268.0448004,1.785691299,2.620286251,0.417903525,15.2128222,11.56579906
P1|E6|nessuna|T3,1,investimento_tipo,44,381.9659904,464.4747561,392.7249774,490.2138247,0.7139059451,0.6231216821,0.5,7.592049665,7.515228209
P1|E6|nessuna|T3,1,produzione,781,29.67495511,56.14375102,49.08951064,82.00743543,0.08617509453,0.08304748945,0.6133162612,2.033936718,1.795114039
P1|E6|nessuna|T3,1,scorte,121,41.15616597,54.56147366,52.65444864,66.22635917,0.1649723574,0.1777411137,0.4545454545,4.103131184,4.389195045
P1|E6|nessuna|T3,1,stock_ind,2156,16.37811896,72.21717676,205.4680014,337.5000635,0.2490033372,0.8940689371,0.3603896104,5.904564957,3.651977769
P1|E6|nessuna|T3,1,stock_tipo,44,379.0382282,461.7368386,382.3735944,460.9242542,0.0676166356,0.06660269464,0.4772727273,2.925028532,3.011711994
P1|E6|nessuna|T3,2,aggregati,50,480.3590076,761.3426654,754.9857349,1093.776542,0.0862759159,0.09677537392,0.8,1.099726634,0.7644979911
P1|E6|nessuna|T3,2,consumo,710,10.24045779,22.59717128,27.71957706,40.76492369,0.09952287663,0.09923982824,0.6634920635,1.37755389,1.189380149
P1|E6|nessuna|T3,2,importazioni,710,12.1343766,50.80238229,73.99373515,149.0147686,0.3788254453,0.3169904658,0.5752212389,5.409486519,4.529205342
P1|E6|nessuna|T3,2,investimento_ind,1960,18.85685424,113.9676512,146.1725459,380.8889461,1.764789307,11.77095667,0.3928571429,15.46919054,8.403245718
P1|E6|nessuna|T3,2,investimento_tipo,40,513.8177827,702.3188716,560.8806941,794.882211,0.8388645605,0.7874095074,0.5,7.204233053,6.246527429
P1|E6|nessuna|T3,2,produzione,710,44.04450009,90.93133101,76.57607099,134.47263,0.1232848223,0.1225545818,0.6197183099,2.123407875,1.716693114
P1|E6|nessuna|T3,2,scorte,110,44.3276944,59.61787084,57.17064812,72.19985436,0.1700435763,0.1900719683,0.5090909091,2.793777523,2.880704311
P1|E6|nessuna|T3,2,stock_ind,1960,29.17584708,151.2407873,419.7054813,700.3124078,0.4047889907,8.538521827,0.3882653061,6.311459148,3.71738471
P1|E6|nessuna|T3,2,stock_tipo,40,757.6084427,1002.680693,790.6284675,998.1853911,0.1254477322,0.1259404813,0.5,3.198731506,3.142879535
P1|E6|nessuna|T3,3,aggregati,45,606.4254995,1019.598841,1008.466289,1515.233865,0.1016960356,0.1172178712,0.8666666667,1.012589659,0.722113812
P1|E6|nessuna|T3,3,consumo,639,13.72091468,31.41776047,42.80710206,64.31571304,0.1276579068,0.1310062013,0.6772486772,1.335606821,1.286695897
P1|E6|nessuna|T3,3,importazioni,639,12.04611268,54.23941141,73.80510652,160.4496225,0.3893806281,0.4046240856,0.5896805897,4.573067619,3.488402735
P1|E6|nessuna|T3,3,investimento_ind,1764,18.82730902,126.4581938,117.6693819,359.1035511,1.720092354,16.23045504,0.3628117914,12.97551809,4.841528537
P1|E6|nessuna|T3,3,investimento_tipo,36,452.6931184,726.2521769,510.9334321,848.6467774,0.7247892923,0.6792296053,0.6111111111,5.428530358,4.118736606
P1|E6|nessuna|T3,3,produzione,639,51.99938051,102.5540783,90.92551859,150.6584959,0.138439595,0.1438311981,0.6244131455,1.748627567,1.47245585
P1|E6|nessuna|T3,3,scorte,99,50.15333074,64.89697189,65.3297066,78.4912954,0.1861012818,0.2107924117,0.5454545455,2.190838825,2.358512572
P1|E6|nessuna|T3,3,stock_ind,1764,37.71954133,193.3018891,558.9991089,908.3747971,0.5035549179,10.76917068,0.3979591837,5.461802375,3.262997241
P1|E6|nessuna|T3,3,stock_tipo,36,1019.722633,1379.407509,1096.693004,1371.690064,0.1546778562,0.1592509393,0.5,2.945760604,2.878820479
P1|E6|nessuna|T3,4,aggregati,40,810.3844036,1415.238379,1409.636016,2158.820596,0.134612954,0.152082031,0.75,1.066919824,0.7529485307
P1|E6|nessuna|T3,4,consumo,568,17.15239251,38.50156516,55.36798628,80.94217712,0.1511435471,0.1603602785,0.6785714286,1.248126274,1.273992492
P1|E6|nessuna|T3,4,importazioni,568,13.13712505,60.31130347,81.91067962,178.1819299,0.3981587077,0.4809240614,0.6177285319,4.157923954,3.067982422
P1|E6|nessuna|T3,4,investimento_ind,1568,21.32048867,140.5421182,97.08314395,274.6110942,1.732583514,41.33178178,0.3520408163,11.8253235,3.182951744
P1|E6|nessuna|T3,4,investimento_tipo,32,483.6635025,737.9405596,547.1987659,832.3406492,0.6862247925,0.7099380736,0.46875,4.356678739,3.432735496
P1|E6|nessuna|T3,4,produzione,568,66.05632724,138.5028085,113.358344,186.3621437,0.1724552332,0.1888133975,0.6302816901,1.856159358,1.434203224
P1|E6|nessuna|T3,4,scorte,88,46.15261669,62.50751,61.00250561,76.00740709,0.17484628,0.1948217374,0.4886363636,1.65070764,1.702645039
P1|E6|nessuna|T3,4,stock_ind,1568,45.31192855,189.118029,549.4975589,886.9087808,0.5632792599,27.04630277,0.4081632653,4.051390979,2.352305486
P1|E6|nessuna|T3,4,stock_tipo,32,1135.532748,1433.333402,1169.741425,1411.246139,0.1750791122,0.1888486954,0.625,2.294459976,2.264409379
P1|E6|nessuna|T3,5,aggregati,35,976.8582959,1701.725302,1637.084184,2544.282326,0.166699956,0.1943626362,0.7714285714,1.024509847,0.6908140603
P1|E6|nessuna|T3,5,consumo,497,20.69894826,52.65404437,65.75280278,103.8738557,0.1803128775,0.1906529585,0.6712018141,1.384183918,1.240415611
P1|E6|nessuna|T3,5,importazioni,497,16.12356541,65.26427459,97.41789553,186.4554872,0.457451834,0.5896481219,0.5365079365,3.844941972,3.137679827
P1|E6|nessuna|T3,5,investimento_ind,1372,29.13240659,189.6777747,125.2559109,297.4837073,1.986074303,75.67764641,0.2018950437,13.45262724,3.578217582
P1|E6|nessuna|T3,5,investimento_tipo,28,596.8062174,915.138691,636.9869513,952.8667106,0.8450660849,0.9400796743,0.4642857143,4.433703238,3.233912103
P1|E6|nessuna|T3,5,produzione,497,91.07404193,199.1152279,148.1768795,243.8037547,0.2144653727,0.2633808366,0.6036217304,2.200380902,1.559303742
P1|E6|nessuna|T3,5,scorte,77,34.53715614,44.69008233,42.4631676,50.69873385,0.1421111277,0.159398479,0.1038961039,0.9591055362,0.9362881841
P1|E6|nessuna|T3,5,stock_ind,1372,57.02693593,233.2188085,518.6019,867.2945065,0.6413826437,59.27561824,0.361516035,4.084994695,1.75004621
P1|E6|nessuna|T3,5,stock_tipo,28,1292.881807,1625.63311,1205.851692,1485.279108,0.2165669385,0.2533366812,0.6428571429,2.084854087,1.84347876
P1|largo|agg+ind|T1,1,aggregati,55,298.2890407,468.514994,489.9270738,709.7559916,0.05072306923,0.05107053514,0.6545454545,1.127843432,0.8583090037
P1|largo|agg+ind|T1,1,consumo,781,10.00585703,22.80284606,22.65043679,37.12932332,0.1111740063,0.1083535156,0.6305916306,2.401811032,1.728696847
P1|largo|agg+ind|T1,1,importazioni,781,6.759612783,20.71801159,37.40717577,54.69488263,0.1868931745,0.1797449387,0.5883534137,2.86851934,3.261219788
P1|largo|agg+ind|T1,1,investimento_ind,2156,3.383782035,16.18378662,32.52546003,92.74714766,0.4587718136,0.5328462657,0.1331168831,3.408591698,3.184489197
P1|largo|agg+ind|T1,1,investimento_tipo,44,91.37950405,140.5932045,92.04287845,138.9134389,0.1501376267,0.1635519327,0.3863636364,2.298059426,1.76134261
P1|largo|agg+ind|T1,1,produzione,781,23.93441145,46.14977741,38.97392906,65.81359367,0.07304536233,0.06998423727,0.6030729834,1.671882001,1.425205635
P1|largo|agg+ind|T1,1,scorte,121,34.05866219,43.19701866,42.53618415,51.01223129,0.1507601242,0.1532860249,0.3801652893,3.248501597,3.54575185
P1|largo|agg+ind|T1,1,stock_ind,2156,3.265524972,15.89742254,65.32393234,140.1530522,0.07889100575,0.1354704372,0.780148423,1.299792768,1.161064239
P1|largo|agg+ind|T1,1,stock_tipo,44,85.32343613,136.757605,97.14262933,157.1882319,0.01267043386,0.01286768037,0.9318181818,0.8663374092,0.7651302972
P1|largo|agg+ind|T1,2,aggregati,50,436.7122637,650.1587835,754.1867499,1010.40415,0.0715223146,0.07395552196,0.64,0.9391263135,0.7636889395
P1|largo|agg+ind|T1,2,consumo,710,12.81858366,27.96125763,27.20581701,42.95507777,0.1269022906,0.1307268079,0.6507936508,1.704555794,1.167335945
P1|largo|agg+ind|T1,2,importazioni,710,6.094130499,18.17941676,31.47710221,46.26863876,0.2118715255,0.2153630252,0.6349557522,1.935761779,1.926734192
P1|largo|agg+ind|T1,2,investimento_ind,1960,4.407355715,19.10733307,41.49985727,108.0527735,0.5660469132,0.7189255694,0.1494897959,2.593498882,2.385766053
P1|largo|agg+ind|T1,2,investimento_tipo,40,132.7480346,183.5024565,137.2585498,186.3760926,0.2080433084,0.2317799109,0.425,1.88232798,1.528648258
P1|largo|agg+ind|T1,2,produzione,710,32.63019045,58.36302893,54.30433229,85.61687769,0.09746129061,0.09401995675,0.6366197183,1.362880251,1.217402148
P1|largo|agg+ind|T1,2,scorte,110,34.87886373,45.47375471,44.0249529,54.11688892,0.1508505465,0.1558877613,0.3636363636,2.13096429,2.21832139
P1|largo|agg+ind|T1,2,stock_ind,1960,7.023158811,34.41272477,148.9689734,304.9464173,0.1472676373,0.2677288991,0.7525510204,1.43608421,1.319437102
P1|largo|agg+ind|T1,2,stock_tipo,40,203.5047111,305.6911499,227.6650142,346.6394509,0.03076382135,0.03179641761,0.95,0.9752096749,0.905006262
P1|largo|agg+ind|T1,3,aggregati,45,562.1379108,894.8809686,995.5175129,1414.304745,0.08911553159,0.09403340057,0.6444444444,0.8887291532,0.7128418211
P1|largo|agg+ind|T1,3,consumo,639,16.79995292,38.39239135,39.76264271,64.89147156,0.1536628841,0.1628005728,0.6684303351,1.632106776,1.195185536
P1|largo|agg+ind|T1,3,importazioni,639,6.58185193,19.00685248,34.03566988,48.69847286,0.2355155912,0.3108167596,0.6707616708,1.602517788,1.608697954
P1|largo|agg+ind|T1,3,investimento_ind,1764,5.265501942,20.36118753,46.42857127,112.9307803,0.6594755552,0.8654513607,0.1547619048,2.089203944,1.910312174
P1|largo|agg+ind|T1,3,investimento_tipo,36,170.185856,221.480778,180.2046691,230.5214495,0.2585910057,0.2906041207,0.3888888889,1.6555064,1.452665887
P1|largo|agg+ind|T1,3,produzione,639,40.91892572,71.58369149,68.23556616,104.7133568,0.1161639817,0.1157795913,0.6557120501,1.220558152,1.105012763
P1|largo|agg+ind|T1,3,scorte,99,36.61102684,47.2211387,46.59142419,56.19610145,0.1550772333,0.1625353861,0.3232323232,1.594125288,1.682028979
P1|largo|agg+ind|T1,3,stock_ind,1764,11.23952599,54.17748586,246.3122063,480.6579336,0.2132568028,0.3634855327,0.7193877551,1.530800978,1.437776978
P1|largo|agg+ind|T1,3,stock_tipo,36,347.4634504,499.6454298,381.5895681,556.6697071,0.05338387253,0.05606596057,0.8888888889,1.067005808,1.001673084
P1|largo|agg+ind|T1,4,aggregati,40,723.2829136,1198.24697,1358.296894,1924.603916,0.1080222962,0.1160240165,0.725,0.9033343531,0.7255260497
P1|largo|agg+ind|T1,4,consumo,568,20.50130965,46.20677767,51.36987066,80.19042586,0.181629849,0.1932822954,0.6686507937,1.497910358,1.181997648
P1|largo|agg+ind|T1,4,importazioni,568,7.284057189,21.8137123,38.0239053,57.50874494,0.2886343523,0.3654365645,0.6565096953,1.503860001,1.42419369
P1|largo|agg+ind|T1,4,investimento_ind,1568,5.990818999,20.77647795,49.05353411,112.3501608,0.7440821058,0.9726083903,0.1683673469,1.748149069,1.608260977
P1|largo|agg+ind|T1,4,investimento_tipo,32,202.9533934,257.8016975,218.7781708,273.6280454,0.3022336162,0.3430301789,0.34375,1.522018487,1.372458491
P1|largo|agg+ind|T1,4,produzione,568,51.66120696,86.07520319,87.61964868,126.9221501,0.1436378066,0.1449107536,0.6426056338,1.153545517,1.108558737
P1|largo|agg+ind|T1,4,scorte,88,41.55254096,51.88593138,50.81384106,59.77770004,0.1952335088,0.200206866,0.3636363636,1.370211409,1.418268537
P1|largo|agg+ind|T1,4,stock_ind,1568,15.77109482,74.54788009,355.5869756,662.4359381,0.2787830083,0.4321460143,0.6855867347,1.597005904,1.522207297
P1|largo|agg+ind|T1,4,stock_tipo,32,519.1271949,714.3959362,562.5004468,782.9217595,0.07998686846,0.08514163257,0.875,1.14359498,1.088899872
P1|largo|agg+ind|T1,5,aggregati,35,970.450622,1596.40799,1892.808785,2577.039333,0.1370152577,0.1490303041,0.6571428571,0.9611044176,0.798724302
P1|largo|agg+ind|T1,5,consumo,497,25.19904942,58.78261553,67.09882431,105.477901,0.2366055233,0.2381384634,0.6575963719,1.545293472,1.265808082
P1|largo|agg+ind|T1,5,importazioni,497,8.068972155,24.15167562,41.54062178,63.61784615,0.3540383804,0.3838540667,0.6380952381,1.42285794,1.337959214
P1|largo|agg+ind|T1,5,investimento_ind,1372,6.550074981,20.53426999,48.57805206,106.6230225,0.8211697955,1.117089988,0.1698250729,1.456363985,1.387741614
P1|largo|agg+ind|T1,5,investimento_tipo,28,239.108224,296.9257115,263.0892052,319.7706462,0.3486073383,0.3984940665,0.3214285714,1.438558441,1.335674715
P1|largo|agg+ind|T1,5,produzione,497,63.87923295,105.0811774,109.7225565,155.1832907,0.1752785374,0.1790491297,0.6197183099,1.1612302,1.154638926
P1|largo|agg+ind|T1,5,scorte,77,35.3841647,45.85395011,43.540642,52.07093948,0.1447374412,0.1622068139,0.09090909091,0.9840836067,0.960045869
P1|largo|agg+ind|T1,5,stock_ind,1372,20.6477103,94.78527482,468.7754437,841.1261576,0.3484247336,0.5421021532,0.638483965,1.660232069,1.581904518
P1|largo|agg+ind|T1,5,stock_tipo,28,727.013775,954.6111179,772.8010397,1024.566289,0.1125385643,0.1214535767,0.8214285714,1.224276793,1.181440729
P1|largo|agg+ind|T2,1,aggregati,55,280.0824971,426.3795176,450.2378241,637.4728377,0.04785229,0.04811955591,0.7090909091,1.026411843,0.7887769402
P1|largo|agg+ind|T2,1,consumo,781,10.39731167,22.95332533,22.63872454,36.2133456,0.1196343843,0.1174934699,0.6305916306,2.417660929,1.72780296
P1|largo|agg+ind|T2,1,importazioni,781,7.226364354,22.23818693,41.00943144,59.32093221,0.1951599213,0.185143709,0.6124497992,3.078995734,3.575270428
P1|largo|agg+ind|T2,1,investimento_ind,2156,2.360094186,5.825744525,11.33181641,20.79236018,0.3283592207,0.4221845469,0.09322820037,1.227004835,1.109470763
P1|largo|agg+ind|T2,1,investimento_tipo,44,46.50235388,60.07460659,48.20941204,63.2994818,0.07414003858,0.07402984695,0.4772727273,0.9819465768,0.9225405924
P1|largo|agg+ind|T2,1,produzione,781,23.26626623,44.99797706,36.8517651,61.16086962,0.07137152956,0.06860991436,0.6081946223,1.63015538,1.347601963
P1|largo|agg+ind|T2,1,scorte,121,35.64392566,45.04170909,44.59511274,52.93168815,0.1562640538,0.1583608152,0.2975206612,3.387225982,3.717381018
P1|largo|agg+ind|T2,1,stock_ind,2156,2.260030493,5.608053406,17.9065755,28.34844465,0.06868980552,0.104314178,0.8033395176,0.4585213256,0.318270559
P1|largo|agg+ind|T2,1,stock_tipo,44,41.88091538,55.30799161,36.9662717,48.70194018,0.008202118957,0.008394213109,0.8863636364,0.3503672221,0.2911596551
P1|largo|agg+ind|T2,2,aggregati,50,423.3177358,640.9830316,725.6776265,990.5931937,0.0688852881,0.07154224033,0.72,0.9258723357,0.7348206224
P1|largo|agg+ind|T2,2,consumo,710,13.06724629,27.83753749,28.33277137,42.06487737,0.1282520156,0.1326378734,0.6492063492,1.697013647,1.215690837
P1|largo|agg+ind|T2,2,importazioni,710,6.270954667,18.72587727,33.09397777,47.36564434,0.2169627273,0.2156989732,0.6615044248,1.993949419,2.025704212
P1|largo|agg+ind|T2,2,investimento_ind,1960,3.276746357,8.104981169,18.18543722,31.88693976,0.4233428396,0.6166657521,0.1224489796,1.100114784,1.045454169
P1|largo|agg+ind|T2,2,investimento_tipo,40,75.17882452,94.71551526,77.36154593,98.93048516,0.1177836881,0.1227858491,0.5,0.9715709962,0.8615754182
P1|largo|agg+ind|T2,2,produzione,710,31.61989204,55.10830129,51.97511425,77.61394623,0.09413806839,0.09115514409,0.6450704225,1.286876587,1.165185411
P1|largo|agg+ind|T2,2,scorte,110,34.25603496,44.85014579,42.87983455,53.07404893,0.1484748163,0.1537641225,0.3818181818,2.101741096,2.160621373
P1|largo|agg+ind|T2,2,stock_ind,1960,4.881661781,12.37631848,46.01514606,70.90542705,0.130058019,0.2227479628,0.7831632653,0.5164785897,0.4075619881
P1|largo|agg+ind|T2,2,stock_tipo,40,101.7019546,130.2156834,91.57148414,116.0643415,0.01950804803,0.02044900371,0.9,0.4154114186,0.3640118657
P1|largo|agg+ind|T2,3,aggregati,45,565.7563037,906.1781692,985.5562954,1427.416732,0.09152689087,0.09693386308,0.7333333333,0.8999486917,0.7057090763
P1|largo|agg+ind|T2,3,consumo,639,16.51960833,36.7855202,37.83279505,60.40423205,0.1524768175,0.1624070455,0.671957672,1.563796749,1.137178174
P1|largo|agg+ind|T2,3,importazioni,639,6.344006951,19.24997591,32.56790629,49.36236271,0.2633816146,0.318907487,0.6904176904,1.623016165,1.539324021
P1|largo|agg+ind|T2,3,investimento_ind,1764,4.126054412,10.6454537,25.90024861,45.81884845,0.4947436568,0.7272304348,0.1235827664,1.092299937,1.065670532
P1|largo|agg+ind|T2,3,investimento_tipo,36,110.343473,136.4464739,114.199946,143.3065283,0.1716494107,0.1846380598,0.4166666667,1.01989894,0.9205886097
P1|largo|agg+ind|T2,3,produzione,639,40.04010298,68.08631672,65.97553993,97.27125288,0.113824064,0.1134447528,0.6510172144,1.160925166,1.068413699
P1|largo|agg+ind|T2,3,scorte,99,36.92036283,47.41785684,46.16621938,55.65313656,0.1574016732,0.1648048326,0.3131313131,1.600766241,1.666678368
P1|largo|agg+ind|T2,3,stock_ind,1764,7.906503166,20.7556942,89.45857004,132.9721316,0.1855831112,0.3163397047,0.7585034014,0.5864583133,0.522188788
P1|largo|agg+ind|T2,3,stock_tipo,36,178.7118801,230.2500506,164.3753253,206.3963776,0.03369203258,0.03608979698,0.8611111111,0.4917049705,0.4314854303
P1|largo|agg+ind|T2,4,aggregati,40,749.449137,1207.640203,1376.644621,1928.241347,0.1149566808,0.123229587,0.75,0.9104157231,0.7353263771
P1|largo|agg+ind|T2,4,consumo,568,20.10695944,44.96183212,47.97566167,76.78391655,0.1823877018,0.1959410868,0.6686507937,1.457552278,1.103898424
P1|largo|agg+ind|T2,4,importazioni,568,6.931794966,20.80734814,34.85738535,53.56520282,0.3127018147,0.3732147456,0.6592797784,1.43448021,1.305590993
P1|largo|agg+ind|T2,4,investimento_ind,1568,4.848078893,13.06960958,32.21264817,59.74798613,0.5560289794,0.814401869,0.1339285714,1.099687149,1.056118503
P1|largo|agg+ind|T2,4,investimento_tipo,32,142.0000341,178.0434755,147.6626392,187.3700233,0.2170196884,0.2425208309,0.375,1.051139166,0.9263302745
P1|largo|agg+ind|T2,4,produzione,568,50.93821644,84.02528087,85.24039767,122.0201443,0.1407007324,0.1427152226,0.6338028169,1.126073276,1.078456591
P1|largo|agg+ind|T2,4,scorte,88,41.74594937,51.94542181,51.52345013,60.20302381,0.1941753536,0.1991287562,0.2954545455,1.371782441,1.438074483
P1|largo|agg+ind|T2,4,stock_ind,1568,11.23759342,31.25425987,154.7497019,221.7605891,0.2360004783,0.3764631975,0.7353316327,0.6695460353,0.6624571246
P1|largo|agg+ind|T2,4,stock_tipo,32,284.6803666,356.45789,270.5823623,325.3753227,0.0517181072,0.05636909679,0.84375,0.5706127832,0.5237988721
P1|largo|agg+ind|T2,5,aggregati,35,986.3662089,1601.960062,1889.907914,2571.892718,0.1457874726,0.1579906877,0.6285714286,0.9644469971,0.7975001977
P1|largo|agg+ind|T2,5,consumo,497,24.37368484,56.56502469,60.02892876,98.59535092,0.2383028915,0.2417694954,0.6553287982,1.486996838,1.132435686
P1|largo|agg+ind|T2,5,importazioni,497,7.900016977,23.82595606,40.80509838,63.25465319,0.3429664416,0.3713388895,0.6603174603,1.403668685,1.314269143
P1|largo|agg+ind|T2,5,investimento_ind,1372,5.439453624,15.30710155,38.40902498,72.14669384,0.6023944208,0.9348661877,0.1326530612,1.085634474,1.097240422
P1|largo|agg+ind|T2,5,investimento_tipo,28,180.1599858,218.914415,190.3488472,231.5301818,0.2689488627,0.3094937472,0.3928571429,1.060605961,0.9663799854
P1|largo|agg+ind|T2,5,produzione,497,62.89001693,104.3322732,107.1707291,153.3261978,0.1725768797,0.1770717961,0.6177062374,1.152954215,1.127785384
P1|largo|agg+ind|T2,5,scorte,77,35.87674179,46.22837486,44.32956737,52.59460327,0.1461241492,0.1636521997,0.06493506494,0.9921192341,0.9774412152
P1|largo|agg+ind|T2,5,stock_ind,1372,14.57606993,43.4422823,227.8414735,329.6589709,0.286096491,0.4693311557,0.7040816327,0.7609227313,0.7688616399
P1|largo|agg+ind|T2,5,stock_tipo,28,416.9515347,509.2386078,401.878196,473.5009066,0.07279969718,0.08077923823,0.8214285714,0.6530921317,0.6143822852
P1|largo|agg+ind|T3,1,aggregati,55,274.2734531,449.4731681,466.6903802,682.4546184,0.04459752879,0.04483944582,0.7090909091,1.082004561,0.8176003669
P1|largo|agg+ind|T3,1,consumo,781,9.497223294,21.85557046,21.43077449,35.10210076,0.1086283159,0.1042700708,0.6277056277,2.302035023,1.635611385
P1|largo|agg+ind|T3,1,importazioni,781,6.515929149,20.3851875,36.02190923,54.02295899,0.1832364197,0.1762803832,0.6004016064,2.822438068,3.140449948
P1|largo|agg+ind|T3,1,investimento_ind,2156,3.049133928,15.93913002,31.72490216,92.57769113,0.399893993,0.4519803308,0.1113172542,3.357062691,3.10610851
P1|largo|agg+ind|T3,1,investimento_tipo,44,77.39696509,124.9909624,72.85933073,117.7205105,0.1281448828,0.1455267525,0.4772727273,2.043033732,1.394244138
P1|largo|agg+ind|T3,1,produzione,781,23.19175997,45.32050245,37.36458564,64.65016456,0.07343407174,0.06974911022,0.6056338028,1.641839605,1.366354876
P1|largo|agg+ind|T3,1,scorte,121,35.30535365,43.95159023,43.96507477,52.10936054,0.157143401,0.1609314032,0.3884297521,3.305246878,3.664862006
P1|largo|agg+ind|T3,1,stock_ind,2156,2.942649461,15.67491197,66.28442866,140.317134,0.07205115945,0.1044103936,0.7987012987,1.28160003,1.178136052
P1|largo|agg+ind|T3,1,stock_tipo,44,72.41987574,121.8487514,89.7936788,149.2761913,0.0100872834,0.01026961532,0.9318181818,0.7718922219,0.7072473189
P1|largo|agg+ind|T3,2,aggregati,50,403.1868142,606.7882598,709.9943079,931.7877078,0.06386927975,0.06619453705,0.68,0.876479463,0.7189397057
P1|largo|agg+ind|T3,2,consumo,710,12.45268937,28.18714169,27.55174724,44.90592467,0.121983499,0.124438092,0.6492063492,1.718325989,1.182178976
P1|largo|agg+ind|T3,2,importazioni,710,6.240739631,18.76484395,32.8120439,47.73196281,0.2095942797,0.2115008738,0.6526548673,1.998098629,2.008446853
P1|largo|agg+ind|T3,2,investimento_ind,1960,4.038066777,18.7693183,40.24768286,107.7129547,0.5007286129,0.6455854273,0.1336734694,2.547619066,2.313780379
P1|largo|agg+ind|T3,2,investimento_tipo,40,111.5954363,159.8202696,108.3881284,154.4316368,0.1760193736,0.2043709526,0.525,1.639401297,1.207118419
P1|largo|agg+ind|T3,2,produzione,710,32.05757867,58.25839771,53.35907642,85.10456533,0.09497820698,0.0916952379,0.6464788732,1.360436926,1.196211269
P1|largo|agg+ind|T3,2,scorte,110,34.10607338,44.91849524,42.75957163,53.22127446,0.148849274,0.1536679567,0.3545454545,2.104944048,2.154561587
P1|largo|agg+ind|T3,2,stock_ind,1960,6.337260219,33.92269388,149.1336597,305.0507624,0.1366070897,0.2207735349,0.7785714286,1.415634635,1.32089575
P1|largo|agg+ind|T3,2,stock_tipo,40,169.5317978,269.8599283,207.3917385,327.5878205,0.02382471929,0.0247576889,0.95,0.8609016423,0.8244166223
P1|largo|agg+ind|T3,3,aggregati,45,537.7798859,871.7239865,971.9137701,1380.179891,0.08223562248,0.08702066349,0.6888888889,0.8657313626,0.6959403254
P1|largo|agg+ind|T3,3,consumo,639,16.30019055,38.97783584,39.26396527,66.95645434,0.1493637633,0.1567562224,0.6666666667,1.656994727,1.180196289
P1|largo|agg+ind|T3,3,importazioni,639,6.391362479,19.16032661,33.02345821,49.12440187,0.2302168866,0.3058011661,0.6707616708,1.615457596,1.56085571
P1|largo|agg+ind|T3,3,investimento_ind,1764,4.856928415,19.96205097,45.24575687,112.5582781,0.5870299489,0.8071603134,0.1439909297,2.048249669,1.861645056
P1|largo|agg+ind|T3,3,investimento_tipo,36,147.0991385,193.0064577,148.7196703,193.4525386,0.2231829526,0.2604628131,0.5,1.44266888,1.198859013
P1|largo|agg+ind|T3,3,produzione,639,40.19868778,71.35413231,66.97473821,104.1933007,0.1150717876,0.1140920386,0.6572769953,1.216643987,1.084594804
P1|largo|agg+ind|T3,3,scorte,99,37.24286146,46.85460236,46.52950782,55.17510911,0.1632890341,0.1709493062,0.2828282828,1.58175149,1.679793694
P1|largo|agg+ind|T3,3,stock_ind,1764,10.15478038,53.39040772,244.1254875,480.6324039,0.1965004432,0.3196781723,0.7522675737,1.508561851,1.425012633
P1|largo|agg+ind|T3,3,stock_tipo,36,290.5937205,439.385994,345.8696562,523.618892,0.04190781028,0.0443978348,0.9166666667,0.9383202158,0.9079082714
P1|largo|agg+ind|T3,4,aggregati,40,702.2179726,1152.053269,1313.032961,1841.446413,0.1016480803,0.1095198482,0.75,0.8685098486,0.7013485948
P1|largo|agg+ind|T3,4,consumo,568,20.68320903,47.62048433,52.20049509,82.84792146,0.1822908767,0.1925176655,0.6646825397,1.543739259,1.201109943
P1|largo|agg+ind|T3,4,importazioni,568,7.070101014,21.25042876,36.18821429,55.02731145,0.3004441817,0.3677805372,0.6592797784,1.465026648,1.355437482
P1|largo|agg+ind|T3,4,investimento_ind,1568,5.502074185,20.32654707,48.02884823,111.987514,0.6532390422,0.902108162,0.1568877551,1.710291533,1.574665797
P1|largo|agg+ind|T3,4,investimento_tipo,32,175.0506416,223.7728682,181.1356114,230.1893888,0.2577434541,0.3059033861,0.46875,1.32111792,1.136315872
P1|largo|agg+ind|T3,4,produzione,568,51.82424341,85.95403717,87.40340977,126.0847927,0.1442044893,0.1450218255,0.6408450704,1.151921699,1.105822895
P1|largo|agg+ind|T3,4,scorte,88,41.99266642,52.07050965,51.2705017,59.83075564,0.1993313988,0.2040460205,0.3295454545,1.375085779,1.431014423
P1|largo|agg+ind|T3,4,stock_ind,1568,14.24303833,73.50424255,354.3260927,662.3553792,0.2523504517,0.3858137772,0.725127551,1.574648524,1.516809671
P1|largo|agg+ind|T3,4,stock_tipo,32,437.9311578,626.6968292,511.2027223,732.7501602,0.06381684816,0.06875589081,0.90625,1.003207481,0.989596687
P1|largo|agg+ind|T3,5,aggregati,35,960.8074718,1582.889893,1884.491816,2550.707812,0.1291539834,0.1408801509,0.6857142857,0.9529659575,0.7952147216
P1|largo|agg+ind|T3,5,consumo,497,25.23733599,58.91197722,67.3104858,105.7495094,0.2558325923,0.2446803816,0.641723356,1.548694168,1.26980104
P1|largo|agg+ind|T3,5,importazioni,497,8.062881431,23.93737411,41.5332326,63.51384104,0.359055516,0.3863142169,0.6412698413,1.410232704,1.337721221
P1|largo|agg+ind|T3,5,investimento_ind,1372,6.008348117,19.95462593,47.42029572,106.1346545,0.725780514,1.042574564,0.1537900875,1.415253552,1.354667693
P1|largo|agg+ind|T3,5,investimento_tipo,28,207.4706292,258.1457059,220.3853172,271.1854869,0.2986660757,0.3564457424,0.4642857143,1.250675404,1.118871812
P1|largo|agg+ind|T3,5,produzione,497,63.67101579,104.4419142,108.546008,153.7826076,0.177068428,0.1799768227,0.6277665996,1.154165835,1.142257801
P1|largo|agg+ind|T3,5,scorte,77,35.38354404,45.85385132,43.54061095,52.07119282,0.1447292527,0.1621984936,0.09090909091,0.9840814866,0.9600451842
P1|largo|agg+ind|T3,5,stock_ind,1372,18.55737758,93.37823015,466.79383,840.9016002,0.3103934206,0.4876733719,0.6851311953,1.635586672,1.575217471
P1|largo|agg+ind|T3,5,stock_tipo,28,615.156142,833.9289457,701.7325277,952.882049,0.09031388966,0.09892118906,0.8928571429,1.06950342,1.072792797
P1|largo|agg|T1,1,aggregati,55,370.3351256,558.1992346,563.674948,804.5326367,0.06290513077,0.06287554153,0.5636363636,1.34373787,0.9875087721
P1|largo|agg|T1,1,consumo,781,13.5728972,29.48520284,30.3945895,48.29132967,0.1345194579,0.1382659272,0.6378066378,3.105659937,2.319735885
P1|largo|agg|T1,1,importazioni,781,7.967385153,24.39088885,41.87912031,62.86653686,0.2231617193,0.2086020616,0.5903614458,3.37704881,3.651091349
P1|largo|agg|T1,1,investimento_ind,2156,15.59111051,45.67778232,63.31680311,132.8587344,1.784179253,2.976173241,0.435528757,9.620548841,6.199195192
P1|largo|agg|T1,1,investimento_tipo,44,103.4663033,155.6414057,104.4783648,155.1048492,0.1753668393,0.1828976094,0.3409090909,2.54402907,1.999309439
P1|largo|agg|T1,1,produzione,781,28.8005827,52.38597623,46.50792151,74.00285673,0.08684688997,0.08159767216,0.5966709347,1.897802669,1.700710024
P1|largo|agg|T1,1,scorte,121,34.31050125,44.59088313,43.35059585,53.19278532,0.1544203665,0.1533308341,0.3140495868,3.353322974,3.613639975
P1|largo|agg|T1,1,stock_ind,2156,15.48073884,45.52766469,83.21714512,156.4598236,0.2664996012,0.9954263059,0.3849721707,3.722397712,1.47909729
P1|largo|agg|T1,1,stock_tipo,44,96.64044283,151.5458025,105.9900694,168.5318221,0.01509209407,0.01530244388,0.9318181818,0.9600182597,0.834815918
P1|largo|agg|T1,2,aggregati,50,539.7182559,783.1438314,879.2481561,1175.606575,0.0881300946,0.0905122829,0.6,1.131217478,0.890326026
P1|largo|agg|T1,2,consumo,710,16.49295486,33.8180148,34.43508499,51.67795377,0.1455051059,0.1581544191,0.6619047619,2.061591571,1.477526386
P1|largo|agg|T1,2,importazioni,710,8.965492186,28.42223832,49.32610668,74.86352668,0.2813054506,0.2983512167,0.592920354,3.026427268,3.01928353
P1|largo|agg|T1,2,investimento_ind,1960,15.27003141,48.208838,75.92522177,151.4213194,1.767683808,8.068491205,0.4040816327,6.54353839,4.364829871
P1|largo|agg|T1,2,investimento_tipo,40,148.8883005,201.3232583,152.4943372,206.7941172,0.2471931463,0.2588550513,0.425,2.065129858,1.6983292
P1|largo|agg|T1,2,produzione,710,44.30194601,78.59072664,71.47711295,109.3139929,0.1239255094,0.1335498025,0.6309859155,1.835232873,1.602383957
P1|largo|agg|T1,2,scorte,110,34.26368176,45.47648536,44.06500749,55.12644954,0.1483714943,0.1501735286,0.2818181818,2.131092252,2.220339654
P1|largo|agg|T1,2,stock_ind,1960,24.631172,69.18953163,179.3354655,319.8321199,0.4124224844,5.581613043,0.4147959184,2.887362002,1.588396977
P1|largo|agg|T1,2,stock_tipo,40,220.6014178,331.2552579,244.8810467,364.6738024,0.0334443628,0.03438349976,0.925,1.056763771,0.9734428521
P1|largo|agg|T1,3,aggregati,45,655.361259,992.5883981,1106.272764,1532.55916,0.1066395782,0.1120328741,0.6444444444,0.9857648977,0.7921482865
P1|largo|agg|T1,3,consumo,639,19.58381683,39.59577179,43.4292067,63.40953621,0.1742541383,0.1903673579,0.6737213404,1.683263928,1.305395119
P1|largo|agg|T1,3,importazioni,639,9.356753899,29.46134167,50.64792602,77.6246814,0.3049486867,0.3971970835,0.6142506143,2.483963304,2.393877226
P1|largo|agg|T1,3,investimento_ind,1764,15.41250383,52.1047807,79.83217361,155.8443604,1.744606904,12.25204642,0.3735827664,5.346324383,3.284709586
P1|largo|agg|T1,3,investimento_tipo,36,192.3457808,244.8092804,202.0309341,256.9114593,0.3129484026,0.3294041582,0.3888888889,1.829880382,1.628611775
P1|largo|agg|T1,3,produzione,639,52.12141465,91.3264491,85.33192494,128.9286855,0.1415199352,0.1557871549,0.6369327074,1.557187672,1.381872702
P1|largo|agg|T1,3,scorte,99,37.8289891,49.05772286,48.53330871,58.57336915,0.1607912216,0.1674659295,0.2929292929,1.656126022,1.752134285
P1|largo|agg|T1,3,stock_ind,1764,32.09264487,94.23345044,289.2892586,497.1913104,0.4998826996,8.165698063,0.4189342404,2.662594172,1.688643215
P1|largo|agg|T1,3,stock_tipo,36,374.3037865,537.5990986,416.1565996,586.1813418,0.05569646574,0.05796122565,0.8888888889,1.148056854,1.092411584
P1|largo|agg|T1,4,aggregati,40,807.3920793,1308.553803,1447.057357,2078.109068,0.1262502553,0.1344527921,0.675,0.986492462,0.7729369133
P1|largo|agg|T1,4,consumo,568,22.83407022,48.08616935,54.51426108,82.08077521,0.199919023,0.2206345141,0.6765873016,1.558835625,1.254348659
P1|largo|agg|T1,4,importazioni,568,9.380357674,30.53603102,51.05412281,83.30570791,0.32582415,0.4325922704,0.6260387812,2.10518572,1.912243337
P1|largo|agg|T1,4,investimento_ind,1568,15.77752464,52.97158035,83.91880787,160.7707866,1.740747191,11.63387716,0.3603316327,4.457070109,2.751348019
P1|largo|agg|T1,4,investimento_tipo,32,232.8129175,289.3822567,250.3001065,307.7030109,0.3719031188,0.3935528043,0.40625,1.708464874,1.570204674
P1|largo|agg|T1,4,produzione,568,61.15725217,105.5195275,103.2002259,152.6360771,0.1622576644,0.1766474664,0.6267605634,1.414130591,1.305683301
P1|largo|agg|T1,4,scorte,88,41.59587763,53.81485725,51.52379526,62.52802358,0.1881803229,0.1963760772,0.3295454545,1.421150771,1.438084116
P1|largo|agg|T1,4,stock_ind,1568,38.17637096,113.1414076,406.9817715,680.7281936,0.5494445009,8.025209964,0.4362244898,2.423777788,1.742219667
P1|largo|agg|T1,4,stock_tipo,32,570.4106773,775.5926366,618.3082557,831.9392913,0.08677617605,0.09124298036,0.8125,1.241557798,1.19693377
P1|largo|agg|T1,5,aggregati,35,943.5994309,1559.190889,1711.32349,2464.802134,0.15081084,0.1622393136,0.6571428571,0.9386981653,0.7221414394
P1|largo|agg|T1,5,consumo,497,26.70443279,59.70035866,70.60208403,107.7054637,0.2383820063,0.2489189442,0.6734693878,1.569419355,1.33189649
P1|largo|agg|T1,5,importazioni,497,11.80153679,37.17288331,65.39284613,101.5069563,0.3811415116,0.4528648367,0.5555555556,2.189981888,2.10620249
P1|largo|agg|T1,5,investimento_ind,1372,20.40187218,73.10100002,96.32230936,174.8109072,1.981522699,13.558983,0.2040816327,5.18458478,2.751664001
P1|largo|agg|T1,5,investimento_tipo,28,290.0259354,351.4936783,316.2940586,377.6543683,0.4604711797,0.4863378199,0.3214285714,1.70293167,1.605789855
P1|largo|agg|T1,5,produzione,497,76.50021596,126.3813029,126.3126898,180.9804639,0.2034537762,0.2251908083,0.5995975855,1.396613449,1.329221202
P1|largo|agg|T1,5,scorte,77,34.95776432,45.40407907,43.49314905,51.72490205,0.1412398423,0.1584244898,0.09090909091,0.9744288067,0.9589986769
P1|largo|agg|T1,5,stock_ind,1372,47.78176905,148.8724871,531.9165423,869.5714668,0.6120558285,10.41469373,0.387755102,2.607608383,1.79497709
P1|largo|agg|T1,5,stock_tipo,28,826.9117166,1064.71869,864.047519,1113.14432,0.1315811283,0.1393626942,0.5714285714,1.365488375,1.32093628
P1|largo|agg|T2,1,aggregati,55,344.2467101,512.1636444,552.3203846,752.0061636,0.05409152126,0.05420892124,0.6363636364,1.232917643,0.9676165789
P1|largo|agg|T2,1,consumo,781,12.99533309,28.74462412,29.17779074,46.78743443,0.1301671841,0.1335719716,0.6421356421,3.027655195,2.22686897
P1|largo|agg|T2,1,importazioni,781,8.152489861,24.36396082,42.95153553,62.99944509,0.2216793002,0.2132090737,0.5823293173,3.37332048,3.744586292
P1|largo|agg|T2,1,investimento_ind,2156,15.81467973,47.50783009,42.5812087,104.4676771,1.794881291,3.218600169,0.430890538,10.00598927,4.16902325
P1|largo|agg|T2,1,investimento_tipo,44,48.05955282,63.8776442,52.78641013,69.19241915,0.07349352551,0.07315536478,0.6136363636,1.044108944,1.01012653
P1|largo|agg|T2,1,produzione,781,27.54866114,50.37794526,42.90512036,68.12025653,0.08479885747,0.07998657868,0.6145966709,1.825057121,1.568962145
P1|largo|agg|T2,1,scorte,121,33.94057536,42.92751771,42.66606828,50.93622071,0.1547888039,0.1532207077,0.3140495868,3.228234591,3.556578794
P1|largo|agg|T2,1,stock_ind,2156,15.76097379,47.45707486,33.68192277,72.67402376,0.2699119257,0.9844087125,0.3812615955,3.880148654,0.5986607761
P1|largo|agg|T2,1,stock_tipo,44,44.16925985,59.2278328,35.67163492,49.45085695,0.00917001158,0.009384629213,0.9318181818,0.3751987849,0.28096263
P1|largo|agg|T2,2,aggregati,50,467.7763167,679.5746602,773.1830162,1016.171718,0.07477805669,0.07744393029,0.72,0.9816162782,0.7829245446
P1|largo|agg|T2,2,consumo,710,15.53242118,31.94604658,32.18180068,47.28360564,0.1396086909,0.1494017047,0.6587301587,1.947473876,1.380843395
P1|largo|agg|T2,2,importazioni,710,9.379159926,29.95176637,52.33706974,79.35467551,0.3043864572,0.3189656939,0.6172566372,3.189292885,3.203586566
P1|largo|agg|T2,2,investimento_ind,1960,14.46540952,47.12314675,49.50712144,113.522662,1.745948349,8.426628007,0.3979591837,6.396174075,2.84609195
P1|largo|agg|T2,2,investimento_tipo,40,72.27094457,95.82980279,77.95953198,102.5299703,0.1099157939,0.1136244648,0.725,0.9830011134,0.8682351879
P1|largo|agg|T2,2,produzione,710,43.42263119,79.31999848,68.0709609,105.918998,0.1227761255,0.1358117573,0.6464788732,1.852262664,1.526024362
P1|largo|agg|T2,2,scorte,110,35.51849133,46.25137856,45.30524246,55.09584998,0.1539627165,0.1566662233,0.2636363636,2.16740484,2.28283239
P1|largo|agg|T2,2,stock_ind,1960,23.91057105,64.96434021,67.79627027,118.1319175,0.4154809686,5.963276313,0.4153061224,2.711039705,0.6004801694
P1|largo|agg|T2,2,stock_tipo,40,97.4244688,131.4255099,82.47522585,112.605638,0.0188423848,0.01979328865,0.95,0.4192709827,0.3278527275
P1|largo|agg|T2,3,aggregati,45,549.2398847,922.8975647,970.7427996,1465.32538,0.08699970991,0.09200268496,0.7333333333,0.9165531505,0.6951018502
P1|largo|agg|T2,3,consumo,639,17.73015607,36.34316752,39.58318791,57.5581855,0.1585834109,0.1715006227,0.6701940035,1.544991805,1.189791484
P1|largo|agg|T2,3,importazioni,639,9.592158591,30.54884657,52.48626827,81.79716427,0.3104908216,0.4190292666,0.6240786241,2.575653706,2.480766581
P1|largo|agg|T2,3,investimento_ind,1764,15.02685817,50.43882173,54.17839708,117.3710065,1.721237367,11.86787251,0.3724489796,5.175385038,2.229180194
P1|largo|agg|T2,3,investimento_tipo,36,98.17485845,128.4358837,106.8834996,138.2136342,0.1472273583,0.1573155932,0.6944444444,0.9600220363,0.8616092723
P1|largo|agg|T2,3,produzione,639,52.90600903,93.20555662,84.96874424,128.2746079,0.1429663585,0.1643866881,0.6384976526,1.589227931,1.375991321
P1|largo|agg|T2,3,scorte,99,33.45638206,43.9084589,41.64424872,51.38759838,0.1469211231,0.1541462642,0.3636363636,1.482293452,1.503427602
P1|largo|agg|T2,3,stock_ind,1764,30.82638427,83.57168383,107.3998841,172.0227373,0.5133946152,7.773536601,0.4195011338,2.361342785,0.6269160717
P1|largo|agg|T2,3,stock_tipo,36,155.1432323,212.0871225,139.9680424,184.4779556,0.0270422344,0.02906970256,0.9444444444,0.4529175652,0.3674162829
P1|largo|agg|T2,4,aggregati,40,713.7491789,1228.484014,1342.624595,1975.99714,0.1074960056,0.114399461,0.775,0.9261294541,0.7171547863
P1|largo|agg|T2,4,consumo,568,20.92266668,45.65326284,48.19237988,76.51175575,0.1865134365,0.2033996853,0.6746031746,1.479966766,1.108885012
P1|largo|agg|T2,4,importazioni,568,9.272524902,28.94658199,48.89554339,78.89535655,0.3499461212,0.4687977239,0.6232686981,1.995607451,1.831393273
P1|largo|agg|T2,4,investimento_ind,1568,15.95222467,53.67909133,66.06953894,133.6969313,1.729033241,11.40500528,0.3494897959,4.516600636,2.166144869
P1|largo|agg|T2,4,investimento_tipo,32,125.2420768,166.3949775,135.1655184,178.3830712,0.1855555399,0.2067553317,0.75,0.9823683646,0.8479322352
P1|largo|agg|T2,4,produzione,568,63.46718242,109.533886,103.3152623,152.7746363,0.1675025791,0.1941793059,0.6373239437,1.467929421,1.307138734
P1|largo|agg|T2,4,scorte,88,37.83335722,47.9519632,45.38630321,54.22991796,0.1782726523,0.1850071831,0.3522727273,1.266322591,1.266780163
P1|largo|agg|T2,4,stock_ind,1568,37.04116659,99.96513205,156.944037,243.0451881,0.5747881452,7.595786131,0.4241071429,2.141508329,0.6718506992
P1|largo|agg|T2,4,stock_tipo,32,233.8598383,317.4614802,215.2206071,279.5015865,0.03886605545,0.04252700318,0.9375,0.5081878781,0.4166284538
P1|largo|agg|T2,5,aggregati,35,864.7251284,1520.604048,1617.441926,2441.793412,0.1344568835,0.1442006122,0.7142857143,0.9154672717,0.6825254532
P1|largo|agg|T2,5,consumo,497,24.6298472,56.16713049,60.11225575,98.27773652,0.2273886285,0.240114091,0.6621315193,1.476536886,1.134007636
P1|largo|agg|T2,5,importazioni,497,12.51063031,42.81755279,70.72214994,119.0217458,0.4155530759,0.5090840209,0.5873015873,2.522528702,2.277851128
P1|largo|agg|T2,5,investimento_ind,1372,22.01222395,85.15447853,92.87284744,179.6314249,1.979860227,9.659142344,0.2091836735,6.039460653,2.653122341
P1|largo|agg|T2,5,investimento_tipo,28,162.3909014,212.9272847,171.3938195,226.6499984,0.2484048037,0.2792498361,0.7142857143,1.031599255,0.8701474121
P1|largo|agg|T2,5,produzione,497,82.89453873,138.994833,132.3483963,191.8790599,0.2130744576,0.2552403777,0.5915492958,1.536002943,1.392736508
P1|largo|agg|T2,5,scorte,77,34.71792642,45.18713312,43.25220822,51.51992167,0.1400722919,0.1571439611,0.1038961039,0.9697728732,0.9536860716
P1|largo|agg|T2,5,stock_ind,1372,47.39656601,141.8829116,222.2946548,349.6811917,0.6456422243,7.580191914,0.3797376093,2.485180955,0.7501436423
P1|largo|agg|T2,5,stock_tipo,28,328.755172,458.5032142,311.4049243,413.1551579,0.05283422948,0.05836874427,0.8928571429,0.5880246252,0.4760687963
P1|largo|agg|T3,1,aggregati,55,324.1060468,513.2761086,516.1335604,749.9251835,0.05158832383,0.0518654334,0.6909090909,1.235595648,0.9042204558
P1|largo|agg|T3,1,consumo,781,12.6299612,28.54993513,28.60978634,46.39044037,0.1280381652,0.1288896232,0.6421356421,3.007148712,2.183518486
P1|largo|agg|T3,1,importazioni,781,7.973545927,24.19419235,42.11152721,62.39902259,0.218808653,0.2091939964,0.5903614458,3.349815129,3.67135297
P1|largo|agg|T3,1,investimento_ind,2156,15.95790744,49.19884485,62.63915219,139.0080399,1.790411412,2.960250228,0.4271799629,10.36214689,6.132848028
P1|largo|agg|T3,1,investimento_tipo,44,84.34367708,135.0328754,84.10751569,130.707393,0.1343392452,0.1531092679,0.5,2.207173335,1.609490638
P1|largo|agg|T3,1,produzione,781,28.37185665,53.36099701,45.39281105,74.78583521,0.08693356164,0.08111266667,0.6030729834,1.933125043,1.659932465
P1|largo|agg|T3,1,scorte,121,31.63377628,40.84901442,38.80082203,48.09444003,0.146862318,0.1474163634,0.3553719008,3.071927015,3.234377724
P1|largo|agg|T3,1,stock_ind,2156,15.90568833,49.09153176,84.56105159,158.7019043,0.268235457,0.9104967018,0.3812615955,4.013783855,1.502983815
P1|largo|agg|T3,1,stock_tipo,44,80.51408538,131.445933,92.98650829,155.4827609,0.01228276911,0.01249954684,0.9545454545,0.8326888224,0.7323951926
P1|largo|agg|T3,2,aggregati,50,460.3420863,685.6134343,777.0605264,1036.72779,0.07194830419,0.07440777036,0.7,0.990339027,0.7868509085
P1|largo|agg|T3,2,consumo,710,15.11253855,31.76689239,31.64684276,47.83219515,0.1343499821,0.1425464232,0.6619047619,1.936552396,1.357889642
P1|largo|agg|T3,2,importazioni,710,8.907289319,29.02035847,49.52384807,76.89919834,0.2823284442,0.29859755,0.6172566372,3.090115677,3.031387411
P1|largo|agg|T3,2,investimento_ind,1960,14.89898951,49.11055042,71.21924064,150.2495929,1.752704266,8.550317235,0.4025510204,6.665930675,4.094289903
P1|largo|agg|T3,2,investimento_tipo,40,119.5376325,170.9350133,121.7633237,171.5101858,0.1850982733,0.2117038158,0.525,1.753413902,1.356077949
P1|largo|agg|T3,2,produzione,710,42.4021172,76.51547215,66.29590808,102.6116083,0.1222924158,0.132788986,0.6352112676,1.786771999,1.486230978
P1|largo|agg|T3,2,scorte,110,35.04543997,45.83177599,45.12686261,55.140668,0.1493713794,0.1523435457,0.3,2.147741672,2.273844218
P1|largo|agg|T3,2,stock_ind,1960,24.62528556,71.51194103,177.7733223,321.3498855,0.4112119287,5.956931936,0.412755102,2.984278928,1.574560876
P1|largo|agg|T3,2,stock_tipo,40,181.6003337,285.5383777,209.1043649,334.0827632,0.02712432247,0.02816824336,0.95,0.9109187118,0.8312245968
P1|largo|agg|T3,3,aggregati,45,559.4398944,895.7538873,1003.674962,1407.220405,0.08464583609,0.08996583964,0.6888888889,0.889596071,0.7186829748
P1|largo|agg|T3,3,consumo,639,17.74334369,40.44293624,41.42451501,67.62735635,0.1564701016,0.1666093208,0.6754850088,1.719277908,1.245138095
P1|largo|agg|T3,3,importazioni,639,9.641137362,30.74486257,53.47831729,82.46555443,0.3047071303,0.4066424965,0.6339066339,2.592180331,2.527655837
P1|largo|agg|T3,3,investimento_ind,1764,15.36589402,52.29402268,74.55671546,154.0643029,1.733052028,11.84589949,0.3667800454,5.365741967,3.067649882
P1|largo|agg|T3,3,investimento_tipo,36,149.2990587,201.1822739,155.2831855,205.9680457,0.2255845013,0.2607394729,0.5555555556,1.503780803,1.251768822
P1|largo|agg|T3,3,produzione,639,50.78414062,90.21291593,81.66522946,124.1165757,0.1385445009,0.1564443738,0.6447574335,1.538201057,1.322493912
P1|largo|agg|T3,3,scorte,99,36.3678854,46.5028083,45.20149236,54.40401567,0.1581636691,0.1665367418,0.3131313131,1.569875372,1.631850096
P1|largo|agg|T3,3,stock_ind,1764,32.01971757,95.18326702,278.6317779,494.9861141,0.5078408819,7.714780943,0.4212018141,2.689431522,1.626433223
P1|largo|agg|T3,3,stock_tipo,36,296.7888114,454.875578,344.704671,527.7858054,0.04234247721,0.04476563132,0.9166666667,0.9713986253,0.9048501837
P1|largo|agg|T3,4,aggregati,40,698.2063503,1200.596145,1334.455561,1931.515594,0.09858700314,0.1065640654,0.775,0.9051053491,0.7127913465
P1|largo|agg|T3,4,consumo,568,21.61802483,47.42151286,53.24974673,81.61467396,0.187098696,0.2017685091,0.6765873016,1.537289093,1.225252752
P1|largo|agg|T3,4,importazioni,568,9.334721702,29.62528485,50.52009232,81.24057437,0.3419185048,0.4566681091,0.6121883657,2.042397932,1.892241108
P1|largo|agg|T3,4,investimento_ind,1568,16.24105808,54.92803935,82.56572025,163.0339384,1.742711177,11.33983898,0.3456632653,4.621688097,2.706985915
P1|largo|agg|T3,4,investimento_tipo,32,177.6254736,232.4418128,186.8084907,241.5869066,0.2618105391,0.3081895553,0.5625,1.372297932,1.171903478
P1|largo|agg|T3,4,produzione,568,62.32972865,106.0276287,101.3968186,148.014958,0.1672906165,0.1894725557,0.6338028169,1.420939961,1.282866696
P1|largo|agg|T3,4,scorte,88,41.05476898,51.4647547,49.82364988,59.21069497,0.1946717027,0.1992891592,0.3181818182,1.359088913,1.390631244
P1|largo|agg|T3,4,stock_ind,1568,38.83041899,116.5362875,385.0175555,676.4286285,0.5682417956,7.561460259,0.4183673469,2.496504783,1.648194598
P1|largo|agg|T3,4,stock_tipo,32,437.8325731,644.7442865,499.792462,737.053254,0.06245013711,0.06701887598,0.90625,1.032097597,0.9675084718
P1|largo|agg|T3,5,aggregati,35,850.9010483,1490.042378,1630.761594,2386.907832,0.1219173215,0.1332661093,0.7428571429,0.8970678679,0.6881460644
P1|largo|agg|T3,5,consumo,497,25.67448175,59.27310768,68.21100439,106.4629537,0.2426160553,0.2434121181,0.6689342404,1.558187664,1.286789173
P1|largo|agg|T3,5,importazioni,497,12.21495597,40.87075157,69.05749824,113.4544372,0.4094360612,0.492817729,0.5587301587,2.407835974,2.22423527
P1|largo|agg|T3,5,investimento_ind,1372,21.64946679,82.93154558,99.87949761,193.5670016,1.980546415,9.652597639,0.2077259475,5.881802285,2.853283105
P1|largo|agg|T3,5,investimento_tipo,28,210.3824811,271.0843644,222.5594901,285.2010031,0.3089223368,0.3654657939,0.6071428571,1.313361173,1.129909847
P1|largo|agg|T3,5,produzione,497,79.73015977,130.6257556,127.4520049,180.2177986,0.2107365353,0.2437303595,0.5955734406,1.443518012,1.341210511
P1|largo|agg|T3,5,scorte,77,34.74762395,45.26115825,43.38625478,51.65122078,0.1396492568,0.156708281,0.1168831169,0.9713615459,0.9566417203
P1|largo|agg|T3,5,stock_ind,1372,49.34582512,158.9232505,514.2481989,870.908596,0.6397650111,7.554051632,0.3731778426,2.783654712,1.735354444
P1|largo|agg|T3,5,stock_tipo,28,608.9881401,861.583365,691.1891653,967.9710323,0.08686297213,0.09412363691,0.8214285714,1.104969866,1.056674343
P1|largo|ind|T1,1,aggregati,55,300.3437538,479.0178318,490.9608124,730.6376217,0.05517577531,0.054287052,0.6363636364,1.153126628,0.8601200226
P1|largo|ind|T1,1,consumo,781,10.16367319,22.47526077,21.96980832,35.26226165,0.1119291458,0.1111059725,0.6305916306,2.367306657,1.676750816
P1|largo|ind|T1,1,importazioni,781,7.084506722,21.34884941,37.80406933,54.85367511,0.200924226,0.1880546745,0.6124497992,2.955862205,3.295821629
P1|largo|ind|T1,1,investimento_ind,2156,4.016512349,19.1414294,39.25362378,108.4974844,0.5754256923,0.6014716148,0.1716141002,4.031523579,3.843227451
P1|largo|ind|T1,1,investimento_tipo,44,138.8821451,196.8907086,141.5565183,198.0321749,0.2637249176,0.2460232976,0.3863636364,3.218267557,2.708841049
P1|largo|ind|T1,1,produzione,781,24.91048201,47.16092678,39.69169647,65.31122239,0.07788848892,0.07361381092,0.5966709347,1.708513216,1.451453083
P1|largo|ind|T1,1,scorte,121,33.93030019,44.17772048,42.26102207,52.05138722,0.1508852207,0.1542653513,0.4049586777,3.322252322,3.522814756
P1|largo|ind|T1,1,stock_ind,2156,3.90876222,18.88197671,79.99206799,165.020415,0.08553632751,0.145319497,0.7435064935,1.543813578,1.421774933
P1|largo|ind|T1,1,stock_tipo,44,133.3065357,193.8065562,141.8166339,209.733646,0.0223682582,0.02246887574,0.75,1.22773333,1.116998829
P1|largo|ind|T1,2,aggregati,50,453.0773446,724.1172901,791.335486,1141.789511,0.07690851906,0.07764689101,0.64,1.045956185,0.8013057219
P1|largo|ind|T1,2,consumo,710,13.06147875,27.35439533,28.09904088,42.1823812,0.124508802,0.1312905619,0.6492063492,1.667560653,1.205662025
P1|largo|ind|T1,2,importazioni,710,6.016259063,18.21929158,30.44997327,45.37993794,0.2242874992,0.2207079601,0.6415929204,1.940007688,1.863862952
P1|largo|ind|T1,2,investimento_ind,1960,4.843648041,19.98460443,44.12959001,111.4095115,0.6586101128,0.8452595633,0.1724489796,2.712573705,2.536945539
P1|largo|ind|T1,2,investimento_tipo,40,168.9946037,225.5078321,175.7207742,232.1246075,0.3074728654,0.2923850161,0.425,2.313209916,1.957001992
P1|largo|ind|T1,2,produzione,710,33.16657677,57.87359312,54.85113407,83.38256715,0.09814607744,0.09578339109,0.6450704225,1.351451057,1.229660427
P1|largo|ind|T1,2,scorte,110,34.30021426,44.17049072,43.4403335,52.86655156,0.1495517709,0.1533819742,0.3272727273,2.069891501,2.188863693
P1|largo|ind|T1,2,stock_ind,1960,8.135712545,38.31661748,169.4552145,335.1661532,0.1610783891,0.3168757571,0.7229591837,1.598998328,1.50088634
P1|largo|ind|T1,2,stock_tipo,40,286.5529025,400.792919,304.1139974,430.913502,0.04744694285,0.04813427473,0.775,1.2786014,1.208903674
P1|largo|ind|T1,3,aggregati,45,577.7719819,954.2501871,1023.029426,1514.625943,0.0971692236,0.100842917,0.6444444444,0.9476902409,0.7325417685
P1|largo|ind|T1,3,consumo,639,16.53936107,34.62349761,38.72434357,56.08051978,0.1501703048,0.1599577317,0.6666666667,1.471886566,1.16397634
P1|largo|ind|T1,3,importazioni,639,6.328721381,18.34119555,31.84890458,46.55110837,0.2633358702,0.3220717065,0.6535626536,1.5463945,1.505340363
P1|largo|ind|T1,3,investimento_ind,1764,5.551743319,20.39601066,46.70655843,110.7597124,0.7412562181,0.9540758105,0.1763038549,2.092777047,1.921750007
P1|largo|ind|T1,3,investimento_tipo,36,198.0290382,257.005764,207.5449329,267.6031177,0.3502790723,0.3399468152,0.4166666667,1.921045659,1.673061223
P1|largo|ind|T1,3,produzione,639,40.85490883,68.92747054,67.18325768,99.49650558,0.1186665518,0.1182249187,0.6541471049,1.175267499,1.087971587
P1|largo|ind|T1,3,scorte,99,37.77011137,48.70665513,48.17124588,57.73464658,0.1582123003,0.1653914599,0.303030303,1.644274424,1.739063206
P1|largo|ind|T1,3,stock_ind,1764,12.67348979,57.99944409,264.5452641,506.423228,0.2312282345,0.4361004294,0.6933106576,1.638791544,1.544207232
P1|largo|ind|T1,3,stock_tipo,36,457.6559591,622.8521937,483.2811434,664.592127,0.07558409509,0.07744850539,0.7777777778,1.330117056,1.268613594
P1|largo|ind|T1,4,aggregati,40,751.0254965,1255.293797,1392.732944,2021.38726,0.119871256,0.1265768748,0.7,0.9463408115,0.743919857
P1|largo|ind|T1,4,consumo,568,20.18744173,44.69431404,50.98659827,78.51636954,0.177084166,0.1911791074,0.6686507937,1.448879998,1.173178722
P1|largo|ind|T1,4,importazioni,568,6.709066049,20.57523566,32.91087008,53.4150847,0.32215733,0.3819642902,0.6454293629,1.418478134,1.232683838
P1|largo|ind|T1,4,investimento_ind,1568,6.172026196,20.20675013,47.81421591,105.8626542,0.8157829133,1.071058522,0.1868622449,1.700211725,1.567628897
P1|largo|ind|T1,4,investimento_tipo,32,230.0119966,287.2033698,244.396203,302.1319818,0.3978535489,0.3913403195,0.375,1.695601087,1.533167787
P1|largo|ind|T1,4,produzione,568,51.4189823,84.6672688,86.55587143,123.8487498,0.1432981713,0.1457432511,0.6338028169,1.134676942,1.095099889
P1|largo|ind|T1,4,scorte,88,37.42143523,48.84825069,48.24308869,58.25624479,0.1577226227,0.1676110677,0.3636363636,1.289991885,1.346516095
P1|largo|ind|T1,4,stock_ind,1568,17.43356376,77.65029149,370.9751478,676.9963022,0.2993573696,0.5283843691,0.6607142857,1.663467476,1.588081442
P1|largo|ind|T1,4,stock_tipo,32,649.0014189,858.9161959,688.0775373,910.4037792,0.1060315824,0.1095853735,0.75,1.374940981,1.331994572
P1|largo|ind|T1,5,aggregati,35,994.0574951,1632.03711,1908.761066,2625.171683,0.1494618899,0.1600162387,0.5714285714,0.9825546386,0.8054558193
P1|largo|ind|T1,5,consumo,497,24.53444619,56.60070565,65.17604589,102.5861144,0.2321274923,0.237332608,0.6575963719,1.487934828,1.229535189
P1|largo|ind|T1,5,importazioni,497,7.908327675,24.05379714,38.99674801,62.34288855,0.3699373382,0.3894822482,0.6349206349,1.417091584,1.256024973
P1|largo|ind|T1,5,investimento_ind,1372,6.808495455,20.16510065,47.85680558,100.2419741,0.9066432418,1.222882976,0.1924198251,1.430181172,1.367137582
P1|largo|ind|T1,5,investimento_tipo,28,266.0035242,325.9776947,287.3851759,347.2603846,0.448017951,0.4494978283,0.3928571429,1.579310737,1.459022664
P1|largo|ind|T1,5,produzione,497,64.42450624,105.4969777,109.798754,154.7180357,0.1777114622,0.184682669,0.6136820926,1.165825122,1.155440772
P1|largo|ind|T1,5,scorte,77,35.5691655,45.96266363,43.87952196,52.2832078,0.1451421558,0.1626279547,0.09090909091,0.986416736,0.9675179752
P1|largo|ind|T1,5,stock_ind,1372,22.52700063,97.20315208,477.2659291,843.0125878,0.3710250647,0.6527658968,0.612244898,1.702582923,1.610556056
P1|largo|ind|T1,5,stock_tipo,28,871.8547284,1118.130547,923.8643386,1174.60999,0.1409288237,0.1467712628,0.7142857143,1.433988411,1.412382879
P1|largo|ind|T2,1,aggregati,55,292.2015539,499.107521,497.5721317,758.0396162,0.05516587532,0.05180013736,0.7090909091,1.201487992,0.8717024706
P1|largo|ind|T2,1,consumo,781,9.622982017,21.23783946,20.2823125,32.18034999,0.1117650553,0.109216797,0.6277056277,2.236969762,1.54795998
P1|largo|ind|T2,1,importazioni,781,7.434531549,21.84180759,41.09859272,57.04969625,0.2126556025,0.1937855852,0.6064257028,3.024114897,3.583043656
P1|largo|ind|T2,1,investimento_ind,2156,2.853290244,8.031607773,15.7343686,34.12069781,0.4411281345,0.4680413109,0.1368274583,1.691598649,1.540514009
P1|largo|ind|T2,1,investimento_tipo,44,87.91599977,129.7917825,96.43953765,140.230101,0.162520192,0.1392493002,0.4090909091,2.121505304,1.845477562
P1|largo|ind|T2,1,produzione,781,24.39591461,48.57006413,39.1804093,68.13511528,0.07421383386,0.07064488734,0.590268886,1.759562463,1.432756242
P1|largo|ind|T2,1,scorte,121,35.93146396,45.32355548,44.47626786,52.78590369,0.1584780353,0.1615316622,0.3223140496,3.40842139,3.707474288
P1|largo|ind|T2,1,stock_ind,2156,2.77409988,8.01739668,27.26502354,51.31477609,0.07021130938,0.09834046811,0.7857142857,0.6555121871,0.4846071366
P1|largo|ind|T2,1,stock_tipo,44,86.39999127,129.0765491,72.05336495,112.1163769,0.01748365407,0.01764088588,0.7727272727,0.817679157,0.5675182247
P1|largo|ind|T2,2,aggregati,50,443.2666114,759.3101378,787.2504575,1200.34774,0.07867837805,0.0768786239,0.74,1.096790736,0.7971692251
P1|largo|ind|T2,2,consumo,710,12.20195533,25.3457861,26.73351344,38.13172923,0.1180980943,0.1239608029,0.6507936508,1.545113139,1.147070539
P1|largo|ind|T2,2,importazioni,710,6.471713177,19.31643221,33.47632391,48.10461453,0.2326279052,0.2233767309,0.6504424779,2.056832277,2.049107871
P1|largo|ind|T2,2,investimento_ind,1960,3.699389945,9.944677185,22.89964578,43.4017552,0.5247605933,0.6938730571,0.1433673469,1.349822556,1.316467119
P1|largo|ind|T2,2,investimento_tipo,40,107.8729744,160.0413305,112.2005588,171.3107932,0.2008317694,0.180067643,0.425,1.641668891,1.249577451
P1|largo|ind|T2,2,produzione,710,32.57180498,59.22356181,54.39738931,85.60033942,0.09426359994,0.09266386467,0.6464788732,1.38297522,1.219488313
P1|largo|ind|T2,2,scorte,110,34.69146939,44.61241255,43.68509859,52.69140827,0.1497270306,0.154246348,0.3272727273,2.090600581,2.201196872
P1|largo|ind|T2,2,stock_ind,1960,5.854576569,16.98188729,66.31092073,114.6490828,0.1375650027,0.2326305966,0.768877551,0.7086744909,0.58732424
P1|largo|ind|T2,2,stock_tipo,40,177.9226635,267.8244996,155.1532282,234.3488174,0.03553088717,0.03614734954,0.8,0.8544082589,0.6167598635
P1|largo|ind|T2,3,aggregati,45,593.8929233,1038.540845,1066.379839,1666.233861,0.1031891436,0.1040099272,0.7555555556,1.031401447,0.763582897
P1|largo|ind|T2,3,consumo,639,15.32932409,31.1557352,35.85556793,50.35826485,0.1409489023,0.1513778304,0.6649029982,1.324467812,1.07774668
P1|largo|ind|T2,3,importazioni,639,6.25695526,18.29384903,31.37845555,46.08132137,0.2691773527,0.3235025791,0.656019656,1.542402589,1.483104562
P1|largo|ind|T2,3,investimento_ind,1764,4.50041536,12.52481515,30.62248945,57.6883513,0.5956194324,0.7856689892,0.1439909297,1.285135907,1.259968006
P1|largo|ind|T2,3,investimento_tipo,36,139.9805933,196.4061952,143.3640935,207.0445877,0.2538555918,0.2400159009,0.3611111111,1.46808096,1.155686637
P1|largo|ind|T2,3,produzione,639,41.05719305,71.11750129,68.32193465,103.662217,0.1148260286,0.1159202999,0.6635367762,1.212609243,1.106411422
P1|largo|ind|T2,3,scorte,99,37.86509714,47.93235779,47.96956537,56.44500019,0.158537424,0.1663754515,0.3131313131,1.618135136,1.731782199
P1|largo|ind|T2,3,stock_ind,1764,9.290356959,27.59989988,121.3738423,196.7892212,0.19922684,0.3191435904,0.7443310658,0.7798433808,0.7084850517
P1|largo|ind|T2,3,stock_tipo,36,281.8333756,421.5412293,258.1417898,375.7484554,0.05522528933,0.05658615396,0.7777777778,0.9002122567,0.6776225145
P1|largo|ind|T2,4,aggregati,40,781.871504,1333.917342,1455.401076,2156.15251,0.1288524031,0.1324775704,0.75,1.005613525,0.7773936602
P1|largo|ind|T2,4,consumo,568,19.21680777,40.16537349,46.06472143,68.09065148,0.1724284671,0.1882889436,0.6666666667,1.302062858,1.059928547
P1|largo|ind|T2,4,importazioni,568,6.723697751,19.65522338,33.61236129,50.38733021,0.3102196528,0.3730187098,0.6620498615,1.355051531,1.258958344
P1|largo|ind|T2,4,investimento_ind,1568,5.236284156,14.95497939,37.2370882,71.12511375,0.6551577246,0.8677797155,0.1524234694,1.258323637,1.220848955
P1|largo|ind|T2,4,investimento_tipo,32,175.4436076,232.9311139,179.9879572,243.9432463,0.3088473226,0.3047951201,0.3125,1.375186684,1.129116307
P1|largo|ind|T2,4,produzione,568,52.39489028,87.26199345,88.34174217,128.7170285,0.1425709102,0.1461014371,0.6320422535,1.169450407,1.117694622
P1|largo|ind|T2,4,scorte,88,38.76961361,49.53155754,48.86785224,58.07609595,0.1634946082,0.1758117611,0.3295454545,1.308036754,1.363953912
P1|largo|ind|T2,4,stock_ind,1568,13.02640974,40.79454691,198.7081627,309.047898,0.2560337777,0.3678287234,0.71875,0.8739233389,0.8506358103
P1|largo|ind|T2,4,stock_tipo,32,409.5228874,595.4949536,393.0534434,544.520919,0.07776107222,0.080304884,0.78125,0.953259957,0.7608808961
P1|largo|ind|T2,5,aggregati,35,1008.991891,1642.955192,1921.21708,2638.020298,0.1596015581,0.1672801693,0.6285714286,0.9891277811,0.8107119873
P1|largo|ind|T2,5,consumo,497,23.57597379,55.38137373,59.87192562,98.80852739,0.2157961646,0.2274522012,0.6553287982,1.455880698,1.129473848
P1|largo|ind|T2,5,importazioni,497,7.873903129,23.77791173,38.52135561,61.0927199,0.3715199601,0.3852368143,0.6825396825,1.400838229,1.240713318
P1|largo|ind|T2,5,investimento_ind,1372,5.899786644,17.3145685,42.44769138,83.18597245,0.7145607076,0.9984876364,0.1501457726,1.228011221,1.212614036
P1|largo|ind|T2,5,investimento_tipo,28,212.4244825,275.0207559,220.3471024,288.5497284,0.3630757393,0.3724335258,0.3214285714,1.332432371,1.1186778
P1|largo|ind|T2,5,produzione,497,64.88264688,109.2768366,111.7843072,161.8644202,0.1705055743,0.1805393194,0.6197183099,1.207595556,1.176335263
P1|largo|ind|T2,5,scorte,77,35.42049362,45.83222892,43.63446798,52.10362002,0.1447791964,0.1622449615,0.07792207792,0.9836174427,0.9621146774
P1|largo|ind|T2,5,stock_ind,1372,17.01318755,56.00833368,288.9338529,440.2590439,0.3128565784,0.4648398239,0.6778425656,0.9810261337,0.9750207131
P1|largo|ind|T2,5,stock_tipo,28,563.1084095,795.0895917,558.6594031,744.3361709,0.103386113,0.1075860356,0.75,1.019692436,0.8540658442
P1|largo|ind|T3,1,aggregati,55,286.9416119,466.991881,493.513101,722.6491889,0.05156366805,0.05074600857,0.6909090909,1.124176883,0.864591407
P1|largo|ind|T3,1,consumo,781,8.984206789,19.91197007,19.81448219,31.34263073,0.1028419409,0.1003597695,0.6291486291,2.09731668,1.51225485
P1|largo|ind|T3,1,importazioni,781,6.886030777,20.68612122,36.77641517,53.2167222,0.1920656273,0.1822910046,0.6044176707,2.864103949,3.20622903
P1|largo|ind|T3,1,investimento_ind,2156,3.675204661,18.65633131,36.9672259,106.4775254,0.517101325,0.5289617346,0.1525974026,3.929353341,3.61937176
P1|largo|ind|T3,1,investimento_tipo,44,127.430128,188.7862982,127.4670365,187.7604706,0.246797195,0.2294192822,0.4090909091,3.085797307,2.439223181
P1|largo|ind|T3,1,produzione,781,23.60253456,44.84513995,37.24851353,62.03019675,0.07602382666,0.07139920133,0.595390525,1.624618503,1.36211033
P1|largo|ind|T3,1,scorte,121,33.35662717,43.34504281,41.74979203,51.23728905,0.1472970273,0.1493175494,0.3966942149,3.259633308,3.480199395
P1|largo|ind|T3,1,stock_ind,2156,3.590874361,18.40361524,77.11242295,161.6959778,0.07503841353,0.1054470536,0.7755102041,1.504702157,1.370592269
P1|largo|ind|T3,1,stock_tipo,44,125.5474203,187.1868601,134.9333666,204.1809219,0.02100848174,0.02111448148,0.7954545455,1.185798621,1.06278374
P1|largo|ind|T3,2,aggregati,50,421.3768824,706.8671592,776.9482522,1129.158609,0.06822738831,0.06885061559,0.7,1.021039116,0.7867372197
P1|largo|ind|T3,2,consumo,710,11.76317417,25.12194744,26.48103068,39.70720955,0.1149309129,0.1200352913,0.6492063492,1.531467634,1.136237113
P1|largo|ind|T3,2,importazioni,710,6.116243404,18.34439846,31.059982,45.1275542,0.2240568872,0.2174716082,0.6504424779,1.953329189,1.901201989
P1|largo|ind|T3,2,investimento_ind,1960,4.479041332,19.74660327,42.42238447,110.9925722,0.5978624077,0.7704539162,0.1556122449,2.680269052,2.438800791
P1|largo|ind|T3,2,investimento_tipo,40,146.2154087,209.4114002,143.4925971,209.7819048,0.2782615412,0.2657101719,0.475,2.148096245,1.598076834
P1|largo|ind|T3,2,produzione,710,32.02682555,56.75032058,52.77844673,81.29884464,0.09555740537,0.0931025982,0.6521126761,1.32522065,1.183194631
P1|largo|ind|T3,2,scorte,110,35.72743852,44.72126274,44.91650296,52.94045915,0.1553128629,0.1595834579,0.2636363636,2.095701455,2.263244654
P1|largo|ind|T3,2,stock_ind,1960,7.475188014,37.74831026,164.3078985,332.4476192,0.1462409591,0.2531232414,0.7596938776,1.575282187,1.455295909
P1|largo|ind|T3,2,stock_tipo,40,254.3851096,380.4626928,280.2361751,417.9064758,0.04185348849,0.04241655154,0.825,1.213744327,1.113985362
P1|largo|ind|T3,3,aggregati,45,557.1509773,943.4119563,1020.464699,1512.003268,0.08865827976,0.09207285665,0.7111111111,0.936926517,0.7307052918
P1|largo|ind|T3,3,consumo,639,15.47011909,33.37762871,37.46767724,55.0915181,0.1413485092,0.1487848829,0.6596119929,1.418923179,1.126203463
P1|largo|ind|T3,3,importazioni,639,5.895625088,17.31816358,28.67700684,42.61187293,0.2507461858,0.3114004211,0.6609336609,1.46013998,1.355420428
P1|largo|ind|T3,3,investimento_ind,1764,5.173338452,20.13301189,45.25177686,110.3281528,0.6753004855,0.889879823,0.1581632653,2.065791486,1.861892749
P1|largo|ind|T3,3,investimento_tipo,36,173.9340558,239.2786801,172.7927419,242.8329377,0.321274516,0.3121479981,0.4722222222,1.788540703,1.392916859
P1|largo|ind|T3,3,produzione,639,40.04603482,68.53042779,65.71666989,98.53573713,0.1160425324,0.1155562008,0.6697965571,1.168497608,1.064221535
P1|largo|ind|T3,3,scorte,99,37.60339578,47.04988416,47.19298463,55.13502625,0.1614172641,0.1686196685,0.2727272727,1.588343954,1.703746325
P1|largo|ind|T3,3,stock_ind,1764,11.65681912,57.29583799,258.6862508,503.9627585,0.2115673499,0.3632062401,0.7318594104,1.618910945,1.510006919
P1|largo|ind|T3,3,stock_tipo,36,399.7600047,587.736143,443.5099164,642.9750423,0.0654653843,0.0668579804,0.8333333333,1.255125817,1.164214074
P1|largo|ind|T3,4,aggregati,40,734.1436946,1231.688922,1377.658994,1989.738512,0.1119864431,0.1184091119,0.725,0.9285455704,0.7358681985
P1|largo|ind|T3,4,consumo,568,19.84255476,44.51446992,50.72568525,78.39190679,0.1749791934,0.1881786947,0.6607142857,1.443049893,1.167175231
P1|largo|ind|T3,4,importazioni,568,6.719197643,19.68963863,32.61233709,49.67614321,0.3216140787,0.3801855741,0.6371191136,1.357424154,1.221502219
P1|largo|ind|T3,4,investimento_ind,1568,5.785511791,19.89943548,46.56029833,105.2925785,0.7437200825,0.9838897153,0.1651785714,1.674354031,1.526518165
P1|largo|ind|T3,4,investimento_tipo,32,203.5049379,266.8615947,205.8242914,273.7726671,0.3658617131,0.3605472996,0.4375,1.575506619,1.291195074
P1|largo|ind|T3,4,produzione,568,51.40759937,84.18069245,85.64591465,122.1386625,0.143374528,0.1455835471,0.6355633803,1.12815604,1.083587168
P1|largo|ind|T3,4,scorte,88,39.17517698,49.41996657,48.75086239,57.49596509,0.1724215635,0.1821967304,0.3068181818,1.305089843,1.360688601
P1|largo|ind|T3,4,stock_ind,1568,16.03985924,76.78310596,362.2341618,674.2151035,0.2729284344,0.4296198774,0.705994898,1.644890149,1.550662769
P1|largo|ind|T3,4,stock_tipo,32,563.8595976,807.9706092,628.8955305,878.788634,0.09167839411,0.09433924163,0.8125,1.293388002,1.217428833
P1|largo|ind|T3,5,aggregati,35,985.4053814,1617.039387,1906.914843,2608.800543,0.1420354017,0.1524485567,0.6285714286,0.9735253814,0.8046767531
P1|largo|ind|T3,5,consumo,497,24.15367987,56.39662683,65.02042513,102.5246375,0.2256531932,0.2312275579,0.6485260771,1.482569949,1.226599429
P1|largo|ind|T3,5,importazioni,497,7.8998881,24.459103,38.97918945,63.4220328,0.3718033589,0.3881140425,0.6380952381,1.44096954,1.255459439
P1|largo|ind|T3,5,investimento_ind,1372,6.388366667,19.87760108,47.4090993,100.1487706,0.8189877354,1.120112628,0.1625364431,1.409790673,1.354347842
P1|largo|ind|T3,5,investimento_tipo,28,236.3948565,302.509434,243.766408,314.2478107,0.4123760443,0.4153036051,0.4642857143,1.4656107,1.237575017
P1|largo|ind|T3,5,produzione,497,63.89593315,104.5639981,108.2057323,152.6835234,0.1761397064,0.1828867885,0.6177062374,1.155514959,1.138676992
P1|largo|ind|T3,5,scorte,77,35.51060492,45.93427628,43.77786639,52.24540594,0.1449982113,0.1624754143,0.09090909091,0.9858075078,0.9652765289
P1|largo|ind|T3,5,stock_ind,1372,20.74983769,96.41259736,475.6850498,842.9183635,0.3356518178,0.5373649618,0.6618075802,1.68873579,1.605221305
P1|largo|ind|T3,5,stock_tipo,28,753.9329109,1048.31667,844.5680176,1131.828509,0.1215928263,0.1259180848,0.7857142857,1.34445299,1.29115646
P1|largo|nessuna|T1,1,aggregati,55,449.7995156,626.6559134,627.7935361,816.6787306,0.08214837365,0.08039018019,0.6363636364,1.508531776,1.099838881
P1|largo|nessuna|T1,1,consumo,781,15.33172903,31.31104809,33.83391152,50.87792123,0.1590584078,0.1628076178,0.6421356421,3.297975198,2.582227297
P1|largo|nessuna|T1,1,importazioni,781,8.710462466,29.53853313,48.15882102,82.21317576,0.2923692564,0.2467090807,0.5702811245,4.08976765,4.1985661
P1|largo|nessuna|T1,1,investimento_ind,2156,14.86866384,61.30739123,108.656628,244.7489141,1.791645392,3.130800908,0.4192949907,12.91242091,10.63830788
P1|largo|nessuna|T1,1,investimento_tipo,44,368.0756759,427.6886468,358.9986139,428.8798501,0.7521642946,0.6229638476,0.4545454545,6.990764093,6.86983682
P1|largo|nessuna|T1,1,produzione,781,34.44063177,63.24197998,57.894576,92.31726288,0.1001674478,0.09361043621,0.5979513444,2.291086414,2.11709925
P1|largo|nessuna|T1,1,scorte,121,35.98141806,46.25584878,44.87104653,54.55522586,0.1576565367,0.1627857431,0.3636363636,3.478531697,3.74038244
P1|largo|nessuna|T1,1,stock_ind,2156,14.82349492,61.19312381,195.896947,319.1623332,0.2488456238,1.317876974,0.3603896104,5.003224866,3.481862337
P1|largo|nessuna|T1,1,stock_tipo,44,364.673059,423.3754333,367.9788221,422.9481747,0.06924732124,0.06700422132,0.4545454545,2.682015205,2.898333589
P1|largo|nessuna|T1,2,aggregati,50,542.5754416,804.5339046,852.1590805,1164.716957,0.08769950297,0.09127931946,0.64,1.162114516,0.8628956483
P1|largo|nessuna|T1,2,consumo,710,17.8964638,37.26246282,41.37702662,62.32076215,0.1545598199,0.1674649598,0.6634920635,2.271569745,1.775388346
P1|largo|nessuna|T1,2,importazioni,710,10.69454565,37.9080302,60.30396714,105.3674635,0.3478516983,0.2999603237,0.5796460177,4.036483509,3.691245611
P1|largo|nessuna|T1,2,investimento_ind,1960,15.40009618,71.55451758,110.0632439,277.3832563,1.772980023,3.079450102,0.4015306122,9.712321478,6.327374797
P1|largo|nessuna|T1,2,investimento_tipo,40,390.6503928,481.1869183,384.6791977,490.2995523,0.812281632,0.6676631484,0.45,4.935909943,4.284171634
P1|largo|nessuna|T1,2,produzione,710,45.42443786,83.44567979,79.11895405,124.1171953,0.1272662377,0.1231457019,0.6394366197,1.948604641,1.773699824
P1|largo|nessuna|T1,2,scorte,110,34.97876956,46.40585984,44.21663697,55.07634865,0.1491460342,0.1569896824,0.3909090909,2.174644051,2.227979932
P1|largo|nessuna|T1,2,stock_ind,1960,24.91006056,98.01425366,381.700204,636.9851277,0.4032874267,1.672710963,0.3897959184,4.090252167,3.380767146
P1|largo|nessuna|T1,2,stock_tipo,40,664.3818774,779.1801775,717.5256604,833.724557,0.1185672063,0.1138904045,0.475,2.485724719,2.85228373
P1|largo|nessuna|T1,3,aggregati,45,669.8426418,1044.029433,1129.409149,1588.717338,0.1061150881,0.1114927145,0.7111111111,1.036852303,0.80871513
P1|largo|nessuna|T1,3,consumo,639,21.03980756,43.32420106,55.22689788,79.07808492,0.1754502019,0.192373594,0.6754850088,1.841763945,1.660010126
P1|largo|nessuna|T1,3,importazioni,639,10.14953046,37.16751928,55.7676569,104.5610883,0.3633277899,0.3920184802,0.6142506143,3.133691433,2.635861609
P1|largo|nessuna|T1,3,investimento_ind,1764,16.3395919,75.27228328,103.8369789,246.1503701,1.718540837,13.20164781,0.3871882086,7.723476387,4.27239175
P1|largo|nessuna|T1,3,investimento_tipo,36,339.1708349,426.9259601,332.9615782,439.6920013,0.7533671528,0.5868105917,0.5833333333,3.19115124,2.68406989
P1|largo|nessuna|T1,3,produzione,639,53.53763359,99.37145817,94.35501981,150.9183336,0.1446820595,0.1450765945,0.6197183099,1.694361394,1.527993494
P1|largo|nessuna|T1,3,scorte,99,38.98517561,49.88721581,49.54562567,59.30231405,0.1658866948,0.1745223616,0.3535353535,1.684128644,1.788680634
P1|largo|nessuna|T1,3,stock_ind,1764,33.10347985,119.8690894,482.3654593,818.4591858,0.5008756478,8.785433775,0.4041950113,3.386936775,2.815670253
P1|largo|nessuna|T1,3,stock_tipo,36,802.5310718,978.1787375,936.0911799,1103.421257,0.1262994038,0.1222545616,0.5833333333,2.08892613,2.457240495
P1|largo|nessuna|T1,4,aggregati,40,821.805417,1375.906474,1479.889824,2200.38052,0.1370680604,0.141482192,0.675,1.037268289,0.7904741764
P1|largo|nessuna|T1,4,consumo,568,22.31664851,44.62944841,61.22302431,83.62268259,0.1897872063,0.2114760523,0.6785714286,1.446777214,1.408714287
P1|largo|nessuna|T1,4,importazioni,568,10.98234486,39.99216634,60.96844614,112.4049289,0.4044148856,0.4620995661,0.6260387812,2.757101518,2.283586486
P1|largo|nessuna|T1,4,investimento_ind,1568,17.92575168,84.65704121,90.67712552,213.1682018,1.720153723,22.75647151,0.3660714286,7.123109513,2.972925093
P1|largo|nessuna|T1,4,investimento_tipo,32,325.1710058,408.9621979,333.1561811,429.8723495,0.6598532502,0.5409832005,0.4375,2.414445025,2.0899847
P1|largo|nessuna|T1,4,produzione,568,64.90484879,120.2456228,113.6957516,177.9186776,0.1719210568,0.180685474,0.6161971831,1.611483842,1.438472086
P1|largo|nessuna|T1,4,scorte,88,43.16355543,56.36571804,54.4000021,66.74340462,0.186610683,0.1978763276,0.3068181818,1.488514283,1.518362119
P1|largo|nessuna|T1,4,stock_ind,1568,40.79697112,134.9612003,504.8393027,834.8558798,0.5699407026,15.05919328,0.4139030612,2.891213453,2.161131095
P1|largo|nessuna|T1,4,stock_tipo,32,934.353316,1152.336926,1070.298402,1260.60116,0.142709821,0.1409402958,0.59375,1.844644765,2.07190554
P1|largo|nessuna|T1,5,aggregati,35,916.3149479,1551.527304,1594.56322,2447.817449,0.1647815515,0.1724518085,0.6571428571,0.934084366,0.6728711348
P1|largo|nessuna|T1,5,consumo,497,25.12821391,56.91315783,71.0772887,106.8473487,0.2111063183,0.2312946619,0.6712018141,1.496148657,1.340861146
P1|largo|nessuna|T1,5,importazioni,497,13.62598751,46.47453744,77.35589564,126.3629283,0.4314634874,0.5074867778,0.5523809524,2.737974194,2.491513823
P1|largo|nessuna|T1,5,investimento_ind,1372,23.47907469,106.9721118,104.8866371,211.5178706,1.985898739,36.22116033,0.2026239067,7.586845356,2.996323338
P1|largo|nessuna|T1,5,investimento_tipo,28,384.5342027,526.9950839,385.8724214,531.1265932,0.7465068635,0.6582186874,0.4285714286,2.553208419,1.959031486
P1|largo|nessuna|T1,5,produzione,497,82.45913644,152.400483,140.5809464,213.9773048,0.2007772133,0.2295861123,0.6096579477,1.684145988,1.479369768
P1|largo|nessuna|T1,5,scorte,77,35.22866059,45.34501426,43.62395196,51.65717626,0.1437656684,0.1611521215,0.06493506494,0.9731612014,0.9618828052
P1|largo|nessuna|T1,5,stock_ind,1372,49.63151782,155.8473834,512.5811805,853.359133,0.6353628741,26.5000103,0.3746355685,2.729778694,1.729729013
P1|largo|nessuna|T1,5,stock_tipo,28,1101.290192,1346.430385,1161.007622,1389.6574,0.1899787266,0.19307708,0.6071428571,1.726780093,1.774922161
P1|largo|nessuna|T2,1,aggregati,55,385.2689731,566.8743483,571.7153818,801.9360623,0.08046553774,0.07954667301,0.6909090909,1.364621236,1.001594903
P1|largo|nessuna|T2,1,consumo,781,9.085616387,20.29408401,19.27253894,30.36707199,0.1113771822,0.104794328,0.6277056277,2.137564527,1.470893369
P1|largo|nessuna|T2,1,importazioni,781,9.317489106,33.80046838,55.11840561,96.71322298,0.2917238043,0.2444227001,0.546184739,4.679855344,4.805314257
P1|largo|nessuna|T2,1,investimento_ind,2156,17.10853328,71.44476304,110.3491772,238.9603166,1.784044512,2.984300788,0.4141929499,15.04753071,10.80402129
P1|largo|nessuna|T2,1,investimento_tipo,44,372.8372519,456.4367202,385.2873398,489.3874872,0.6701417573,0.5867832656,0.5227272727,7.460664337,7.372900761
P1|largo|nessuna|T2,1,produzione,781,30.08188166,58.24827149,50.72774414,85.10941086,0.08326390874,0.08140629278,0.6081946223,2.11017782,1.855021256
P1|largo|nessuna|T2,1,scorte,121,38.22361155,52.07954325,49.12456734,63.45113203,0.1537676912,0.1641605119,0.5123966942,3.916485088,4.094949489
P1|largo|nessuna|T2,1,stock_ind,2156,17.07075421,71.34421233,190.5510408,291.1570958,0.2570518835,0.9851340501,0.3636363636,5.833190315,3.386844472
P1|largo|nessuna|T2,1,stock_tipo,44,369.7802135,452.8254444,368.8031657,439.8190671,0.06248355625,0.0625796576,0.4545454545,2.868576284,2.904826416
P1|largo|nessuna|T2,2,aggregati,50,583.1968282,924.7662674,939.640035,1365.34522,0.1124911533,0.1139931095,0.84,1.335784977,0.9514787974
P1|largo|nessuna|T2,2,consumo,710,11.65133358,24.83605588,28.71500553,41.13154753,0.1046092305,0.1108782851,0.6507936508,1.5140393,1.232091582
P1|largo|nessuna|T2,2,importazioni,710,13.29607324,56.02901347,82.35853861,165.5684435,0.3931727811,0.3276169479,0.5884955752,5.966023234,5.04122048
P1|largo|nessuna|T2,2,investimento_ind,1960,18.90483442,119.8941755,134.8986491,374.7716592,1.753263473,13.09725167,0.4010204082,16.27361647,7.75512589
P1|largo|nessuna|T2,2,investimento_tipo,40,484.5453425,706.539083,540.716915,816.7470174,0.8286230609,0.7062388176,0.6,7.247523057,6.021963452
P1|largo|nessuna|T2,2,produzione,710,48.52279732,103.7099397,86.08971473,155.8687037,0.1246574617,0.1283972641,0.6126760563,2.421811054,1.929971316
P1|largo|nessuna|T2,2,scorte,110,43.88544316,60.6395787,55.89409015,72.7531166,0.1693363073,0.1869512165,0.4909090909,2.841656195,2.816381338
P1|largo|nessuna|T2,2,stock_ind,1960,29.14611468,146.7030428,346.7791073,532.5085385,0.4097917992,9.597452586,0.4020408163,6.122093638,3.071466561
P1|largo|nessuna|T2,2,stock_tipo,40,683.8201447,959.9233178,680.5462905,894.2732381,0.1098863303,0.1141454673,0.425,3.062327801,2.70528459
P1|largo|nessuna|T2,3,aggregati,45,714.7131812,1247.801008,1146.678175,1868.945664,0.1480764674,0.149465552,0.8,1.239223061,0.8210806422
P1|largo|nessuna|T2,3,consumo,639,13.94776213,28.68871714,38.78695442,55.143442,0.1286719628,0.138349379,0.6649029982,1.219591904,1.165858297
P1|largo|nessuna|T2,3,importazioni,639,12.59623093,56.36438778,76.26638637,166.5084307,0.3914989782,0.412411272,0.601965602,4.752229972,3.604735273
P1|largo|nessuna|T2,3,investimento_ind,1764,19.02298783,132.0171581,111.5723481,372.2890382,1.738715815,16.20510321,0.358276644,13.54590772,4.590664951
P1|largo|nessuna|T2,3,investimento_tipo,36,452.68159,757.1374875,517.6305392,890.264003,0.8028118691,0.666249737,0.6111111111,5.659389351,4.172723326
P1|largo|nessuna|T2,3,produzione,639,56.24195937,112.1912054,99.66631281,167.5489445,0.1446952429,0.1523059497,0.6197183099,1.912948151,1.61400504
P1|largo|nessuna|T2,3,scorte,99,51.25667802,68.40595338,67.17204514,82.78226091,0.1925404246,0.2148493408,0.4242424242,2.309297555,2.4250241
P1|largo|nessuna|T2,3,stock_ind,1764,36.89855458,193.793086,415.1086334,652.7119582,0.50350403,10.82986418,0.4058956916,5.475681287,2.42307779
P1|largo|nessuna|T2,3,stock_tipo,36,903.9766531,1333.762627,917.092217,1232.03519,0.1354874301,0.1434445661,0.4722222222,2.848284773,2.407368194
P1|largo|nessuna|T2,4,aggregati,40,868.1205117,1537.911145,1454.54175,2360.448564,0.1615371428,0.1739669998,0.75,1.159400361,0.7769346563
P1|largo|nessuna|T2,4,consumo,568,17.56791936,36.50542745,52.40550463,72.65919441,0.1573246852,0.1694979205,0.6706349206,1.183416388,1.20582712
P1|largo|nessuna|T2,4,importazioni,568,13.28352194,59.29877768,81.2613084,175.2037359,0.4054890709,0.4962842778,0.6121883657,4.088119373,3.043660081
P1|largo|nessuna|T2,4,investimento_ind,1568,22.56234704,141.6310418,121.160045,296.0216353,1.753522725,41.79167711,0.3443877551,11.91694638,3.972333002
P1|largo|nessuna|T2,4,investimento_tipo,32,552.7650885,768.1858133,618.8976389,859.5121403,0.8502333054,0.8380431512,0.5,4.535241703,3.882523181
P1|largo|nessuna|T2,4,produzione,568,69.41122415,145.380348,120.8931701,198.721073,0.1778688418,0.1970607809,0.6320422535,1.948329397,1.529533409
P1|largo|nessuna|T2,4,scorte,88,52.37342844,68.54312612,67.4984179,82.00446937,0.2164019898,0.2320642072,0.4204545455,1.81009709,1.883952884
P1|largo|nessuna|T2,4,stock_ind,1568,44.71088099,175.3409923,374.7435913,575.3926328,0.5670205403,27.51962818,0.4119897959,3.756251681,1.604213506
P1|largo|nessuna|T2,4,stock_tipo,32,1034.152732,1310.431901,953.5300282,1195.975943,0.1725400886,0.1920839259,0.59375,2.097720979,1.845862934
P1|largo|nessuna|T2,5,aggregati,35,954.1494799,1710.283762,1551.274882,2517.633894,0.1849970616,0.1980407602,0.7428571429,1.029662397,0.654604394
P1|largo|nessuna|T2,5,consumo,497,21.75496858,52.8279171,64.83282623,101.8618099,0.1901069148,0.2044207506,0.6598639456,1.388754732,1.223060408
P1|largo|nessuna|T2,5,importazioni,497,16.22946099,62.11960823,96.96668987,176.6154388,0.4716749584,0.6425138421,0.5206349206,3.659678906,3.123147191
P1|largo|nessuna|T2,5,investimento_ind,1372,31.31312761,198.251858,173.0084556,344.78684,1.992816205,78.00335017,0.2004373178,14.06073193,4.942376717
P1|largo|nessuna|T2,5,investimento_tipo,28,717.2902403,976.4493858,736.4715518,1001.708001,1.19873506,1.199546849,0.4285714286,4.730743926,3.738984385
P1|largo|nessuna|T2,5,produzione,497,99.01248115,215.0132554,160.0023601,265.3323674,0.2273299435,0.2946738251,0.5814889336,2.376066691,1.683746342
P1|largo|nessuna|T2,5,scorte,77,34.83949584,45.07311953,42.93553807,51.22825254,0.1429489666,0.1602907865,0.09090909091,0.9673259977,0.9467036788
P1|largo|nessuna|T2,5,stock_ind,1372,57.27142561,233.884174,348.1587681,656.3023026,0.6412652209,61.19679568,0.3731778426,4.096649049,1.174877941
P1|largo|nessuna|T2,5,stock_tipo,28,1231.334057,1588.008724,995.2187817,1339.643222,0.2265321686,0.2772674934,0.6071428571,2.036601284,1.521467936
P1|largo|nessuna|T3,1,aggregati,55,367.2719183,517.2109013,534.1604664,727.5319326,0.07505272885,0.07678167985,0.6909090909,1.245067768,0.9358020045
P1|largo|nessuna|T3,1,consumo,781,8.850076197,19.88473197,19.88047603,31.25942318,0.1087824793,0.1006038193,0.6421356421,2.094447706,1.517291545
P1|largo|nessuna|T3,1,importazioni,781,8.967591138,33.48439046,53.47273072,96.51803266,0.2732211571,0.2327473675,0.5562248996,4.636092668,4.661841584
P1|largo|nessuna|T3,1,investimento_ind,2156,16.28392786,71.69329964,116.002154,264.3863427,1.785398001,2.622701941,0.4155844156,15.09987691,11.35749059
P1|largo|nessuna|T3,1,investimento_tipo,44,372.8353518,454.6761069,382.4729755,479.5574275,0.6886961529,0.6088564055,0.5,7.431886317,7.319044778
P1|largo|nessuna|T3,1,produzione,781,30.1455268,57.78662791,49.88679892,84.01294771,0.08585556953,0.08346205845,0.6081946223,2.093453718,1.82426942
P1|largo|nessuna|T3,1,scorte,121,41.15937119,54.83742563,52.42685863,66.35390584,0.1657173605,0.1784975332,0.4710743802,4.123883321,4.370223486
P1|largo|nessuna|T3,1,stock_ind,2156,16.24004203,71.6865127,202.6355667,331.7626552,0.248891716,0.9199540402,0.3580705009,5.861177213,3.601634219
P1|largo|nessuna|T3,1,stock_tipo,44,369.9075896,451.8385213,372.9889096,450.21318,0.06636626786,0.06534770026,0.4772727273,2.862324285,2.937794841
P1|largo|nessuna|T3,2,aggregati,50,486.5248041,763.7322024,755.0254955,1100.107157,0.08749723683,0.09768379662,0.82,1.103178217,0.7645382527
P1|largo|nessuna|T3,2,consumo,710,11.20628503,25.51743824,29.27826272,43.6032381,0.1030913339,0.1039623244,0.6619047619,1.555577283,1.256259589
P1|largo|nessuna|T3,2,importazioni,710,12.32763577,50.5240405,75.68815216,148.0530883,0.3784472162,0.3163109303,0.5774336283,5.379848418,4.632921725
P1|largo|nessuna|T3,2,investimento_ind,1960,18.63448441,112.5604478,143.4808052,377.1832476,1.764496736,11.66185264,0.3948979592,15.27818637,8.248501484
P1|largo|nessuna|T3,2,investimento_tipo,40,509.6105332,693.048957,555.4171523,782.8473272,0.837596258,0.7827841756,0.525,7.109144301,6.185679972
P1|largo|nessuna|T3,2,produzione,710,44.97731998,92.98714834,78.52382173,137.1615007,0.1236326186,0.1231564619,0.6197183099,2.171414856,1.760358064
P1|largo|nessuna|T3,2,scorte,110,44.51697309,60.31705979,56.5500886,72.21088031,0.1719991063,0.1923930558,0.5090909091,2.826542503,2.84943567
P1|largo|nessuna|T3,2,stock_ind,1960,28.81696489,148.7700678,412.7922236,690.7801321,0.405139903,8.449087438,0.3903061224,6.208353068,3.656153109
P1|largo|nessuna|T3,2,stock_tipo,40,745.8901368,979.840638,778.3993499,977.9378725,0.124134186,0.1243115666,0.5,3.12586763,3.094266761
P1|largo|nessuna|T3,3,aggregati,45,609.9518298,1024.385992,1001.911557,1520.187079,0.1051582961,0.1206790773,0.8666666667,1.0173439,0.7174202859
P1|largo|nessuna|T3,3,consumo,639,14.39228454,33.00362809,43.56882242,65.32734868,0.1301823711,0.1344616417,0.6754850088,1.403023963,1.309591688
P1|largo|nessuna|T3,3,importazioni,639,12.11682826,54.37898509,74.12151762,160.9296975,0.3897510141,0.4048059656,0.5896805897,4.584835443,3.503357924
P1|largo|nessuna|T3,3,investimento_ind,1764,18.59719663,126.9564952,116.7434841,360.4140783,1.719040719,16.10426168,0.3628117914,13.0266474,4.803432301
P1|largo|nessuna|T3,3,investimento_tipo,36,452.2466512,724.9227229,507.8532121,846.6568608,0.731461884,0.6831206961,0.6111111111,5.418593064,4.093906337
P1|largo|nessuna|T3,3,produzione,639,52.40295853,103.210565,91.89245778,151.7714121,0.138017411,0.1433652986,0.627543036,1.75982118,1.488114548
P1|largo|nessuna|T3,3,scorte,99,50.37162818,65.36266148,65.99436098,79.18871534,0.1863923053,0.2105020185,0.5151515152,2.20655991,2.382507716
P1|largo|nessuna|T3,3,stock_ind,1764,37.20707745,188.710803,550.6137093,894.5005798,0.5026804213,10.68743498,0.3951247166,5.332079872,3.214049872
P1|largo|nessuna|T3,3,stock_tipo,36,1007.128109,1345.093684,1085.0307,1343.252187,0.1527656327,0.1568990974,0.5277777778,2.872482539,2.848206917
P1|largo|nessuna|T3,4,aggregati,40,812.1310258,1417.075704,1404,2158.597262,0.1367784146,0.1543113856,0.725,1.068304946,0.7499380867
P1|largo|nessuna|T3,4,consumo,568,17.57276989,39.5410204,55.81979437,81.43401852,0.1524293526,0.1623090606,0.6785714286,1.281822863,1.284388393
P1|largo|nessuna|T3,4,importazioni,568,13.05745916,59.30168411,80.75251998,175.1070087,0.3956006889,0.478002823,0.6177285319,4.088319745,3.024603299
P1|largo|nessuna|T3,4,investimento_ind,1568,21.24428061,139.6679911,96.01482235,271.0523211,1.729294231,41.65702572,0.3514030612,11.75177377,3.14792593
P1|largo|nessuna|T3,4,investimento_tipo,32,495.7150409,744.0540579,562.1470681,837.7819929,0.7017030478,0.7256557059,0.46875,4.392771819,3.526510502
P1|largo|nessuna|T3,4,produzione,568,66.21038765,138.7806168,114.1953042,186.6874688,0.1721133675,0.1874133211,0.6267605634,1.859882434,1.444792396
P1|largo|nessuna|T3,4,scorte,88,45.88009376,61.22537194,60.74914803,74.47284049,0.1752648905,0.1940919125,0.4886363636,1.616848747,1.695573558
P1|largo|nessuna|T3,4,stock_ind,1568,44.93994964,186.6386416,543.2933397,877.0471163,0.5601466444,27.28779316,0.40625,3.998276171,2.32574628
P1|largo|nessuna|T3,4,stock_tipo,32,1151.424139,1424.106727,1175.616892,1401.492135,0.1791775427,0.193839732,0.625,2.279690045,2.275783228
P1|largo|nessuna|T3,5,aggregati,35,956.6978909,1690.508498,1615.17056,2541.492569,0.164290742,0.190028938,0.7428571429,1.017756861,0.6815669858
P1|largo|nessuna|T3,5,consumo,497,21.53882353,53.76630673,67.06929465,104.7730102,0.1845630961,0.1961373639,0.6712018141,1.413423375,1.26525101
P1|largo|nessuna|T3,5,importazioni,497,15.67289591,61.09215153,93.46398636,173.7253744,0.4480370798,0.5845116876,0.5396825397,3.599147912,3.010330525
P1|largo|nessuna|T3,5,investimento_ind,1372,28.69980924,186.9495478,122.8798817,282.7511457,1.985462545,78.86693799,0.2026239067,13.25913161,3.510340949
P1|largo|nessuna|T3,5,investimento_tipo,28,588.5922211,907.499475,619.2553477,936.4032834,0.8526214834,0.9369278369,0.4642857143,4.396692437,3.143890718
P1|largo|nessuna|T3,5,produzione,497,90.98616412,199.8894784,148.0197032,244.1665943,0.2140835126,0.2619796795,0.6016096579,2.208936982,1.557649736
P1|largo|nessuna|T3,5,scorte,77,34.84996445,45.0769314,42.93954977,51.22793549,0.1430310093,0.1603735415,0.09090909091,0.9674078053,0.9467921344
P1|largo|nessuna|T3,5,stock_ind,1372,56.325066,229.7172969,515.8603544,864.3360162,0.6392486625,61.72886965,0.3593294461,4.023663208,1.740794738
P1|largo|nessuna|T3,5,stock_tipo,28,1298.496828,1617.111886,1210.139054,1478.740097,0.2187925938,0.2562235102,0.6428571429,2.073925724,1.850033181
P1|stretto|agg+ind|T1,1,aggregati,55,265.3039803,423.6796957,435.7780343,646.843447,0.04911212269,0.04884305896,0.6727272727,1.019912635,0.7634446645
P1|stretto|agg+ind|T1,1,consumo,781,7.885883449,16.97855565,20.5396457,30.81359123,0.09191467257,0.08572747254,0.632034632,1.788341778,1.567599826
P1|stretto|agg+ind|T1,1,importazioni,781,5.616563608,18.52494389,30.90642843,49.03340648,0.1760256087,0.1660659452,0.6124497992,2.564877406,2.694473825
P1|stretto|agg+ind|T1,1,investimento_ind,2156,3.345323854,16.12734033,32.23554688,92.6418498,0.4613609509,0.5438420977,0.1354359926,3.396703112,3.156104501
P1|stretto|agg+ind|T1,1,investimento_tipo,44,88.33163686,143.3938211,86.72688891,141.2379104,0.1525972453,0.162040243,0.4545454545,2.343836768,1.659615251
P1|stretto|agg+ind|T1,1,produzione,781,21.1872257,39.24987507,34.51678903,56.68371177,0.07135669933,0.06524498249,0.6005121639,1.421917143,1.262216139
P1|stretto|agg+ind|T1,1,scorte,121,36.48740495,44.11450672,45.31755912,52.10632344,0.1644022985,0.1662411629,0.3884297521,3.317498522,3.777603052
P1|stretto|agg+ind|T1,1,stock_ind,2156,3.233947899,15.86241889,65.68998025,140.2113284,0.07794904354,0.1453808981,0.7755102041,1.296930826,1.167570356
P1|stretto|agg+ind|T1,1,stock_tipo,44,82.68500745,140.352927,96.57287323,160.1198627,0.01205094541,0.01219758365,0.9318181818,0.8891131956,0.7606426931
P1|stretto|agg+ind|T1,2,aggregati,50,393.9282183,626.3221236,685.5872115,991.1803418,0.06795186024,0.06977076707,0.7,0.9046952866,0.6942250982
P1|stretto|agg+ind|T1,2,consumo,710,10.0567184,21.86087121,23.73267315,35.75813465,0.1131326161,0.1102417347,0.6507936508,1.332668049,1.018311725
P1|stretto|agg+ind|T1,2,importazioni,710,5.535455144,16.49972625,28.63400475,42.64474408,0.2056932923,0.2073757783,0.6548672566,1.756906718,1.752706321
P1|stretto|agg+ind|T1,2,investimento_ind,1960,4.344810411,18.98349089,41.07921539,107.8941377,0.5616813859,0.7056933776,0.1464285714,2.576689391,2.361583967
P1|stretto|agg+ind|T1,2,investimento_tipo,40,128.9884356,184.7161319,130.2321442,185.9357364,0.2114453135,0.2304082077,0.5,1.894777596,1.45039519
P1|stretto|agg+ind|T1,2,produzione,710,29.702355,52.21816851,48.76135784,76.65369699,0.09325900116,0.08939858948,0.6450704225,1.21938686,1.093138968
P1|stretto|agg+ind|T1,2,scorte,110,33.81924927,43.56458038,42.47828351,51.5700616,0.1482139598,0.1526027343,0.3454545455,2.041497688,2.140388092
P1|stretto|agg+ind|T1,2,stock_ind,1960,6.938617402,34.29057469,149.6745195,304.9540309,0.1459663037,0.2627847886,0.7530612245,1.430986741,1.325686213
P1|stretto|agg+ind|T1,2,stock_tipo,40,198.0102983,311.21706,226.764438,351.7635822,0.02959889875,0.03043616128,0.925,0.9928383208,0.9014263222
P1|stretto|agg+ind|T1,3,aggregati,45,535.5298184,872.9975566,957.0046315,1390.842355,0.08683450815,0.09127292758,0.6888888889,0.8669961775,0.6852646141
P1|stretto|agg+ind|T1,3,consumo,639,13.51666542,34.47892736,34.64026976,60.76905322,0.138421397,0.1400012337,0.671957672,1.465740711,1.041217247
P1|stretto|agg+ind|T1,3,importazioni,639,5.598299498,17.07751661,29.266284,44.86134503,0.2112628227,0.2928786594,0.6805896806,1.4398504,1.383272648
P1|stretto|agg+ind|T1,3,investimento_ind,1764,5.203575168,20.2403384,46.02395715,112.7789481,0.6482862127,0.8314486813,0.1473922902,2.076803956,1.893664251
P1|stretto|agg+ind|T1,3,investimento_tipo,36,165.9071694,222.8260285,172.4963786,229.899288,0.2621085014,0.2886942507,0.4722222222,1.665561769,1.390527815
P1|stretto|agg+ind|T1,3,produzione,639,37.26028835,66.42619321,62.14687221,98.22578213,0.1121587295,0.1092547312,0.641627543,1.132618756,1.006411918
P1|stretto|agg+ind|T1,3,scorte,99,37.7275856,47.90455627,47.52143465,56.55100965,0.1613941391,0.1693454678,0.3131313131,1.617196592,1.715603925
P1|stretto|agg+ind|T1,3,stock_ind,1764,11.09053275,53.96170512,244.7269308,480.5474422,0.211913904,0.3531940581,0.7176870748,1.524704029,1.428523386
P1|stretto|agg+ind|T1,3,stock_tipo,36,337.9985658,507.2781935,378.3285279,564.830467,0.0516468441,0.05389325405,0.8888888889,1.083305773,0.9931128495
P1|stretto|agg+ind|T1,4,aggregati,40,714.2011183,1190.252299,1342.445331,1923.279576,0.1072520074,0.1145940826,0.725,0.897307331,0.7170590339
P1|stretto|agg+ind|T1,4,consumo,568,17.14458211,41.63987128,43.89913151,72.85221249,0.1663399823,0.1711054373,0.6726190476,1.349862459,1.010099296
P1|stretto|agg+ind|T1,4,importazioni,568,6.452599789,19.46226056,33.15943855,51.12707455,0.2664679943,0.3521885401,0.648199446,1.341748474,1.241994024
P1|stretto|agg+ind|T1,4,investimento_ind,1568,5.936913131,20.69690619,48.95142432,112.2916805,0.7334436118,0.9451139405,0.1645408163,1.741453839,1.604913222
P1|stretto|agg+ind|T1,4,investimento_tipo,32,200.2845009,259.0691097,212.0990505,272.3885979,0.3114715821,0.3444447843,0.4375,1.529501079,1.330558445
P1|stretto|agg+ind|T1,4,produzione,568,48.03573015,81.20620692,81.27535026,121.0647755,0.1395524077,0.1382489269,0.6355633803,1.088293173,1.02829104
P1|stretto|agg+ind|T1,4,scorte,88,42.67695277,52.74771255,52.33641737,61.09571986,0.2014117961,0.2066203458,0.2954545455,1.392969455,1.460765267
P1|stretto|agg+ind|T1,4,stock_ind,1568,15.59863001,74.32155524,355.5272782,662.3962091,0.2762634066,0.4270445544,0.6862244898,1.592157448,1.521951742
P1|stretto|agg+ind|T1,4,stock_tipo,32,506.278365,724.74569,558.3904861,794.9683675,0.077944208,0.08233185288,0.875,1.16016272,1.080943726
P1|stretto|agg+ind|T1,5,aggregati,35,964.1010107,1597.943741,1878.139331,2580.225375,0.1355796018,0.1463961594,0.6571428571,0.9620290036,0.7925341104
P1|stretto|agg+ind|T1,5,consumo,497,21.25669015,54.10899478,55.05497282,95.13661774,0.2238313644,0.2129988502,0.6734693878,1.422432052,1.038602841
P1|stretto|agg+ind|T1,5,importazioni,497,7.07319166,21.6667421,35.66292263,56.75402086,0.3444957463,0.3746582675,0.6380952381,1.276461995,1.148647611
P1|stretto|agg+ind|T1,5,investimento_ind,1372,6.533182515,20.47813251,48.62281343,106.5855692,0.8155235505,1.072175436,0.165451895,1.452382513,1.389020324
P1|stretto|agg+ind|T1,5,investimento_tipo,28,235.6612602,297.7862806,254.9258001,317.723024,0.35881766,0.3997435994,0.4285714286,1.442727763,1.294230013
P1|stretto|agg+ind|T1,5,produzione,497,60.45635182,100.5422386,102.8531549,148.8842257,0.1734489451,0.1743682105,0.6197183099,1.111071333,1.082350431
P1|stretto|agg+ind|T1,5,scorte,77,35.95346445,46.16676923,44.74919279,52.80274494,0.1455846693,0.1630200113,0.07792207792,0.9907970997,0.986693712
P1|stretto|agg+ind|T1,5,stock_ind,1372,20.49453617,94.56498765,469.1654631,841.130643,0.3445218412,0.5316760758,0.6406705539,1.656373581,1.583220657
P1|stretto|agg+ind|T1,5,stock_tipo,28,709.5627135,967.5446996,768.5033924,1041.916463,0.1097019103,0.1173398592,0.8214285714,1.24086395,1.174870583
P1|stretto|agg+ind|T2,1,aggregati,55,262.4017073,410.4503537,402.9054132,616.8548698,0.05074397972,0.05065506822,0.6727272727,0.9880659987,0.7058547328
P1|stretto|agg+ind|T2,1,consumo,781,8.393531847,17.75818018,21.74045113,31.85183731,0.09760360415,0.0906428757,0.6291486291,1.870459195,1.659246118
P1|stretto|agg+ind|T2,1,importazioni,781,6.147614241,20.91862439,34.95612437,55.38631695,0.1886861499,0.1740365523,0.6204819277,2.896295253,3.047533051
P1|stretto|agg+ind|T2,1,investimento_ind,2156,2.332445449,5.734912422,11.09103892,20.28966173,0.3372912559,0.4506620015,0.08951762523,1.207873987,1.08589682
P1|stretto|agg+ind|T2,1,investimento_tipo,44,46.13670154,61.97014339,48.12474707,65.83000415,0.07363206101,0.07337543177,0.5227272727,1.012929982,0.9209204343
P1|stretto|agg+ind|T2,1,produzione,781,21.19103944,38.21909323,33.50358418,52.51762627,0.07196458387,0.06560146259,0.6030729834,1.384574696,1.225165082
P1|stretto|agg+ind|T2,1,scorte,121,39.39592861,48.87316676,49.92468474,58.23104976,0.1725964396,0.1738655903,0.2809917355,3.675359209,4.161646063
P1|stretto|agg+ind|T2,1,stock_ind,2156,2.233007249,5.524972739,17.56858542,27.60128429,0.0682856101,0.1197385856,0.8024118738,0.4517285484,0.3122631406
P1|stretto|agg+ind|T2,1,stock_tipo,44,41.63965853,57.58881094,36.7350118,50.13480124,0.008068804967,0.008248858164,0.8863636364,0.3648158453,0.2893381689
P1|stretto|agg+ind|T2,2,aggregati,50,378.5126053,585.9032969,638.7606541,911.8912105,0.06614773801,0.06844209974,0.72,0.8463120352,0.6468085611
P1|stretto|agg+ind|T2,2,consumo,710,10.25653496,21.80493411,24.89784244,36.47869452,0.1143594659,0.1130002362,0.6428571429,1.329258049,1.068306327
P1|stretto|agg+ind|T2,2,importazioni,710,5.502250864,16.4242234,28.47847116,41.86380308,0.1986881088,0.201867138,0.6769911504,1.748867102,1.743186007
P1|stretto|agg+ind|T2,2,investimento_ind,1960,3.276076054,8.056534227,17.9904914,31.37889612,0.4318703005,0.6406098279,0.1219387755,1.093538928,1.034247019
P1|stretto|agg+ind|T2,2,investimento_tipo,40,75.06201898,96.49198693,77.66167198,101.4467564,0.1177055936,0.122414756,0.575,0.9897936532,0.8649179216
P1|stretto|agg+ind|T2,2,produzione,710,28.06737679,46.56734634,45.87017012,66.19919858,0.08728425092,0.08408046086,0.6647887324,1.087430139,1.028323916
P1|stretto|agg+ind|T2,2,scorte,110,34.94839599,44.69535937,43.72201592,52.66129062,0.1533839789,0.158543211,0.3272727273,2.094487586,2.203057056
P1|stretto|agg+ind|T2,2,stock_ind,1960,4.845552224,12.23468217,45.20633985,69.23032297,0.1305844911,0.2358722403,0.7826530612,0.5105679367,0.4003982889
P1|stretto|agg+ind|T2,2,stock_tipo,40,100.2622714,134.2530475,90.43233453,118.4569335,0.01908726453,0.01997923789,0.9,0.4282913354,0.3594835567
P1|stretto|agg+ind|T2,3,aggregati,45,529.7926967,865.6552002,916.0609063,1372.900144,0.08850524456,0.09335550249,0.7555555556,0.8597042958,0.6559467978
P1|stretto|agg+ind|T2,3,consumo,639,13.38939608,33.47912638,33.77369553,59.60558606,0.1382819877,0.1419813737,0.671957672,1.423237968,1.015169759
P1|stretto|agg+ind|T2,3,importazioni,639,5.460471326,16.78768621,27.47014178,42.93563217,0.2134668814,0.2905808831,0.7002457002,1.415414035,1.29837788
P1|stretto|agg+ind|T2,3,investimento_ind,1764,4.118923938,10.51919798,25.161609,44.60692162,0.5049536288,0.7280707763,0.1252834467,1.079345195,1.035279068
P1|stretto|agg+ind|T2,3,investimento_tipo,36,109.227193,137.847093,113.1723107,145.1134263,0.1700735135,0.1826644132,0.4722222222,1.030368174,0.9123046364
P1|stretto|agg+ind|T2,3,produzione,639,35.94733203,62.6365736,59.80458309,90.80283455,0.1059390236,0.1046064851,0.6635367762,1.068002766,0.9684806814
P1|stretto|agg+ind|T2,3,scorte,99,35.95224289,45.68439889,45.13719315,53.61623884,0.1548448865,0.1623136297,0.3131313131,1.542246917,1.629528786
P1|stretto|agg+ind|T2,3,stock_ind,1764,7.856208479,20.47738974,86.55078756,129.1098998,0.187013965,0.3121060046,0.7579365079,0.578594738,0.5052154404
P1|stretto|agg+ind|T2,3,stock_tipo,36,178.130675,236.2879418,162.1403712,208.9814908,0.03370859995,0.03602164073,0.8611111111,0.504599044,0.4256186732
P1|stretto|agg+ind|T2,4,aggregati,40,739.345581,1197.379621,1364.246401,1922.339431,0.1145125944,0.1222424951,0.725,0.9026804765,0.7287039431
P1|stretto|agg+ind|T2,4,consumo,568,16.87847723,40.82248524,43.43533641,72.38356367,0.1640271214,0.1711576016,0.6686507937,1.323364809,0.999427579
P1|stretto|agg+ind|T2,4,importazioni,568,6.393427628,19.77390331,33.08532144,52.45955793,0.273356943,0.3515700344,0.6537396122,1.363233448,1.239217952
P1|stretto|agg+ind|T2,4,investimento_ind,1568,4.834475222,13.03006739,31.59725738,59.2715264,0.5677492415,0.8199236754,0.1320153061,1.096360039,1.035942404
P1|stretto|agg+ind|T2,4,investimento_tipo,32,140.526574,179.7178637,146.2796577,189.3389763,0.214795687,0.2399273364,0.4375,1.061024476,0.9176544329
P1|stretto|agg+ind|T2,4,produzione,568,47.29881985,79.21471008,80.08162473,116.7520257,0.1336172423,0.1340863838,0.6355633803,1.061603927,1.013188093
P1|stretto|agg+ind|T2,4,scorte,88,43.06218716,53.0898712,52.93764327,60.93277743,0.1992423944,0.2043942011,0.2954545455,1.402005231,1.477546123
P1|stretto|agg+ind|T2,4,stock_ind,1568,11.16510741,30.87414056,149.6749132,216.5932712,0.2398909656,0.3723482288,0.7321428571,0.661402909,0.6407328179
P1|stretto|agg+ind|T2,4,stock_tipo,32,283.2608178,363.9128817,265.8833765,327.6806172,0.05186101762,0.05636942338,0.84375,0.5825466292,0.5147024793
P1|stretto|agg+ind|T2,5,aggregati,35,987.0176982,1610.372648,1889.529355,2588.211399,0.1460303576,0.1573018149,0.6285714286,0.9695117255,0.7973404536
P1|stretto|agg+ind|T2,5,consumo,497,20.39963982,52.77804577,52.02657813,92.75927282,0.2152449352,0.2096904367,0.6666666667,1.3874437,0.9814726821
P1|stretto|agg+ind|T2,5,importazioni,497,7.002069962,21.96637288,36.72698041,59.04697048,0.3309075727,0.35877461,0.6476190476,1.29411427,1.182919267
P1|stretto|agg+ind|T2,5,investimento_ind,1372,5.493025958,15.3755608,39.05804346,72.32838316,0.6234921081,0.9440365572,0.1362973761,1.090489849,1.115781098
P1|stretto|agg+ind|T2,5,investimento_tipo,28,180.4904294,221.7896569,190.1298156,234.5542923,0.2716247006,0.3109924686,0.4642857143,1.074536056,0.9652679862
P1|stretto|agg+ind|T2,5,produzione,497,59.41175353,100.5298343,100.9674612,148.2622208,0.1681359779,0.1710483227,0.6177062374,1.110934255,1.062506787
P1|stretto|agg+ind|T2,5,scorte,77,36.32206525,46.52607482,45.34130881,53.31047836,0.1466011736,0.164050547,0.01298701299,0.9985082509,0.9997495263
P1|stretto|agg+ind|T2,5,stock_ind,1372,14.54610275,43.14828999,220.4433543,324.6613967,0.2916418256,0.4651235241,0.7026239067,0.7557732452,0.7438963428
P1|stretto|agg+ind|T2,5,stock_tipo,28,415.3294215,519.6289931,395.2547634,477.4479364,0.07324032804,0.08100833686,0.8214285714,0.6664176705,0.6042565315
P1|stretto|agg+ind|T3,1,aggregati,55,242.2468209,399.907365,397.9782369,602.3988025,0.04357138132,0.04337057894,0.7272727273,0.9626861481,0.6972227547
P1|stretto|agg+ind|T3,1,consumo,781,7.865656436,17.65875714,20.30156152,30.93726963,0.09576602063,0.08666462925,0.632034632,1.859987022,1.549429078
P1|stretto|agg+ind|T3,1,importazioni,781,5.646309444,19.0182451,31.50794325,50.622246,0.1687874805,0.1637798515,0.6144578313,2.633177593,2.746914888
P1|stretto|agg+ind|T3,1,investimento_ind,2156,3.068505425,15.91610396,31.67083738,92.49711049,0.4065393777,0.4786337519,0.1141001855,3.352212996,3.100815157
P1|stretto|agg+ind|T3,1,investimento_tipo,44,78.63965231,125.6242445,74.52683098,118.6785498,0.1306543689,0.1475337838,0.4772727273,2.053385014,1.426153606
P1|stretto|agg+ind|T3,1,produzione,781,21.17476796,39.84371816,34.50477446,57.82458767,0.07269012999,0.06550731449,0.6120358515,1.443430477,1.261776788
P1|stretto|agg+ind|T3,1,scorte,121,35.96919098,44.0896721,44.56792971,52.04857798,0.1627985263,0.1653167314,0.4297520661,3.315630909,3.715115081
P1|stretto|agg+ind|T3,1,stock_ind,2156,2.963693291,15.65690444,66.32082604,140.2384842,0.07160026005,0.1214495097,0.7959183673,1.280127712,1.178782977
P1|stretto|agg+ind|T3,1,stock_tipo,44,73.78695844,122.5100716,91.2124221,149.8317159,0.01021535599,0.01039809375,0.9318181818,0.776081579,0.7184218516
P1|stretto|agg+ind|T3,2,aggregati,50,370.9302534,563.4884469,649.5608905,870.3405357,0.06114821529,0.06311599626,0.7,0.8139347514,0.6577448724
P1|stretto|agg+ind|T3,2,consumo,710,10.24069642,25.58813295,24.43055846,43.53119569,0.1132989595,0.110212851,0.6476190476,1.559886928,1.048256299
P1|stretto|agg+ind|T3,2,importazioni,710,5.467646969,16.58936775,27.89145366,42.20204284,0.2011457184,0.2039953805,0.6769911504,1.766451831,1.707254279
P1|stretto|agg+ind|T3,2,investimento_ind,1960,4.076181878,18.76081794,40.27873081,107.7028298,0.5025274941,0.6457828143,0.1321428571,2.546465286,2.31556528
P1|stretto|agg+ind|T3,2,investimento_tipo,40,114.1649387,161.661466,111.4855229,156.8668256,0.1808808038,0.2085680861,0.55,1.658287886,1.241614098
P1|stretto|agg+ind|T3,2,produzione,710,29.49396846,52.83673956,48.78138425,77.61946702,0.0912619501,0.08720283685,0.661971831,1.233831592,1.093587923
P1|stretto|agg+ind|T3,2,scorte,110,34.16660564,43.66833873,42.73080065,51.64362512,0.1502341177,0.1552805842,0.3272727273,2.046359951,2.15311188
P1|stretto|agg+ind|T3,2,stock_ind,1960,6.401365304,33.89889709,149.1586375,304.9649363,0.1357059092,0.2246845096,0.7739795918,1.414641566,1.321116981
P1|stretto|agg+ind|T3,2,stock_tipo,40,173.7374043,272.3335085,210.7938893,329.2995351,0.02459710821,0.02555209784,0.95,0.8687928075,0.8379407371
P1|stretto|agg+ind|T3,3,aggregati,45,521.8082136,840.2775258,941.0342856,1335.116117,0.08122943873,0.08594010628,0.7111111111,0.834501079,0.6738290238
P1|stretto|agg+ind|T3,3,consumo,639,13.83567255,35.06232161,34.98733355,61.17230091,0.1403783269,0.140982078,0.6596119929,1.490541503,1.051649291
P1|stretto|agg+ind|T3,3,importazioni,639,5.626633013,17.14277396,29.34173931,44.79753029,0.2122231837,0.2926825367,0.683046683,1.445352419,1.386839048
P1|stretto|agg+ind|T3,3,investimento_ind,1764,4.887064568,19.94838559,45.24494031,112.5460551,0.5888572503,0.7803424148,0.1439909297,2.046847503,1.861611458
P1|stretto|agg+ind|T3,3,investimento_tipo,36,149.5753271,195.3245969,151.7467901,196.3317222,0.2280616378,0.2645193535,0.5277777778,1.459996318,1.223261231
P1|stretto|agg+ind|T3,3,produzione,639,37.56563943,66.82975494,62.48144888,98.84366105,0.1141636252,0.1107208037,0.6463223787,1.139499801,1.011830082
P1|stretto|agg+ind|T3,3,scorte,99,37.86067576,47.80552386,47.75389205,56.33759284,0.1668754239,0.17256227,0.3232323232,1.613853384,1.723996029
P1|stretto|agg+ind|T3,3,stock_ind,1764,10.2515647,53.35435882,243.8783049,480.5450258,0.19614423,0.3119104493,0.7482993197,1.507543279,1.423569775
P1|stretto|agg+ind|T3,3,stock_tipo,36,297.5758414,444.2019785,351.19846,526.9533984,0.04327358316,0.04582327954,0.9166666667,0.948604876,0.9218963879
P1|stretto|agg+ind|T3,4,aggregati,40,694.4523914,1132.407785,1299.982669,1812.512465,0.1007476408,0.108433719,0.75,0.8536995128,0.69437786
P1|stretto|agg+ind|T3,4,consumo,568,17.72846386,45.09705417,45.61714608,79.13001594,0.1702332826,0.1733073227,0.6666666667,1.461935845,1.049630039
P1|stretto|agg+ind|T3,4,importazioni,568,6.509966044,20.11504362,33.91487214,53.31745482,0.2748451534,0.3546970309,0.6537396122,1.386752016,1.270288954
P1|stretto|agg+ind|T3,4,investimento_ind,1568,5.5463332,20.32075912,48.07368823,111.9927729,0.6599742473,0.8801633308,0.1568877551,1.70980453,1.576135913
P1|stretto|agg+ind|T3,4,investimento_tipo,32,178.3761475,227.1955088,185.1483637,234.3091492,0.2642727878,0.3112744386,0.5,1.341324623,1.161489023
P1|stretto|agg+ind|T3,4,produzione,568,48.06565866,81.60631648,81.33951798,121.1536577,0.1390714796,0.1374401939,0.639084507,1.093655281,1.029102886
P1|stretto|agg+ind|T3,4,scorte,88,43.7207216,53.99053494,52.91865594,61.57391991,0.2060700441,0.2123084384,0.2840909091,1.425790094,1.477016167
P1|stretto|agg+ind|T3,4,stock_ind,1568,14.38367874,73.46116038,354.1590179,662.2780099,0.2531825262,0.3799538915,0.71875,1.573725594,1.516094452
P1|stretto|agg+ind|T3,4,stock_tipo,32,447.910042,634.7512949,518.4048833,738.3655925,0.0658809674,0.07092635498,0.90625,1.016100957,1.003538778
P1|stretto|agg+ind|T3,5,aggregati,35,952.9038662,1588.22159,1866.993183,2556.730596,0.1288359117,0.1398314391,0.6857142857,0.956175862,0.7878306773
P1|stretto|agg+ind|T3,5,consumo,497,21.6867899,54.93084755,56.09678461,96.85141361,0.2454538572,0.2227826947,0.6689342404,1.444037142,1.058256446
P1|stretto|agg+ind|T3,5,importazioni,497,6.976484179,20.70538503,35.29995039,54.58866017,0.3420571068,0.3734624409,0.6349206349,1.219825156,1.136956836
P1|stretto|agg+ind|T3,5,investimento_ind,1372,6.080072465,19.95406986,47.53566801,106.1393023,0.7375887398,1.00136978,0.1588921283,1.415214113,1.357963563
P1|stretto|agg+ind|T3,5,investimento_tipo,28,210.8839902,261.8006048,224.4524752,275.5310202,0.3058993904,0.362228631,0.5,1.268382815,1.139520322
P1|stretto|agg+ind|T3,5,produzione,497,60.46033053,100.3545227,102.5024996,148.4702019,0.1755748575,0.1752748255,0.6217303823,1.108996923,1.078660394
P1|stretto|agg+ind|T3,5,scorte,77,35.94516356,46.16219846,44.74130806,52.79865005,0.1455239567,0.1629583654,0.09090909091,0.9906990052,0.9865198582
P1|stretto|agg+ind|T3,5,stock_ind,1372,18.78411957,93.33391182,466.5923111,840.833717,0.311516222,0.4762871017,0.6800291545,1.634810405,1.574537436
P1|stretto|agg+ind|T3,5,stock_tipo,28,627.9119827,845.0261212,711.8505407,961.3314718,0.09276321513,0.1014782182,0.8928571429,1.083735409,1.088260986
P1|stretto|agg|T1,1,aggregati,55,343.4609908,488.5803574,533.6928382,721.7064604,0.06285088003,0.062448511,0.5818181818,1.176146237,0.9349827612
P1|stretto|agg|T1,1,consumo,781,9.842773647,19.2693432,26.06532125,35.73100428,0.09722796661,0.09604241383,0.6464646465,2.029629151,1.989323167
P1|stretto|agg|T1,1,importazioni,781,6.657636106,21.98601692,36.00266456,57.34859482,0.1911388306,0.1839687478,0.5963855422,3.044081449,3.138772165
P1|stretto|agg|T1,1,investimento_ind,2156,15.64176972,47.78847575,65.19612186,139.654613,1.789136714,2.695048872,0.4336734694,10.06509821,6.38319475
P1|stretto|agg|T1,1,investimento_tipo,44,103.0247114,157.1627545,104.8866089,157.1537842,0.1749392776,0.1813378803,0.3409090909,2.568896204,2.007121642
P1|stretto|agg|T1,1,produzione,781,24.94326749,43.89852606,38.0249544,60.68250771,0.08607187669,0.07881725173,0.590268886,1.590325235,1.39050336
P1|stretto|agg|T1,1,scorte,121,36.05038361,47.0054523,47.06798109,57.53020817,0.1552350133,0.1548175097,0.3884297521,3.534903371,3.923515575
P1|stretto|agg|T1,1,stock_ind,2156,15.53293758,47.64343791,82.4500547,158.2580707,0.2646762701,0.6207967122,0.3858998145,3.895385926,1.465463064
P1|stretto|agg|T1,1,stock_tipo,44,96.19885091,153.2109883,104.5441831,169.2832101,0.01509040527,0.01529707028,0.9545454545,0.9705669436,0.8234275974
P1|stretto|agg|T1,2,aggregati,50,471.3572764,678.8521418,738.3836794,1021.334425,0.08559937331,0.08724828758,0.58,0.9805726316,0.7476867621
P1|stretto|agg|T1,2,consumo,710,11.74823876,23.37514627,29.8407108,41.28856513,0.116482464,0.1181704248,0.6634920635,1.42498029,1.280392878
P1|stretto|agg|T1,2,importazioni,710,7.514628197,24.06443277,40.15426684,63.33422797,0.262520774,0.28741565,0.5707964602,2.562403942,2.457869163
P1|stretto|agg|T1,2,investimento_ind,1960,15.4695372,50.3064296,76.77724478,156.1853158,1.778829725,7.888260958,0.4030612245,6.828251146,4.413811427
P1|stretto|agg|T1,2,investimento_tipo,40,150.7358317,204.0532034,155.1272912,210.2050019,0.2513750125,0.2609838627,0.425,2.093133037,1.727652404
P1|stretto|agg|T1,2,produzione,710,38.5921083,70.504978,61.00942248,98.43926665,0.1176232122,0.12483605,0.6366197183,1.646416299,1.367717802
P1|stretto|agg|T1,2,scorte,110,36.30625733,48.01074603,48.03313114,58.96106947,0.1532610769,0.1551507125,0.2727272727,2.249851282,2.420284753
P1|stretto|agg|T1,2,stock_ind,1960,24.37032716,74.05200665,175.4962847,322.6417469,0.4090638233,5.414545894,0.4219387755,3.090278907,1.554392864
P1|stretto|agg|T1,2,stock_tipo,40,220.4875573,335.0412404,241.7317722,366.4803766,0.03366857549,0.03456681177,0.9,1.068841735,0.9609239624
P1|stretto|agg|T1,3,aggregati,45,585.3524505,900.3600994,981.6521875,1397.126724,0.1021063936,0.106381807,0.5777777778,0.8941706179,0.7029135339
P1|stretto|agg|T1,3,consumo,639,14.32489516,33.5945501,37.73371989,60.91900966,0.142505532,0.1472962948,0.6737213404,1.428144769,1.134200173
P1|stretto|agg|T1,3,importazioni,639,7.512070027,23.67880226,40.91986646,64.35246388,0.2593848252,0.3699577243,0.6167076167,1.996422178,1.934079914
P1|stretto|agg|T1,3,investimento_ind,1764,15.22510885,50.05804046,78.40712205,155.4513595,1.755200727,11.2978333,0.3645124717,5.136314147,3.226075575
P1|stretto|agg|T1,3,investimento_tipo,36,194.0452194,249.022499,205.1106016,262.3760603,0.3165895691,0.3305177886,0.3888888889,1.861373003,1.653437591
P1|stretto|agg|T1,3,produzione,639,45.94542907,83.10686185,74.9409061,118.203531,0.1299305302,0.1425694975,0.6463223787,1.417037255,1.213599628
P1|stretto|agg|T1,3,scorte,99,38.07965522,48.16041548,48.8746745,57.78248113,0.1637311812,0.1696867919,0.2929292929,1.625834072,1.764458165
P1|stretto|agg|T1,3,stock_ind,1764,32.09273563,99.41865639,280.4150564,498.3843398,0.5035723229,7.603630426,0.4183673469,2.809103708,1.636842601
P1|stretto|agg|T1,3,stock_tipo,36,380.3615097,546.9505499,413.8793417,590.0642249,0.05753916015,0.05967800021,0.8611111111,1.168027122,1.086433779
P1|stretto|agg|T1,4,aggregati,40,752.4669828,1238.610992,1348.728476,1977.900705,0.1247581014,0.1318420684,0.625,0.9337639795,0.7204151375
P1|stretto|agg|T1,4,consumo,568,17.20613709,40.84286372,44.45572457,71.9835579,0.1696655695,0.1757818694,0.6785714286,1.324025429,1.022906252
P1|stretto|agg|T1,4,importazioni,568,8.135152588,26.12812491,44.98867475,72.38617671,0.2873958432,0.4063890352,0.5900277008,1.801300091,1.685060653
P1|stretto|agg|T1,4,investimento_ind,1568,15.18233342,49.39858122,80.40020636,159.2787864,1.727684808,7.900010065,0.3679846939,4.156435174,2.635987738
P1|stretto|agg|T1,4,investimento_tipo,32,233.4825283,294.9213995,253.6073517,315.4878572,0.3734271425,0.3917927994,0.40625,1.741167055,1.590951977
P1|stretto|agg|T1,4,produzione,568,54.79430956,96.04344205,90.98778323,138.9694653,0.1565144642,0.1665120557,0.6355633803,1.287135876,1.151172181
P1|stretto|agg|T1,4,scorte,88,44.21084042,56.29080035,55.13117147,65.68964086,0.2065441961,0.2105144607,0.2954545455,1.486535845,1.538769837
P1|stretto|agg|T1,4,stock_ind,1568,38.13428782,113.9782175,388.4797589,676.8876602,0.5577710939,5.538333829,0.4323979592,2.441704392,1.663015701
P1|stretto|agg|T1,4,stock_tipo,32,570.8656745,789.4621213,607.7654947,837.5770013,0.08775294253,0.09177851713,0.8125,1.263759874,1.176524877
P1|stretto|agg|T1,5,aggregati,35,928.4222005,1539.597057,1717.712658,2443.254368,0.1500978218,0.1601830191,0.5714285714,0.9269018584,0.7248375297
P1|stretto|agg|T1,5,consumo,497,19.75825854,51.39149643,50.42968613,90.82669682,0.2057152378,0.2044076592,0.6734693878,1.350993712,0.951347582
P1|stretto|agg|T1,5,importazioni,497,11.6315393,35.99474735,65.69777875,99.10797768,0.3935172385,0.4557911285,0.5333333333,2.120573863,2.116023899
P1|stretto|agg|T1,5,investimento_ind,1372,20.27019922,71.69056678,92.02856431,166.8546624,1.979273003,2.567241091,0.2040816327,5.084551802,2.62900349
P1|stretto|agg|T1,5,investimento_tipo,28,292.06707,360.2847072,320.9667479,389.1940788,0.4654527807,0.4873530722,0.3571428571,1.745522825,1.62951258
P1|stretto|agg|T1,5,produzione,497,71.97685576,120.3104776,118.1988224,172.2435519,0.1983818492,0.2184585948,0.5995975855,1.329526023,1.243836871
P1|stretto|agg|T1,5,scorte,77,35.94583648,46.13575594,44.83667747,52.75828896,0.1447316144,0.1621352609,0.1168831169,0.9901315153,0.9886226984
P1|stretto|agg|T1,5,stock_ind,1372,47.65965673,149.1091044,515.7063492,867.1644749,0.6186008851,2.032153652,0.3826530612,2.611752904,1.74027504
P1|stretto|agg|T1,5,stock_tipo,28,830.961185,1088.15379,856.6361673,1126.475811,0.1331233069,0.1401837337,0.5714285714,1.395543597,1.309605974
P1|stretto|agg|T2,1,aggregati,55,271.8462033,416.9738656,424.7755185,620.793786,0.04836213233,0.04810762779,0.6909090909,1.003769872,0.7441692275
P1|stretto|agg|T2,1,consumo,781,9.23073836,18.41364834,23.75258112,33.0199859,0.09711908891,0.094089025,0.6421356421,1.939499289,1.812813257
P1|stretto|agg|T2,1,importazioni,781,7.009072701,22.0054142,36.8942834,56.94945952,0.2058022947,0.1972284216,0.6104417671,3.046767107,3.216504979
P1|stretto|agg|T2,1,investimento_ind,2156,15.81250967,46.93689452,42.60467339,101.3620768,1.792943601,2.879887067,0.4294990724,9.88574014,4.171320621
P1|stretto|agg|T2,1,investimento_tipo,44,41.2041878,63.1291388,45.93639827,69.02412302,0.06260008449,0.06202841994,0.7727272727,1.031874285,0.8790439519
P1|stretto|agg|T2,1,produzione,781,23.51556714,40.09267614,35.32241742,52.77211671,0.08143789825,0.07459281264,0.6261203585,1.452449554,1.291676502
P1|stretto|agg|T2,1,scorte,121,36.51696898,46.24188827,46.91565447,55.479442,0.1588478533,0.158445083,0.3553719008,3.47748184,3.910817859
P1|stretto|agg|T2,1,stock_ind,2156,15.76754288,46.87682212,34.46600086,71.41519902,0.2723243955,0.6036921004,0.3900742115,3.832706478,0.61259694
P1|stretto|agg|T2,1,stock_tipo,44,38.4448472,59.79922849,32.37232903,50.11347711,0.007499416998,0.007657218071,0.9318181818,0.3788184846,0.2549761099
P1|stretto|agg|T2,2,aggregati,50,362.709025,584.3775995,622.4967805,909.5774826,0.06084884763,0.06268690845,0.72,0.844108231,0.6303397748
P1|stretto|agg|T2,2,consumo,710,10.54095192,21.17805901,25.4063205,35.30283108,0.1117181038,0.1129719043,0.6555555556,1.291042901,1.090123893
P1|stretto|agg|T2,2,importazioni,710,7.754341269,23.72267302,40.52537193,62.42848966,0.2730857505,0.3021011449,0.6039823009,2.526013035,2.48058475
P1|stretto|agg|T2,2,investimento_ind,1960,15.03417559,49.49328465,50.98461704,119.7636834,1.754970216,8.223880841,0.3979591837,6.717880406,2.93103101
P1|stretto|agg|T2,2,investimento_tipo,40,59.28112068,91.1410188,65.86094009,99.35573551,0.0874348894,0.09026051665,0.775,0.9349045949,0.7334931886
P1|stretto|agg|T2,2,produzione,710,37.62407613,66.73145681,57.2472217,88.26268552,0.1145976641,0.1264832588,0.6394366197,1.558297886,1.283376256
P1|stretto|agg|T2,2,scorte,110,34.01930915,43.18471314,42.50176331,51.12985671,0.1504687619,0.1542606593,0.3181818182,2.023696573,2.141571188
P1|stretto|agg|T2,2,stock_ind,1960,23.94869409,66.21904255,69.5144097,119.4310872,0.4096066497,5.670443678,0.4280612245,2.763399936,0.6156979484
P1|stretto|agg|T2,2,stock_tipo,40,82.56129841,130.7522468,70.6346169,110.1343058,0.01565280464,0.01639119752,0.95,0.4171231524,0.2807843394
P1|stretto|agg|T2,3,aggregati,45,482.1280983,830.4184842,870.1350132,1323.371013,0.07638938648,0.08023369585,0.7555555556,0.8247098129,0.6230614926
P1|stretto|agg|T2,3,consumo,639,13.28994365,31.4077323,33.51428276,55.6588297,0.1375361355,0.1421646799,0.6684303351,1.335180512,1.007372329
P1|stretto|agg|T2,3,importazioni,639,8.201777269,26.33343415,43.92680144,70.67599272,0.2866801807,0.4074291626,0.628992629,2.220241183,2.076202874
P1|stretto|agg|T2,3,investimento_ind,1764,15.4030702,51.82683383,56.43544274,121.5602823,1.728429291,11.25978254,0.3684807256,5.317805039,2.322046756
P1|stretto|agg|T2,3,investimento_tipo,36,85.88578535,124.1318453,94.63011416,135.1954919,0.1265987567,0.1358003064,0.8055555556,0.9278505617,0.7628322806
P1|stretto|agg|T2,3,produzione,639,47.65438879,84.51598286,74.586664,114.1678633,0.1351686028,0.1580625724,0.6447574335,1.441063875,1.207863001
P1|stretto|agg|T2,3,scorte,99,35.40886209,44.95922671,44.66475883,53.03118244,0.1518269961,0.1597774008,0.3232323232,1.51776603,1.612473111
P1|stretto|agg|T2,3,stock_ind,1764,31.44860121,85.98919196,110.148894,174.7861365,0.5118998388,7.294268108,0.4195011338,2.429650196,0.6429626299
P1|stretto|agg|T2,3,stock_tipo,36,132.4722526,215.2535085,117.7392184,181.9468842,0.0234869735,0.02519052226,0.9444444444,0.4596794647,0.3090655925
P1|stretto|agg|T2,4,aggregati,40,672.0355523,1168.699356,1290.686767,1896.824702,0.1003589515,0.1056957212,0.7,0.8810589997,0.6894125104
P1|stretto|agg|T2,4,consumo,568,16.29319029,39.15243367,41.61834247,69.28470288,0.1616328663,0.1692532697,0.6706349206,1.269225834,0.9576193647
P1|stretto|agg|T2,4,importazioni,568,8.757068638,28.18300726,47.63924022,78.73945394,0.329556063,0.4681195429,0.6066481994,1.942965816,1.784338163
P1|stretto|agg|T2,4,investimento_ind,1568,16.41107993,57.24926705,65.00557364,139.5444824,1.741848865,4.617850643,0.3341836735,4.816998007,2.131261881
P1|stretto|agg|T2,4,investimento_tipo,32,112.2885103,163.3546767,122.3363818,176.958653,0.1648986874,0.1835477184,0.8125,0.9644189324,0.7674513659
P1|stretto|agg|T2,4,produzione,568,59.56211075,103.6401194,95.11868208,142.2752298,0.1648818742,0.1948518682,0.6355633803,1.388943513,1.203436075
P1|stretto|agg|T2,4,scorte,88,41.45023255,51.29294321,50.55726015,58.86475926,0.1959282502,0.1996371157,0.3295454545,1.354551689,1.41110709
P1|stretto|agg|T2,4,stock_ind,1568,38.09394561,108.0944039,152.2788407,245.1325967,0.5807622807,2.874166542,0.4151785714,2.315658085,0.6518797882
P1|stretto|agg|T2,4,stock_tipo,32,201.4997464,324.6164533,178.9998277,273.1646285,0.03472321861,0.03785207335,0.9375,0.5196414586,0.3465115282
P1|stretto|agg|T2,5,aggregati,35,840.5904371,1482.489667,1598.060378,2383.720489,0.1277886798,0.1355588615,0.6857142857,0.8925208198,0.6743468596
P1|stretto|agg|T2,5,consumo,497,19.90354203,50.76026258,50.95225462,89.9541819,0.2033402278,0.2035666922,0.6598639456,1.334399664,0.961205749
P1|stretto|agg|T2,5,importazioni,497,12.24681801,42.01497459,68.22690727,116.0939608,0.4173333542,0.5314849693,0.5492063492,2.475246072,2.197483219
P1|stretto|agg|T2,5,investimento_ind,1372,22.42193211,91.14651602,94.55793726,190.1434331,1.979756833,1.820940988,0.2062682216,6.464437416,2.701260732
P1|stretto|agg|T2,5,investimento_tipo,28,146.5785352,209.5243456,156.3247213,225.3643335,0.2230421118,0.2494899166,0.7857142857,1.015112549,0.7936432719
P1|stretto|agg|T2,5,produzione,497,80.45653786,136.8855578,125.7445394,184.4913769,0.2122723773,0.2623870781,0.5955734406,1.512693782,1.323242408
P1|stretto|agg|T2,5,scorte,77,35.3661433,45.47662196,43.91978912,51.81374668,0.1429555659,0.1603043876,0.1428571429,0.9759856688,0.9684058428
P1|stretto|agg|T2,5,stock_ind,1372,49.27903389,158.1646582,212.1969927,353.2392301,0.650959407,1.154737828,0.3739067055,2.770367423,0.7160686124
P1|stretto|agg|T2,5,stock_tipo,28,287.7415617,471.2058492,254.6503272,401.6209544,0.04983910332,0.05506624748,0.8928571429,0.6043155954,0.3893036535
P1|stretto|agg|T3,1,aggregati,55,261.3717877,426.1925119,412.4062127,631.3926415,0.04599598312,0.04588148046,0.7272727273,1.025961669,0.7224992953
P1|stretto|agg|T3,1,consumo,781,9.095592604,18.87352899,23.29187266,33.32478402,0.09784050461,0.09287428978,0.6421356421,1.987938261,1.777651672
P1|stretto|agg|T3,1,importazioni,781,6.939033878,22.40841809,36.89464049,58.24145031,0.2019216326,0.1930932228,0.6064257028,3.102565147,3.216536111
P1|stretto|agg|T3,1,investimento_ind,2156,15.91316665,48.81092384,62.67689891,136.7654203,1.786559801,2.746945013,0.4294990724,10.28044386,6.136543719
P1|stretto|agg|T3,1,investimento_tipo,44,80.02426939,137.2528058,79.68804606,133.7312689,0.1290513612,0.146577501,0.5909090909,2.243459101,1.524919183
P1|stretto|agg|T3,1,produzione,781,24.27130441,44.51143356,37.93339063,62.50663857,0.08241677594,0.07518806044,0.6209987196,1.612529221,1.387155039
P1|stretto|agg|T3,1,scorte,121,35.60222715,44.4152292,45.27037612,52.94490377,0.1555924725,0.1550800047,0.3305785124,3.340113449,3.773669949
P1|stretto|agg|T3,1,stock_ind,2156,15.87289341,48.69714507,85.42898981,158.1999177,0.2672660553,0.6075096192,0.3891465677,3.981538316,1.518410504
P1|stretto|agg|T3,1,stock_tipo,44,76.98004946,134.3182003,90.50190978,156.8431727,0.01153581462,0.01170157361,0.9545454545,0.8508841733,0.7128256009
P1|stretto|agg|T3,2,aggregati,50,369.711614,566.1969465,644.6007692,868.0609084,0.06030891117,0.06201903881,0.68,0.8178470622,0.6527222573
P1|stretto|agg|T3,2,consumo,710,10.62196146,23.86810822,25.78746431,41.21499958,0.1098490492,0.1104491524,0.6650793651,1.455031912,1.106477854
P1|stretto|agg|T3,2,importazioni,710,7.611748216,23.85775435,40.25770524,62.78165381,0.2656619146,0.2892590842,0.6128318584,2.540396626,2.464200696
P1|stretto|agg|T3,2,investimento_ind,1960,15.58003793,51.4544406,72.8220316,154.9198854,1.767223935,8.3455701,0.3959183673,6.984074319,4.18643201
P1|stretto|agg|T3,2,investimento_tipo,40,106.1318593,167.0208688,107.1662538,166.8777514,0.1652591881,0.1906613073,0.675,1.713263466,1.193510404
P1|stretto|agg|T3,2,produzione,710,36.56837542,64.73751894,55.83294537,85.82674339,0.1115186279,0.1210326437,0.6450704225,1.5117359,1.251670811
P1|stretto|agg|T3,2,scorte,110,31.66379707,41.51136663,40.66800678,50.22867264,0.1389814185,0.1435354812,0.3636363636,1.945281195,2.049172194
P1|stretto|agg|T3,2,stock_ind,1960,24.69341027,72.98010165,179.3742979,321.8502705,0.4063601975,5.675754053,0.4214285714,3.045547028,1.58874092
P1|stretto|agg|T3,2,stock_tipo,40,165.4850363,286.8710104,198.5259241,334.1197733,0.02343337152,0.02416214461,0.95,0.9151700495,0.7891735368
P1|stretto|agg|T3,3,aggregati,45,494.1876093,825.3858356,927.5507541,1320.394949,0.07291934084,0.07703155165,0.7333333333,0.819711761,0.6641741207
P1|stretto|agg|T3,3,consumo,639,13.74347195,34.26753528,35.4136173,61.23439274,0.1392995506,0.1422445163,0.6737213404,1.456754179,1.064462528
P1|stretto|agg|T3,3,importazioni,639,8.238044649,26.20311602,44.32044788,69.72464045,0.2793332083,0.3972968938,0.628992629,2.209253719,2.094808596
P1|stretto|agg|T3,3,investimento_ind,1764,15.74544323,53.43101937,76.89918436,156.8509176,1.737222152,11.42626777,0.3639455782,5.482405986,3.164031199
P1|stretto|agg|T3,3,investimento_tipo,36,136.3701443,197.2532958,140.7043385,201.7558167,0.2062482824,0.2399426499,0.75,1.474412798,1.13424582
P1|stretto|agg|T3,3,produzione,639,47.28544573,82.92056651,73.60807231,112.422561,0.1374377082,0.1560691758,0.6463223787,1.413860773,1.192015601
P1|stretto|agg|T3,3,scorte,99,37.48852556,46.91452442,46.85587928,55.19236476,0.1633605814,0.1733280475,0.3434343434,1.583774382,1.691576254
P1|stretto|agg|T3,3,stock_ind,1764,32.73559781,97.99075908,281.5025363,495.8448977,0.5089134827,7.392794873,0.4178004535,2.768758045,1.643190454
P1|stretto|agg|T3,3,stock_tipo,36,264.7794371,455.4430401,321.2300958,525.8598274,0.03581261014,0.03734714035,0.9444444444,0.9726104554,0.8432293953
P1|stretto|agg|T3,4,aggregati,40,658.5996683,1133.619143,1259.804258,1826.859773,0.09321495367,0.1000485339,0.75,0.8546127307,0.6729168054
P1|stretto|agg|T3,4,consumo,568,17.41608935,42.89806754,46.0562353,76.19803617,0.1667651199,0.1716294519,0.6785714286,1.390650094,1.059733285
P1|stretto|agg|T3,4,importazioni,568,8.294491886,27.03774618,45.29406593,75.37502977,0.3168472024,0.4521637771,0.6121883657,1.864010327,1.696499147
P1|stretto|agg|T3,4,investimento_ind,1568,16.52150519,57.32291602,81.92345058,167.0989534,1.746137679,4.630421258,0.3392857143,4.823194888,2.685928569
P1|stretto|agg|T3,4,investimento_tipo,32,161.4633551,230.002228,169.4432494,239.5511629,0.2374233224,0.2811528665,0.71875,1.357895028,1.062966317
P1|stretto|agg|T3,4,produzione,568,58.38975335,99.65008417,92.40813117,136.3636144,0.1664469781,0.1900987115,0.6338028169,1.335470654,1.169142341
P1|stretto|agg|T3,4,scorte,88,41.71182057,52.43805272,51.9597116,61.09598848,0.1929649693,0.1979953303,0.3522727273,1.384791912,1.450251007
P1|stretto|agg|T3,4,stock_ind,1568,39.84008996,122.846078,382.7499939,677.228999,0.5801286222,2.981938658,0.4119897959,2.631676605,1.638487552
P1|stretto|agg|T3,4,stock_tipo,32,389.102337,644.2078892,459.219807,731.3213854,0.05393977302,0.05685670804,0.9375,1.03123894,0.8889670963
P1|stretto|agg|T3,5,aggregati,35,843.352495,1469.862339,1638.915041,2356.025223,0.117724685,0.1274342167,0.7142857143,0.8849186398,0.6915866426
P1|stretto|agg|T3,5,consumo,497,21.02089241,53.9997599,55.67488374,96.65141499,0.2193452335,0.2100233726,0.6712018141,1.419560455,1.050297356
P1|stretto|agg|T3,5,importazioni,497,11.83704443,40.02911544,65.88198808,110.7957144,0.4159454797,0.5126801322,0.5365079365,2.358252306,2.121956997
P1|stretto|agg|T3,5,investimento_ind,1372,21.96732819,87.54167146,103.0542106,203.3035998,1.979376871,1.81671545,0.2055393586,6.208768927,2.943975942
P1|stretto|agg|T3,5,investimento_tipo,28,195.0803209,273.7151124,207.3178632,289.769165,0.2859666172,0.3384726453,0.6785714286,1.326106734,1.052529798
P1|stretto|agg|T3,5,produzione,497,77.21199328,128.4113075,120.1753443,173.4445812,0.2116278695,0.2504993271,0.6016096579,1.419046607,1.264636324
P1|stretto|agg|T3,5,scorte,77,35.46153119,45.67410219,44.17082885,52.16588588,0.1427994266,0.1601270637,0.1428571429,0.9802238435,0.9739411229
P1|stretto|agg|T3,5,stock_ind,1372,51.07429085,170.9121449,512.1408724,874.5752043,0.6468129787,1.185961773,0.3753644315,2.993648797,1.728243173
P1|stretto|agg|T3,5,stock_tipo,28,545.578097,864.711637,629.1720234,960.5085048,0.07825106326,0.08323349249,0.8214285714,1.108981836,0.9618639414
P1|stretto|ind|T1,1,aggregati,55,256.2075273,452.6486339,406.9857895,701.4426486,0.05258820709,0.05123167863,0.6727272727,1.089648774,0.7130031921
P1|stretto|ind|T1,1,consumo,781,7.748228859,15.24551552,20.22243675,29.20998396,0.09283443752,0.08703952921,0.6291486291,1.60580163,1.543390221
P1|stretto|ind|T1,1,importazioni,781,6.382072115,20.73531475,34.94948129,53.81928543,0.1906177097,0.1748549862,0.624497992,2.870915056,3.046953896
P1|stretto|ind|T1,1,investimento_ind,2156,3.883800343,19.02020389,38.48141386,108.1781152,0.561687027,0.6101656725,0.1632653061,4.005991342,3.767622243
P1|stretto|ind|T1,1,investimento_tipo,44,132.0710312,195.5808778,131.6363062,195.2091753,0.2594108772,0.2389428606,0.4090909091,3.19685778,2.519006783
P1|stretto|ind|T1,1,produzione,781,21.59400013,40.19076302,34.29636168,56.68425832,0.07251108978,0.06711321443,0.6081946223,1.456002977,1.254155512
P1|stretto|ind|T1,1,scorte,121,36.30882903,45.21518058,45.31767935,53.09019453,0.1591509645,0.1607773902,0.347107438,3.400271383,3.777613074
P1|stretto|ind|T1,1,stock_ind,2156,3.785692468,18.77812521,79.46698405,164.73378,0.08059621355,0.1494767783,0.7643784787,1.535322551,1.412442118
P1|stretto|ind|T1,1,stock_tipo,44,128.1007731,193.3548138,138.4014659,209.5942051,0.02150526896,0.02156252117,0.7954545455,1.224871615,1.090099738
P1|stretto|ind|T1,2,aggregati,50,393.3320428,651.8233704,683.5971293,1030.413499,0.07107116271,0.07171601441,0.68,0.9415307374,0.6922099424
P1|stretto|ind|T1,2,consumo,710,9.677174152,19.68590094,22.95419396,32.47252108,0.109667086,0.1086899869,0.646031746,1.200078943,0.9849090614
P1|stretto|ind|T1,2,importazioni,710,5.442914085,16.78130824,26.74145139,41.36347374,0.2137830074,0.2112600556,0.6592920354,1.786889839,1.636861881
P1|stretto|ind|T1,2,investimento_ind,1960,4.651029141,19.81553067,43.1684909,110.959445,0.6377078628,0.8649262535,0.1653061224,2.689624788,2.481693358
P1|stretto|ind|T1,2,investimento_tipo,40,156.9627933,217.0392314,158.02063,219.7347447,0.294582356,0.279582811,0.475,2.226340866,1.759875514
P1|stretto|ind|T1,2,produzione,710,29.06879399,50.21911512,47.72070705,72.6533565,0.09211813737,0.08814508612,0.6577464789,1.172705418,1.069809513
P1|stretto|ind|T1,2,scorte,110,35.85495497,45.05371254,45.11919707,53.29145984,0.1553823513,0.1608895856,0.3181818182,2.111280521,2.273457968
P1|stretto|ind|T1,2,stock_ind,1960,7.844756732,38.11273291,168.1426897,334.6877717,0.1517402359,0.3464763914,0.7448979592,1.59048998,1.489261141
P1|stretto|ind|T1,2,stock_tipo,40,269.0512444,393.0764296,292.3580686,426.5979054,0.0447243875,0.04521638109,0.8,1.253984413,1.162171903
P1|stretto|ind|T1,3,aggregati,45,534.1591482,915.2157856,947.1316539,1465.494069,0.09088543902,0.09411395896,0.6888888889,0.9089241795,0.6781950536
P1|stretto|ind|T1,3,consumo,639,13.07036148,29.95624024,34.1124976,53.2707734,0.1335630016,0.1378353551,0.6737213404,1.273475837,1.025353471
P1|stretto|ind|T1,3,importazioni,639,5.470149896,16.72456497,27.61729649,43.23636923,0.2282435472,0.2997699345,0.6805896806,1.410092117,1.305333156
P1|stretto|ind|T1,3,investimento_ind,1764,5.363912981,20.20774258,45.65721317,110.2756715,0.7224739731,1.018110454,0.1672335601,2.073459391,1.878574501
P1|stretto|ind|T1,3,investimento_tipo,36,184.3635866,245.9866675,187.1858217,251.8791715,0.3357586239,0.3256526126,0.4444444444,1.838681018,1.508942354
P1|stretto|ind|T1,3,produzione,639,36.9807761,63.52464248,61.44519803,93.23842357,0.1117222241,0.1098218619,0.6604068858,1.083145038,0.9950489441
P1|stretto|ind|T1,3,scorte,99,37.45028637,47.26630325,47.462464,55.91643078,0.1602499155,0.16760419,0.2828282828,1.595649986,1.713474985
P1|stretto|ind|T1,3,stock_ind,1764,12.19792675,57.66019716,261.5211353,505.4844048,0.2196125017,0.5054106014,0.7148526077,1.629206022,1.526554746
P1|stretto|ind|T1,3,stock_tipo,36,427.1139386,605.9268923,463.4864425,654.9994416,0.07079057061,0.0721998364,0.7777777778,1.293972635,1.21665248
P1|stretto|ind|T1,4,aggregati,40,730.4801837,1219.107014,1353.910573,1968.837287,0.1157045323,0.1220127713,0.675,0.919060322,0.7231831233
P1|stretto|ind|T1,4,consumo,568,16.76587036,40.24837725,43.51165991,71.1165475,0.1629183849,0.1690334133,0.6765873016,1.304753636,1.001183748
P1|stretto|ind|T1,4,importazioni,568,6.150554208,18.90020694,30.47858485,49.32460208,0.2905546695,0.3651038321,0.648199446,1.302999913,1.141582062
P1|stretto|ind|T1,4,investimento_ind,1568,5.999895893,20.02770071,47.03132021,105.3959217,0.793736521,1.144917841,0.1792091837,1.685146367,1.54196101
P1|stretto|ind|T1,4,investimento_tipo,32,215.5123777,274.8154062,222.706315,284.5920263,0.382528508,0.3760600829,0.40625,1.622464603,1.397100871
P1|stretto|ind|T1,4,produzione,568,47.97742538,79.79454956,80.58395174,117.7543529,0.1400186277,0.1391801224,0.6408450704,1.069374704,1.019543506
P1|stretto|ind|T1,4,scorte,88,39.34833357,50.16319807,48.40589683,57.91065486,0.1847642871,0.1874456296,0.2954545455,1.324717211,1.351060244
P1|stretto|ind|T1,4,stock_ind,1568,16.77831431,77.17713466,365.636319,675.3651154,0.2831073126,0.6241949212,0.6817602041,1.653331249,1.565226824
P1|stretto|ind|T1,4,stock_tipo,32,607.5582804,832.4865448,660.4112473,894.9590789,0.09976091207,0.1026121069,0.75,1.332632767,1.278437602
P1|stretto|ind|T1,5,aggregati,35,967.1195881,1606.406342,1843.921965,2585.374122,0.1449358231,0.1548962986,0.6,0.9671238436,0.7780951233
P1|stretto|ind|T1,5,consumo,497,21.0211733,52.72113883,54.8697407,93.71033813,0.2155882915,0.2108766376,0.6666666667,1.385947715,1.035108468
P1|stretto|ind|T1,5,importazioni,497,6.889291847,21.3862619,33.29289578,54.93939582,0.3424398576,0.3733895013,0.6380952381,1.259937945,1.072312709
P1|stretto|ind|T1,5,investimento_ind,1372,6.640189143,20.04434714,47.67855468,100.2042666,0.8751561664,1.297994579,0.1771137026,1.421616901,1.362045443
P1|stretto|ind|T1,5,investimento_tipo,28,250.7719386,312.7769313,263.965118,328.2506233,0.4324036309,0.4337841504,0.4285714286,1.515355112,1.340121628
P1|stretto|ind|T1,5,produzione,497,61.12806771,101.0158703,103.5985802,148.4580864,0.1738229455,0.1779589365,0.6136820926,1.116305338,1.090194735
P1|stretto|ind|T1,5,scorte,77,36.22726736,46.38365647,45.19731577,53.12161251,0.1463273524,0.1637712148,0.03896103896,0.9954517734,0.9965745634
P1|stretto|ind|T1,5,stock_ind,1372,21.75908517,96.80584503,476.3999166,842.934969,0.350593982,0.7674371867,0.6362973761,1.695623805,1.607633657
P1|stretto|ind|T1,5,stock_tipo,28,815.8384938,1083.056219,888.1648449,1154.342818,0.1328063536,0.1375961229,0.7142857143,1.389006026,1.357806302
P1|stretto|ind|T2,1,aggregati,55,260.5449352,468.9254911,417.2613738,708.5002416,0.05501160167,0.0515464668,0.6909090909,1.12883161,0.7310051092
P1|stretto|ind|T2,1,consumo,781,7.80682723,15.3856766,20.34013684,29.21803461,0.09375474972,0.08829058562,0.6147186147,1.620564718,1.552373173
P1|stretto|ind|T2,1,importazioni,781,6.62942894,21.23685115,36.55144377,55.40344234,0.2116141796,0.1874005357,0.6124497992,2.940355448,3.186615649
P1|stretto|ind|T2,1,investimento_ind,2156,2.858270082,8.561964627,16.53758776,38.10324486,0.427221508,0.4975449694,0.1317254174,1.803301183,1.619155256
P1|stretto|ind|T2,1,investimento_tipo,44,88.63781502,127.6452608,96.70803472,136.7264931,0.1652888202,0.1412779486,0.4090909091,2.086419438,1.850615551
P1|stretto|ind|T2,1,produzione,781,21.76950453,41.90993007,35.08700498,60.45854785,0.07091500433,0.06601862508,0.6069142125,1.518283764,1.283067898
P1|stretto|ind|T2,1,scorte,121,37.46575875,47.28642924,47.2343098,55.92121783,0.1640448035,0.1657266355,0.305785124,3.556033395,3.937380484
P1|stretto|ind|T2,1,stock_ind,2156,2.779139096,8.572039214,28.91239684,57.75436758,0.06484037615,0.1135829024,0.7945269017,0.7008604411,0.5138874657
P1|stretto|ind|T2,1,stock_tipo,44,87.16224816,126.9351612,73.02643546,111.7740879,0.01790056493,0.01804211272,0.7954545455,0.8041138092,0.5751824781
P1|stretto|ind|T2,2,aggregati,50,407.1120752,752.1749417,727.5151736,1204.892056,0.07663845808,0.07401261399,0.74,1.086484253,0.7366813212
P1|stretto|ind|T2,2,consumo,710,9.327316648,17.24945326,22.80312825,30.2616933,0.1058077637,0.1076103859,0.6428571429,1.051549822,0.9784271964
P1|stretto|ind|T2,2,importazioni,710,5.689552955,17.14240592,28.19824886,42.05708161,0.2165967595,0.2129485381,0.6504424779,1.825339867,1.726033415
P1|stretto|ind|T2,2,investimento_ind,1960,3.737595986,10.46674236,23.84423029,46.92319025,0.5190656417,0.6664513538,0.1428571429,1.420684117,1.3707699
P1|stretto|ind|T2,2,investimento_tipo,40,112.7750407,163.7826343,117.3320072,174.6419021,0.2143846363,0.1884832063,0.425,1.680046366,1.306726384
P1|stretto|ind|T2,2,produzione,710,29.73180417,52.75784019,49.28384628,77.54577573,0.08987586427,0.08816057798,0.6563380282,1.231989151,1.104852188
P1|stretto|ind|T2,2,scorte,110,34.06923429,43.5607827,43.1891065,51.66507988,0.1472120903,0.1517534409,0.3363636364,2.041319723,2.176204913
P1|stretto|ind|T2,2,stock_ind,1960,5.877336598,18.08020629,69.73886264,127.1554998,0.1278094247,0.2242246311,0.7765306122,0.7545086576,0.6176859565
P1|stretto|ind|T2,2,stock_tipo,40,183.4859375,269.683079,160.5739141,239.6108985,0.03705081545,0.03762809975,0.8,0.8603374612,0.6383079907
P1|stretto|ind|T2,3,aggregati,45,559.0258392,988.3552293,986.3555487,1581.517742,0.1013468711,0.1011857403,0.7555555556,0.9815608296,0.7062813828
P1|stretto|ind|T2,3,consumo,639,12.55490635,25.27257933,31.4486327,43.4826022,0.134262109,0.1394872291,0.6596119929,1.074367773,0.9452830188
P1|stretto|ind|T2,3,importazioni,639,5.605316963,16.46503951,27.73229775,41.40480449,0.2380885397,0.3041612843,0.683046683,1.388210842,1.310768697
P1|stretto|ind|T2,3,investimento_ind,1764,4.537452995,13.06806957,31.67274709,61.35000345,0.5912581805,0.7528957646,0.1439909297,1.340877709,1.303181052
P1|stretto|ind|T2,3,investimento_tipo,36,144.3938062,200.254416,147.5262663,210.3213502,0.267849173,0.2482652488,0.3611111111,1.496845326,1.189238744
P1|stretto|ind|T2,3,produzione,639,37.30190176,64.88516441,62.65788445,96.36169786,0.1090715035,0.108185292,0.6588419405,1.106343005,1.014687295
P1|stretto|ind|T2,3,scorte,99,37.55843044,47.46740212,47.25252771,55.5770964,0.1592023982,0.1678755636,0.303030303,1.602438826,1.705895931
P1|stretto|ind|T2,3,stock_ind,1764,9.346686539,29.252705,127.1575796,215.4589268,0.187331468,0.2944188267,0.7534013605,0.826543881,0.7422459623
P1|stretto|ind|T2,3,stock_tipo,36,291.7878948,427.4864294,268.3559706,387.0700031,0.0576871701,0.05897255469,0.7777777778,0.9129083862,0.7044347519
P1|stretto|ind|T2,4,aggregati,40,777.6264044,1323.664567,1443.748118,2143.429311,0.1294386063,0.1321828947,0.7,0.9978841638,0.7711693029
P1|stretto|ind|T2,4,consumo,568,15.93334918,36.38472156,41.63373615,65.61262329,0.1555828559,0.1654142201,0.6686507937,1.179503399,0.9579735664
P1|stretto|ind|T2,4,importazioni,568,6.33661658,19.22163315,32.28709539,49.98715807,0.2556062924,0.3450288609,0.6509695291,1.325159369,1.20932022
P1|stretto|ind|T2,4,investimento_ind,1568,5.280420991,15.55607387,38.41549517,75.15876093,0.651930954,0.8489415633,0.1485969388,1.308900195,1.259484009
P1|stretto|ind|T2,4,investimento_tipo,32,179.9073351,236.9761816,183.8690858,247.1422544,0.3237534911,0.3136502832,0.3125,1.399068094,1.153463744
P1|stretto|ind|T2,4,produzione,568,48.62554618,83.19138964,83.26457976,124.755791,0.1353031768,0.136736469,0.6408450704,1.114897799,1.053458656
P1|stretto|ind|T2,4,scorte,88,37.61974847,48.34872929,47.52611115,56.52166266,0.1571475546,0.1688581976,0.3409090909,1.276800449,1.326504486
P1|stretto|ind|T2,4,stock_ind,1568,13.12876771,43.14639027,207.3185629,334.9886305,0.2432324885,0.3502512549,0.7270408163,0.9243058276,0.8874954674
P1|stretto|ind|T2,4,stock_tipo,32,424.5862936,606.0744942,409.2799877,563.4252544,0.08117672266,0.08359907294,0.75,0.970195537,0.7922925725
P1|stretto|ind|T2,5,aggregati,35,1020.989639,1656.246301,1952.129614,2661.419294,0.1614687684,0.167801768,0.6285714286,0.9971295846,0.823756407
P1|stretto|ind|T2,5,consumo,497,19.31426425,50.1611017,50.19209771,90.56536581,0.1974477202,0.1988735492,0.6621315193,1.318648759,0.9468655162
P1|stretto|ind|T2,5,importazioni,497,6.56077976,20.78291292,31.51624813,53.63028496,0.3323507186,0.3615350753,0.6666666667,1.22439259,1.015089635
P1|stretto|ind|T2,5,investimento_ind,1372,5.957655212,17.94775265,43.81929671,87.40949447,0.713695212,0.9639041406,0.1494169096,1.272918909,1.251797035
P1|stretto|ind|T2,5,investimento_tipo,28,217.7194625,279.259019,224.9723073,291.8080817,0.3802258294,0.3828411267,0.3214285714,1.35296609,1.142159452
P1|stretto|ind|T2,5,produzione,497,61.46950855,105.6868637,106.2591092,157.7340653,0.1676769489,0.175345702,0.6116700201,1.167923513,1.118192171
P1|stretto|ind|T2,5,scorte,77,36.05316123,46.21853005,44.98032636,52.92875023,0.1457158826,0.1631462423,0.05194805195,0.9919079522,0.991790073
P1|stretto|ind|T2,5,stock_ind,1372,17.18417465,59.19556191,301.1352309,474.5898721,0.2994935236,0.4392536672,0.6902332362,1.036852722,1.01619483
P1|stretto|ind|T2,5,stock_tipo,28,580.1730121,811.1026247,579.8247407,771.7396591,0.1072832361,0.1112144769,0.7142857143,1.04022895,0.8864229331
P1|stretto|ind|T3,1,aggregati,55,251.6805962,440.4826178,405.7931467,681.374653,0.05059239766,0.04948815268,0.6909090909,1.060361853,0.7109137871
P1|stretto|ind|T3,1,consumo,781,7.416378288,14.90554004,19.55867988,28.66603902,0.09047893152,0.08443480653,0.6262626263,1.569992203,1.492731842
P1|stretto|ind|T3,1,importazioni,781,6.177308304,20.09690238,34.14419941,52.6387677,0.182029151,0.17312411,0.6164658635,2.782523453,2.976748083
P1|stretto|ind|T3,1,investimento_ind,2156,3.687296126,18.65147872,36.9872914,106.518677,0.5224736304,0.5863165971,0.1493506494,3.9283313,3.621336324
P1|stretto|ind|T3,1,investimento_tipo,44,127.0318657,189.9253741,126.8855137,189.0343486,0.247521299,0.2291638776,0.4090909091,3.104416017,2.428095097
P1|stretto|ind|T3,1,produzione,781,21.19318835,38.82302427,33.47006423,54.6555323,0.07251159077,0.06684756324,0.6120358515,1.40645349,1.223939318
P1|stretto|ind|T3,1,scorte,121,34.404619,44.11444241,43.6700959,52.45664508,0.1511092715,0.1517738092,0.3719008264,3.317493685,3.640273015
P1|stretto|ind|T3,1,stock_ind,2156,3.605210453,18.40061278,77.19537993,161.8241042,0.07424555424,0.1394717079,0.7782931354,1.504456672,1.372066743
P1|stretto|ind|T3,1,stock_tipo,44,125.1895996,188.3249917,134.7888552,204.9422821,0.02094212065,0.02103373944,0.8181818182,1.193008502,1.061645516
P1|stretto|ind|T3,2,aggregati,50,388.5531135,656.921773,701.3803218,1049.786315,0.06697100609,0.06755478495,0.7,0.9488951599,0.7102171899
P1|stretto|ind|T3,2,consumo,710,9.490283026,19.35162225,22.71546785,32.09515606,0.1059678677,0.105490687,0.6444444444,1.179700865,0.9746659004
P1|stretto|ind|T3,2,importazioni,710,5.510615405,16.29994545,26.94307484,39.50223692,0.2157233113,0.2119967222,0.6615044248,1.735633866,1.649203385
P1|stretto|ind|T3,2,investimento_ind,1960,4.492398834,19.74355212,42.43055665,110.9562821,0.601350408,0.8260486243,0.1551020408,2.679854911,2.439270598
P1|stretto|ind|T3,2,investimento_tipo,40,148.6509813,212.0622086,146.9272717,213.3043081,0.2821356198,0.2688469799,0.475,2.175287657,1.636328799
P1|stretto|ind|T3,2,produzione,710,29.30909156,50.05559408,47.91758379,72.33794323,0.092718614,0.08884722943,0.6549295775,1.168886911,1.074223123
P1|stretto|ind|T3,2,scorte,110,35.80684065,44.6016726,44.23285175,51.998605,0.1589389769,0.1637066058,0.2636363636,2.090097292,2.22879696
P1|stretto|ind|T3,2,stock_ind,1960,7.504963581,37.74007808,164.2453796,332.5260897,0.1420582274,0.3145631543,0.7612244898,1.574938648,1.454742171
P1|stretto|ind|T3,2,stock_tipo,40,257.8748871,384.0226955,282.1120016,420.0175824,0.04263310127,0.04319707338,0.825,1.225101375,1.121442084
P1|stretto|ind|T3,3,aggregati,45,535.3504586,904.2668143,962.2152249,1449.671979,0.08800890462,0.09126165967,0.7111111111,0.8980504763,0.6889956675
P1|stretto|ind|T3,3,consumo,639,13.06567843,30.51572784,33.95064132,54.26636641,0.1335593002,0.1375682521,0.6684303351,1.297260328,1.020488395
P1|stretto|ind|T3,3,importazioni,639,5.696930773,16.96978461,28.38460028,42.10730894,0.2305716434,0.3009627371,0.683046683,1.430767231,1.341599815
P1|stretto|ind|T3,3,investimento_ind,1764,5.180728769,20.10424366,45.22502277,110.2809331,0.6796708992,0.9654020281,0.1581632653,2.062839659,1.860791947
P1|stretto|ind|T3,3,investimento_tipo,36,174.2992479,238.2050848,173.6082566,241.8023767,0.320014343,0.3124085086,0.4722222222,1.780515881,1.399490886
P1|stretto|ind|T3,3,produzione,639,37.01606143,63.97942019,61.60629583,93.54574885,0.1107505915,0.108992083,0.6604068858,1.090899355,0.9976577761
P1|stretto|ind|T3,3,scorte,99,36.19567669,46.23126636,46.39444368,54.95878161,0.1531704657,0.1597040158,0.303030303,1.560708463,1.674917651
P1|stretto|ind|T3,3,stock_ind,1764,11.68750288,57.26855126,258.6363127,503.9953081,0.2074405364,0.4503835191,0.7346938776,1.61813995,1.50971542
P1|stretto|ind|T3,3,stock_tipo,36,404.0042954,590.1967046,445.5919097,644.4277081,0.06643550713,0.06789666746,0.8055555556,1.26038041,1.169679309
P1|stretto|ind|T3,4,aggregati,40,731.0512153,1216.777869,1362.078611,1969.065766,0.1130874417,0.1194560253,0.7,0.917304426,0.7275460311
P1|stretto|ind|T3,4,consumo,568,16.91931211,40.3139367,43.91112932,71.15414099,0.16333839,0.1693950853,0.6706349206,1.306878913,1.01037536
P1|stretto|ind|T3,4,importazioni,568,6.282200185,19.52981392,31.82902491,51.45330106,0.2935906027,0.3646142629,0.6509695291,1.346405672,1.19216309
P1|stretto|ind|T3,4,investimento_ind,1568,5.794549426,19.87072181,46.54097728,105.2460639,0.7497957811,1.08440574,0.1651785714,1.67193804,1.525884708
P1|stretto|ind|T3,4,investimento_tipo,32,204.0058213,266.4627167,206.6776389,273.4928545,0.3661822636,0.3613104162,0.4375,1.573151709,1.296548369
P1|stretto|ind|T3,4,produzione,568,48.08737145,79.7482704,80.30711213,117.2856367,0.1403300254,0.139652606,0.6426056338,1.068754489,1.016040947
P1|stretto|ind|T3,4,scorte,88,41.02471824,51.46536551,50.35123931,59.52412721,0.1927714898,0.1967835737,0.2840909091,1.359105043,1.405356828
P1|stretto|ind|T3,4,stock_ind,1568,16.09078741,76.73367886,362.1532781,674.2028173,0.2689743831,0.5535224584,0.7072704082,1.643831294,1.550316519
P1|stretto|ind|T3,4,stock_tipo,32,569.8466231,810.1470633,631.9824079,880.1917762,0.0929691464,0.0957872013,0.78125,1.296872039,1.223404473
P1|stretto|ind|T3,5,aggregati,35,971.5133424,1598.137208,1866.87286,2572.804449,0.1414973015,0.151537173,0.6285714286,0.9621454787,0.7877799037
P1|stretto|ind|T3,5,consumo,497,21.00737089,53.00352817,54.78584588,94.12070454,0.212845066,0.2095384484,0.6666666667,1.393371243,1.033525806
P1|stretto|ind|T3,5,importazioni,497,6.754092508,20.97795672,32.43161896,54.07046013,0.3413453521,0.3722513149,0.6476190476,1.235883288,1.044572314
P1|stretto|ind|T3,5,investimento_ind,1372,6.419966612,19.84720461,47.40410091,100.0975122,0.8276331056,1.235667654,0.1625364431,1.407634846,1.354205052
P1|stretto|ind|T3,5,investimento_tipo,28,237.9531666,302.665994,245.9103603,314.5093467,0.414327351,0.4174007192,0.4642857143,1.466369208,1.248459625
P1|stretto|ind|T3,5,produzione,497,60.90891819,100.4356647,102.3965844,146.8993355,0.1736452706,0.1777968689,0.6217303823,1.109893606,1.077545821
P1|stretto|ind|T3,5,scorte,77,36.03360033,46.19618948,44.94829303,52.89663837,0.1456644336,0.1630937668,0.06493506494,0.9914284954,0.9910837565
P1|stretto|ind|T3,5,stock_ind,1372,20.87337129,96.33017466,475.492885,842.8532339,0.3333132686,0.6864512409,0.6625364431,1.687292097,1.604572836
P1|stretto|ind|T3,5,stock_tipo,28,759.5004425,1051.512093,847.3041391,1133.863672,0.1229336028,0.1275164865,0.75,1.34855108,1.29533938
P1|stretto|nessuna|T1,1,aggregati,55,450.6685599,577.5551003,616.8112591,745.0759346,0.0960065728,0.09331035525,0.6,1.390332721,1.080598901
P1|stretto|nessuna|T1,1,consumo,781,10.32247762,19.5564735,27.47571885,36.49123491,0.109146768,0.1034061319,0.6493506494,2.059872424,2.096965678
P1|stretto|nessuna|T1,1,importazioni,781,7.222605589,26.47334174,39.00858075,74.73513569,0.2635815478,0.2268646755,0.5502008032,3.665375534,3.400832938
P1|stretto|nessuna|T1,1,investimento_ind,2156,15.26828744,66.71860684,117.0663588,262.5617544,1.804582528,2.079827522,0.4169758813,14.05211863,11.46168431
P1|stretto|nessuna|T1,1,investimento_tipo,44,428.2239446,481.714465,432.0345318,492.1929855,0.8801518606,0.7027163569,0.4318181818,7.873840492,8.267460151
P1|stretto|nessuna|T1,1,produzione,781,31.90442818,60.08070603,53.14869438,90.05241423,0.0976274243,0.09016326218,0.590268886,2.176561982,1.943550999
P1|stretto|nessuna|T1,1,scorte,121,40.00679345,50.63401537,50.21779307,60.03147449,0.1661885406,0.1776386203,0.5123966942,3.807778521,4.186079129
P1|stretto|nessuna|T1,1,stock_ind,2156,15.22549791,66.58267846,205.5582927,335.603296,0.2476711163,0.6553965963,0.3543599258,5.443881465,3.653582601
P1|stretto|nessuna|T1,1,stock_tipo,44,424.5759337,476.9739133,412.4232718,464.5627123,0.0820544159,0.07912993195,0.3863636364,3.021552946,3.248394065
P1|stretto|nessuna|T1,2,aggregati,50,457.0106266,677.81159,703.017677,999.5379279,0.08103887192,0.08389565316,0.68,0.9790695995,0.7118751745
P1|stretto|nessuna|T1,2,consumo,710,12.6674728,24.84744085,35.19621353,46.47532341,0.1193241352,0.1212887096,0.6603174603,1.514733343,1.510184574
P1|stretto|nessuna|T1,2,importazioni,710,9.30667051,35.37427291,53.09148474,100.0670855,0.3075727214,0.2694458167,0.5730088496,3.766686597,3.249764806
P1|stretto|nessuna|T1,2,investimento_ind,1960,16.16618151,76.63646613,136.4336851,310.3159463,1.777208298,2.343546393,0.3831632653,10.40211046,7.843372864
P1|stretto|nessuna|T1,2,investimento_tipo,40,493.4604437,565.0454483,490.7648931,579.4088527,0.9861638261,0.8230617337,0.5,5.796112364,5.465647861
P1|stretto|nessuna|T1,2,produzione,710,40.29140808,71.69414322,67.11046371,107.122027,0.1276460952,0.1178110034,0.6098591549,1.674185417,1.504491801
P1|stretto|nessuna|T1,2,scorte,110,34.515284,44.03751999,43.37992259,51.95647663,0.1489209383,0.1547928526,0.3909090909,2.063660305,2.185819719
P1|stretto|nessuna|T1,2,stock_ind,1960,26.13096506,111.7117579,457.8846449,714.8002019,0.4026278112,1.082572007,0.3785714286,4.66186542,4.055542407
P1|stretto|nessuna|T1,2,stock_tipo,40,791.5017887,887.4138207,840.5158659,933.2312967,0.1463744274,0.1392468086,0.45,2.831009481,3.341190234
P1|stretto|nessuna|T1,3,aggregati,45,585.198802,945.8018386,955.4052593,1455.694076,0.1029312287,0.1066948494,0.6888888889,0.9392999701,0.6841193813
P1|stretto|nessuna|T1,3,consumo,639,15.29203835,33.46498373,46.87613278,68.1987273,0.1430400313,0.1487659186,0.6772486772,1.422636746,1.409002825
P1|stretto|nessuna|T1,3,importazioni,639,9.41234278,37.36552634,52.47744571,106.5128951,0.338366414,0.3694228276,0.6117936118,3.15038593,2.480349582
P1|stretto|nessuna|T1,3,investimento_ind,1764,15.80497441,75.64827015,101.7392119,250.7020921,1.708331504,4.354090714,0.3866213152,7.762055338,4.186078738
P1|stretto|nessuna|T1,3,investimento_tipo,36,376.9944743,475.2855248,381.962295,502.822887,0.7931178589,0.6253933704,0.5833333333,3.552625358,3.07907447
P1|stretto|nessuna|T1,3,produzione,639,46.40136498,88.66658963,82.04495238,137.7804148,0.1309062984,0.128847181,0.613458529,1.51183498,1.328643179
P1|stretto|nessuna|T1,3,scorte,99,39.55443842,49.91772994,50.13066494,59.27285786,0.1704724773,0.178747472,0.3535353535,1.685158762,1.809801538
P1|stretto|nessuna|T1,3,stock_ind,1764,33.35241601,130.2113115,562.9287928,879.6493671,0.5006637745,2.706064589,0.4030612245,3.679159337,3.285935645
P1|stretto|nessuna|T1,3,stock_tipo,36,973.4184354,1124.796115,1078.099869,1207.242278,0.1667548755,0.160372239,0.4722222222,2.402031353,2.830013478
P1|stretto|nessuna|T1,4,aggregati,40,793.0074871,1304.147011,1388.62085,2075.850171,0.1382050827,0.1437357907,0.65,0.9831702698,0.7417234069
P1|stretto|nessuna|T1,4,consumo,568,17.41792304,40.99146996,52.64689428,82.26321007,0.1616296468,0.171610851,0.6785714286,1.328842879,1.211381388
P1|stretto|nessuna|T1,4,importazioni,568,10.66034548,42.2225361,62.11608688,121.118822,0.3510101898,0.4248305138,0.6038781163,2.910865528,2.326571621
P1|stretto|nessuna|T1,4,investimento_ind,1568,17.9778445,86.36284382,98.47269105,233.4088701,1.72020715,22.06472984,0.3628826531,7.266637076,3.228509203
P1|stretto|nessuna|T1,4,investimento_tipo,32,334.3220085,428.0692224,336.4697764,447.5775622,0.705253561,0.5632184122,0.5,2.52724973,2.110771838
P1|stretto|nessuna|T1,4,produzione,568,60.95753141,118.8370797,107.9195248,178.9134889,0.1616460093,0.1669569623,0.6214788732,1.592607109,1.365391598
P1|stretto|nessuna|T1,4,scorte,88,42.67350043,55.12873064,53.61200482,64.70833971,0.1862743914,0.1972287014,0.3409090909,1.455847735,1.496368274
P1|stretto|nessuna|T1,4,stock_ind,1568,40.46659403,135.7256772,535.1283261,857.9912562,0.5664467857,14.48678856,0.4119897959,2.907590498,2.290793247
P1|stretto|nessuna|T1,4,stock_tipo,32,996.8900866,1212.219736,1140.165145,1314.274557,0.1559522947,0.1517419358,0.59375,1.940504326,2.207155012
P1|stretto|nessuna|T1,5,aggregati,35,922.318617,1552.521283,1644.876428,2452.184032,0.1646160431,0.1720284872,0.6857142857,0.9346827831,0.6941022185
P1|stretto|nessuna|T1,5,consumo,497,19.27511014,49.74994804,53.60521211,92.69946262,0.189530858,0.1963029595,0.6734693878,1.307840239,1.011253348
P1|stretto|nessuna|T1,5,importazioni,497,14.04225777,51.3305576,82.1999686,142.1936305,0.4354780847,0.5041902384,0.5333333333,3.024058976,2.647533925
P1|stretto|nessuna|T1,5,investimento_ind,1372,24.15166123,109.7711197,119.0941544,244.8592931,1.986345966,33.48187498,0.2026239067,7.785361028,3.402193111
P1|stretto|nessuna|T1,5,investimento_tipo,28,391.0391798,500.2001772,392.0737209,503.254386,0.7750688658,0.6766215614,0.5,2.423391304,1.990514796
P1|stretto|nessuna|T1,5,produzione,497,80.15254332,150.8716709,136.571693,213.4517575,0.2005537581,0.2267864464,0.5935613682,1.667251404,1.437179355
P1|stretto|nessuna|T1,5,scorte,77,35.39761959,45.52455843,43.89391746,51.89916482,0.1439061302,0.1612600666,0.09090909091,0.9770144459,0.9678353877
P1|stretto|nessuna|T1,5,stock_ind,1372,49.03226775,155.797731,490.1444147,848.9645955,0.6362389433,25.99374375,0.3760932945,2.728908996,1.654015104
P1|stretto|nessuna|T1,5,stock_tipo,28,1106.816571,1352.746032,1164.582711,1403.447041,0.1955198778,0.1928111828,0.5714285714,1.734879831,1.780387676
P1|stretto|nessuna|T2,1,aggregati,55,339.4532695,523.8459848,496.6970802,732.2258896,0.07645030368,0.0757018226,0.7090909091,1.261040224,0.8701694576
P1|stretto|nessuna|T2,1,consumo,781,6.491194711,12.56902793,15.85883272,22.5294447,0.09236989499,0.08200966802,0.6233766234,1.323888687,1.210356974
P1|stretto|nessuna|T2,1,importazioni,781,8.765847563,32.85421752,51.52298713,94.50594404,0.276214452,0.2337609666,0.5441767068,4.54884186,4.491859696
P1|stretto|nessuna|T2,1,investimento_ind,2156,17.36790728,72.72524544,114.2903781,246.3056943,1.775752797,2.835352811,0.4132653061,15.31722295,11.18989474
P1|stretto|nessuna|T2,1,investimento_tipo,44,366.2996699,454.8131029,373.56147,484.4176454,0.6757078191,0.5863314433,0.5454545455,7.434125578,7.148513231
P1|stretto|nessuna|T2,1,produzione,781,28.059087,52.76349283,46.34997157,76.85134421,0.08204459767,0.07948127766,0.6120358515,1.911479078,1.694934082
P1|stretto|nessuna|T2,1,scorte,121,38.47059651,52.79636666,50.4623966,65.14719775,0.1501629212,0.1616662194,0.5619834711,3.970391633,4.206468908
P1|stretto|nessuna|T2,1,stock_ind,2156,17.33300959,72.6253961,196.6077186,301.4402981,0.2547801069,0.8851900577,0.370593692,5.937941471,3.494495554
P1|stretto|nessuna|T2,1,stock_tipo,44,363.0971624,451.4480442,366.8519052,441.3549121,0.06237377424,0.06203660405,0.4318181818,2.859850676,2.889457586
P1|stretto|nessuna|T2,2,aggregati,50,554.6431008,922.8738588,917.9806492,1364.309966,0.1060962478,0.1107698789,0.84,1.333051474,0.9295465196
P1|stretto|nessuna|T2,2,consumo,710,8.432542063,16.04450611,23.43607071,31.80816227,0.08854864792,0.09089384367,0.6492063492,0.9780946269,1.00558523
P1|stretto|nessuna|T2,2,importazioni,710,12.93938189,56.27931893,79.76212473,166.9120032,0.3914160446,0.3286149766,0.5752212389,5.992676,4.882292274
P1|stretto|nessuna|T2,2,investimento_ind,1960,19.61326932,122.0206451,145.141391,385.6442887,1.776895407,12.78348578,0.3908163265,16.56224893,8.343966133
P1|stretto|nessuna|T2,2,investimento_tipo,40,500.4425313,721.294044,556.0895631,831.6104233,0.8629228766,0.7352929397,0.525,7.398876213,6.19316861
P1|stretto|nessuna|T2,2,produzione,710,45.9335792,98.90067455,80.36720954,148.9582726,0.12306076,0.1269760198,0.6183098592,2.309506183,1.801683391
P1|stretto|nessuna|T2,2,scorte,110,46.44389376,62.45083581,60.53745057,75.98767138,0.1739956723,0.195030247,0.5909090909,2.926534258,3.050350146
P1|stretto|nessuna|T2,2,stock_ind,1960,29.89276852,151.7655762,365.4399029,556.8721083,0.4110048573,9.304711667,0.3969387755,6.333359219,3.236747596
P1|stretto|nessuna|T2,2,stock_tipo,40,695.1811526,976.0926021,690.7458878,909.0408809,0.1157632852,0.1187192036,0.5,3.113910722,2.745829684
P1|stretto|nessuna|T2,3,aggregati,45,665.1431623,1247.526336,1118.796075,1880.29396,0.1299292787,0.1330396964,0.8444444444,1.238950277,0.8011156223
P1|stretto|nessuna|T2,3,consumo,639,11.3944584,23.29799608,35.26012219,51.24227355,0.116086153,0.1226005399,0.6631393298,0.9904258618,1.059848772
P1|stretto|nessuna|T2,3,importazioni,639,12.9507909,57.71142804,78.8061918,170.2895105,0.4032867445,0.4276360968,0.6167076167,4.865802485,3.724779327
P1|stretto|nessuna|T2,3,investimento_ind,1764,19.51038305,133.5318052,112.520223,375.3181906,1.73744834,16.43898546,0.3571428571,13.70132138,4.629665439
P1|stretto|nessuna|T2,3,investimento_tipo,36,475.3011017,783.8776151,556.1125112,924.6377668,0.8010877366,0.6779150975,0.5833333333,5.859264269,4.482934201
P1|stretto|nessuna|T2,3,produzione,639,55.60325556,111.7691645,97.08923279,165.1051177,0.1452525587,0.1562509998,0.6197183099,1.905752022,1.57227158
P1|stretto|nessuna|T2,3,scorte,99,50.24555695,66.0987125,65.15577956,79.9006802,0.1890224693,0.2141623942,0.5252525253,2.231408052,2.352233512
P1|stretto|nessuna|T2,3,stock_ind,1764,38.17314267,199.946821,431.8330124,673.2117628,0.5087823919,10.93631894,0.4030612245,5.649556901,2.520701563
P1|stretto|nessuna|T2,3,stock_tipo,36,953.2979805,1364.083957,941.2548171,1250.14416,0.1510310757,0.1580995774,0.5,2.913036761,2.470795049
P1|stretto|nessuna|T2,4,aggregati,40,845.5349355,1515.84393,1466.199416,2331.148065,0.1461169876,0.1606183098,0.775,1.14276433,0.7831615278
P1|stretto|nessuna|T2,4,consumo,568,15.25319907,33.48764339,48.81321534,70.57271136,0.1452877713,0.1542741203,0.6726190476,1.085587233,1.123170157
P1|stretto|nessuna|T2,4,importazioni,568,13.48910803,61.88163348,83.78052351,182.9009537,0.4219815826,0.5071332042,0.6232686981,4.266184137,3.138017834
P1|stretto|nessuna|T2,4,investimento_ind,1568,23.18226165,143.1499781,125.7656311,306.0955587,1.760924103,41.17958368,0.3424744898,12.04475087,4.123330977
P1|stretto|nessuna|T2,4,investimento_tipo,32,556.665014,760.8658555,617.0812488,849.2212011,0.8586677359,0.8453995968,0.40625,4.492025885,3.871128443
P1|stretto|nessuna|T2,4,produzione,568,68.76961485,145.2348904,118.6860597,197.6935339,0.176562962,0.1986667213,0.6355633803,1.946380032,1.501609176
P1|stretto|nessuna|T2,4,scorte,88,49.38050512,66.0215372,63.78129413,79.26086463,0.1959714051,0.2160428857,0.5227272727,1.743506594,1.780203992
P1|stretto|nessuna|T2,4,stock_ind,1568,45.97428533,181.2359722,386.0415276,595.6606177,0.5807980504,26.95599296,0.4030612245,3.882537201,1.652578048
P1|stretto|nessuna|T2,4,stock_tipo,32,1061.958025,1345.537328,978.6557495,1224.941716,0.1782658783,0.1950302537,0.59375,2.153917255,1.894501819
P1|stretto|nessuna|T2,5,aggregati,35,997.6654842,1743.578131,1613.663303,2529.666579,0.1862539195,0.2032471507,0.7714285714,1.049707001,0.6809309561
P1|stretto|nessuna|T2,5,consumo,497,19.51761516,51.06476651,61.52443047,100.2633119,0.1809389106,0.1877069138,0.6553287982,1.342404547,1.160648076
P1|stretto|nessuna|T2,5,importazioni,497,16.68014177,68.53143334,102.2576915,195.7175823,0.4696731579,0.6473809279,0.5238095238,4.037421486,3.293562176
P1|stretto|nessuna|T2,5,investimento_ind,1372,32.5208719,206.0824754,178.253322,363.6657288,1.992702381,77.00577154,0.2004373178,14.61610737,5.092208155
P1|stretto|nessuna|T2,5,investimento_tipo,28,741.7850242,1007.399259,774.2254375,1043.710085,1.192146877,1.222153029,0.4642857143,4.880691203,3.930656675
P1|stretto|nessuna|T2,5,produzione,497,99.22898973,216.4029642,158.621507,265.4018174,0.2307716523,0.3004769771,0.5875251509,2.391424074,1.669215267
P1|stretto|nessuna|T2,5,scorte,77,34.52672286,44.71767671,42.49002118,50.75336793,0.1418718424,0.1591640808,0.1038961039,0.9596977465,0.93688029
P1|stretto|nessuna|T2,5,stock_ind,1372,59.66289336,246.484854,364.6290754,679.1812728,0.6603226253,60.32831914,0.361516035,4.317358996,1.230457759
P1|stretto|nessuna|T2,5,stock_tipo,28,1311.689779,1653.005277,1074.859431,1394.720397,0.2353396194,0.2867936022,0.6071428571,2.119958549,1.643220757
P1|stretto|nessuna|T3,1,aggregati,55,329.948321,483.5162153,472.7847916,669.2864348,0.07161152534,0.07400905187,0.7090909091,1.163955465,0.8282772378
P1|stretto|nessuna|T3,1,consumo,781,6.783523883,14.21521593,16.91364322,24.8368677,0.09343978325,0.08198325167,0.6406926407,1.49728075,1.290860833
P1|stretto|nessuna|T3,1,importazioni,781,8.671739733,33.35201296,51.62372007,96.58390347,0.2708453728,0.230251938,0.5562248996,4.617764296,4.500641761
P1|stretto|nessuna|T3,1,investimento_ind,2156,16.68249849,73.10798877,119.8600127,270.1644281,1.776262306,2.63471731,0.4165120594,15.39783547,11.73520421
P1|stretto|nessuna|T3,1,investimento_tipo,44,380.2434151,472.1362145,389.4292812,500.1868522,0.7146737818,0.623063796,0.5227272727,7.717279661,7.452161405
P1|stretto|nessuna|T3,1,produzione,781,28.74877299,54.37165307,47.02061756,79.29551747,0.08509622982,0.08187780465,0.6069142125,1.969738387,1.719458385
P1|stretto|nessuna|T3,1,scorte,121,41.36941862,55.66596629,53.20206932,67.71612523,0.1636850707,0.1774148871,0.4958677686,4.186191224,4.434843874
P1|stretto|nessuna|T3,1,stock_ind,2156,16.64003901,73.08610225,206.7079333,339.1405637,0.2487630163,0.9221324992,0.3631725417,5.975609372,3.674016255
P1|stretto|nessuna|T3,1,stock_tipo,44,377.7733971,469.5111233,385.7519998,469.1433056,0.06566191856,0.06489671729,0.4772727273,2.974277374,3.038321531
P1|stretto|nessuna|T3,2,aggregati,50,486.9835071,763.5314986,752.4706446,1088.81669,0.09118939767,0.1020272977,0.82,1.102888309,0.7619512125
P1|stretto|nessuna|T3,2,consumo,710,8.945186313,19.75308783,25.22900552,36.91463715,0.09340931604,0.09235212245,0.6603174603,1.204174746,1.082515735
P1|stretto|nessuna|T3,2,importazioni,710,11.9103136,50.37487474,72.41617392,148.2563972,0.3775963467,0.3164825997,0.5774336283,5.363965105,4.432641779
P1|stretto|nessuna|T3,2,investimento_ind,1960,18.86360107,114.0630651,146.8459431,378.9033493,1.777059423,11.81475191,0.393877551,15.48214137,8.441958335
P1|stretto|nessuna|T3,2,investimento_tipo,40,517.8590875,702.2377824,566.4254624,795.3524184,0.8545435307,0.7887518514,0.5,7.203401258,6.308279505
P1|stretto|nessuna|T3,2,produzione,710,42.56779485,88.77833351,73.68492491,130.9659872,0.1206009509,0.1200399324,0.6281690141,2.073131564,1.651878995
P1|stretto|nessuna|T3,2,scorte,110,43.69269374,59.55583888,56.79029855,72.37428145,0.1650126993,0.1868306229,0.6272727273,2.790870618,2.861539325
P1|stretto|nessuna|T3,2,stock_ind,1960,29.29672528,152.9721271,421.3863205,696.7660303,0.4038928008,8.589556195,0.3892857143,6.383710031,3.732272116
P1|stretto|nessuna|T3,2,stock_tipo,40,763.3217575,1014.630139,795.9039721,1005.11717,0.1258850911,0.1266100296,0.5,3.236852386,3.163850543
P1|stretto|nessuna|T3,3,aggregati,45,600.8812829,1029.905543,1008.078751,1532.716108,0.09935412541,0.1142043822,0.8444444444,1.022825508,0.7218363147
P1|stretto|nessuna|T3,3,consumo,639,12.32519218,29.82520617,38.22402884,60.08771182,0.1222968571,0.1247635564,0.6772486772,1.26790542,1.14893788
P1|stretto|nessuna|T3,3,importazioni,639,12.09072046,54.61976929,74.10425242,161.5189604,0.3869495779,0.4037564833,0.6093366093,4.605136593,3.502541883
P1|stretto|nessuna|T3,3,investimento_ind,1764,18.68421442,125.8995964,113.2725641,353.1893265,1.715668316,16.34248055,0.3679138322,12.918202,4.660620652
P1|stretto|nessuna|T3,3,investimento_tipo,36,458.5946682,733.8983463,522.3645783,860.2012398,0.7263071254,0.6787993453,0.6111111111,5.485683319,4.210885363
P1|stretto|nessuna|T3,3,produzione,639,50.90668483,101.1545695,87.9460521,147.8629136,0.1381052732,0.1432908406,0.6228482003,1.724764842,1.424206107
P1|stretto|nessuna|T3,3,scorte,99,47.91449697,63.4084606,62.42898253,77.00872627,0.1774297951,0.202926465,0.6060606061,2.140588586,2.253791541
P1|stretto|nessuna|T3,3,stock_ind,1764,38.01631187,196.3804116,557.5577042,890.1075888,0.5052864689,10.84817279,0.3951247166,5.548786944,3.254583453
P1|stretto|nessuna|T3,3,stock_tipo,36,1037.806301,1400.592114,1104.93607,1377.228963,0.1587666287,0.1635493986,0.5,2.991000879,2.900458537
P1|stretto|nessuna|T3,4,aggregati,40,821.0316678,1413.103044,1435.461757,2153.143047,0.1311654773,0.1512986446,0.775,1.065310037,0.7667431935
P1|stretto|nessuna|T3,4,consumo,568,15.7871376,39.37584834,49.04327625,78.91550696,0.1479026987,0.1550916004,0.6785714286,1.27646839,1.128463756
P1|stretto|nessuna|T3,4,importazioni,568,13.39864129,62.01871938,84.16538972,183.3402146,0.4135921473,0.4878631082,0.6260387812,4.275634981,3.152433082
P1|stretto|nessuna|T3,4,investimento_ind,1568,21.39418879,140.4400289,95.23539202,279.7171518,1.730261557,41.06179083,0.350127551,11.81673363,3.122371657
P1|stretto|nessuna|T3,4,investimento_tipo,32,509.1704563,743.1109826,577.2369047,835.0984037,0.7255267872,0.7435372072,0.53125,4.387204059,3.621173394
P1|stretto|nessuna|T3,4,produzione,568,65.31990137,138.3959921,111.1870159,185.2838303,0.1701772335,0.1870542105,0.6285211268,1.854727847,1.406731707
P1|stretto|nessuna|T3,4,scorte,88,46.24877665,62.1304038,59.72241964,74.22304993,0.1773667706,0.1993423324,0.5113636364,1.640748964,1.666916473
P1|stretto|nessuna|T3,4,stock_ind,1568,45.47063049,189.2220738,547.6300493,882.1109717,0.5708245622,26.86173045,0.4030612245,4.053619885,2.344310995
P1|stretto|nessuna|T3,4,stock_tipo,32,1159.627411,1450.872619,1181.12031,1422.539686,0.1819285869,0.1953790056,0.625,2.322536509,2.286436858
P1|stretto|nessuna|T3,5,aggregati,35,1010.127718,1730.149802,1679.875218,2556.934382,0.1692010792,0.1993046726,0.8,1.041622585,0.7088709498
P1|stretto|nessuna|T3,5,consumo,497,19.53463505,51.06885827,58.28807639,96.9500618,0.182911182,0.1882204847,0.6734693878,1.342512112,1.099594798
P1|stretto|nessuna|T3,5,importazioni,497,16.35311973,67.79852877,99.20618328,193.2555548,0.4588554031,0.5968051167,0.5365079365,3.994243567,3.195277812
P1|stretto|nessuna|T3,5,investimento_ind,1372,29.75538214,195.389445,127.4516266,305.0584639,1.985217259,77.46583325,0.2033527697,13.85771936,3.640943154
P1|stretto|nessuna|T3,5,investimento_tipo,28,621.7246978,948.6028467,667.2227618,990.2541529,0.8580860182,0.9742814033,0.5,4.595831817,3.387415959
P1|stretto|nessuna|T3,5,produzione,497,91.35504028,201.8651734,146.5508761,244.7454819,0.2182478635,0.2674747171,0.6056338028,2.230769977,1.542192887
P1|stretto|nessuna|T3,5,scorte,77,34.41423815,44.62671861,42.31645622,50.61191366,0.141410267,0.158688915,0.1168831169,0.9577456708,0.9330532834
P1|stretto|nessuna|T3,5,stock_ind,1372,57.59915315,238.5729648,518.4254594,869.8258106,0.650601844,60.66627494,0.3586005831,4.178776584,1.749450804
P1|stretto|nessuna|T3,5,stock_tipo,28,1341.995657,1677.158906,1235.626869,1517.143446,0.2245312274,0.2654708626,0.6428571429,2.150935275,1.888998375
P1|tetto100|agg+ind|T1,1,aggregati,55,377.0821384,634.6372658,755.3180646,1029.088401,0.06079525164,0.05944746418,0.6181818182,1.527745069,1.323250602
P1|tetto100|agg+ind|T1,1,consumo,781,5.53908895,12.81772453,14.69937497,23.2903519,0.06848397307,0.0642473434,0.6421356421,1.350083762,1.121866364
P1|tetto100|agg+ind|T1,1,importazioni,781,4.553128287,15.33014597,24.05932269,39.42384865,0.1677556048,0.1549836714,0.59437751,2.122540573,2.097531761
P1|tetto100|agg+ind|T1,1,investimento_ind,2156,3.103403004,15.92928994,31.31624489,92.47378896,0.4229281992,0.5134607735,0.1178107607,3.354990197,3.066097864
P1|tetto100|agg+ind|T1,1,investimento_tipo,44,82.84035691,135.4220848,80.87238834,131.7955961,0.1393094763,0.1533544818,0.4545454545,2.213535138,1.547582887
P1|tetto100|agg+ind|T1,1,produzione,781,23.96457642,42.68697628,38.65059012,63.67297163,0.08316746521,0.07579314411,0.5313700384,1.546434053,1.413381719
P1|tetto100|agg+ind|T1,1,scorte,121,41.68472543,53.92090676,55.02607018,66.03403913,0.1757868611,0.1722502575,0.3388429752,4.054959282,4.586889822
P1|tetto100|agg+ind|T1,1,stock_ind,2156,3.013934406,15.69463612,66.6467654,140.4388596,0.07032325638,0.1334452295,0.7949907236,1.283212701,1.184576206
P1|tetto100|agg+ind|T1,1,stock_tipo,44,78.41588065,132.5495139,95.22281489,155.4445853,0.01069060315,0.01083422361,0.9318181818,0.8396798297,0.750009148
P1|tetto100|agg+ind|T1,2,aggregati,50,388.4953973,625.5353247,681.8044329,986.5007794,0.06917977924,0.07065970109,0.68,0.9035587896,0.6903946594
P1|tetto100|agg+ind|T1,2,consumo,710,8.369778878,19.72026266,22.7011629,36.23067025,0.09521342044,0.09298084918,0.6555555556,1.202173679,0.9740521094
P1|tetto100|agg+ind|T1,2,importazioni,710,4.928144189,15.21174255,25.62392186,39.50164168,0.1982640335,0.1999640731,0.6349557522,1.619760975,1.568457161
P1|tetto100|agg+ind|T1,2,investimento_ind,1960,4.12663184,18.80217473,40.06987239,107.6026954,0.5213154677,0.6731879843,0.1316326531,2.552078774,2.303558315
P1|tetto100|agg+ind|T1,2,investimento_tipo,40,120.500624,174.4322376,120.5595265,173.8819923,0.1929609033,0.21713499,0.525,1.789287662,1.342671261
P1|tetto100|agg+ind|T1,2,produzione,710,28.06265261,50.0084984,46.27205474,75.23621824,0.08793188334,0.08531997728,0.6507042254,1.167787144,1.037333422
P1|tetto100|agg+ind|T1,2,scorte,110,34.75549931,43.79110118,43.37270104,51.37996173,0.1532437211,0.1562783771,0.3181818182,2.052112772,2.185455841
P1|tetto100|agg+ind|T1,2,stock_ind,1960,6.535789837,33.99083399,149.4275896,305.0210341,0.1334766538,0.243193136,0.7724489796,1.418478203,1.323499124
P1|tetto100|agg+ind|T1,2,stock_tipo,40,185.9784438,294.3543362,219.9018204,341.4073711,0.02650648915,0.02733921837,0.95,0.9390432031,0.8741462767
P1|tetto100|agg+ind|T1,3,aggregati,45,496.7385828,864.9229952,874.7473475,1377.925061,0.08228127585,0.08623678976,0.6888888889,0.8589771244,0.6263641615
P1|tetto100|agg+ind|T1,3,consumo,639,12.09599145,32.49286166,34.66956584,61.4072126,0.1236139478,0.1249094796,0.671957672,1.381310667,1.042097829
P1|tetto100|agg+ind|T1,3,importazioni,639,5.410272943,16.81384157,28.96792574,44.92323586,0.247111003,0.3048576431,0.6535626536,1.417619263,1.369170728
P1|tetto100|agg+ind|T1,3,investimento_ind,1764,4.948591878,20.00580065,45.05688493,112.4799708,0.6134627437,0.7944100149,0.1366213152,2.0527387,1.853873885
P1|tetto100|agg+ind|T1,3,investimento_tipo,36,156.9427837,210.1795208,162.2290495,215.5238443,0.2420864606,0.2744959266,0.5,1.571032688,1.307760821
P1|tetto100|agg+ind|T1,3,produzione,639,35.40679828,63.88178903,59.68688163,96.25186172,0.1052327612,0.1041170804,0.6541471049,1.089234667,0.9665746136
P1|tetto100|agg+ind|T1,3,scorte,99,37.2642113,47.7171233,47.18296788,56.37537306,0.1599767236,0.1678176858,0.3535353535,1.610869094,1.703384704
P1|tetto100|agg+ind|T1,3,stock_ind,1764,10.46494378,53.51154625,244.3947195,480.4274148,0.1951441073,0.3391066556,0.7397959184,1.511984656,1.426584198
P1|tetto100|agg+ind|T1,3,stock_tipo,36,318.055811,479.5757931,365.8567653,546.7875223,0.04684341134,0.04912440248,0.9166666667,1.024146577,0.9603744573
P1|tetto100|agg+ind|T1,4,aggregati,40,684.5890205,1206.596142,1290.828147,1949.822517,0.09967661642,0.1065056724,0.75,0.9096286264,0.6894880277
P1|tetto100|agg+ind|T1,4,consumo,568,16.19005901,41.4585924,46.38380664,77.44539149,0.1553755821,0.1592981293,0.6706349206,1.343985842,1.067270554
P1|tetto100|agg+ind|T1,4,importazioni,568,6.231730273,18.76587615,31.2051022,48.69839655,0.2799010488,0.3558574641,0.6232686981,1.293739009,1.168793929
P1|tetto100|agg+ind|T1,4,investimento_ind,1568,5.682402829,20.4093932,48.1295161,111.964748,0.6934257838,0.8909285512,0.1536989796,1.717262272,1.577966277
P1|tetto100|agg+ind|T1,4,investimento_tipo,32,189.8721179,246.1496057,200.7136021,257.9380398,0.2849794643,0.3266319341,0.4375,1.453226469,1.259134248
P1|tetto100|agg+ind|T1,4,produzione,568,47.26573723,80.81160989,80.55917775,121.4810781,0.1358518322,0.1362588977,0.6302816901,1.083004941,1.019230066
P1|tetto100|agg+ind|T1,4,scorte,88,41.61908138,52.5291433,51.22370949,60.80492263,0.1944938658,0.1996408057,0.3181818182,1.387197445,1.429708402
P1|tetto100|agg+ind|T1,4,stock_ind,1568,14.77462087,73.69935049,353.5258392,661.9809409,0.256853416,0.3949390561,0.7098214286,1.578828234,1.513383922
P1|tetto100|agg+ind|T1,4,stock_tipo,32,481.2201246,687.0170253,539.8217372,767.9727604,0.07247966996,0.07713220052,0.90625,1.099767204,1.044997962
P1|tetto100|agg+ind|T1,5,aggregati,35,990.9991137,1664.910716,1975.230935,2678.648507,0.1314574846,0.1413573495,0.6571428571,1.002345925,0.8335046638
P1|tetto100|agg+ind|T1,5,consumo,497,21.12344647,55.14310126,61.17670102,101.9554505,0.2131168446,0.2046807552,0.641723356,1.449616926,1.154088218
P1|tetto100|agg+ind|T1,5,importazioni,497,6.763801423,20.29148978,33.6777773,52.27992562,0.3330020229,0.3609276989,0.6380952381,1.19544117,1.084709148
P1|tetto100|agg+ind|T1,5,investimento_ind,1372,6.257735158,20.14549821,47.80391264,106.2596695,0.7737439138,1.034014472,0.1552478134,1.428790897,1.365626576
P1|tetto100|agg+ind|T1,5,investimento_tipo,28,223.8115255,282.824752,241.8620811,301.334196,0.3289483064,0.3795893987,0.4285714286,1.370241507,1.227906961
P1|tetto100|agg+ind|T1,5,produzione,497,59.95735083,100.8791748,103.3448321,150.3214687,0.1704281841,0.1709937346,0.6036217304,1.114794744,1.087524478
P1|tetto100|agg+ind|T1,5,scorte,77,36.34456662,46.59439327,45.35146843,53.35258,0.146744536,0.1642056905,0.01298701299,0.999974451,0.99997354
P1|tetto100|agg+ind|T1,5,stock_ind,1372,19.47697506,93.82226509,467.2958961,840.9067459,0.323277624,0.500284435,0.6647230321,1.643364262,1.576911716
P1|tetto100|agg+ind|T1,5,stock_tipo,28,676.167645,916.0980737,743.7175526,1003.263739,0.1023648734,0.1104792078,0.8571428571,1.174884297,1.136978552
P1|tetto100|agg+ind|T2,1,aggregati,55,391.3610425,642.0149571,799.613901,1048.468521,0.06314128278,0.06148422835,0.6,1.545505185,1.400852999
P1|tetto100|agg+ind|T2,1,consumo,781,5.339150015,12.47946358,14.41844822,23.00620888,0.06349142669,0.06097772298,0.6464646465,1.314454925,1.100425842
P1|tetto100|agg+ind|T2,1,importazioni,781,4.404617737,15.36722771,23.44159552,40.45783996,0.1807803546,0.1594286922,0.6104417671,2.127674738,2.043677279
P1|tetto100|agg+ind|T2,1,investimento_ind,2156,2.15716706,5.405527128,10.34248665,19.70321909,0.3029777727,0.404839704,0.08302411874,1.138499619,1.012607876
P1|tetto100|agg+ind|T2,1,investimento_tipo,44,41.6478701,56.22211369,43.32688523,59.49475093,0.06702236989,0.06693642841,0.5909090909,0.9189758405,0.8291080244
P1|tetto100|agg+ind|T2,1,produzione,781,23.80215513,39.35094086,37.23995097,56.07884516,0.08481620157,0.07693258075,0.52368758,1.425578485,1.361797213
P1|tetto100|agg+ind|T2,1,scorte,121,43.3094139,55.10591637,56.81144514,67.47961483,0.1860442862,0.18091957,0.347107438,4.144074358,4.735715973
P1|tetto100|agg+ind|T2,1,stock_ind,2156,2.080506532,5.275280773,18.39370387,28.39190029,0.05910149558,0.09659924784,0.8218923933,0.4313134269,0.3269287536
P1|tetto100|agg+ind|T2,1,stock_tipo,44,38.15471789,52.51760706,36.31745143,47.96715338,0.0067285952,0.006876793274,0.8863636364,0.3326905852,0.2860493132
P1|tetto100|agg+ind|T2,2,aggregati,50,390.8087707,608.6819802,676.7848278,955.4264505,0.07149409182,0.07338617749,0.7,0.8792148604,0.685311811
P1|tetto100|agg+ind|T2,2,consumo,710,8.125611428,18.97402263,22.48791039,34.71814354,0.09527848808,0.09244490114,0.653968254,1.156681886,0.9649019589
P1|tetto100|agg+ind|T2,2,importazioni,710,5.072852804,16.42458684,27.38070982,43.51636871,0.1894445682,0.1933724337,0.6460176991,1.748905801,1.675991311
P1|tetto100|agg+ind|T2,2,investimento_ind,1960,3.070911695,7.694315422,17.13744447,30.96097699,0.3953396536,0.6116123735,0.1132653061,1.044373821,0.985206599
P1|tetto100|agg+ind|T2,2,investimento_tipo,40,69.96154618,89.69360434,71.90485428,93.78118474,0.1105174556,0.1153970146,0.625,0.9200573347,0.8008042517
P1|tetto100|agg+ind|T2,2,produzione,710,26.58205577,44.21052712,43.25570893,63.34846661,0.0840966483,0.08176843345,0.6535211268,1.03239423,0.9697125578
P1|tetto100|agg+ind|T2,2,scorte,110,35.47675427,44.45413518,44.35802152,52.29337345,0.1559049821,0.1589208766,0.3272727273,2.083183481,2.235103992
P1|tetto100|agg+ind|T2,2,stock_ind,1960,4.534736535,11.68648512,46.32734151,69.80943075,0.1126204351,0.2161108545,0.7989795918,0.4876910173,0.4103271429
P1|tetto100|agg+ind|T2,2,stock_tipo,40,95.02724329,124.2420692,89.93153836,113.8068633,0.01707623299,0.01787923074,0.9,0.3963545165,0.3574928087
P1|tetto100|agg+ind|T2,3,aggregati,45,477.2669952,860.5285444,842.4557571,1379.540614,0.07900559577,0.08356138839,0.7777777778,0.854612883,0.6032417193
P1|tetto100|agg+ind|T2,3,consumo,639,11.4443528,29.71699498,32.30171516,55.67643093,0.1215168744,0.1233006053,0.671957672,1.263305233,0.9709249719
P1|tetto100|agg+ind|T2,3,importazioni,639,5.806621898,18.81497348,31.75118292,50.86175192,0.2907275709,0.3296289563,0.6584766585,1.586339964,1.500721543
P1|tetto100|agg+ind|T2,3,investimento_ind,1764,3.871965982,10.25765379,25.04281557,45.11457027,0.4632869307,0.7115143642,0.1196145125,1.052508884,1.03039129
P1|tetto100|agg+ind|T2,3,investimento_tipo,36,102.2342103,127.9326685,104.6092628,133.8613238,0.1611844544,0.1737815041,0.5277777778,0.9562606446,0.8432761945
P1|tetto100|agg+ind|T2,3,produzione,639,34.69692037,59.80153731,57.58401489,87.64685235,0.1021982812,0.1026190573,0.6572769953,1.019663171,0.9325206046
P1|tetto100|agg+ind|T2,3,scorte,99,35.39171242,45.43311267,43.7652684,52.8724886,0.1533861377,0.1623149331,0.3737373737,1.533763815,1.579999989
P1|tetto100|agg+ind|T2,3,stock_ind,1764,7.338465161,19.76935927,88.43943387,131.0231966,0.1614829727,0.3056709692,0.7789115646,0.5585891266,0.5162398724
P1|tetto100|agg+ind|T2,3,stock_tipo,36,165.4545297,217.258495,157.8592983,199.442867,0.029990808,0.03209891584,0.8611111111,0.4639611655,0.4143808516
P1|tetto100|agg+ind|T2,4,aggregati,40,706.0866145,1225.181577,1349.613747,1985.6604,0.1022432956,0.1092710935,0.775,0.9236398131,0.7208879998
P1|tetto100|agg+ind|T2,4,consumo,568,15.36181832,39.67461473,42.84009499,73.51748687,0.1518228696,0.1563957342,0.6746031746,1.286153663,0.9857313413
P1|tetto100|agg+ind|T2,4,importazioni,568,5.935843793,18.92061076,31.3991268,50.80971461,0.2871026879,0.3555877109,0.6288088643,1.304406574,1.176061162
P1|tetto100|agg+ind|T2,4,investimento_ind,1568,4.585420521,12.73875206,31.56562476,59.25251448,0.5244400856,0.7740154143,0.1269132653,1.071848539,1.034905302
P1|tetto100|agg+ind|T2,4,investimento_tipo,32,135.9113706,170.3964056,140.7225208,178.7853305,0.2084512827,0.2336401331,0.46875,1.005992133,0.8827929125
P1|tetto100|agg+ind|T2,4,produzione,568,45.86471215,78.20203115,77.96060144,115.8007581,0.13065698,0.1312905119,0.6338028169,1.048032408,0.9863530289
P1|tetto100|agg+ind|T2,4,scorte,88,38.525264,48.69002484,46.13188121,54.98230642,0.1823661614,0.1891242058,0.4431818182,1.285813433,1.287590041
P1|tetto100|agg+ind|T2,4,stock_ind,1568,10.48424207,30.08945435,152.0602995,219.2506669,0.2083310649,0.3322912653,0.7512755102,0.6445929273,0.6509442506
P1|tetto100|agg+ind|T2,4,stock_tipo,32,266.1959044,340.6383325,259.3429539,315.8345086,0.04735841327,0.05162785689,0.84375,0.5452890578,0.5020413954
P1|tetto100|agg+ind|T2,5,aggregati,35,1096.679245,1767.305645,2237.260365,2868.944192,0.1442677351,0.1547996226,0.6,1.063991957,0.9440754067
P1|tetto100|agg+ind|T2,5,consumo,497,19.94557416,52.94067697,55.60353786,96.89218831,0.2044110131,0.1978374949,0.6553287982,1.391718994,1.048951428
P1|tetto100|agg+ind|T2,5,importazioni,497,6.315868859,19.60554573,32.20246204,51.72387556,0.3167337906,0.3468137953,0.6603174603,1.155029856,1.037191524
P1|tetto100|agg+ind|T2,5,investimento_ind,1372,5.227142214,15.06925076,37.95682355,71.78601448,0.5685851309,0.8918840712,0.1239067055,1.068765244,1.084322268
P1|tetto100|agg+ind|T2,5,investimento_tipo,28,175.3592354,212.9332835,184.6215363,224.4185064,0.2620321057,0.302270619,0.4642857143,1.031628318,0.9373030634
P1|tetto100|agg+ind|T2,5,produzione,497,60.25813365,102.7105179,104.1674405,152.8023346,0.1709490897,0.1721633875,0.5875251509,1.135032536,1.096180999
P1|tetto100|agg+ind|T2,5,scorte,77,36.34711065,46.59558374,45.35266846,53.35307043,0.146770555,0.1642320057,0,1,1
P1|tetto100|agg+ind|T2,5,stock_ind,1372,13.84341645,42.41567537,225.0505172,326.8617508,0.254129134,0.418121242,0.72303207,0.7429409747,0.759443428
P1|tetto100|agg+ind|T2,5,stock_tipo,28,398.6511552,493.7080261,389.9693625,462.8906195,0.06891387583,0.07650870631,0.8214285714,0.6331743553,0.5961763303
P1|tetto100|agg+ind|T3,1,aggregati,55,366.5987873,621.5238417,738.8913443,1005.977103,0.05787199041,0.0565776243,0.6181818182,1.496177479,1.294472438
P1|tetto100|agg+ind|T3,1,consumo,781,5.632898532,13.61142892,14.8091067,23.86847826,0.07007863688,0.06514962928,0.6392496392,1.433684202,1.130241164
P1|tetto100|agg+ind|T3,1,importazioni,781,4.494964986,15.30322297,23.68876217,39.33650383,0.1633769018,0.1522302712,0.6024096386,2.118812941,2.065225678
P1|tetto100|agg+ind|T3,1,investimento_ind,2156,2.890362809,15.81016426,30.75268978,92.36344431,0.3721028765,0.4394428785,0.09601113173,3.329900221,3.010921545
P1|tetto100|agg+ind|T3,1,investimento_tipo,44,74.73821382,124.1936638,70.2199415,116.8300535,0.1242486431,0.1417385178,0.5227272727,2.030001526,1.343736496
P1|tetto100|agg+ind|T3,1,produzione,781,23.93603707,42.88295857,38.52632522,63.95689675,0.08372977816,0.07589646221,0.5352112676,1.553533962,1.408837578
P1|tetto100|agg+ind|T3,1,scorte,121,41.94409455,54.34274433,54.93512773,66.17366669,0.1795010489,0.1750911433,0.3223140496,4.086682304,4.579308997
P1|tetto100|agg+ind|T3,1,stock_ind,2156,2.80816568,15.58126175,66.70759012,140.4007639,0.06442404456,0.09914153945,0.8093692022,1.273943073,1.185657302
P1|tetto100|agg+ind|T3,1,stock_tipo,44,70.9862166,121.4525028,90.07526444,149.3187086,0.00939390834,0.00955378332,0.9318181818,0.7693820512,0.7094651887
P1|tetto100|agg+ind|T3,2,aggregati,50,385.3527664,592.2900507,667.708391,912.5752601,0.06863278737,0.07007372355,0.68,0.8555374255,0.6761210178
P1|tetto100|agg+ind|T3,2,consumo,710,8.697797367,21.62292372,23.86245375,39.94258656,0.09568595316,0.09338267002,0.6492063492,1.318162451,1.023880297
P1|tetto100|agg+ind|T3,2,importazioni,710,5.095718708,16.30255136,26.845276,42.36045997,0.1955395601,0.1962748536,0.6438053097,1.735911346,1.643217054
P1|tetto100|agg+ind|T3,2,investimento_ind,1960,3.88917804,18.6099499,39.32018237,107.4477186,0.4717882959,0.6380635065,0.1178571429,2.525987488,2.260459733
P1|tetto100|agg+ind|T3,2,investimento_tipo,40,108.2849921,157.9896232,104.3118626,151.9958735,0.1718012072,0.2000923887,0.6,1.620622927,1.161721054
P1|tetto100|agg+ind|T3,2,produzione,710,28.02593167,50.15742879,46.44322792,75.18169505,0.08705058045,0.08441146398,0.6478873239,1.171264932,1.041170806
P1|tetto100|agg+ind|T3,2,scorte,110,34.84758381,43.91497958,43.25326107,51.39237647,0.1551752202,0.1573129674,0.2727272727,2.057917889,2.179437521
P1|tetto100|agg+ind|T3,2,stock_ind,1960,6.103731517,33.71545997,149.5166002,304.9324646,0.1234851002,0.2121794124,0.7897959184,1.406986515,1.324287502
P1|tetto100|agg+ind|T3,2,stock_tipo,40,166.2924497,268.3265871,207.0076037,327.117369,0.02268376576,0.02354908746,0.95,0.8560100084,0.8228896228
P1|tetto100|agg+ind|T3,3,aggregati,45,482.9390615,840.1691919,831.483286,1330.257931,0.08110878921,0.08496847879,0.6888888889,0.8343934899,0.5953848649
P1|tetto100|agg+ind|T3,3,consumo,639,12.21152116,33.85710555,34.94605782,63.95189537,0.1248435348,0.1256950447,0.6684303351,1.439306317,1.050408625
P1|tetto100|agg+ind|T3,3,importazioni,639,5.522610824,17.40279001,29.26399522,46.22844865,0.2376267857,0.3015462771,0.656019656,1.467275057,1.383164469
P1|tetto100|agg+ind|T3,3,investimento_ind,1764,4.692541096,19.78030446,44.49979919,112.3171536,0.5557956512,0.7837317274,0.1298185941,2.029601173,1.830952489
P1|tetto100|agg+ind|T3,3,investimento_tipo,36,142.6232377,189.6570251,142.9677614,189.0817795,0.2175905124,0.2547023803,0.5555555556,1.417632815,1.152491725
P1|tetto100|agg+ind|T3,3,produzione,639,35.20436132,63.98908457,59.19140432,96.16121661,0.1051270597,0.1040165982,0.6635367762,1.09106414,0.9585508104
P1|tetto100|agg+ind|T3,3,scorte,99,37.46254412,47.10980853,46.51664281,54.92413345,0.1644649,0.1716979879,0.3232323232,1.590366924,1.679329245
P1|tetto100|agg+ind|T3,3,stock_ind,1764,9.778719165,53.05667609,243.3176584,480.2290405,0.1797385115,0.3223073156,0.7653061224,1.499132165,1.420297162
P1|tetto100|agg+ind|T3,3,stock_tipo,36,283.1243783,435.341289,342.0396687,521.6806626,0.04008810474,0.04243474219,0.9166666667,0.929682643,0.8978545496
P1|tetto100|agg+ind|T3,4,aggregati,40,666.2252948,1154.662711,1230.541647,1847.35121,0.09767282267,0.1045202329,0.75,0.870477055,0.6572863596
P1|tetto100|agg+ind|T3,4,consumo,568,16.63590896,43.22122593,47.67041494,80.45338132,0.1577886585,0.160974633,0.6626984127,1.401126096,1.096874834
P1|tetto100|agg+ind|T3,4,importazioni,568,6.2012853,19.60335461,31.80612008,52.03129299,0.2906205822,0.3599450597,0.6232686981,1.351475644,1.191305185
P1|tetto100|agg+ind|T3,4,investimento_ind,1568,5.360311725,20.15826518,47.51551031,111.8033022,0.6246605805,0.854973659,0.1415816327,1.696132164,1.557835585
P1|tetto100|agg+ind|T3,4,investimento_tipo,32,171.9566106,221.2811167,176.8506086,226.6589456,0.253629961,0.3017177839,0.5,1.306407032,1.109434815
P1|tetto100|agg+ind|T3,4,produzione,568,47.11389137,80.01348852,79.97710104,119.3497319,0.1350175193,0.1354185649,0.6302816901,1.072308837,1.011865666
P1|tetto100|agg+ind|T3,4,scorte,88,41.6555755,51.88188681,50.65403378,59.13629611,0.1972955223,0.2020600026,0.3409090909,1.370104599,1.413808145
P1|tetto100|agg+ind|T3,4,stock_ind,1568,13.8000729,73.08347062,352.04618,661.6957862,0.2344632779,0.3635829182,0.7359693878,1.565634515,1.507049753
P1|tetto100|agg+ind|T3,4,stock_tipo,32,429.5327323,622.1138267,504.9060705,729.9581104,0.06230182443,0.06712463628,0.90625,0.9958710751,0.9774074997
P1|tetto100|agg+ind|T3,5,aggregati,35,968.7976696,1642.150141,1923.451195,2634.874405,0.1267605517,0.1365807671,0.6571428571,0.9886431066,0.8116547352
P1|tetto100|agg+ind|T3,5,consumo,497,21.56413725,55.42784988,61.71792223,102.2198274,0.2322838896,0.2131865739,0.6349206349,1.457102475,1.164298265
P1|tetto100|agg+ind|T3,5,importazioni,497,6.625682364,19.95913652,32.96801918,51.99050003,0.3390741165,0.3667544125,0.6380952381,1.1758611,1.061848936
P1|tetto100|agg+ind|T3,5,investimento_ind,1372,5.904249818,19.83776541,47.18756493,106.0965445,0.6996332699,0.9942176297,0.1421282799,1.406965384,1.348019213
P1|tetto100|agg+ind|T3,5,investimento_tipo,28,203.636525,254.9706417,214.9332777,266.8767171,0.2941136478,0.3516302567,0.5,1.235292717,1.091192412
P1|tetto100|agg+ind|T3,5,produzione,497,59.78624524,100.1219871,102.3564792,148.7573711,0.1723600183,0.1724380878,0.6056338028,1.106427221,1.077123783
P1|tetto100|agg+ind|T3,5,scorte,77,36.33906392,46.59185479,45.34887279,53.35153429,0.1466884189,0.1641487714,0.01298701299,0.999919972,0.9999163076
P1|tetto100|agg+ind|T3,5,stock_ind,1372,18.14475746,93.03023498,465.9818003,840.7681087,0.2912575386,0.4654737131,0.6982507289,1.629491287,1.572477239
P1|tetto100|agg+ind|T3,5,stock_tipo,28,604.0067094,827.1034824,695.1874599,949.2492488,0.08806948785,0.09644701692,0.8928571429,1.060749849,1.062786846
P1|tetto100|agg|T1,1,aggregati,55,570.8625876,931.4204241,1208.745912,1548.967712,0.08794967497,0.08423866038,0.4,2.242183112,2.117616182
P1|tetto100|agg|T1,1,consumo,781,5.11958702,11.23475474,14.12364316,22.12946129,0.05800061695,0.05731300381,0.6565656566,1.183350438,1.077926118
P1|tetto100|agg|T1,1,importazioni,781,6.119431497,22.32965368,34.88248303,60.53115767,0.1789383308,0.171387542,0.5522088353,3.091659795,3.041112876
P1|tetto100|agg|T1,1,investimento_ind,2156,16.11013606,56.85094301,68.53050589,157.0002888,1.782183788,2.872285264,0.4383116883,11.9738141,6.709656233
P1|tetto100|agg|T1,1,investimento_tipo,44,107.2568935,159.817361,111.8760051,161.1836637,0.1776113644,0.1844203806,0.3181818182,2.612286945,2.140871495
P1|tetto100|agg|T1,1,produzione,781,32.70353318,55.04522199,51.36248673,78.9345445,0.1157709066,0.1028126222,0.4519846351,1.994139973,1.878232637
P1|tetto100|agg|T1,1,scorte,121,48.07065974,63.90481363,64.27672949,79.37014304,0.2072668645,0.1942742572,0.2644628099,4.805768907,5.358010763
P1|tetto100|agg|T1,1,stock_ind,2156,16.06145811,56.78189208,86.1871959,164.1521135,0.2570920432,1.057954023,0.3984230056,4.642557149,1.531886821
P1|tetto100|agg|T1,1,stock_tipo,44,102.8340366,156.209558,110.2872503,171.2473815,0.01601966025,0.01624173648,0.9318181818,0.9895623997,0.868662061
P1|tetto100|agg|T1,2,aggregati,50,412.6232374,664.3963014,686.6531463,1047.529834,0.08044899297,0.08132198326,0.58,0.9596917938,0.6953044629
P1|tetto100|agg|T1,2,consumo,710,7.963317047,18.06581424,22.26881,34.55180194,0.08851695301,0.08850225886,0.6634920635,1.101316283,0.9555008902
P1|tetto100|agg|T1,2,importazioni,710,7.712038793,21.20138026,34.74731108,51.93998403,0.6335794717,0.4358291179,0.5575221239,2.257543358,2.126905834
P1|tetto100|agg|T1,2,investimento_ind,1960,14.79479864,47.49041815,72.76614461,148.3294001,1.745197016,2.334298295,0.4102040816,6.446024987,4.183219149
P1|tetto100|agg|T1,2,investimento_tipo,40,141.9452007,197.5713724,147.9913628,203.5432483,0.233988468,0.2456343232,0.425,2.026643835,1.64817958
P1|tetto100|agg|T1,2,produzione,710,35.68957472,64.35523177,55.17504725,88.73182554,0.1094131825,0.1234850024,0.6323943662,1.502808816,1.236921958
P1|tetto100|agg|T1,2,scorte,110,35.07944625,44.06838663,43.7363936,51.52330395,0.1554783008,0.1568658231,0.2454545455,2.065106759,2.203781516
P1|tetto100|agg|T1,2,stock_ind,1960,24.36142676,76.23570507,181.50473,325.087915,0.3940863225,1.096025205,0.4214285714,3.181407257,1.607610427
P1|tetto100|agg|T1,2,stock_tipo,40,225.9831548,335.5930176,246.5444328,366.9057466,0.03463227004,0.03557465375,0.925,1.070602004,0.9800550881
P1|tetto100|agg|T1,3,aggregati,45,562.650167,910.0797305,961.7926908,1439.460822,0.1027321223,0.105739902,0.5777777778,0.9038234319,0.6886931113
P1|tetto100|agg|T1,3,consumo,639,11.58914544,28.26236005,33.17735739,53.26019218,0.1218355582,0.1239306637,0.6772486772,1.201466951,0.9972450266
P1|tetto100|agg|T1,3,importazioni,639,10.30138041,30.57641606,47.42200997,75.69216358,0.7531295849,0.5856553886,0.5503685504,2.577978163,2.241404112
P1|tetto100|agg|T1,3,investimento_ind,1764,15.11558862,48.48558936,75.20001939,152.775087,1.73967233,2.658066839,0.3701814059,4.974969381,3.094118741
P1|tetto100|agg|T1,3,investimento_tipo,36,172.114689,234.6297547,181.6768099,244.9848432,0.2808222688,0.2975062008,0.5277777778,1.753791295,1.464533108
P1|tetto100|agg|T1,3,produzione,639,46.41371531,80.93708726,71.50912786,111.919013,0.1406322622,0.1802978745,0.6384976526,1.380040895,1.158025109
P1|tetto100|agg|T1,3,scorte,99,38.94428694,49.5131722,48.50412461,57.3914835,0.167408849,0.1756160519,0.2929292929,1.67150141,1.751080689
P1|tetto100|agg|T1,3,stock_ind,1764,31.27881637,93.06957619,280.2639533,496.9613027,0.4873950408,1.505273241,0.4268707483,2.629708558,1.63596058
P1|tetto100|agg|T1,3,stock_tipo,36,367.2727384,538.4345469,399.6649854,583.0691733,0.05678583952,0.05889868057,0.8333333333,1.149840976,1.049121076
P1|tetto100|agg|T1,4,aggregati,40,757.9190728,1249.541281,1321.863074,1996.686282,0.1340845011,0.1387548319,0.575,0.9420041055,0.7060651457
P1|tetto100|agg|T1,4,consumo,568,15.4289413,39.48109974,45.24488033,75.17840909,0.1492566745,0.1554347813,0.6785714286,1.279880382,1.041064372
P1|tetto100|agg|T1,4,importazioni,568,11.17905975,32.77282479,52.04885905,83.95308614,0.7845742918,0.621413331,0.5650969529,2.259392608,1.949501401
P1|tetto100|agg|T1,4,investimento_ind,1568,15.21097849,50.75281741,76.02791709,156.9744368,1.729110823,5.856301655,0.3635204082,4.270381664,2.492638592
P1|tetto100|agg|T1,4,investimento_tipo,32,214.9894923,281.238412,232.5730186,298.4907468,0.3437945287,0.3648028845,0.46875,1.660384965,1.458997546
P1|tetto100|agg|T1,4,produzione,568,56.96649811,97.67171314,91.10447819,137.6587619,0.1651613646,0.2083473849,0.6232394366,1.308957315,1.152648599
P1|tetto100|agg|T1,4,scorte,88,42.21597133,54.0206474,52.82818437,63.17271235,0.1848465011,0.195097961,0.2272727273,1.426585308,1.474491009
P1|tetto100|agg|T1,4,stock_ind,1568,37.84027098,117.0642242,378.7863456,677.808341,0.5512403066,4.029295979,0.4381377551,2.507814535,1.621519849
P1|tetto100|agg|T1,4,stock_tipo,32,548.9276418,775.8315151,579.4019165,825.0489307,0.08776063862,0.09177207543,0.75,1.241940191,1.121618082
P1|tetto100|agg|T1,5,aggregati,35,994.2691683,1582.276438,1775.870784,2483.433226,0.1676216413,0.1748548735,0.6,0.9525966314,0.7493789993
P1|tetto100|agg|T1,5,consumo,497,20.12681434,52.94758991,59.40714029,98.7568578,0.1969565225,0.1943941307,0.6575963719,1.391900723,1.120705751
P1|tetto100|agg|T1,5,importazioni,497,14.53938185,40.68062598,73.19466745,106.6936943,0.8242502661,0.6266851226,0.4952380952,2.396635024,2.357487095
P1|tetto100|agg|T1,5,investimento_ind,1372,19.99915733,70.38930935,93.52836708,172.4584231,1.97848214,6.261865985,0.2055393586,4.992261964,2.671848738
P1|tetto100|agg|T1,5,investimento_tipo,28,276.2046063,344.3078625,300.7018566,368.9292275,0.4403377829,0.4662196467,0.3928571429,1.668117521,1.526629975
P1|tetto100|agg|T1,5,produzione,497,74.76312032,122.7780294,121.0243781,173.8748279,0.2091264966,0.2470296034,0.6036217304,1.356794425,1.273570927
P1|tetto100|agg|T1,5,scorte,77,35.97787986,46.35493297,44.91712643,52.97798279,0.1441539253,0.1615080026,0.1298701299,0.9948353309,0.9903965511
P1|tetto100|agg|T1,5,stock_ind,1372,46.99434112,148.2605132,504.9516642,864.8438214,0.6098959257,4.00968553,0.4016034985,2.59688922,1.703982855
P1|tetto100|agg|T1,5,stock_tipo,28,810.043757,1067.767518,832.6970113,1109.326292,0.1329450663,0.1398709912,0.5714285714,1.369398458,1.273008334
P1|tetto100|agg|T2,1,aggregati,55,329.9015699,554.1312746,691.8585215,904.9332712,0.04995585067,0.0485669868,0.6181818182,1.333945181,1.212075082
P1|tetto100|agg|T2,1,consumo,781,5.095464527,11.21384942,14.13308512,22.15403993,0.06016164242,0.05850187506,0.6522366522,1.181148493,1.078646735
P1|tetto100|agg|T2,1,importazioni,781,6.054870581,18.39538025,30.15150232,46.65111186,0.2084431293,0.1951507172,0.5702811245,2.546938628,2.628658111
P1|tetto100|agg|T2,1,investimento_ind,2156,16.73622925,49.28009149,45.67734574,99.74448118,1.793529308,2.864228108,0.4327458256,10.37925886,4.472158545
P1|tetto100|agg|T2,1,investimento_tipo,44,32.98710224,49.57063859,35.66578047,53.91497957,0.05215952843,0.05200804625,0.7954545455,0.8102544758,0.6825042839
P1|tetto100|agg|T2,1,produzione,781,24.49219616,40.16979379,37.39148995,56.3113943,0.08794358914,0.0811164948,0.5582586428,1.455243318,1.367338718
P1|tetto100|agg|T2,1,scorte,121,38.79154712,49.0486771,50.23311128,59.49702635,0.1710747231,0.1663592087,0.3553719008,3.688557935,4.187356032
P1|tetto100|agg|T2,1,stock_ind,2156,16.70005417,49.219836,38.88838872,75.66510861,0.2667055454,0.747339827,0.3863636364,4.024274167,0.6912002362
P1|tetto100|agg|T2,1,stock_tipo,44,31.63490328,48.33936217,32.14357428,45.30963663,0.004875072651,0.00496733487,0.9318181818,0.3062220766,0.2531743552
P1|tetto100|agg|T2,2,aggregati,50,336.8428645,538.2525426,605.4658793,840.34175,0.05887725622,0.06038874468,0.7,0.7774825764,0.613094297
P1|tetto100|agg|T2,2,consumo,710,7.923641272,18.76818056,22.09516848,34.52197278,0.09049448568,0.08901437318,0.6603174603,1.144133476,0.9480503517
P1|tetto100|agg|T2,2,importazioni,710,6.087965744,19.85034532,30.48276221,53.41319262,0.2589159891,0.2624561596,0.6128318584,2.113683858,1.865869984
P1|tetto100|agg|T2,2,investimento_ind,1960,16.21765705,50.90071974,53.53272327,120.2750765,1.774533709,2.026928609,0.3821428571,6.908916032,3.077517907
P1|tetto100|agg|T2,2,investimento_tipo,40,48.64124538,73.82061002,52.93379458,80.00686132,0.07365588882,0.07669069546,0.85,0.7572356378,0.589523589
P1|tetto100|agg|T2,2,produzione,710,32.34131428,55.53893785,49.46663082,73.09043783,0.1062517843,0.1083778853,0.6507042254,1.296932715,1.108949877
P1|tetto100|agg|T2,2,scorte,110,36.37243409,45.30172472,45.52051877,53.39657799,0.1601817689,0.1644104438,0.3090909091,2.122902722,2.293679694
P1|tetto100|agg|T2,2,stock_ind,1960,25.56659288,66.76252702,75.81460857,120.4140449,0.40852511,0.5479256423,0.4178571429,2.786080194,0.6714996093
P1|tetto100|agg|T2,2,stock_tipo,40,72.59712265,110.992103,72.7794497,102.3159792,0.01136278752,0.01188593869,0.95,0.3540847445,0.2893104062
P1|tetto100|agg|T2,3,aggregati,45,470.2847325,861.3197659,892.1862994,1399.497459,0.07304762977,0.07625314679,0.7555555556,0.8553986653,0.6388513494
P1|tetto100|agg|T2,3,consumo,639,10.99518248,26.03291456,31.17295357,48.98665398,0.1190865656,0.1215611911,0.6737213404,1.106690539,0.9369966553
P1|tetto100|agg|T2,3,importazioni,639,6.420448743,21.71736397,33.71458125,60.79730355,0.2521561582,0.3479019901,0.6191646192,1.83104815,1.593521681
P1|tetto100|agg|T2,3,investimento_ind,1764,15.90270638,50.28664937,54.35957758,116.0600171,1.723644186,2.391675102,0.3588435374,5.159771061,2.236634899
P1|tetto100|agg|T2,3,investimento_tipo,36,74.8453751,106.761786,81.14612472,116.1500697,0.1126943572,0.1217872218,0.8333333333,0.798014264,0.6541351444
P1|tetto100|agg|T2,3,produzione,639,41.33515872,72.17664737,64.39842123,98.63913849,0.1267120159,0.1354063904,0.6510172144,1.230668515,1.042873701
P1|tetto100|agg|T2,3,scorte,99,37.65660017,48.36854568,47.45787704,56.99798433,0.1592690885,0.1684819779,0.404040404,1.632860282,1.713309388
P1|tetto100|agg|T2,3,stock_ind,1764,33.93655288,86.15318512,110.0776334,162.3547315,0.5307229151,0.7774593382,0.4030612245,2.434283872,0.6425466663
P1|tetto100|agg|T2,3,stock_tipo,36,137.7303668,196.6016096,122.3081926,169.4231372,0.02476913118,0.02724818322,0.9444444444,0.4198478497,0.3210591555
P1|tetto100|agg|T2,4,aggregati,40,644.2969884,1152.273649,1232.372606,1867.252471,0.0963090177,0.1010759304,0.7,0.8686759887,0.6582643548
P1|tetto100|agg|T2,4,consumo,568,14.71823504,38.63021974,41.37176665,72.12939214,0.1478369829,0.153287978,0.6746031746,1.25229694,0.9519457658
P1|tetto100|agg|T2,4,importazioni,568,7.533845464,24.77686741,40.96798873,69.36266472,0.2921994029,0.4123831221,0.5872576177,1.708142995,1.534464979
P1|tetto100|agg|T2,4,investimento_ind,1568,16.5447591,55.71720226,59.53368618,126.6915913,1.733646767,2.152919982,0.3322704082,4.68808888,1.951861492
P1|tetto100|agg|T2,4,investimento_tipo,32,99.11400123,143.9852236,107.4172697,156.3127227,0.1468224876,0.1647716782,0.8125,0.8500648925,0.673859478
P1|tetto100|agg|T2,4,produzione,568,52.60644572,91.55180358,84.39273104,126.9493339,0.1514136336,0.1685176469,0.6426056338,1.22694073,1.067731961
P1|tetto100|agg|T2,4,scorte,88,40.54095704,50.87903614,49.85233356,58.60977653,0.1853709565,0.1934025563,0.3636363636,1.34362117,1.391431836
P1|tetto100|agg|T2,4,stock_ind,1568,41.20530701,110.060476,143.4867547,219.8761738,0.6216520117,0.9121492277,0.4068877551,2.357776369,0.6142423654
P1|tetto100|agg|T2,4,stock_tipo,32,227.355746,311.4241335,188.1606239,258.3454684,0.04239762907,0.04862461498,0.9375,0.4985233785,0.3642451849
P1|tetto100|agg|T2,5,aggregati,35,867.6544928,1512.100589,1678.250544,2431.026147,0.1256889838,0.1331616456,0.6571428571,0.9103478338,0.7081853727
P1|tetto100|agg|T2,5,consumo,497,18.8013924,51.02570115,53.53444587,94.56155559,0.1870592363,0.1879472316,0.6553287982,1.341377586,1.009918355
P1|tetto100|agg|T2,5,importazioni,497,11.0011907,35.63094959,60.35484645,97.08818366,0.3835085911,0.4853734941,0.5428571429,2.099141291,1.943936308
P1|tetto100|agg|T2,5,investimento_ind,1372,22.6634454,87.09739897,82.13135129,155.8545564,1.978962745,1.982641049,0.2077259475,6.17725953,2.346267279
P1|tetto100|agg|T2,5,investimento_tipo,28,125.7539184,183.3417942,133.4850198,196.6865014,0.1924270965,0.2171118823,0.7857142857,0.8882621998,0.6776886407
P1|tetto100|agg|T2,5,produzione,497,73.66096134,125.8366515,116.1796484,171.8765738,0.2012116683,0.237607654,0.5915492958,1.39059462,1.222588579
P1|tetto100|agg|T2,5,scorte,77,36.26459383,46.4908205,45.19703325,53.18116943,0.1465622586,0.164021554,0.02597402597,0.9977516486,0.996568334
P1|tetto100|agg|T2,5,stock_ind,1372,52.08256355,150.1896754,188.6192875,301.803518,0.705931332,0.933569212,0.3666180758,2.630679881,0.6365045506
P1|tetto100|agg|T2,5,stock_tipo,28,314.7101802,450.8745156,249.3483231,373.1813643,0.06005867194,0.0713621743,0.9285714286,0.5782409149,0.3811980697
P1|tetto100|agg|T3,1,aggregati,55,329.8510626,556.0408905,669.391704,896.3405401,0.05119905125,0.05020007868,0.6,1.338542147,1.1727152
P1|tetto100|agg|T3,1,consumo,781,5.461870207,13.38755025,14.5575698,23.6791995,0.06678254839,0.06258205699,0.6493506494,1.410103187,1.111043696
P1|tetto100|agg|T3,1,importazioni,781,6.186248939,19.91952695,31.72247343,51.21731172,0.2093946019,0.1932509852,0.5682730924,2.757964878,2.765617985
P1|tetto100|agg|T3,1,investimento_ind,2156,16.51710639,50.10018688,63.92413,133.9158643,1.783930654,2.739361301,0.4364564007,10.55198546,6.258657101
P1|tetto100|agg|T3,1,investimento_tipo,44,70.22453627,128.4409174,67.51635331,122.3638013,0.1150308024,0.1340181078,0.6590909091,2.099424804,1.292000337
P1|tetto100|agg|T3,1,produzione,781,24.93804047,43.95403422,39.16976664,63.97551692,0.08738587336,0.08039879367,0.5556978233,1.592336146,1.432367059
P1|tetto100|agg|T3,1,scorte,121,39.21194533,49.31989892,50.42327095,59.46232568,0.1719578965,0.1684370656,0.2975206612,3.708954354,4.203207453
P1|tetto100|agg|T3,1,stock_ind,2156,16.4891242,49.99525542,88.74569047,159.3460084,0.2615079217,0.7829480383,0.3886827458,4.08767341,1.577361373
P1|tetto100|agg|T3,1,stock_tipo,44,68.74114508,126.5930571,89.15584342,153.8519561,0.008653491973,0.008760522667,0.9545454545,0.8019466351,0.702223498
P1|tetto100|agg|T3,2,aggregati,50,352.1179759,566.355769,633.4867732,884.8718584,0.060239875,0.06156430747,0.7,0.8180764745,0.6414682332
P1|tetto100|agg|T3,2,consumo,710,8.245728989,19.78275296,22.59499103,36.19259897,0.09200079298,0.09038958455,0.6634920635,1.205983172,0.9694965309
P1|tetto100|agg|T3,2,importazioni,710,6.396803553,20.70293808,33.00153518,54.89084616,0.2533502913,0.2565828324,0.6172566372,2.204468755,2.02004574
P1|tetto100|agg|T3,2,investimento_ind,1960,16.26726273,52.05281565,74.73035775,155.8375089,1.765575783,2.376276351,0.3903061224,7.065293661,4.296138887
P1|tetto100|agg|T3,2,investimento_tipo,40,94.67612049,155.630459,92.92904772,152.274449,0.1493069351,0.1757376769,0.725,1.596423138,1.034950662
P1|tetto100|agg|T3,2,produzione,710,32.62988657,55.23267118,50.09266516,74.11631535,0.1061110767,0.1085371163,0.6492957746,1.289780845,1.122984403
P1|tetto100|agg|T3,2,scorte,110,35.73829074,45.06984772,45.53445429,53.70478039,0.1533440383,0.1565132106,0.3363636364,2.112036639,2.294381874
P1|tetto100|agg|T3,2,stock_ind,1960,25.49531661,70.87139234,183.5103259,320.9940954,0.4034978326,0.7610470951,0.4229591837,2.957548063,1.625374245
P1|tetto100|agg|T3,2,stock_tipo,40,155.0133631,272.9455121,199.0759779,328.6155668,0.01945192251,0.02003696305,0.95,0.8707452087,0.791360092
P1|tetto100|agg|T3,3,aggregati,45,469.0024346,818.2702592,873.2232396,1303.608673,0.07185223796,0.07530629355,0.7111111111,0.8126451004,0.6252728217
P1|tetto100|agg|T3,3,consumo,639,11.82737015,32.53358276,33.84993052,61.14881385,0.1232476955,0.1243408204,0.6772486772,1.38304177,1.01746123
P1|tetto100|agg|T3,3,importazioni,639,6.860901426,22.66253166,36.23243463,61.90006493,0.251413622,0.3491039465,0.6265356265,1.910737727,1.712528171
P1|tetto100|agg|T3,3,investimento_ind,1764,15.98351893,52.15336796,75.81721617,153.7579926,1.73371475,2.539003429,0.3605442177,5.351309784,3.119513417
P1|tetto100|agg|T3,3,investimento_tipo,36,122.6018657,182.3461205,123.8759158,183.919048,0.1869750053,0.2216476133,0.75,1.362985864,0.9985885384
P1|tetto100|agg|T3,3,produzione,639,41.64749182,71.61918921,64.92587471,97.81662636,0.1258423282,0.1352878176,0.6557120501,1.221163416,1.051415329
P1|tetto100|agg|T3,3,scorte,99,37.50411217,48.36493545,47.10050806,57.02695784,0.1587057842,0.1696054362,0.404040404,1.632738405,1.700407765
P1|tetto100|agg|T3,3,stock_ind,1764,34.01208005,95.36758605,279.4041306,491.3037443,0.5233703783,1.02531949,0.4115646259,2.694639511,1.630941611
P1|tetto100|agg|T3,3,stock_tipo,36,267.0144562,437.6068184,323.2132168,516.884296,0.03651642421,0.03889128049,0.9444444444,0.93452074,0.8484350903
P1|tetto100|agg|T3,4,aggregati,40,619.1207277,1129.903261,1178.353344,1820.059291,0.08905964524,0.09467899379,0.75,0.8518114022,0.6294102939
P1|tetto100|agg|T3,4,consumo,568,15.82136533,40.93206463,45.99289317,76.98949868,0.1530574172,0.1574669728,0.6785714286,1.326917104,1.058275811
P1|tetto100|agg|T3,4,importazioni,568,7.705334887,25.17862774,41.25822934,70.13287603,0.3021948013,0.4185945671,0.5872576177,1.735840769,1.545336005
P1|tetto100|agg|T3,4,investimento_ind,1568,16.98011341,58.63648666,81.1478473,165.1584993,1.752500196,2.668129093,0.3265306122,4.933719747,2.660499769
P1|tetto100|agg|T3,4,investimento_tipo,32,146.9409729,214.1872873,151.9000094,221.3174175,0.2172055437,0.261493955,0.71875,1.264526239,0.9529125186
P1|tetto100|agg|T3,4,produzione,568,52.85502324,90.53327335,84.48002235,125.9897829,0.1528501769,0.1693111851,0.6197183099,1.213290794,1.068836366
P1|tetto100|agg|T3,4,scorte,88,39.55342832,51.19174655,49.47928428,59.71498798,0.1825386963,0.1875681214,0.3977272727,1.351879273,1.381019633
P1|tetto100|agg|T3,4,stock_ind,1568,41.98427041,125.0504532,378.5808109,672.182079,0.6071620928,1.462942254,0.4094387755,2.678899949,1.62063999
P1|tetto100|agg|T3,4,stock_tipo,32,404.601331,624.986827,466.3132575,720.6018719,0.0580506893,0.06356044299,0.9375,1.000470134,0.902698743
P1|tetto100|agg|T3,5,aggregati,35,835.5943347,1476.503872,1615.73668,2343.787574,0.1156816128,0.1241995098,0.6857142857,0.8889171203,0.6818058765
P1|tetto100|agg|T3,5,consumo,497,20.54675536,54.45554102,60.39976066,101.0940312,0.2127835721,0.2012509466,0.6575963719,1.431542154,1.139431368
P1|tetto100|agg|T3,5,importazioni,497,10.82940744,34.94939546,58.7760499,93.85240973,0.3878845612,0.4721441285,0.526984127,2.058988603,1.893085712
P1|tetto100|agg|T3,5,investimento_ind,1372,22.4705076,84.86260799,95.30055538,176.6671327,1.981547233,1.932785563,0.2048104956,6.018760149,2.722475294
P1|tetto100|agg|T3,5,investimento_tipo,28,178.0124422,256.5864015,187.1787206,270.3749691,0.2621786393,0.3144509419,0.7142857143,1.243120819,0.950285604
P1|tetto100|agg|T3,5,produzione,497,73.69737253,123.9173454,114.7885843,167.1072844,0.2054876563,0.2394181327,0.5995975855,1.369384768,1.207950051
P1|tetto100|agg|T3,5,scorte,77,36.22637371,46.49553963,45.17440918,53.20017251,0.1461845618,0.1636381586,0.05194805195,0.9978529271,0.9960694865
P1|tetto100|agg|T3,5,stock_ind,1372,53.26179213,168.2110132,502.1765662,864.6873009,0.6856992876,1.168285448,0.3666180758,2.946336537,1.694618158
P1|tetto100|agg|T3,5,stock_tipo,28,559.5797673,840.8297598,628.4980164,945.484645,0.0824876496,0.09196830319,0.8571428571,1.078353628,0.9608335347
P1|tetto100|ind|T1,1,aggregati,55,356.6009613,602.0597088,705.3861354,974.511496,0.0625000656,0.0600220317,0.6363636364,1.449322,1.235774268
P1|tetto100|ind|T1,1,consumo,781,5.002629192,10.08782034,13.17493705,18.90052796,0.06522652894,0.06179891294,0.6392496392,1.062544479,1.005520218
P1|tetto100|ind|T1,1,importazioni,781,4.933172768,16.60221687,26.76523653,43.28734336,0.1706903692,0.1570954762,0.6044176707,2.298665583,2.333437829
P1|tetto100|ind|T1,1,investimento_ind,2156,3.627922404,18.59372366,36.75622315,106.3253861,0.510996127,0.5501841203,0.1539888683,3.916167062,3.59871299
P1|tetto100|ind|T1,1,investimento_tipo,44,121.5714018,185.6813529,119.9807844,183.4225826,0.2410364699,0.2225972306,0.4090909091,3.035045575,2.29596544
P1|tetto100|ind|T1,1,produzione,781,22.82146826,39.18277875,36.10019442,56.7244909,0.08011941509,0.07314597045,0.5454545455,1.419486425,1.320118391
P1|tetto100|ind|T1,1,scorte,121,40.47018878,52.18492461,52.4753959,63.3172237,0.1751176597,0.172184602,0.3223140496,3.924409976,4.374269479
P1|tetto100|ind|T1,1,stock_ind,2156,3.551614858,18.3430911,77.3788895,161.4211169,0.07046335402,0.1220731551,0.7815398887,1.499753629,1.375328432
P1|tetto100|ind|T1,1,stock_tipo,44,118.9218227,183.8017841,131.4313825,202.1905928,0.01955750845,0.01959179117,0.8181818182,1.16435471,1.035200853
P1|tetto100|ind|T1,2,aggregati,50,400.813854,706.0870988,733.1815563,1141.537887,0.07210703809,0.07188643096,0.7,1.019912352,0.7424190961
P1|tetto100|ind|T1,2,consumo,710,7.73351595,16.48231707,21.65209335,32.90805532,0.08869122517,0.08936191959,0.6555555556,1.004784171,0.9290390673
P1|tetto100|ind|T1,2,importazioni,710,4.627983448,14.40450427,21.75478379,35.1848258,0.2123751718,0.207507958,0.6261061947,1.533805467,1.331624667
P1|tetto100|ind|T1,2,investimento_ind,1960,4.470724463,19.79881738,42.73226899,111.3667888,0.5921981844,0.7809126659,0.156122449,2.68735624,2.456615599
P1|tetto100|ind|T1,2,investimento_tipo,40,147.5249504,211.8704381,146.2469401,212.9262162,0.2823245288,0.2675584375,0.475,2.173320517,1.628751947
P1|tetto100|ind|T1,2,produzione,710,28.24997627,48.31416082,45.88523361,70.7924452,0.08870730077,0.08715828718,0.6464788732,1.128221356,1.028661611
P1|tetto100|ind|T1,2,scorte,110,33.41151046,41.99470204,41.82731098,49.35844805,0.1467991029,0.1489870253,0.3272727273,1.967930974,2.107587005
P1|tetto100|ind|T1,2,stock_ind,1960,7.437618993,37.69661315,165.1946552,332.3311758,0.1361777563,0.2841812151,0.7653061224,1.573124804,1.463150025
P1|tetto100|ind|T1,2,stock_tipo,40,253.1563914,379.8471442,280.7841699,417.5806959,0.04128922284,0.04167148015,0.825,1.211780616,1.116163733
P1|tetto100|ind|T1,3,aggregati,45,496.4180531,916.9192702,900.1825668,1475.583782,0.08308872239,0.08562921224,0.7555555556,0.9106159535,0.6445770888
P1|tetto100|ind|T1,3,consumo,639,11.44463753,26.99436126,32.42721047,50.48730058,0.1210509886,0.1233421924,0.671957672,1.147562795,0.9746971099
P1|tetto100|ind|T1,3,importazioni,639,5.717769088,17.51603142,29.26762868,45.91595062,0.3049573581,0.3346202443,0.6437346437,1.476822738,1.383336205
P1|tetto100|ind|T1,3,investimento_ind,1764,5.174063358,20.17301275,45.75668152,110.7588614,0.6719898482,0.9035441654,0.1598639456,2.069895862,1.882667145
P1|tetto100|ind|T1,3,investimento_tipo,36,174.0226913,240.354375,174.4960638,244.9822931,0.3223574805,0.3120292538,0.4722222222,1.796581219,1.406647677
P1|tetto100|ind|T1,3,produzione,639,36.36196493,61.4717832,59.8009606,90.55427173,0.1086754464,0.1089741474,0.6494522692,1.048142175,0.9684220184
P1|tetto100|ind|T1,3,scorte,99,38.38862477,49.48468378,49.07378548,58.47056953,0.1574444304,0.166334638,0.3535353535,1.670539677,1.771646407
P1|tetto100|ind|T1,3,stock_ind,1764,11.63340125,57.2884771,260.96836,504.2644779,0.1986497535,0.4097251221,0.7397959184,1.618702961,1.523328079
P1|tetto100|ind|T1,3,stock_tipo,36,400.5456655,589.4161916,444.5376092,644.1342503,0.06541572366,0.06652225698,0.8055555556,1.258713604,1.166911769
P1|tetto100|ind|T1,4,aggregati,40,699.1444604,1257.3467,1311.226674,2042.472332,0.1078630353,0.1132399747,0.75,0.9478884544,0.7003837774
P1|tetto100|ind|T1,4,consumo,568,15.50602753,39.50279911,44.95671806,75.00629784,0.149633423,0.1560189075,0.6686507937,1.280583822,1.034433887
P1|tetto100|ind|T1,4,importazioni,568,5.939471868,18.30806457,28.79628843,47.34756549,0.3364107575,0.3818127867,0.6177285319,1.262177002,1.078571282
P1|tetto100|ind|T1,4,investimento_ind,1568,5.827836852,19.96364854,47.22961204,105.7656851,0.744658588,1.000845711,0.1639030612,1.679756967,1.548462172
P1|tetto100|ind|T1,4,investimento_tipo,32,204.8217262,269.5359812,208.9041793,278.1029335,0.3688900285,0.3622806139,0.40625,1.591295753,1.310516098
P1|tetto100|ind|T1,4,produzione,568,46.15574746,78.35534595,77.91876247,116.2780111,0.1338800096,0.1344600187,0.6338028169,1.050087072,0.9858236847
P1|tetto100|ind|T1,4,scorte,88,39.49522228,49.19145484,46.87270485,55.29701975,0.1771650046,0.1922840339,0.3863636364,1.299055271,1.308267219
P1|tetto100|ind|T1,4,stock_ind,1568,16.13774916,76.87488002,366.2765009,675.2502269,0.2608219108,0.4771229722,0.7066326531,1.646856183,1.567967334
P1|tetto100|ind|T1,4,stock_tipo,32,570.1967852,814.7645781,632.6863801,882.8820236,0.09315434167,0.09545530819,0.78125,1.304263692,1.224767237
P1|tetto100|ind|T1,5,aggregati,35,1029.442515,1706.804064,2055.616262,2755.836103,0.1423978305,0.1510069178,0.6,1.027567474,0.8674255304
P1|tetto100|ind|T1,5,consumo,497,20.23431854,52.85306215,59.03277122,98.95878013,0.2037382126,0.1995388315,0.6485260771,1.389415751,1.113643341
P1|tetto100|ind|T1,5,importazioni,497,6.616289481,20.81317077,31.78318868,53.11119174,0.3462645219,0.370060128,0.6285714286,1.226175183,1.023687377
P1|tetto100|ind|T1,5,investimento_ind,1372,6.472797815,19.93600776,47.65453414,100.2649336,0.8278790094,1.144717215,0.166180758,1.413933084,1.361359242
P1|tetto100|ind|T1,5,investimento_tipo,28,240.1051881,306.9264399,250.2210297,321.0221322,0.4183758548,0.4197592184,0.4285714286,1.4870104,1.270344416
P1|tetto100|ind|T1,5,produzione,497,59.97175743,101.1264283,102.4760998,149.3665849,0.1721686432,0.1747329164,0.5995975855,1.117527091,1.078382582
P1|tetto100|ind|T1,5,scorte,77,36.34711065,46.59558374,45.35266846,53.35307043,0.146770555,0.1642320057,0,1,1
P1|tetto100|ind|T1,5,stock_ind,1372,21.06106204,96.48576192,475.3196276,842.8384835,0.3255946049,0.5941173309,0.6610787172,1.69001732,1.603988171
P1|tetto100|ind|T1,5,stock_tipo,28,770.8405169,1062.831176,853.4890576,1139.980698,0.1251222286,0.1291479917,0.75,1.363067662,1.304794743
P1|tetto100|ind|T2,1,aggregati,55,389.4159324,662.5411552,785.8568286,1066.713382,0.07058577584,0.06564418449,0.6181818182,1.594917344,1.376751822
P1|tetto100|ind|T2,1,consumo,781,4.557295028,8.748163425,12.1992747,16.84798475,0.06187814237,0.05849666668,0.645021645,0.9214391647,0.9310569996
P1|tetto100|ind|T2,1,importazioni,781,4.889381226,15.91261937,24.85080193,40.13777765,0.201676657,0.1720338187,0.6024096386,2.203187126,2.166534237
P1|tetto100|ind|T2,1,investimento_ind,2156,2.686716493,7.853987683,15.12149789,34.35051283,0.4071628555,0.4196633599,0.1252319109,1.654188716,1.480509319
P1|tetto100|ind|T2,1,investimento_tipo,44,80.35527907,121.2089347,87.88698374,130.5694408,0.1490626066,0.1289184905,0.4090909091,1.98121478,1.681814953
P1|tetto100|ind|T2,1,produzione,781,23.37331398,40.56129722,37.17781234,59.75656285,0.08078599198,0.07418237674,0.5211267606,1.469426432,1.359524917
P1|tetto100|ind|T2,1,scorte,121,42.08108802,54.15345809,55.32811069,66.21776702,0.179563668,0.1751452542,0.3140495868,4.072447604,4.612067461
P1|tetto100|ind|T2,1,stock_ind,2156,2.621021697,7.876692793,28.06163057,52.39019425,0.05572307903,0.06854713165,0.8056586271,0.6440080647,0.4987659894
P1|tetto100|ind|T2,1,stock_tipo,44,79.72730878,120.6876283,68.58254916,105.8558422,0.01568715228,0.01581879533,0.7954545455,0.7645366945,0.5401808308
P1|tetto100|ind|T2,2,aggregati,50,397.8025804,743.0714796,705.5441579,1194.458563,0.07957264755,0.07682578271,0.72,1.073334694,0.7144334872
P1|tetto100|ind|T2,2,consumo,710,7.073311029,13.95658902,19.98480196,28.19861889,0.08707072831,0.08690511175,0.653968254,0.8508123983,0.8574996175
P1|tetto100|ind|T2,2,importazioni,710,4.906469522,14.89914126,23.27541186,36.33067881,0.2171103421,0.2087685053,0.6371681416,1.586474889,1.424703315
P1|tetto100|ind|T2,2,investimento_ind,1960,3.543001772,9.796203586,22.38754819,43.65281193,0.4924736144,0.5735105071,0.1285714286,1.329669764,1.287027378
P1|tetto100|ind|T2,2,investimento_tipo,40,101.2508603,153.7624805,104.3045359,163.4942868,0.1922874286,0.1720064909,0.425,1.577261824,1.161639457
P1|tetto100|ind|T2,2,produzione,710,27.23705114,48.71954579,44.90302535,72.41631544,0.08408925725,0.08321277322,0.6647887324,1.137687814,1.006642329
P1|tetto100|ind|T2,2,scorte,110,36.02223711,44.24535054,44.97071622,51.751964,0.1581657818,0.1613920574,0.3,2.073399538,2.265976342
P1|tetto100|ind|T2,2,stock_ind,1960,5.569011385,16.74275183,67.14021151,116.3254007,0.1112563491,0.1527980753,0.787755102,0.6986950816,0.5946693738
P1|tetto100|ind|T2,2,stock_tipo,40,167.109081,254.5072776,148.9910764,225.0919147,0.03283493762,0.03335033676,0.8,0.811923929,0.5922642862
P1|tetto100|ind|T2,3,aggregati,45,514.3577904,981.4452846,935.3459719,1586.061103,0.09115672904,0.09114648898,0.8,0.9746983869,0.6697558982
P1|tetto100|ind|T2,3,consumo,639,10.74160568,23.44811923,30.19863182,44.62388653,0.1172561513,0.1211975248,0.6701940035,0.9968077772,0.9077104917
P1|tetto100|ind|T2,3,importazioni,639,5.856707386,17.80496817,30.15192915,46.30747551,0.3025653437,0.3354678743,0.6363636364,1.501183757,1.425132718
P1|tetto100|ind|T2,3,investimento_ind,1764,4.322465302,12.39223959,30.34678496,58.04804924,0.5602582429,0.6752746042,0.1292517007,1.271532703,1.248624094
P1|tetto100|ind|T2,3,investimento_tipo,36,130.4099692,189.5831599,131.5308186,199.1306546,0.2419681238,0.2283986299,0.3611111111,1.417080694,1.060296241
P1|tetto100|ind|T2,3,produzione,639,36.33391528,62.77733215,60.74910732,94.14651586,0.1048710661,0.1066778445,0.6510172144,1.07040281,0.9837763898
P1|tetto100|ind|T2,3,scorte,99,36.05928567,45.38051205,44.35511591,52.51202169,0.1561509261,0.1654605306,0.3535353535,1.531988085,1.601294479
P1|tetto100|ind|T2,3,stock_ind,1764,8.864837245,27.30313555,121.4637308,199.0882228,0.1661129556,0.2287215708,0.7658730159,0.7714582161,0.7090097502
P1|tetto100|ind|T2,3,stock_tipo,36,263.0379208,403.3054461,245.5441641,363.4965835,0.05117147498,0.05228149584,0.7777777778,0.8612692676,0.6445537316
P1|tetto100|ind|T2,4,aggregati,40,743.2966637,1337.433468,1413.964254,2182.202526,0.1187471007,0.1213432745,0.775,1.008264262,0.7552604328
P1|tetto100|ind|T2,4,consumo,568,14.47070165,33.88386788,40.63633315,63.65335985,0.1445406529,0.1524345752,0.6746031746,1.098431859,0.9350237712
P1|tetto100|ind|T2,4,importazioni,568,5.83969712,17.97888903,29.55951764,47.19356727,0.265728081,0.3460002411,0.6371191136,1.239483298,1.107158199
P1|tetto100|ind|T2,4,investimento_ind,1568,5.068468225,14.8500266,37.03251324,71.56002464,0.6226191023,0.8100157031,0.1326530612,1.249492827,1.214141794
P1|tetto100|ind|T2,4,investimento_tipo,32,165.3187306,226.0682516,167.2031334,236.3232001,0.2965437366,0.2926666492,0.3125,1.334669483,1.048913424
P1|tetto100|ind|T2,4,produzione,568,46.98280683,81.12771631,80.70572799,122.4004079,0.1323658549,0.1338631061,0.6302816901,1.087241273,1.021084212
P1|tetto100|ind|T2,4,scorte,88,38.36035674,50.04240445,47.90980654,58.4095934,0.1590836219,0.1730789835,0.3977272727,1.321527275,1.337213834
P1|tetto100|ind|T2,4,stock_ind,1568,12.5096674,40.53152397,199.0118955,312.3131017,0.2198111124,0.3152503358,0.7417091837,0.8682887161,0.8519360385
P1|tetto100|ind|T2,4,stock_tipo,32,381.3260677,574.9024031,374.021245,531.243098,0.0722462516,0.07429504991,0.78125,0.9202956913,0.7240379771
P1|tetto100|ind|T2,5,aggregati,35,1114.946656,1795.756641,2249.092614,2916.473911,0.1595869674,0.1657337159,0.6,1.081120647,0.9490683594
P1|tetto100|ind|T2,5,consumo,497,18.97324188,51.06864178,54.11355219,95.00748638,0.1859484238,0.1881395773,0.6553287982,1.342506421,1.020843098
P1|tetto100|ind|T2,5,importazioni,497,6.274044912,19.87112128,30.6197723,50.99007591,0.3216721659,0.351247676,0.6603174603,1.170675821,0.986215534
P1|tetto100|ind|T2,5,investimento_ind,1372,5.764809705,17.25678178,42.40464826,83.68537715,0.682931212,0.9257848122,0.1304664723,1.22391278,1.211384412
P1|tetto100|ind|T2,5,investimento_tipo,28,203.2854737,269.529584,208.425921,282.3070497,0.3520727205,0.3616626205,0.3214285714,1.305828506,1.058155284
P1|tetto100|ind|T2,5,produzione,497,61.18061756,106.1934433,107.6292315,159.6549875,0.1665457819,0.1713820715,0.583501006,1.173521618,1.132610324
P1|tetto100|ind|T2,5,scorte,77,36.34711065,46.59558374,45.35266846,53.35307043,0.146770555,0.1642320057,0,1,1
P1|tetto100|ind|T2,5,stock_ind,1372,16.53449831,55.94297829,289.836687,444.7068902,0.2742987919,0.4004974036,0.7048104956,0.979881387,0.9780673686
P1|tetto100|ind|T2,5,stock_tipo,28,529.6695506,775.6543485,535.0284082,731.3748324,0.09760027692,0.1011289546,0.75,0.9947669798,0.8179393144
P1|tetto100|ind|T3,1,aggregati,55,350.6435023,592.6959359,686.8060878,956.3020459,0.06230413037,0.0599428295,0.6363636364,1.426780843,1.203223664
P1|tetto100|ind|T3,1,consumo,781,5.026177252,10.14169795,13.22006138,18.95912637,0.06644965291,0.06205698252,0.6392496392,1.068219378,1.008964137
P1|tetto100|ind|T3,1,importazioni,781,4.944610327,16.87359404,26.26054652,43.28151189,0.1691320609,0.1566733869,0.6044176707,2.336239202,2.289438115
P1|tetto100|ind|T3,1,investimento_ind,2156,3.53114357,18.50407024,35.95165191,105.9733695,0.4948737159,0.4760253266,0.1461038961,3.897284467,3.519939365
P1|tetto100|ind|T3,1,investimento_tipo,44,122.5493556,185.3217342,122.2674408,183.3272932,0.2398004301,0.2223382722,0.4090909091,3.029167444,2.339723148
P1|tetto100|ind|T3,1,produzione,781,22.6238913,38.93458486,35.76606088,56.42673921,0.07921861445,0.07215550679,0.5467349552,1.410495029,1.307899736
P1|tetto100|ind|T3,1,scorte,121,40.85856109,51.79854289,52.87592165,62.44307563,0.1756369126,0.1722006482,0.3388429752,3.895353304,4.407656699
P1|tetto100|ind|T3,1,stock_ind,2156,3.462609776,18.25784153,76.60500104,160.937253,0.06501101845,0.07790334264,0.788961039,1.492783519,1.361573378
P1|tetto100|ind|T3,1,stock_tipo,44,121.5246216,183.8288842,132.3962134,202.0352213,0.02004524886,0.02012041016,0.8181818182,1.164526385,1.042800208
P1|tetto100|ind|T3,2,aggregati,50,389.8079272,693.4552917,709.7693053,1120.243938,0.0703813845,0.07015536092,0.7,1.001666252,0.7187118682
P1|tetto100|ind|T3,2,consumo,710,7.819249035,16.71345953,21.92363155,33.2096214,0.08973735521,0.09012973737,0.6555555556,1.018874925,0.9406901159
P1|tetto100|ind|T3,2,importazioni,710,4.833232997,14.85851203,22.61792553,35.8515666,0.2222210427,0.2114524848,0.6305309735,1.582148649,1.384458143
P1|tetto100|ind|T3,2,investimento_ind,1960,4.357914711,19.69355944,41.99852253,111.0528632,0.5781977145,0.6505159949,0.1510204082,2.673069246,2.414433588
P1|tetto100|ind|T3,2,investimento_tipo,40,141.7721099,206.897146,138.0882601,206.2436783,0.2736612977,0.2602358406,0.475,2.122305577,1.537888741
P1|tetto100|ind|T3,2,produzione,710,27.96090556,47.76112368,45.34384818,69.91853888,0.08850148078,0.08695277729,0.6492957746,1.115306957,1.016524757
P1|tetto100|ind|T3,2,scorte,110,35.26721533,43.79968388,44.16673899,51.37084619,0.1547733566,0.1569991231,0.2545454545,2.05251497,2.225465682
P1|tetto100|ind|T3,2,stock_ind,1960,7.260696689,37.55958981,163.8108651,331.7736427,0.1303225938,0.1793282333,0.7729591837,1.567406656,1.45089362
P1|tetto100|ind|T3,2,stock_tipo,40,249.3996028,375.3920927,277.2507568,414.9896353,0.04064420414,0.04110694658,0.825,1.197568202,1.102117828
P1|tetto100|ind|T3,3,aggregati,45,489.3767171,904.965555,877.1170856,1453.680945,0.08301563671,0.08549139016,0.7555555556,0.8987444135,0.628061016
P1|tetto100|ind|T3,3,consumo,639,11.55339659,27.17999776,32.71285104,50.84669124,0.1215402242,0.1238125973,0.6684303351,1.155454427,0.9832828945
P1|tetto100|ind|T3,3,importazioni,639,5.669343072,17.34476238,29.10566065,45.16221155,0.2929506109,0.3279852964,0.6511056511,1.462382594,1.375680776
P1|tetto100|ind|T3,3,investimento_ind,1764,5.046631217,20.06617404,45.09463107,110.4223798,0.6512064389,0.7835851298,0.1541950113,2.058933443,1.855426957
P1|tetto100|ind|T3,3,investimento_tipo,36,166.9703249,235.4221313,163.939638,238.0421805,0.3138282091,0.3037875765,0.4722222222,1.759714088,1.321550217
P1|tetto100|ind|T3,3,produzione,639,35.97697296,61.19328414,59.07283058,89.84861203,0.1078926714,0.1081990143,0.6572769953,1.043393547,0.9566306168
P1|tetto100|ind|T3,3,scorte,99,36.72718383,47.2407028,46.52530497,55.64568033,0.1553669577,0.1629631761,0.3333333333,1.594785747,1.679641963
P1|tetto100|ind|T3,3,stock_ind,1764,11.32647712,57.07284977,257.3780345,503.4010727,0.1918151615,0.2864820375,0.7488662132,1.612610346,1.502370582
P1|tetto100|ind|T3,3,stock_tipo,36,385.6023381,580.0908017,433.739027,638.6583297,0.06279627825,0.06388029857,0.8333333333,1.238798992,1.138565478
P1|tetto100|ind|T3,4,aggregati,40,688.0321089,1236.997441,1272.004838,2005.226312,0.1076211777,0.1129993138,0.725,0.932547556,0.6794336712
P1|tetto100|ind|T3,4,consumo,568,15.65640678,39.6398332,45.32242749,75.12495979,0.1502504126,0.156421436,0.6686507937,1.285026131,1.042848697
P1|tetto100|ind|T3,4,importazioni,568,5.993230487,18.63935222,29.35142435,48.75343131,0.3382988292,0.3841921024,0.620498615,1.285016317,1.099364019
P1|tetto100|ind|T3,4,investimento_ind,1568,5.676434605,19.8265866,46.47234799,105.3747344,0.7208658084,0.9275030859,0.15625,1.668224469,1.52363464
P1|tetto100|ind|T3,4,investimento_tipo,32,196.2835936,262.7987621,196.346998,268.8921379,0.3584577154,0.3520544912,0.4375,1.551520328,1.231741283
P1|tetto100|ind|T3,4,produzione,568,46.0001188,77.72344404,77.46316121,115.1868335,0.134061491,0.1346009407,0.6320422535,1.041618575,0.9800594439
P1|tetto100|ind|T3,4,scorte,88,39.98800364,50.17926561,50.10188723,58.45168832,0.1721772981,0.1836794413,0.3522727273,1.325141525,1.398397146
P1|tetto100|ind|T3,4,stock_ind,1568,15.6630999,76.54897404,361.0563966,673.8811402,0.2515377861,0.3950328012,0.7238520408,1.639874445,1.545620956
P1|tetto100|ind|T3,4,stock_tipo,32,544.5577075,799.2199015,615.6951379,873.9967409,0.08839443675,0.09052532068,0.8125,1.279379992,1.191875243
P1|tetto100|ind|T3,5,aggregati,35,1012.102685,1679.864282,2005.9621,2708.414579,0.1404198091,0.1491117081,0.6,1.011348598,0.8464725497
P1|tetto100|ind|T3,5,consumo,497,20.49761122,53.09461474,59.69802817,99.3169616,0.2005318088,0.1982095419,0.6462585034,1.395765752,1.126193302
P1|tetto100|ind|T3,5,importazioni,497,6.541882286,20.86044803,31.24033798,53.29733419,0.3455730039,0.3692551883,0.6285714286,1.228960449,1.006202995
P1|tetto100|ind|T3,5,investimento_ind,1372,6.300840538,19.81903812,47.39573628,100.221109,0.7969989983,1.06100725,0.1545189504,1.405637178,1.353966097
P1|tetto100|ind|T3,5,investimento_tipo,28,229.7280097,298.4431558,234.8444474,309.4090318,0.4057829244,0.4075263921,0.4642857143,1.44591022,1.192279213
P1|tetto100|ind|T3,5,produzione,497,59.59021215,100.3135344,101.4104809,147.757631,0.170821277,0.1737424269,0.5975855131,1.10854397,1.067168798
P1|tetto100|ind|T3,5,scorte,77,36.34711065,46.59558374,45.35266846,53.35307043,0.146770555,0.1642320057,0,1,1
P1|tetto100|ind|T3,5,stock_ind,1372,20.42319779,96.21782003,474.9520657,842.8284158,0.3125859305,0.4987873032,0.6829446064,1.685324125,1.602747816
P1|tetto100|ind|T3,5,stock_tipo,28,730.5506638,1039.660309,829.1881377,1127.277249,0.117782507,0.1213576241,0.7857142857,1.333351315,1.267644047
P1|tetto100|nessuna|T1,1,aggregati,55,1035.812876,1621.963315,2001.035864,2622.850858,0.2047303968,0.1776826543,0.3454545455,3.904508276,3.505638269
P1|tetto100|nessuna|T1,1,consumo,781,4.876760974,10.66077878,13.64555298,21.09561236,0.05511006772,0.05491760912,0.6608946609,1.122893872,1.041437948
P1|tetto100|nessuna|T1,1,importazioni,781,7.233057191,24.73424268,37.40021939,67.08912834,0.318500839,0.2445796946,0.4558232932,3.424587982,3.26061332
P1|tetto100|nessuna|T1,1,investimento_ind,2156,14.69378165,59.36086942,113.7181563,244.6965877,1.816797862,3.285324233,0.4243970315,12.50244899,11.13386989
P1|tetto100|nessuna|T1,1,investimento_tipo,44,489.1766842,548.1813276,516.5909092,583.6888476,1.072198319,0.7753440664,0.3636363636,8.960271382,9.885540256
P1|tetto100|nessuna|T1,1,produzione,781,50.77926679,90.365152,84.46982042,137.9792327,0.1764491953,0.1488542097,0.3918053777,3.273685803,3.088907559
P1|tetto100|nessuna|T1,1,scorte,121,59.50267693,81.66715557,81.07383034,103.0930962,0.259950453,0.2358330716,0.2396694215,6.1415323,6.758191635
P1|tetto100|nessuna|T1,1,stock_ind,2156,14.6362311,59.18310079,201.5643709,324.5437607,0.2441601803,1.727056619,0.3562152134,4.838882918,3.58259484
P1|tetto100|nessuna|T1,1,stock_tipo,44,485.0901957,542.381639,455.9764935,511.7726595,0.09282833198,0.08891413493,0.3409090909,3.435900358,3.591434907
P1|tetto100|nessuna|T1,2,aggregati,50,481.1295556,713.6145996,731.1251138,1056.725507,0.1033686632,0.1041164698,0.58,1.030785502,0.740336744
P1|tetto100|nessuna|T1,2,consumo,710,8.332645948,19.63367647,25.09841236,38.49263687,0.09144005563,0.08991809328,0.6634920635,1.196895269,1.076912298
P1|tetto100|nessuna|T1,2,importazioni,710,6.627522775,23.23544207,32.88046019,65.08375124,0.4875829696,0.3531041601,0.5575221239,2.474132216,2.01263466
P1|tetto100|nessuna|T1,2,investimento_ind,1960,15.08408938,67.94803731,104.7325064,253.9421183,1.740684335,4.977951081,0.393877551,9.22280248,6.020918501
P1|tetto100|nessuna|T1,2,investimento_tipo,40,357.7917567,433.2477342,331.5387453,417.6049489,0.8380774512,0.6446056699,0.525,4.4441603,3.692346498
P1|tetto100|nessuna|T1,2,produzione,710,37.07226825,69.96833433,64.2133673,107.4342739,0.1104395521,0.1064340014,0.6169014085,1.633884718,1.439544287
P1|tetto100|nessuna|T1,2,scorte,110,36.59186665,45.63148469,44.78309524,52.48802826,0.1639816131,0.1683979284,0.3,2.138355739,2.25652253
P1|tetto100|nessuna|T1,2,stock_ind,1960,24.25665899,92.06872022,382.1891904,637.4087203,0.3756801743,3.161049585,0.3836734694,3.842137938,3.385098161
P1|tetto100|nessuna|T1,2,stock_tipo,40,745.1751595,824.7065362,784.0104902,879.4718173,0.1368426505,0.1296685244,0.35,2.63096198,3.116571976
P1|tetto100|nessuna|T1,3,aggregati,45,589.9800969,1009.989091,1014.450159,1618.075765,0.1063142954,0.110960117,0.7111111111,1.00304597,0.7263985709
P1|tetto100|nessuna|T1,3,consumo,639,11.68586914,27.36556621,37.00080518,56.2093596,0.1204231939,0.1228760613,0.6772486772,1.163343165,1.112170222
P1|tetto100|nessuna|T1,3,importazioni,639,9.328092129,42.16312236,50.90123246,123.5065872,0.539988624,0.4737232017,0.5356265356,3.554883885,2.40584977
P1|tetto100|nessuna|T1,3,investimento_ind,1764,16.58099629,94.63873508,102.9821987,300.1000087,1.717527434,3.146013912,0.3843537415,9.710613308,4.23722166
P1|tetto100|nessuna|T1,3,investimento_tipo,36,407.4870793,576.5651891,425.308289,643.0022392,0.797770223,0.6547238298,0.5555555556,4.309662307,3.428495199
P1|tetto100|nessuna|T1,3,produzione,639,42.77996586,79.35713854,73.84488929,122.891772,0.1344369281,0.1469140085,0.6259780908,1.353101528,1.195850636
P1|tetto100|nessuna|T1,3,scorte,99,40.85348511,50.71479206,51.06381516,59.17680766,0.1777724609,0.1846357751,0.303030303,1.71206656,1.843489835
P1|tetto100|nessuna|T1,3,stock_ind,1764,33.13513595,133.3632998,515.6492209,849.5907613,0.4796312738,1.860644831,0.4098639456,3.768219704,3.009954682
P1|tetto100|nessuna|T1,3,stock_tipo,36,956.5502739,1094.700838,1040.49304,1184.231073,0.1704123127,0.1627290025,0.5,2.337762106,2.731295506
P1|tetto100|nessuna|T1,4,aggregati,40,796.9381431,1369.850085,1483.821636,2224.265816,0.1303014035,0.135997894,0.7,1.032702499,0.7925743297
P1|tetto100|nessuna|T1,4,consumo,568,15.14266641,35.36243809,48.71056427,73.28923478,0.1448552394,0.1528080325,0.6785714286,1.146363477,1.120808202
P1|tetto100|nessuna|T1,4,importazioni,568,11.49017097,45.95342824,63.32632095,131.9010414,0.6519741264,0.5575258477,0.5761772853,3.16807711,2.371901203
P1|tetto100|nessuna|T1,4,investimento_ind,1568,17.57504072,90.52248831,76.58352491,231.16581,1.715363059,11.75545072,0.356505102,7.61663281,2.510854657
P1|tetto100|nessuna|T1,4,investimento_tipo,32,390.11727,508.8829977,436.217918,570.7646441,0.695627903,0.5952946987,0.5,3.004360863,2.736520665
P1|tetto100|nessuna|T1,4,produzione,568,58.11717326,104.4651005,100.1627059,158.8446533,0.1650458331,0.1836882709,0.610915493,1.399999581,1.267252772
P1|tetto100|nessuna|T1,4,scorte,88,41.75568793,53.2346315,51.30005691,61.76162774,0.1838808724,0.1955482009,0.3181818182,1.405828083,1.43183934
P1|tetto100|nessuna|T1,4,stock_ind,1568,40.37549222,138.2018133,542.1499699,862.8386075,0.5514333821,8.018634888,0.4202806122,2.960635654,2.320851709
P1|tetto100|nessuna|T1,4,stock_tipo,32,1063.640009,1259.302277,1167.195356,1342.99504,0.1871533252,0.1799580731,0.5,2.015873396,2.259480647
P1|tetto100|nessuna|T1,5,aggregati,35,929.352508,1566.836067,1700.496198,2466.772659,0.1530504764,0.1608079095,0.7714285714,0.9433008823,0.7175725567
P1|tetto100|nessuna|T1,5,consumo,497,19.44101697,51.63154371,62.3229816,101.1602972,0.1784196784,0.1843384389,0.6575963719,1.357304141,1.175712609
P1|tetto100|nessuna|T1,5,importazioni,497,15.18261021,55.30724134,84.86865108,153.1293462,0.672203393,0.588689471,0.5047619048,3.258339037,2.733488062
P1|tetto100|nessuna|T1,5,investimento_ind,1372,25.00490283,120.8280424,118.7102705,261.2852512,1.985838879,5.830752737,0.1982507289,8.569557589,3.391226601
P1|tetto100|nessuna|T1,5,investimento_tipo,28,373.6668235,500.9325036,401.583883,529.2628571,0.6554522545,0.6030669396,0.5,2.42693931,2.038796834
P1|tetto100|nessuna|T1,5,produzione,497,76.96853919,141.2415037,131.7255426,201.7229697,0.1968865628,0.230423207,0.583501006,1.560830432,1.386182057
P1|tetto100|nessuna|T1,5,scorte,77,34.43999837,44.84027638,42.30457388,50.80725991,0.1416218128,0.1587801947,0.1168831169,0.96232889,0.9327912847
P1|tetto100|nessuna|T1,5,stock_ind,1372,49.33837864,160.056461,510.5920512,854.6401312,0.6291162185,4.352390452,0.3833819242,2.803503707,1.723016603
P1|tetto100|nessuna|T1,5,stock_tipo,28,1130.725833,1365.022158,1173.025015,1400.265229,0.2120668545,0.2048358907,0.5,1.750623809,1.793294079
P1|tetto100|nessuna|T2,1,aggregati,55,321.6172632,503.9014492,461.3798361,686.1926779,0.07286306698,0.07313861489,0.7636363636,1.213028285,0.8082967622
P1|tetto100|nessuna|T2,1,consumo,781,4.848919945,9.252056114,12.55878624,17.2062984,0.07717046848,0.06678738905,0.6349206349,0.9745139,0.9584951664
P1|tetto100|nessuna|T2,1,importazioni,781,8.480788948,33.37535537,49.68176797,96.50382653,0.296772169,0.2418976191,0.5261044177,4.620996178,4.331339147
P1|tetto100|nessuna|T2,1,investimento_ind,2156,17.45915735,72.42430663,112.0369375,241.7480699,1.768437527,2.677394424,0.4197588126,15.25383992,10.96926582
P1|tetto100|nessuna|T2,1,investimento_tipo,44,350.2029462,446.5834998,360.8478166,480.8525574,0.6204599062,0.5559822784,0.5227272727,7.299609,6.905223366
P1|tetto100|nessuna|T2,1,produzione,781,26.18249886,48.77241641,42.58926158,71.47397637,0.07717459986,0.07589481734,0.6081946223,1.76689314,1.557411764
P1|tetto100|nessuna|T2,1,scorte,121,38.19893711,51.13334233,48.68873453,62.26513097,0.1548692511,0.1667374532,0.5454545455,3.8453289,4.058619126
P1|tetto100|nessuna|T2,1,stock_ind,2156,17.42882498,72.33300895,192.0077135,293.5707636,0.2578922228,0.8215283882,0.3831168831,5.914035539,3.412735299
P1|tetto100|nessuna|T2,1,stock_tipo,44,347.6207884,443.6959413,356.3331367,434.4379828,0.05653336113,0.05676092909,0.5,2.810742352,2.806607981
P1|tetto100|nessuna|T2,2,aggregati,50,570.9830576,921.9165617,885.865882,1339.461275,0.1153005033,0.1236889692,0.78,1.3316687,0.8970271303
P1|tetto100|nessuna|T2,2,consumo,710,7.19976899,14.65405916,22.18830158,32.22751161,0.08200150347,0.08372940588,0.6634920635,0.8933311142,0.9520464682
P1|tetto100|nessuna|T2,2,importazioni,710,12.90033542,57.10498911,78.94337382,168.8073035,0.3980099834,0.3335849261,0.5818584071,6.080594155,4.832175991
P1|tetto100|nessuna|T2,2,investimento_ind,1960,19.4717992,121.3980012,131.6237391,372.6714643,1.780560521,12.63846125,0.3826530612,16.4777355,7.566856111
P1|tetto100|nessuna|T2,2,investimento_tipo,40,489.1170734,720.3241198,556.0984228,838.1803838,0.8228027609,0.6959646232,0.5,7.388926943,6.193267281
P1|tetto100|nessuna|T2,2,produzione,710,46.16305544,98.75362496,80.27633229,148.7044717,0.1220651419,0.1286192638,0.6338028169,2.306072314,1.799646092
P1|tetto100|nessuna|T2,2,scorte,110,50.50447686,67.89189408,66.12737015,82.55561389,0.1827116103,0.2098711553,0.6727272727,3.181509924,3.332014006
P1|tetto100|nessuna|T2,2,stock_ind,1960,29.56921763,151.4001965,332.0563228,511.3718961,0.4078811094,9.183037473,0.4010204082,6.318111487,2.94106499
P1|tetto100|nessuna|T2,2,stock_tipo,40,675.8808537,970.9734765,658.0153634,888.0649241,0.1119839696,0.1158612329,0.5,3.097579792,2.615720411
P1|tetto100|nessuna|T2,3,aggregati,45,716.5220956,1269.63022,1184.812957,1906.78323,0.1366718699,0.1433493252,0.8,1.260902209,0.84838711
P1|tetto100|nessuna|T2,3,consumo,639,10.34375071,21.51322175,32.32329624,46.91390054,0.1114125767,0.1175014286,0.6772486772,0.9145529561,0.9715736559
P1|tetto100|nessuna|T2,3,importazioni,639,13.36215764,60.75050191,81.57930744,179.0603653,0.4037144663,0.4406713375,0.5970515971,5.122034806,3.855850802
P1|tetto100|nessuna|T2,3,investimento_ind,1764,20.72806533,138.1030926,126.128701,392.6184009,1.748765733,16.48587219,0.3577097506,14.17036827,5.189588789
P1|tetto100|nessuna|T2,3,investimento_tipo,36,533.2282237,831.5456955,624.1902057,979.7438898,0.8585345793,0.7597459288,0.5555555556,6.215569737,5.031722115
P1|tetto100|nessuna|T2,3,produzione,639,56.17721172,115.7628205,95.91261884,167.8362384,0.1490233643,0.1642484909,0.6197183099,1.973846993,1.55321739
P1|tetto100|nessuna|T2,3,scorte,99,50.49164147,66.67667535,65.99926603,81.25300973,0.1855137903,0.2136133556,0.6161616162,2.250919339,2.382684796
P1|tetto100|nessuna|T2,3,stock_ind,1764,39.10042866,205.5326759,409.7234533,650.7663779,0.5128729295,10.8534451,0.4036281179,5.807386893,2.391643343
P1|tetto100|nessuna|T2,3,stock_tipo,36,991.6200848,1411.356023,953.7443531,1276.933353,0.1572689593,0.1667946625,0.4722222222,3.013987488,2.503580096
P1|tetto100|nessuna|T2,4,aggregati,40,904.9839863,1563.815302,1539.030054,2395.725866,0.1582509718,0.1746156624,0.775,1.178928985,0.8220635716
P1|tetto100|nessuna|T2,4,consumo,568,14.31957723,31.19462763,45.37218169,64.68269709,0.1415772912,0.1504327103,0.6785714286,1.011253288,1.043993519
P1|tetto100|nessuna|T2,4,importazioni,568,13.612417,64.00500392,85.32748019,189.0269572,0.4190714876,0.5113421074,0.6288088643,4.412571502,3.195959435
P1|tetto100|nessuna|T2,4,investimento_ind,1568,23.42834917,143.7668742,118.7074014,311.4461721,1.764657626,39.52714774,0.3405612245,12.09665699,3.891921036
P1|tetto100|nessuna|T2,4,investimento_tipo,32,555.6558276,779.9333844,641.5102086,887.7577095,0.82705416,0.8111953893,0.53125,4.604597415,4.024378345
P1|tetto100|nessuna|T2,4,produzione,568,68.98710498,143.2596614,116.3175642,193.5491328,0.182535428,0.2074770439,0.610915493,1.919908802,1.471643107
P1|tetto100|nessuna|T2,4,scorte,88,48.89633046,64.59093711,61.37946735,77.01221057,0.2069214248,0.2243227125,0.5113636364,1.705727094,1.713166443
P1|tetto100|nessuna|T2,4,stock_ind,1568,47.05321511,192.6691117,402.0637436,620.5722404,0.5792124557,25.75098278,0.4075255102,4.127464235,1.721166427
P1|tetto100|nessuna|T2,4,stock_tipo,32,1127.81007,1452.987142,1042.05652,1313.358873,0.1797898206,0.1994382885,0.59375,2.325921407,2.017234328
P1|tetto100|nessuna|T2,5,aggregati,35,1031.726024,1757.551954,1647.615238,2542.29539,0.1911625918,0.209436676,0.8,1.058119827,0.6952579371
P1|tetto100|nessuna|T2,5,consumo,497,19.0781182,50.6436938,61.64083646,100.4327259,0.1723909255,0.1818341701,0.6553287982,1.331335272,1.162844055
P1|tetto100|nessuna|T2,5,importazioni,497,16.97569912,71.40508074,104.3344924,204.0038042,0.479908974,0.6573910127,0.5301587302,4.206717897,3.360452722
P1|tetto100|nessuna|T2,5,investimento_ind,1372,32.86448357,198.4720788,183.4936411,372.327218,1.993410252,68.85934204,0.2018950437,14.07635078,5.241909688
P1|tetto100|nessuna|T2,5,investimento_tipo,28,734.8185418,992.3729636,776.582892,1034.396354,1.167897229,1.193655163,0.5,4.80789116,3.942625211
P1|tetto100|nessuna|T2,5,produzione,497,99.05682067,211.5973163,157.497677,261.8622096,0.2331378303,0.3078365305,0.5915492958,2.33831786,1.657388913
P1|tetto100|nessuna|T2,5,scorte,77,34.2562173,44.54357694,42.10205189,50.52453235,0.1410470926,0.1582498316,0.1168831169,0.9559613457,0.9283257925
P1|tetto100|nessuna|T2,5,stock_ind,1372,60.99092303,247.4479938,377.3174721,697.9342985,0.6640933257,53.97714061,0.3644314869,4.33422908,1.273275343
P1|tetto100|nessuna|T2,5,stock_tipo,28,1360.902331,1701.583683,1118.044278,1453.07943,0.2405923879,0.289936258,0.6428571429,2.182259745,1.709240773
P1|tetto100|nessuna|T3,1,aggregati,55,311.1665843,464.7577996,448.7652124,632.6506699,0.06575579654,0.06857096541,0.7818181818,1.118798839,0.7861970545
P1|tetto100|nessuna|T3,1,consumo,781,5.367741464,11.35053245,14.31420945,21.65984665,0.07993673085,0.06934120836,0.6378066378,1.19554524,1.092470268
P1|tetto100|nessuna|T3,1,importazioni,781,8.259066358,32.35532673,48.27745468,93.49645754,0.2908529921,0.2381334777,0.5341365462,4.479767766,4.20890878
P1|tetto100|nessuna|T3,1,investimento_ind,2156,16.74162795,72.47596225,118.9745199,266.0927923,1.773005474,2.600056414,0.4239332096,15.2647195,11.64850775
P1|tetto100|nessuna|T3,1,investimento_tipo,44,363.5692685,457.9101559,374.6233398,486.7842305,0.6663675857,0.5955824731,0.5227272727,7.484748308,7.168833289
P1|tetto100|nessuna|T3,1,produzione,781,27.04963199,50.90490797,43.65118674,74.59443471,0.08131122346,0.07902145701,0.6081946223,1.84414756,1.596244434
P1|tetto100|nessuna|T3,1,scorte,121,41.18388179,55.72603104,54.08530397,68.82571537,0.1607535354,0.1733168467,0.5123966942,4.190708212,4.508468977
P1|tetto100|nessuna|T3,1,stock_ind,2156,16.70305396,72.46369033,205.4550318,334.6219857,0.2502021964,0.8317590484,0.3710575139,5.924720209,3.651747249
P1|tetto100|nessuna|T3,1,stock_tipo,44,361.4132331,455.8884727,375.2746491,458.7384854,0.06042143376,0.05996035805,0.5454545455,2.887980075,2.955798147
P1|tetto100|nessuna|T3,2,aggregati,50,507.8213475,783.8140059,756.9750458,1096.269408,0.09631802676,0.1089659815,0.82,1.132185516,0.7665123659
P1|tetto100|nessuna|T3,2,consumo,710,8.326266122,19.6032093,25.01461013,38.32565725,0.09144412639,0.08992237212,0.6634920635,1.19503795,1.073316546
P1|tetto100|nessuna|T3,2,importazioni,710,11.74722368,50.90352304,70.63836196,149.1908364,0.3879873826,0.3240248816,0.5730088496,5.420256084,4.323820736
P1|tetto100|nessuna|T3,2,investimento_ind,1960,18.89443336,115.4038785,140.4980993,380.1203204,1.775497863,11.84508135,0.3903061224,15.66413422,8.077030085
P1|tetto100|nessuna|T3,2,investimento_tipo,40,501.4283541,708.3361464,556.2257578,806.4528581,0.8266817076,0.7518418697,0.525,7.265956939,6.19468541
P1|tetto100|nessuna|T3,2,produzione,710,43.58340168,90.38160381,74.84224683,133.7093568,0.1232650232,0.1242452822,0.6295774648,2.110570769,1.677824001
P1|tetto100|nessuna|T3,2,scorte,110,47.42958051,63.55801218,61.89080597,77.29276653,0.1747750253,0.1996967353,0.6545454545,2.978418104,3.118542774
P1|tetto100|nessuna|T3,2,stock_ind,1960,28.87678036,152.7167849,396.1451761,679.6720114,0.4000233371,8.58939439,0.3918367347,6.373054296,3.508708097
P1|tetto100|nessuna|T3,2,stock_tipo,40,728.8454208,1005.0811,757.2161303,991.1615613,0.1185005579,0.1198204419,0.5,3.206389237,3.010059943
P1|tetto100|nessuna|T3,3,aggregati,45,652.4290222,1089.966326,1060.794772,1617.772371,0.1094466065,0.1267815677,0.8666666667,1.082473406,0.7595837014
P1|tetto100|nessuna|T3,3,consumo,639,11.62559691,27.18345657,36.38960628,55.30602124,0.1203867683,0.1228370463,0.6772486772,1.155601465,1.093798805
P1|tetto100|nessuna|T3,3,importazioni,639,13.03587763,60.16406767,80.85557307,177.9283839,0.3961086507,0.4200311974,0.5798525799,5.072590991,3.821643454
P1|tetto100|nessuna|T3,3,investimento_ind,1764,19.27027742,130.9444374,117.712276,371.4179644,1.722332261,14.90581083,0.3633786848,13.43583888,4.843293423
P1|tetto100|nessuna|T3,3,investimento_tipo,36,500.2895382,790.8690701,582.705723,932.447841,0.7614341417,0.7188756904,0.5555555556,5.911523425,4.697307401
P1|tetto100|nessuna|T3,3,produzione,639,52.39696133,104.6845897,89.54196556,153.2960277,0.1420464647,0.1498204854,0.6306729264,1.784954459,1.45005047
P1|tetto100|nessuna|T3,3,scorte,99,48.4354916,64.6905874,63.17121972,78.4920416,0.173876554,0.2025974764,0.6868686869,2.183871548,2.280587556
P1|tetto100|nessuna|T3,3,stock_ind,1764,38.32851768,201.8518737,524.9539166,873.8062737,0.5038963294,9.794934715,0.3968253968,5.703384732,3.064268178
P1|tetto100|nessuna|T3,3,stock_tipo,36,1043.009259,1446.779264,1081.921193,1398.249535,0.1597211193,0.1660350161,0.5277777778,3.08963474,2.840044458
P1|tetto100|nessuna|T3,4,aggregati,40,863.2234026,1475.754653,1504.606594,2249.58573,0.1359002179,0.1570617417,0.775,1.112541829,0.8036764888
P1|tetto100|nessuna|T3,4,consumo,568,14.97895001,34.66063149,47.01614035,69.73304622,0.1447598587,0.152701446,0.6785714286,1.123612629,1.081820269
P1|tetto100|nessuna|T3,4,importazioni,568,13.17753827,63.06308388,82.61675488,186.4088207,0.4042737567,0.4943249651,0.6315789474,4.347634556,3.094428625
P1|tetto100|nessuna|T3,4,investimento_ind,1568,21.87999389,142.4426834,96.55613901,291.4424075,1.734149747,39.63520181,0.3431122449,11.98523854,3.165673448
P1|tetto100|nessuna|T3,4,investimento_tipo,32,522.8753629,769.0915213,606.1205779,876.4209954,0.7287940215,0.754113077,0.5625,4.540588853,3.802368997
P1|tetto100|nessuna|T3,4,produzione,568,66.14692923,139.1849109,110.3978479,183.7877658,0.1744008847,0.1971256816,0.6056338028,1.865300622,1.396747199
P1|tetto100|nessuna|T3,4,scorte,88,43.74110105,59.00200479,55.84893926,71.04515485,0.1744941968,0.1958532233,0.5795454545,1.558133736,1.558803502
P1|tetto100|nessuna|T3,4,stock_ind,1568,46.08646424,198.9237344,530.3259724,869.9798483,0.568588472,25.79860928,0.4030612245,4.261454222,2.270235189
P1|tetto100|nessuna|T3,4,stock_tipo,32,1215.559486,1534.465908,1199.990791,1471.497059,0.1894822301,0.2076224926,0.625,2.45635147,2.32296672
P1|tetto100|nessuna|T3,5,aggregati,35,1052.450965,1754.156503,1747.339767,2581.573806,0.1732944109,0.2038689818,0.7428571429,1.056075624,0.7373395279
P1|tetto100|nessuna|T3,5,consumo,497,19.47818677,51.65562875,62.36348992,101.1736964,0.1786566988,0.1845816396,0.6553287982,1.357937295,1.176476792
P1|tetto100|nessuna|T3,5,importazioni,497,16.82777358,71.56773015,103.232103,204.1548632,0.4547170069,0.5963775264,0.5523809524,4.216300132,3.324946462
P1|tetto100|nessuna|T3,5,investimento_ind,1372,29.53109253,187.5792999,123.1911191,309.0445723,1.984317879,69.52138414,0.2055393586,13.30379588,3.519232146
P1|tetto100|nessuna|T3,5,investimento_tipo,28,620.212365,928.9838861,679.8138828,978.7336205,0.8264574516,0.9462850678,0.5,4.500781034,3.451339684
P1|tetto100|nessuna|T3,5,produzione,497,90.5138311,197.4170491,144.1752153,238.0821553,0.2171929639,0.2721433286,0.6036217304,2.181614682,1.517193192
P1|tetto100|nessuna|T3,5,scorte,77,34.08421664,44.45162814,41.89923095,50.38252225,0.1400114817,0.1571496068,0.1038961039,0.9539880086,0.9238537086
P1|tetto100|nessuna|T3,5,stock_ind,1372,58.38202863,243.1740424,522.5192644,879.2550554,0.6544574762,54.47222827,0.3586005831,4.259367756,1.763265539
P1|tetto100|nessuna|T3,5,stock_tipo,28,1424.956173,1733.818633,1285.188628,1562.659742,0.2415574471,0.2840653104,0.6428571429,2.223600665,1.964767271
P1|tetto110|agg+ind|T1,1,aggregati,55,269.5504481,451.2715077,445.1000702,694.7525408,0.04904229418,0.04902659332,0.6727272727,1.086333655,0.7797760488
P1|tetto110|agg+ind|T1,1,consumo,781,8.162421384,17.07696936,21.28459462,31.85787611,0.09539575205,0.08896398772,0.632034632,1.79870764,1.624454837
P1|tetto110|agg+ind|T1,1,importazioni,781,5.748042425,18.81510887,31.63053797,49.47480169,0.1728372234,0.16431478,0.6084337349,2.605052298,2.757602899
P1|tetto110|agg+ind|T1,1,investimento_ind,2156,3.272884457,16.04332959,31.92753394,92.54035337,0.4481325957,0.5396797078,0.1280148423,3.379008963,3.125947698
P1|tetto110|agg+ind|T1,1,investimento_tipo,44,86.30154663,137.7111721,84.4310728,134.5203643,0.1447960627,0.1582905146,0.4545454545,2.250951304,1.615682262
P1|tetto110|agg+ind|T1,1,produzione,781,21.51184632,40.89024323,35.01934542,59.87143718,0.07138886075,0.0662379311,0.5966709347,1.481343259,1.280593711
P1|tetto110|agg+ind|T1,1,scorte,121,37.04467724,45.72702707,46.4381554,54.20573525,0.162883341,0.1657481058,0.3966942149,3.438763255,3.87101426
P1|tetto110|agg+ind|T1,1,stock_ind,2156,3.167059074,15.78257075,65.82370265,140.1796035,0.07801431936,0.1451995593,0.7829313544,1.290402344,1.169947131
P1|tetto110|agg+ind|T1,1,stock_tipo,44,80.99623577,134.4928244,95.38412681,156.1108421,0.01172937946,0.01189642159,0.9318181818,0.8519903886,0.7512796987
P1|tetto110|agg+ind|T1,2,aggregati,50,395.923753,620.2050027,683.4980275,972.2408034,0.06794157373,0.06996646527,0.68,0.8958593694,0.692109592
P1|tetto110|agg+ind|T1,2,consumo,710,10.38681436,22.05032537,24.88114927,37.605273,0.1140844709,0.1121501046,0.6507936508,1.34421743,1.067590063
P1|tetto110|agg+ind|T1,2,importazioni,710,5.531952667,16.24359226,28.05763747,40.81773032,0.205461252,0.2065052458,0.6482300885,1.729633325,1.717426499
P1|tetto110|agg+ind|T1,2,investimento_ind,1960,4.291862805,18.95947643,40.84774479,107.8638984,0.5484573606,0.7057401423,0.1392857143,2.573429832,2.348277061
P1|tetto110|agg+ind|T1,2,investimento_tipo,40,126.2514411,178.537204,127.3994186,178.9024474,0.2011705934,0.2250309391,0.5,1.831395508,1.418847129
P1|tetto110|agg+ind|T1,2,produzione,710,29.62912544,52.31678675,48.76607406,77.70445691,0.09237153991,0.08879451369,0.6478873239,1.221689771,1.093244697
P1|tetto110|agg+ind|T1,2,scorte,110,34.6084782,44.55878623,43.78354485,52.86312327,0.1489545142,0.1534948588,0.3363636364,2.088087576,2.206157365
P1|tetto110|agg+ind|T1,2,stock_ind,1960,6.82885362,34.18586255,149.029932,304.8871037,0.1463688808,0.2627732025,0.756122449,1.426616978,1.31997702
P1|tetto110|agg+ind|T1,2,stock_tipo,40,193.3109774,299.3897006,222.6299741,343.5166416,0.02872936297,0.02964994645,0.95,0.9551069199,0.8849911412
P1|tetto110|agg+ind|T1,3,aggregati,45,525.5705502,862.3379168,926.0855611,1368.215104,0.08562482461,0.09014184416,0.6888888889,0.856409817,0.663124967
P1|tetto110|agg+ind|T1,3,consumo,639,13.99879092,33.78076881,36.63410904,61.22260192,0.1386179176,0.1422218047,0.6701940035,1.436061151,1.101148069
P1|tetto110|agg+ind|T1,3,importazioni,639,5.611615618,17.08708762,29.31625429,44.70922146,0.2099184316,0.2916576955,0.6658476658,1.440657357,1.385634497
P1|tetto110|agg+ind|T1,3,investimento_ind,1764,5.139511803,20.19891249,45.81889883,112.7550265,0.6421369014,0.8136876149,0.1439909297,2.07255336,1.885227088
P1|tetto110|agg+ind|T1,3,investimento_tipo,36,163.0013893,215.4407605,169.4762231,221.8519237,0.2508025642,0.2828842078,0.4722222222,1.610358972,1.366181737
P1|tetto110|agg+ind|T1,3,produzione,639,37.29277962,66.27249573,62.75663394,98.83645402,0.1095685057,0.10806625,0.6510172144,1.129998093,1.016286453
P1|tetto110|agg+ind|T1,3,scorte,99,36.56467611,46.29524335,45.91208236,54.56618333,0.1576467894,0.1648267578,0.3131313131,1.562868245,1.657503593
P1|tetto110|agg+ind|T1,3,stock_ind,1764,10.90521411,53.83460517,244.405127,480.5086382,0.21189803,0.3508597917,0.7239229025,1.521112782,1.426644948
P1|tetto110|agg+ind|T1,3,stock_tipo,36,330.2830073,488.4147563,371.6121593,550.8705957,0.05015391056,0.05259921789,0.9166666667,1.043022413,0.9754823737
P1|tetto110|agg+ind|T1,4,aggregati,40,710.727795,1181.480506,1330.191061,1902.529942,0.1056854611,0.1132669587,0.725,0.8906944527,0.7105134894
P1|tetto110|agg+ind|T1,4,consumo,568,17.62370806,42.24289885,45.92936969,75.63735915,0.1672955082,0.1732278897,0.6666666667,1.369411133,1.056814164
P1|tetto110|agg+ind|T1,4,importazioni,568,6.458553011,19.57852437,33.19235888,51.45285399,0.2659580287,0.3516337157,0.6454293629,1.349763821,1.243227062
P1|tetto110|agg+ind|T1,4,investimento_ind,1568,5.852890236,20.60290913,48.65652598,112.2249088,0.7215287066,0.9238792965,0.1600765306,1.733544852,1.595244734
P1|tetto110|agg+ind|T1,4,investimento_tipo,32,194.4752777,250.5944766,206.4139995,263.466871,0.2921990235,0.3333943107,0.4375,1.47946825,1.294894483
P1|tetto110|agg+ind|T1,4,produzione,568,48.36369183,81.39228762,81.94061718,121.4247395,0.1385562303,0.1383822552,0.6338028169,1.090786952,1.036707958
P1|tetto110|agg+ind|T1,4,scorte,88,42.78794387,52.97030308,52.64504529,61.30501829,0.1997677712,0.2054396003,0.2954545455,1.398847658,1.469379402
P1|tetto110|agg+ind|T1,4,stock_ind,1568,15.30899728,74.12443611,354.9719787,662.3313847,0.2737025165,0.4214202685,0.6906887755,1.587934653,1.519574599
P1|tetto110|agg+ind|T1,4,stock_tipo,32,495.1814004,697.528263,548.6023612,773.5942329,0.07570346493,0.08047228603,0.90625,1.116593445,1.061995673
P1|tetto110|agg+ind|T1,5,aggregati,35,963.7430065,1597.310989,1878.39469,2571.504929,0.1337562484,0.1447446277,0.6857142857,0.9616480602,0.7926418666
P1|tetto110|agg+ind|T1,5,consumo,497,21.72977352,54.81315972,57.21178541,98.02255221,0.2198532436,0.2135369599,0.6575963719,1.440943332,1.079290749
P1|tetto110|agg+ind|T1,5,importazioni,497,6.974646202,21.04430638,35.06046389,54.78317862,0.3356586085,0.369197107,0.6285714286,1.239792174,1.129243346
P1|tetto110|agg+ind|T1,5,investimento_ind,1372,6.423809968,20.31937035,48.21347577,106.4532226,0.8008123887,1.058975967,0.1610787172,1.441122532,1.37732667
P1|tetto110|agg+ind|T1,5,investimento_tipo,28,229.0766296,288.2186238,248.4955094,307.8677672,0.3369046973,0.3871692752,0.4285714286,1.396373969,1.26158414
P1|tetto110|agg+ind|T1,5,produzione,497,60.66085453,100.8826655,103.4476529,149.6755819,0.1709715853,0.1734257447,0.6217303823,1.11483332,1.088606487
P1|tetto110|agg+ind|T1,5,scorte,77,35.96359969,46.17373584,44.77992519,52.81911208,0.1455434943,0.1629788898,0.09090909091,0.9909466118,0.9873713436
P1|tetto110|agg+ind|T1,5,stock_ind,1372,20.07292013,94.24190501,467.9975298,841.0026017,0.3412412071,0.5261550626,0.6435860058,1.650714557,1.579279412
P1|tetto110|agg+ind|T1,5,stock_tipo,28,693.9927556,930.3864526,754.2475044,1010.884191,0.1065527158,0.1148220957,0.8571428571,1.193208964,1.153076504
P1|tetto110|agg+ind|T2,1,aggregati,55,259.3453151,399.9256155,401.3333515,596.850246,0.04903288078,0.04904392269,0.6727272727,0.9627300819,0.7031006194
P1|tetto110|agg+ind|T2,1,consumo,781,8.631702773,17.8347893,22.80882194,33.46460045,0.09830729469,0.09248807186,0.6291486291,1.87852839,1.74078491
P1|tetto110|agg+ind|T2,1,importazioni,781,6.26852995,21.26344012,35.18222812,55.44911004,0.1846095623,0.1712954429,0.624497992,2.944036833,3.067245153
P1|tetto110|agg+ind|T2,1,investimento_ind,2156,2.303573895,5.678137067,10.93713392,20.28402127,0.3310259541,0.4492373609,0.08719851577,1.195916093,1.070828353
P1|tetto110|agg+ind|T2,1,investimento_tipo,44,45.49277336,59.17212189,47.21294302,62.3751529,0.07260483821,0.07251371787,0.5227272727,0.9671950568,0.903472052
P1|tetto110|agg+ind|T2,1,produzione,781,21.25618471,39.10741788,34.02000465,54.4183161,0.07002677731,0.06461602463,0.6171574904,1.416756303,1.244049638
P1|tetto110|agg+ind|T2,1,scorte,121,36.31127106,46.57358004,46.2962151,55.89283353,0.1575333236,0.1601981503,0.3553719008,3.50242572,3.859182332
P1|tetto110|agg+ind|T2,1,stock_ind,2156,2.212284507,5.493886653,18.05191475,28.13576295,0.06727667487,0.1183043576,0.8056586271,0.4491869119,0.3208538113
P1|tetto110|agg+ind|T2,1,stock_tipo,44,41.37582172,54.63757427,37.01635117,48.44656859,0.007975359667,0.008161180362,0.8863636364,0.3461202362,0.291554099
P1|tetto110|agg+ind|T2,2,aggregati,50,385.9286262,597.1079933,651.0194877,926.5292834,0.06679232377,0.06921778006,0.72,0.8624967358,0.6592218468
P1|tetto110|agg+ind|T2,2,consumo,710,10.56225274,21.9327043,26.15366321,37.42317051,0.1162363918,0.1146992808,0.6476190476,1.337047091,1.122190565
P1|tetto110|agg+ind|T2,2,importazioni,710,5.46941649,16.35665993,27.99492558,41.37275037,0.2044104149,0.2044889962,0.6681415929,1.741672879,1.713587863
P1|tetto110|agg+ind|T2,2,investimento_ind,1960,3.238166783,7.985420724,17.79376372,31.44769627,0.4263378503,0.6392148964,0.1224489796,1.083886466,1.022937432
P1|tetto110|agg+ind|T2,2,investimento_tipo,40,73.6876315,93.13511691,75.80734759,97.30731095,0.1156277501,0.1206418879,0.575,0.9553596163,0.8442663137
P1|tetto110|agg+ind|T2,2,produzione,710,28.38134467,46.74738291,46.34270779,66.39521523,0.08863704704,0.08514477637,0.6591549296,1.091634312,1.038917332
P1|tetto110|agg+ind|T2,2,scorte,110,34.19849466,44.33810326,43.07901365,52.50293556,0.1478959147,0.152612988,0.3727272727,2.077746061,2.170657574
P1|tetto110|agg+ind|T2,2,stock_ind,1960,4.796070124,12.15420313,45.43225671,70.0967947,0.12903339,0.2343740672,0.7841836735,0.5072094502,0.4023992632
P1|tetto110|agg+ind|T2,2,stock_tipo,40,100.0451816,128.4434279,90.76973964,115.2140214,0.01896978268,0.01988709366,0.9,0.4097576055,0.3608247981
P1|tetto110|agg+ind|T2,3,aggregati,45,530.3490517,872.6061533,923.0231541,1384.681438,0.08749268775,0.09249848019,0.7555555556,0.8666074649,0.6609321259
P1|tetto110|agg+ind|T2,3,consumo,639,13.51717867,31.50601118,34.22188083,56.07048413,0.1388015499,0.1431904101,0.6737213404,1.339358465,1.028641313
P1|tetto110|agg+ind|T2,3,importazioni,639,5.458133943,16.93979321,27.30317522,43.22853053,0.218385804,0.2923290084,0.6928746929,1.428238577,1.290486195
P1|tetto110|agg+ind|T2,3,investimento_ind,1764,4.089097442,10.54059906,25.6764256,45.50613772,0.4967821612,0.7268275544,0.1264172336,1.081541099,1.056461292
P1|tetto110|agg+ind|T2,3,investimento_tipo,36,107.7382562,133.3806154,110.9364656,139.5918669,0.1682141268,0.1810278408,0.4722222222,0.9969825125,0.894281042
P1|tetto110|agg+ind|T2,3,produzione,639,36.03965324,62.0024081,59.92073503,90.21842731,0.1063018096,0.1052016911,0.6588419405,1.057189746,0.9703616562
P1|tetto110|agg+ind|T2,3,scorte,99,35.60722028,45.47658429,44.75361934,53.43967647,0.1523144457,0.1595848326,0.3434343434,1.535231361,1.615681125
P1|tetto110|agg+ind|T2,3,stock_ind,1764,7.768086739,20.45497881,88.37866073,131.9064519,0.1838658595,0.3110684377,0.7619047619,0.5779615107,0.5158851266
P1|tetto110|agg+ind|T2,3,stock_tipo,36,174.8043842,225.9564127,161.7292885,203.5812872,0.03277577949,0.03512235355,0.8611111111,0.4825357951,0.4245395804
P1|tetto110|agg+ind|T2,4,aggregati,40,736.4948048,1198.478772,1358.957019,1922.069313,0.1133953189,0.1212891065,0.725,0.9035091045,0.7258786518
P1|tetto110|agg+ind|T2,4,consumo,568,17.04195683,40.65954688,43.66334052,72.29320977,0.1653203594,0.1724589352,0.6726190476,1.318082747,1.004673851
P1|tetto110|agg+ind|T2,4,importazioni,568,6.321213168,19.47697464,32.45209157,51.6174285,0.2780442527,0.3534879533,0.6509695291,1.342762877,1.215500188
P1|tetto110|agg+ind|T2,4,investimento_ind,1568,4.791399585,12.97266829,31.97446227,59.50337687,0.5573900599,0.818730336,0.1320153061,1.091530434,1.04830938
P1|tetto110|agg+ind|T2,4,investimento_tipo,32,139.3003952,174.6068854,144.2059398,183.0864224,0.2134900962,0.2387701347,0.40625,1.030850107,0.9046454033
P1|tetto110|agg+ind|T2,4,produzione,568,47.32016737,78.81517319,79.90333848,116.0479061,0.134227352,0.1345882544,0.6355633803,1.056249493,1.010932426
P1|tetto110|agg+ind|T2,4,scorte,88,42.50422172,52.32048589,52.25465278,60.40230759,0.1990564058,0.2040167196,0.2727272727,1.381687189,1.45848313
P1|tetto110|agg+ind|T2,4,stock_ind,1568,11.05680666,30.88266218,153.3762255,220.416316,0.2348447302,0.3700135581,0.737244898,0.6615854639,0.656577506
P1|tetto110|agg+ind|T2,4,stock_tipo,32,279.0793976,349.6232415,266.7416158,320.7263453,0.05048624936,0.05506157563,0.84375,0.5596719739,0.5163638765
P1|tetto110|agg+ind|T2,5,aggregati,35,984.1229425,1613.46095,1881.659211,2590.329658,0.1448156692,0.1563251305,0.6285714286,0.9713710129,0.7940194234
P1|tetto110|agg+ind|T2,5,consumo,497,20.69190753,52.63250571,52.65146179,93.12118306,0.216165114,0.2116865551,0.6575963719,1.383617703,0.9932610077
P1|tetto110|agg+ind|T2,5,importazioni,497,6.985509876,21.81052259,36.53925132,58.62215213,0.3238129417,0.3549051339,0.653968254,1.284932596,1.176872803
P1|tetto110|agg+ind|T2,5,investimento_ind,1372,5.400797736,15.23071642,38.23524647,71.96973602,0.6067827508,0.9446539403,0.1319241983,1.080216967,1.092276046
P1|tetto110|agg+ind|T2,5,investimento_tipo,28,176.8770862,215.4467603,185.9248172,227.1467404,0.2649613015,0.3051791689,0.4285714286,1.043805719,0.9439196755
P1|tetto110|agg+ind|T2,5,produzione,497,59.74208807,100.7793338,101.5220642,148.7885792,0.1685558154,0.1721562815,0.6177062374,1.113691423,1.068343018
P1|tetto110|agg+ind|T2,5,scorte,77,36.32239371,46.52640616,45.34161352,53.31074432,0.1466026391,0.1640520699,0.01298701299,0.9985153619,0.9997562451
P1|tetto110|agg+ind|T2,5,stock_ind,1372,14.41118584,43.06710071,226.4863765,328.2463681,0.2856651574,0.4627719159,0.7062682216,0.7543511567,0.7642888022
P1|tetto110|agg+ind|T2,5,stock_tipo,28,409.5960109,499.9116906,396.909022,467.1277685,0.07128710793,0.07915501097,0.8214285714,0.6411304772,0.6067855246
P1|tetto110|agg+ind|T3,1,aggregati,55,253.820656,438.0768831,419.1226175,670.2503331,0.04552275519,0.04548961543,0.6909090909,1.054570593,0.7342658439
P1|tetto110|agg+ind|T3,1,consumo,781,8.043485378,17.44996908,20.80428085,31.79565807,0.09561049743,0.0882294493,0.632034632,1.837995492,1.587796961
P1|tetto110|agg+ind|T3,1,importazioni,781,5.687357808,19.24941868,31.80781987,50.98617514,0.1651582096,0.1610806704,0.6084337349,2.665184809,2.77305863
P1|tetto110|agg+ind|T3,1,investimento_ind,2156,3.014468128,15.90452403,31.45636744,92.50465581,0.3907899274,0.4669227638,0.1057513915,3.349774057,3.079816924
P1|tetto110|agg+ind|T3,1,investimento_tipo,44,76.80087188,124.836081,72.1644781,117.5308001,0.1273967129,0.144792079,0.5227272727,2.040502125,1.380947362
P1|tetto110|agg+ind|T3,1,produzione,781,21.57366758,41.01340575,35.05569845,60.0412306,0.07252983005,0.06660306964,0.6005121639,1.485805105,1.281923075
P1|tetto110|agg+ind|T3,1,scorte,121,37.95988265,46.74540674,47.84043307,55.64259257,0.1663410422,0.1696049894,0.4049586777,3.515347429,3.987906002
P1|tetto110|agg+ind|T3,1,stock_ind,2156,2.917605762,15.6531579,66.65857096,140.3402498,0.07018791573,0.1193499691,0.8010204082,1.279821391,1.184786038
P1|tetto110|agg+ind|T3,1,stock_tipo,44,72.32826938,121.8043892,90.23113892,149.3261423,0.009961635836,0.01013891218,0.9318181818,0.7716111949,0.7106929122
P1|tetto110|agg+ind|T3,2,aggregati,50,378.6229439,579.1328555,653.5438942,892.2811037,0.0636909085,0.06583054085,0.68,0.8365324246,0.661778059
P1|tetto110|agg+ind|T3,2,consumo,710,10.51489121,23.65413326,25.65229411,41.14825686,0.1127999536,0.111023538,0.6476190476,1.441987711,1.100678027
P1|tetto110|agg+ind|T3,2,importazioni,710,5.346878366,16.2729642,27.06753138,41.17242409,0.1991541884,0.2017914611,0.6637168142,1.732760877,1.656821452
P1|tetto110|agg+ind|T3,2,investimento_ind,1960,4.012479543,18.73131207,39.94335593,107.6478031,0.4900252551,0.6407044633,0.1280612245,2.54246036,2.296285069
P1|tetto110|agg+ind|T3,2,investimento_tipo,40,110.4677013,159.1505,106.7762004,153.431684,0.1747793527,0.2031164636,0.6,1.632530947,1.18916638
P1|tetto110|agg+ind|T3,2,produzione,710,29.49762907,52.13428214,48.83693759,77.27138327,0.0905236732,0.08714799975,0.6521126761,1.217427965,1.094833326
P1|tetto110|agg+ind|T3,2,scorte,110,34.76422471,44.41399647,43.70914438,52.83543062,0.1522251224,0.156968704,0.3454545455,2.081302524,2.202408487
P1|tetto110|agg+ind|T3,2,stock_ind,1960,6.29211911,33.87189157,149.0090732,305.0233503,0.1335728469,0.2231594081,0.7806122449,1.413514593,1.319792271
P1|tetto110|agg+ind|T3,2,stock_tipo,40,168.5616626,269.442307,207.1478035,327.4774606,0.02355340592,0.02446991115,0.95,0.8595693552,0.8234469404
P1|tetto110|agg+ind|T3,3,aggregati,45,508.2838491,835.1012156,897.7656565,1321.35512,0.08111862795,0.08552908986,0.6888888889,0.8293603532,0.6428464565
P1|tetto110|agg+ind|T3,3,consumo,639,13.97640734,35.12294315,36.56095613,63.83140243,0.1382773495,0.1411995705,0.6666666667,1.493118597,1.098949239
P1|tetto110|agg+ind|T3,3,importazioni,639,5.491036927,16.82197137,28.34789928,43.57996521,0.20929692,0.2898248043,0.6732186732,1.418304708,1.33986514
P1|tetto110|agg+ind|T3,3,investimento_ind,1764,4.821210088,19.91737703,45.06952387,112.5126814,0.5766538515,0.7645659162,0.141723356,2.043665802,1.854393917
P1|tetto110|agg+ind|T3,3,investimento_tipo,36,145.5519982,191.9197152,146.60423,191.9261826,0.2212944119,0.2585362945,0.5833333333,1.434545786,1.181806025
P1|tetto110|agg+ind|T3,3,produzione,639,37.02972306,66.319549,62.39735052,98.69106145,0.1090075194,0.1072478757,0.661971831,1.130800389,1.010468185
P1|tetto110|agg+ind|T3,3,scorte,99,37.69016679,47.09899651,46.93490749,55.18388151,0.1659088581,0.1736232659,0.2828282828,1.590001924,1.694429305
P1|tetto110|agg+ind|T3,3,stock_ind,1764,10.07345599,53.3110246,243.793577,480.5844855,0.1927675327,0.3137066451,0.7568027211,1.506318857,1.423075201
P1|tetto110|agg+ind|T3,3,stock_tipo,36,288.2622075,438.1765718,344.4822859,522.9615204,0.04145494247,0.04390939989,0.9166666667,0.9357374632,0.9042664226
P1|tetto110|agg+ind|T3,4,aggregati,40,694.4605132,1140.419208,1287.466961,1823.428944,0.1017305138,0.1092640755,0.725,0.8597391635,0.6876926705
P1|tetto110|agg+ind|T3,4,consumo,568,18.009858,43.94240693,47.00948855,78.58596885,0.1694159965,0.1745462366,0.6626984127,1.424505015,1.081667214
P1|tetto110|agg+ind|T3,4,importazioni,568,6.433940891,20.07867015,33.81509045,53.48932727,0.2730292065,0.3536111649,0.6454293629,1.384244391,1.266551609
P1|tetto110|agg+ind|T3,4,investimento_ind,1568,5.464930447,20.28211653,47.86610128,111.9550749,0.6460940699,0.8629177871,0.1543367347,1.706553113,1.569330002
P1|tetto110|agg+ind|T3,4,investimento_tipo,32,173.6380737,222.7193089,179.1404379,228.6883917,0.2559510661,0.304088497,0.53125,1.314897881,1.123799574
P1|tetto110|agg+ind|T3,4,produzione,568,48.32099202,81.06923295,81.74035833,120.4953376,0.1380930328,0.1377265539,0.6373239437,1.086457502,1.034174295
P1|tetto110|agg+ind|T3,4,scorte,88,42.6452751,52.87738359,52.44651024,61.18870485,0.2016685444,0.2063265935,0.2840909091,1.396393827,1.463838076
P1|tetto110|agg+ind|T3,4,stock_ind,1568,14.13922718,73.40539936,354.0563369,662.3000324,0.2491265166,0.3821250815,0.7264030612,1.57253105,1.515654893
P1|tetto110|agg+ind|T3,4,stock_tipo,32,434.4338015,624.9499511,508.6403606,731.6860034,0.0632569556,0.06814564383,0.90625,1.000411103,0.9846364149
P1|tetto110|agg+ind|T3,5,aggregati,35,947.9649626,1581.492491,1846.929044,2538.106957,0.1282650769,0.1391317209,0.6857142857,0.9521246625,0.7793640453
P1|tetto110|agg+ind|T3,5,consumo,497,22.22722538,55.24850843,57.89658036,98.50931068,0.2405892882,0.2231592523,0.6394557823,1.452387898,1.092209291
P1|tetto110|agg+ind|T3,5,importazioni,497,6.945946273,20.70664466,35.14239637,54.57673167,0.3394135831,0.371594834,0.6317460317,1.219899366,1.131882264
P1|tetto110|agg+ind|T3,5,investimento_ind,1372,5.982200871,19.90618165,47.29541304,106.0967722,0.7203231567,0.9955397123,0.1545189504,1.41181771,1.351100138
P1|tetto110|agg+ind|T3,5,investimento_tipo,28,205.5168113,256.4789859,217.6431773,269.0167196,0.2963613161,0.354066822,0.5357142857,1.242600408,1.104950272
P1|tetto110|agg+ind|T3,5,produzione,497,60.70261106,100.3020398,102.8224275,148.3278052,0.1737632795,0.1753001711,0.6217303823,1.108416946,1.082027079
P1|tetto110|agg+ind|T3,5,scorte,77,35.95098972,46.16674574,44.76142729,52.80954652,0.1454843085,0.1629185037,0.09090909091,0.9907965955,0.9869634756
P1|tetto110|agg+ind|T3,5,stock_ind,1372,18.44330955,93.25878539,466.423896,840.8367637,0.3065929,0.4813141525,0.6895043732,1.633494511,1.573969111
P1|tetto110|agg+ind|T3,5,stock_tipo,28,609.4664794,830.6282115,698.2858364,951.0506863,0.08923411086,0.09770948725,0.8928571429,1.06527027,1.067523574
P1|tetto110|agg|T1,1,aggregati,55,338.3247196,486.2883864,525.0204686,716.3261004,0.06122764403,0.06095069585,0.5636363636,1.170628837,0.9197895348
P1|tetto110|agg|T1,1,consumo,781,10.16103684,19.15604744,27.23892168,36.8274094,0.09686612154,0.097006324,0.6435786436,2.017695772,2.078893156
P1|tetto110|agg|T1,1,importazioni,781,6.308334741,20.68706749,32.77803244,53.31516852,0.1912220114,0.182517673,0.5903614458,2.864234964,2.857643375
P1|tetto110|agg|T1,1,investimento_ind,2156,15.67798727,47.48296863,65.96626205,139.5584749,1.791554412,2.828350349,0.430890538,10.00075301,6.458597315
P1|tetto110|agg|T1,1,investimento_tipo,44,106.0410737,158.0587072,108.2770077,158.3181518,0.1786770072,0.1854698111,0.3181818182,2.583540955,2.072000687
P1|tetto110|agg|T1,1,produzione,781,25.38484654,43.58393869,38.73961768,60.71171254,0.08529013192,0.0790315191,0.5889884763,1.578928582,1.416637295
P1|tetto110|agg|T1,1,scorte,121,34.14249253,45.4216867,44.9901293,55.74211675,0.145431649,0.1439716741,0.4214876033,3.415801053,3.750308999
P1|tetto110|agg|T1,1,stock_ind,2156,15.56855326,47.33981237,84.47461268,158.6098829,0.2642495088,0.7125971276,0.3845083488,3.870561129,1.501447454
P1|tetto110|agg|T1,1,stock_tipo,44,99.21521318,153.9594719,107.7041894,169.8898835,0.01550220681,0.01571480613,0.9318181818,0.9753084665,0.8483169436
P1|tetto110|agg|T1,2,aggregati,50,482.3939242,695.1787442,751.9429691,1043.818463,0.08737152037,0.08902269928,0.58,1.004155704,0.7614168887
P1|tetto110|agg|T1,2,consumo,710,12.07813625,23.78276305,31.12717893,43.44128703,0.1161670826,0.1192509392,0.6634920635,1.449829156,1.335592121
P1|tetto110|agg|T1,2,importazioni,710,7.495677626,23.5629896,39.97998695,61.87672377,0.2592803116,0.2876885751,0.564159292,2.509009792,2.447201376
P1|tetto110|agg|T1,2,investimento_ind,1960,15.5331623,50.30192038,78.68682167,157.6702743,1.779621777,7.991997616,0.4076530612,6.827639096,4.523590207
P1|tetto110|agg|T1,2,investimento_tipo,40,149.6880918,203.205409,152.9618073,208.8528604,0.249629101,0.260351277,0.375,2.084436548,1.703535413
P1|tetto110|agg|T1,2,produzione,710,39.23776576,71.2844193,61.85904927,99.91952343,0.118575185,0.1271706859,0.6338028169,1.664617636,1.386764854
P1|tetto110|agg|T1,2,scorte,110,35.74165208,48.06913899,47.04942129,59.0393823,0.1525527692,0.1539759761,0.2636363636,2.252587659,2.370717758
P1|tetto110|agg|T1,2,stock_ind,1960,24.33953583,73.01335083,180.4835773,323.6822857,0.4099111378,5.493865719,0.4198979592,3.046934556,1.598565948
P1|tetto110|agg|T1,2,stock_tipo,40,222.1809259,334.0763872,245.7191279,366.280066,0.03362364419,0.03454329267,0.925,1.065763681,0.9767743641
P1|tetto110|agg|T1,3,aggregati,45,603.7896067,919.6816374,1013.102088,1427.44464,0.1053410125,0.1098906697,0.5777777778,0.913359331,0.7254332825
P1|tetto110|agg|T1,3,consumo,639,14.46538436,31.33508568,37.80960494,56.55530247,0.1437168206,0.1491022445,0.6754850088,1.332092216,1.136481126
P1|tetto110|agg|T1,3,importazioni,639,7.640845137,24.64436116,41.4559216,66.72600972,0.2608523056,0.3726494954,0.6044226044,2.077830992,1.959416592
P1|tetto110|agg|T1,3,investimento_ind,1764,15.57600431,52.35908355,80.09855831,157.3838478,1.762491192,11.23285941,0.3616780045,5.372417679,3.295670034
P1|tetto110|agg|T1,3,investimento_tipo,36,192.9002492,246.8818729,202.7079382,259.344664,0.3146862185,0.3298655131,0.3888888889,1.845372426,1.634069241
P1|tetto110|agg|T1,3,produzione,639,46.63510082,83.59551568,75.65884842,119.0035143,0.1318388276,0.1453834291,0.6353677621,1.425369187,1.225226049
P1|tetto110|agg|T1,3,scorte,99,38.03993476,48.40167645,48.95416497,58.14404258,0.1617497116,0.167755536,0.2828282828,1.633978734,1.767327905
P1|tetto110|agg|T1,3,stock_ind,1764,32.29696347,99.41593028,288.6455764,501.1676041,0.5046188787,7.560056751,0.414399093,2.809026681,1.684885905
P1|tetto110|agg|T1,3,stock_tipo,36,376.9130158,542.8712342,416.8880373,588.7548733,0.05620754332,0.05839318019,0.8888888889,1.159315637,1.094331609
P1|tetto110|agg|T1,4,aggregati,40,756.5284521,1247.088829,1355.857691,1990.733168,0.1250760436,0.1321839788,0.65,0.940155251,0.7242231646
P1|tetto110|agg|T1,4,consumo,568,17.37782027,40.71847119,45.75775824,74.1001467,0.165543754,0.1747261843,0.6765873016,1.319992928,1.052865462
P1|tetto110|agg|T1,4,importazioni,568,8.294128674,26.88810575,46.08411975,74.29133001,0.2862980448,0.4066009499,0.5844875346,1.85369396,1.726090786
P1|tetto110|agg|T1,4,investimento_ind,1568,15.52504775,51.20149735,83.34551717,161.5590397,1.737968028,7.426412796,0.3654336735,4.308133944,2.732552206
P1|tetto110|agg|T1,4,investimento_tipo,32,233.8239558,291.9928524,252.0876374,311.3264664,0.3739877289,0.3942240281,0.40625,1.723877398,1.581418371
P1|tetto110|agg|T1,4,produzione,568,55.263984,96.87161681,91.96748351,140.2487199,0.1535754915,0.166399702,0.6355633803,1.298234743,1.163567292
P1|tetto110|agg|T1,4,scorte,88,44.39790633,55.91845028,55.77715053,65.72533652,0.1956912269,0.2058724464,0.2954545455,1.476702769,1.556799802
P1|tetto110|agg|T1,4,stock_ind,1568,38.34825598,115.7251268,403.1414214,682.6418222,0.5551982444,5.18969058,0.4355867347,2.47912765,1.725779782
P1|tetto110|agg|T1,4,stock_tipo,32,567.3531959,781.5629595,615.3902409,835.4964811,0.0856240949,0.08975777747,0.8125,1.251115007,1.191285017
P1|tetto110|agg|T1,5,aggregati,35,924.2879278,1538.33591,1698.628574,2437.355154,0.1501114764,0.1603756359,0.6,0.926142595,0.7167844599
P1|tetto110|agg|T1,5,consumo,497,19.93707788,51.39278333,51.24167487,91.73095508,0.2054782688,0.2048332322,0.6734693878,1.351027542,0.9666656136
P1|tetto110|agg|T1,5,importazioni,497,11.66080406,36.19171034,66.06735357,99.74097151,0.3901496261,0.4514304838,0.5238095238,2.132177627,2.127927332
P1|tetto110|agg|T1,5,investimento_ind,1372,20.32743234,71.50736325,95.09743259,170.6487839,1.981234971,2.40028212,0.2069970845,5.071558351,2.716672633
P1|tetto110|agg|T1,5,investimento_tipo,28,289.9493702,355.3476929,316.9910875,382.9264401,0.4613307598,0.48604733,0.3571428571,1.721603766,1.609328594
P1|tetto110|agg|T1,5,produzione,497,72.38513373,121.0036576,118.6920909,172.9815295,0.1985890354,0.2201484875,0.5955734406,1.337186211,1.249027663
P1|tetto110|agg|T1,5,scorte,77,36.00504203,46.17898359,44.89496118,52.8071961,0.1450730436,0.1624936628,0.1168831169,0.9910592353,0.9899078203
P1|tetto110|agg|T1,5,stock_ind,1372,47.72039099,150.631661,522.2269852,868.396497,0.6186987372,1.90208844,0.3804664723,2.638421575,1.762279229
P1|tetto110|agg|T1,5,stock_tipo,28,818.7836199,1072.258117,853.6050813,1117.01361,0.1297115479,0.1370196278,0.6071428571,1.375157595,1.304972118
P1|tetto110|agg|T2,1,aggregati,55,270.6943848,422.4444433,428.0188629,632.5373673,0.04666093208,0.04647266688,0.6909090909,1.016939045,0.7498512808
P1|tetto110|agg|T2,1,consumo,781,9.544440041,18.26335823,25.02164515,34.52684605,0.09765586909,0.09605375774,0.6392496392,1.923669316,1.909669093
P1|tetto110|agg|T2,1,importazioni,781,6.629417061,20.87223132,33.82191338,53.21457058,0.2003882112,0.1935802835,0.6064257028,2.889871886,2.948650651
P1|tetto110|agg|T2,1,investimento_ind,2156,15.91826664,47.25255791,42.84298373,101.237148,1.795942916,2.95404562,0.4285714286,9.952224433,4.194653011
P1|tetto110|agg|T2,1,investimento_tipo,44,39.83077022,56.9560129,44.28857853,61.9352755,0.05982717276,0.05967360384,0.75,0.9309717545,0.8475110927
P1|tetto110|agg|T2,1,produzione,781,23.89783075,40.2023212,36.04894774,53.52485701,0.08102518738,0.07531331758,0.6171574904,1.456421699,1.318244394
P1|tetto110|agg|T2,1,scorte,121,32.62597882,41.84878335,41.51556551,49.97851005,0.1426477885,0.142954139,0.3966942149,3.147111625,3.460674627
P1|tetto110|agg|T2,1,stock_ind,2156,15.87485595,47.19546865,34.72789451,71.35337907,0.2726079735,0.6297002337,0.3891465677,3.85875941,0.6172518243
P1|tetto110|agg|T2,1,stock_tipo,44,37.22309421,53.09621031,31.70098471,45.38923864,0.007252997235,0.007424484394,0.9318181818,0.3363559437,0.2496883605
P1|tetto110|agg|T2,2,aggregati,50,362.1531322,555.2255464,595.7695028,837.0045933,0.06272110223,0.06481418766,0.74,0.8019993481,0.6032757534
P1|tetto110|agg|T2,2,consumo,710,10.88214921,22.27639227,26.7300251,38.27957361,0.1137510597,0.1149292331,0.6555555556,1.357998771,1.146920863
P1|tetto110|agg|T2,2,importazioni,710,7.703897766,24.07767787,40.70637327,64.19617067,0.2676853652,0.2986498805,0.5973451327,2.563814293,2.491663962
P1|tetto110|agg|T2,2,investimento_ind,1960,15.04854088,49.50057384,51.30066444,120.055127,1.757276889,7.956918196,0.3959183673,6.71886979,2.949200112
P1|tetto110|agg|T2,2,investimento_tipo,40,57.95329198,83.83260309,64.18907905,90.91797152,0.08458402299,0.08796596646,0.8,0.8599364684,0.7148736748
P1|tetto110|agg|T2,2,produzione,710,37.30258572,66.23311695,56.50773842,86.50511097,0.1130834288,0.124997449,0.6450704225,1.546660766,1.266798416
P1|tetto110|agg|T2,2,scorte,110,34.87026332,44.21103771,44.16144452,52.70416602,0.1522316591,0.1562372452,0.2818181818,2.07179159,2.225198905
P1|tetto110|agg|T2,2,stock_ind,1960,23.94751588,66.15000124,69.69578381,119.2973863,0.4108343956,5.506366968,0.4270408163,2.76051876,0.6173044019
P1|tetto110|agg|T2,2,stock_tipo,40,80.31991046,115.3671768,69.24010867,99.37092267,0.01528924475,0.01609810713,0.95,0.3680420157,0.2752409375
P1|tetto110|agg|T2,3,aggregati,45,483.928574,848.4001709,883.2022524,1362.737897,0.07554594024,0.07946199662,0.7555555556,0.8425678854,0.6324183089
P1|tetto110|agg|T2,3,consumo,639,13.34457071,28.32415663,33.65658051,49.90737306,0.1378874188,0.1432090059,0.6666666667,1.204093998,1.011649515
P1|tetto110|agg|T2,3,importazioni,639,8.187060091,26.75044543,44.07416595,72.51344307,0.2881135673,0.4081396149,0.6117936118,2.255400503,2.083168066
P1|tetto110|agg|T2,3,investimento_ind,1764,15.49003955,51.98932111,56.27826298,121.2721701,1.731211993,11.35798875,0.3650793651,5.334477399,2.315579566
P1|tetto110|agg|T2,3,investimento_tipo,36,83.92790396,115.6218458,92.27814079,125.4196234,0.1227922195,0.1326470827,0.8055555556,0.8642407143,0.7438725528
P1|tetto110|agg|T2,3,produzione,639,48.06596432,84.55676812,75.06222777,114.5622628,0.1372447612,0.1603006125,0.6400625978,1.441759296,1.215564322
P1|tetto110|agg|T2,3,scorte,99,34.64636549,44.74005756,43.97386391,53.03292921,0.1484634391,0.1557906783,0.3434343434,1.51036716,1.587530639
P1|tetto110|agg|T2,3,stock_ind,1764,31.51002268,86.12773003,109.8681579,174.2363078,0.5151045229,7.297126116,0.4183673469,2.43356463,0.6413239133
P1|tetto110|agg|T2,3,stock_tipo,36,127.9782711,189.5316455,114.8962889,164.1433679,0.02260404138,0.02445331025,0.9444444444,0.4047497575,0.3016028992
P1|tetto110|agg|T2,4,aggregati,40,668.5721674,1150.771157,1280.79851,1857.178695,0.09910501872,0.1046253259,0.7,0.86754329,0.6841307579
P1|tetto110|agg|T2,4,consumo,568,16.57018923,39.84448776,42.68789114,71.34114181,0.1623379765,0.1704266364,0.6706349206,1.29166053,0.9822291991
P1|tetto110|agg|T2,4,importazioni,568,8.522113799,27.51977033,45.7284728,76.98517874,0.3293503612,0.4691018044,0.6038781163,1.897241572,1.712769951
P1|tetto110|agg|T2,4,investimento_ind,1568,16.44975693,57.43270721,65.83722482,140.1061128,1.743839966,4.584581966,0.3354591837,4.832432804,2.158528258
P1|tetto110|agg|T2,4,investimento_tipo,32,111.2840458,155.1566885,120.5418281,167.1929751,0.1632217769,0.1831276731,0.78125,0.9160193695,0.7561936134
P1|tetto110|agg|T2,4,produzione,568,59.29616643,103.2960094,94.52726429,140.912196,0.1628050879,0.1938883636,0.639084507,1.384331888,1.195953491
P1|tetto110|agg|T2,4,scorte,88,39.33436279,49.58857212,47.90016325,56.62485057,0.1824499292,0.1887164021,0.3636363636,1.309542403,1.33694468
P1|tetto110|agg|T2,4,stock_ind,1568,38.18874932,108.3626817,154.1291984,245.605232,0.5856460665,2.868423205,0.4151785714,2.32140528,0.6598008548
P1|tetto110|agg|T2,4,stock_tipo,32,196.2051903,290.4279287,177.0560137,250.1424043,0.03340004521,0.03680950912,0.9375,0.4649129486,0.3427486531
P1|tetto110|agg|T2,5,aggregati,35,839.8795163,1490.058577,1599.777422,2399.332821,0.1269634789,0.1350570702,0.6857142857,0.89707762,0.6750714151
P1|tetto110|agg|T2,5,consumo,497,19.94524328,51.04679178,51.88857941,91.4543861,0.198691833,0.2016584037,0.6598639456,1.341932022,0.9788693593
P1|tetto110|agg|T2,5,importazioni,497,12.2321265,42.07635687,68.36134175,116.593676,0.4452761839,0.5459922236,0.5428571429,2.478862312,2.201813146
P1|tetto110|agg|T2,5,investimento_ind,1372,22.38360134,91.16102323,95.21942781,190.8567055,1.981287463,1.822466632,0.2069970845,6.465466319,2.720157702
P1|tetto110|agg|T2,5,investimento_tipo,28,145.4299055,201.2645166,154.2722906,215.2345885,0.221154547,0.2490105592,0.7857142857,0.9750949748,0.7832233088
P1|tetto110|agg|T2,5,produzione,497,80.6591521,137.2863448,126.4232074,185.2354474,0.2115633178,0.2621005284,0.5955734406,1.517122795,1.330384207
P1|tetto110|agg|T2,5,scorte,77,35.36611293,45.46185455,43.9022563,51.78387,0.1430576654,0.1604072323,0.1428571429,0.9756687414,0.9680192543
P1|tetto110|agg|T2,5,stock_ind,1372,49.30668919,158.3463825,216.6342703,356.3390401,0.6567847028,1.149308278,0.3768221574,2.773550455,0.7310424119
P1|tetto110|agg|T2,5,stock_tipo,28,280.7135093,429.3458873,253.7127691,375.4785862,0.04767271434,0.05333234668,0.8928571429,0.550630719,0.3878703359
P1|tetto110|agg|T3,1,aggregati,55,261.2014017,432.685837,414.5698619,641.9483749,0.04512451962,0.04510217395,0.7272727273,1.041592874,0.7262898177
P1|tetto110|agg|T3,1,consumo,781,9.472982185,19.21919973,24.57022488,34.89658752,0.09954085344,0.09533659129,0.6406926407,2.024347567,1.875216389
P1|tetto110|agg|T3,1,importazioni,781,6.739139181,21.51785711,35.34126407,55.27488405,0.1991777474,0.1912283286,0.6044176707,2.979262223,3.081110171
P1|tetto110|agg|T3,1,investimento_ind,2156,15.92094393,48.7233797,62.66193767,136.5882237,1.788167664,2.728596168,0.4281076067,10.26200552,6.1350789
P1|tetto110|agg|T3,1,investimento_tipo,44,78.47066673,131.9571304,77.71172913,126.8163481,0.1251378358,0.1441117564,0.5681818182,2.156898894,1.487100166
P1|tetto110|agg|T3,1,produzione,781,24.72304197,44.99401966,38.81000469,63.5127602,0.08189992271,0.07553234513,0.6171574904,1.630012014,1.41921122
P1|tetto110|agg|T3,1,scorte,121,33.86294989,42.65270333,42.59194271,50.71988219,0.1515152656,0.152117438,0.3553719008,3.207568003,3.550399799
P1|tetto110|agg|T3,1,stock_ind,2156,15.88351528,48.61044839,85.53180294,158.1275927,0.2669067142,0.5901529009,0.3863636364,3.974449888,1.5202379
P1|tetto110|agg|T3,1,stock_tipo,44,75.57811139,128.8639229,89.69541376,154.1073991,0.01127313112,0.01146542529,0.9545454545,0.8163322039,0.7064733481
P1|tetto110|agg|T3,2,aggregati,50,375.7409514,576.5316234,651.6205197,880.3391056,0.06114536147,0.06291140508,0.72,0.8327750571,0.6598304514
P1|tetto110|agg|T3,2,consumo,710,10.8659763,22.87683976,26.43525982,39.41648092,0.1120578038,0.1127674666,0.6619047619,1.394602856,1.134273196
P1|tetto110|agg|T3,2,importazioni,710,7.521344505,23.32932143,39.68598271,61.62674763,0.2613208068,0.2865093613,0.6039823009,2.48412858,2.429205183
P1|tetto110|agg|T3,2,investimento_ind,1960,15.52016088,51.23093845,72.98236677,155.0417425,1.766572858,8.175897614,0.3954081633,6.953737663,4.195649444
P1|tetto110|agg|T3,2,investimento_tipo,40,104.5253336,160.6546885,105.0697455,158.7873607,0.1610214291,0.1880745427,0.675,1.647960583,1.170161594
P1|tetto110|agg|T3,2,produzione,710,36.86097645,64.39658481,55.91121106,85.06142153,0.1141331403,0.1232198914,0.6436619718,1.503774483,1.253425382
P1|tetto110|agg|T3,2,scorte,110,34.49036699,44.40699181,43.54809188,53.28079458,0.151589739,0.1566414643,0.3454545455,2.080974276,2.194293403
P1|tetto110|agg|T3,2,stock_ind,1960,24.64822001,72.43658814,179.5740486,321.8319589,0.409396996,5.594756409,0.418877551,3.022865558,1.590510137
P1|tetto110|agg|T3,2,stock_tipo,40,161.9808676,275.2919078,196.6287475,328.3280551,0.02262684431,0.02345560593,0.95,0.8782306326,0.7816319446
P1|tetto110|agg|T3,3,aggregati,45,491.5004579,816.4715385,914.3635103,1295.216394,0.07301495967,0.07720560646,0.7333333333,0.8108587448,0.6547313748
P1|tetto110|agg|T3,3,consumo,639,13.85433273,34.21591188,36.10630791,61.89414561,0.1389791115,0.142497283,0.6772486772,1.454559606,1.085283423
P1|tetto110|agg|T3,3,importazioni,639,8.313944114,27.20748795,45.16835467,73.0129819,0.2784864364,0.3961796533,0.6240786241,2.293934962,2.134884961
P1|tetto110|agg|T3,3,investimento_ind,1764,15.85244117,54.06254877,77.04279919,156.9904563,1.739258125,11.35951513,0.362244898,5.547205434,3.169940258
P1|tetto110|agg|T3,3,investimento_tipo,36,134.1026835,189.628246,137.8805933,192.3403057,0.2009438422,0.236464923,0.75,1.4174177,1.111483045
P1|tetto110|agg|T3,3,produzione,639,47.15067654,82.7695642,73.64729903,111.9916558,0.1350910317,0.1547048943,0.6510172144,1.411286065,1.192650841
P1|tetto110|agg|T3,3,scorte,99,35.61190976,44.86179365,44.59745745,52.78346263,0.1531561378,0.1623715103,0.3434343434,1.514476815,1.610043417
P1|tetto110|agg|T3,3,stock_ind,1764,32.68475014,97.4136524,281.3486771,495.7923795,0.5113944785,7.317690115,0.4172335601,2.752451724,1.642292345
P1|tetto110|agg|T3,3,stock_tipo,36,257.775055,436.9364693,317.4485618,516.6073291,0.03401585626,0.03574006685,0.9444444444,0.933089192,0.8333028638
P1|tetto110|agg|T3,4,aggregati,40,655.7489804,1130.38099,1270.796903,1822.928353,0.09049169523,0.09707958161,0.75,0.8521715521,0.6787884602
P1|tetto110|agg|T3,4,consumo,568,17.49854826,41.95065513,46.72425597,76.01915812,0.1657192895,0.1725554551,0.6765873016,1.359937308,1.075104141
P1|tetto110|agg|T3,4,importazioni,568,8.53288922,27.94173111,47.6122667,78.32841184,0.317475858,0.4508361336,0.6066481994,1.926331988,1.783327864
P1|tetto110|agg|T3,4,investimento_ind,1568,16.48845054,57.46738823,81.79998496,167.2713301,1.749198342,4.619989373,0.3341836735,4.835350892,2.681880646
P1|tetto110|agg|T3,4,investimento_tipo,32,159.1205482,221.6435495,166.4184737,229.4184264,0.2317700798,0.2776908075,0.71875,1.308546775,1.043991027
P1|tetto110|agg|T3,4,produzione,568,58.50483295,99.58587298,92.91056727,136.268722,0.1636983671,0.1893838976,0.6355633803,1.334610121,1.175499134
P1|tetto110|agg|T3,4,scorte,88,39.9910648,50.55235979,49.04847143,58.18662409,0.1889126302,0.1935259415,0.3863636364,1.334994252,1.368995187
P1|tetto110|agg|T3,4,stock_ind,1568,39.68492259,122.5970348,382.5142659,677.2246592,0.5822190226,2.933766193,0.4139030612,2.626341463,1.637478441
P1|tetto110|agg|T3,4,stock_tipo,32,378.8355264,618.8254531,453.7001011,718.4711706,0.05115230741,0.05441980067,0.9375,0.9906070928,0.8782819367
P1|tetto110|agg|T3,5,aggregati,35,839.8659933,1468.047666,1626.708754,2347.918359,0.1170039908,0.1267299877,0.7428571429,0.8838261304,0.6864358537
P1|tetto110|agg|T3,5,consumo,497,21.31054916,54.4403273,56.89788519,97.87883411,0.2201715242,0.2110782046,0.6689342404,1.431142212,1.073369074
P1|tetto110|agg|T3,5,importazioni,497,11.82600361,40.092595,66.09792014,111.0459413,0.4245308829,0.5163217989,0.5238095238,2.361992105,2.128911834
P1|tetto110|agg|T3,5,investimento_ind,1372,21.95219413,87.65570191,103.0625804,203.4763369,1.980436496,1.813015837,0.2077259475,6.216856375,2.944215045
P1|tetto110|agg|T3,5,investimento_tipo,28,192.4021571,264.4991496,203.8594646,278.7888579,0.2794678293,0.3345167007,0.6785714286,1.281456841,1.034971891
P1|tetto110|agg|T3,5,produzione,497,77.20148893,128.5789405,120.2242151,173.3466155,0.209244714,0.249613233,0.5975855131,1.420899084,1.265150604
P1|tetto110|agg|T3,5,scorte,77,35.45970668,45.67700171,44.17461183,52.17110471,0.1427445378,0.1600728468,0.1428571429,0.9802860709,0.9740245355
P1|tetto110|agg|T3,5,stock_ind,1372,50.7763929,170.742359,511.6952537,874.5726742,0.651252718,1.162720745,0.3739067055,2.990674874,1.726739412
P1|tetto110|agg|T3,5,stock_tipo,28,531.8962227,831.8782934,621.8607816,943.6529031,0.07429406283,0.07991487329,0.8571428571,1.066873484,0.9506866804
P1|tetto110|ind|T1,1,aggregati,55,246.9443919,430.4169725,388.6906745,661.0945473,0.05100261335,0.04988979462,0.6909090909,1.036131098,0.6809517649
P1|tetto110|ind|T1,1,consumo,781,7.833556808,15.36158355,20.08412934,28.87018784,0.09347083432,0.0879197029,0.6305916306,1.61802701,1.532834505
P1|tetto110|ind|T1,1,importazioni,781,6.309356391,20.45551004,34.3892654,53.07610844,0.1868038998,0.1732934564,0.6184738956,2.832174599,2.998113344
P1|tetto110|ind|T1,1,investimento_ind,2156,3.840612629,19.01352136,38.44798553,108.262028,0.5437669954,0.5711044915,0.1618738404,4.004583882,3.764349356
P1|tetto110|ind|T1,1,investimento_tipo,44,130.5977129,191.6260574,129.4532139,190.2666816,0.2541871139,0.2372229085,0.3636363636,3.132214454,2.477230888
P1|tetto110|ind|T1,1,produzione,781,21.40528632,39.84538385,34.05890249,56.21293303,0.07160416768,0.06656867434,0.6209987196,1.443490821,1.245472061
P1|tetto110|ind|T1,1,scorte,121,33.31101926,42.89708177,42.04395871,51.03077276,0.1456567016,0.1469854282,0.3884297521,3.225945748,3.504720683
P1|tetto110|ind|T1,1,stock_ind,2156,3.751013491,18.78585207,80.13829791,165.0103008,0.07754605975,0.1276083607,0.7666975881,1.535954309,1.424374016
P1|tetto110|ind|T1,1,stock_tipo,44,127.4145667,189.4542999,138.8968153,207.4376966,0.02112215279,0.02120325513,0.7954545455,1.200162487,1.094001287
P1|tetto110|ind|T1,2,aggregati,50,398.7070635,696.7873052,713.6871015,1118.932786,0.06977808234,0.07011560912,0.68,1.006479201,0.7226790258
P1|tetto110|ind|T1,2,consumo,710,9.828851854,19.2475412,24.07499832,34.44335766,0.1074202969,0.108689978,0.6523809524,1.173355945,1.033000071
P1|tetto110|ind|T1,2,importazioni,710,5.526340451,17.18704275,26.55443219,41.31313846,0.215215162,0.2124392882,0.6415929204,1.83009284,1.625414312
P1|tetto110|ind|T1,2,investimento_ind,1960,4.634482597,19.84011472,43.18526938,111.1561018,0.6249436127,0.7996195609,0.162755102,2.692961659,2.482657928
P1|tetto110|ind|T1,2,investimento_tipo,40,156.7532833,217.7456054,157.4936071,220.530325,0.2951688153,0.2797375649,0.425,2.233586696,1.754006061
P1|tetto110|ind|T1,2,produzione,710,29.60857636,51.23111819,48.49091116,74.65379706,0.09250759207,0.08968286289,0.6549295775,1.196337484,1.087076057
P1|tetto110|ind|T1,2,scorte,110,34.51031499,44.15321975,44.04388275,52.72100023,0.1472067271,0.1518702202,0.3454545455,2.069082159,2.219275224
P1|tetto110|ind|T1,2,stock_ind,1960,7.783137795,38.11297022,168.1683199,334.977453,0.1476076243,0.2960830121,0.75,1.590499884,1.489488151
P1|tetto110|ind|T1,2,stock_tipo,40,267.3099831,389.9536532,292.5116641,424.9852511,0.0439568163,0.04446363634,0.8,1.244022195,1.162782471
P1|tetto110|ind|T1,3,aggregati,45,534.1825215,913.9522232,949.5581583,1459.648077,0.09047470428,0.09370946859,0.6888888889,0.9076693033,0.6799325558
P1|tetto110|ind|T1,3,consumo,639,13.32085055,28.81438979,34.58176407,51.06524698,0.134814521,0.1392475816,0.6701940035,1.224934399,1.039458683
P1|tetto110|ind|T1,3,importazioni,639,5.463323179,16.69150022,27.47493777,43.04503686,0.2273171362,0.2989966189,0.6707616708,1.407304342,1.298604562
P1|tetto110|ind|T1,3,investimento_ind,1764,5.344954403,20.24798848,46.05992517,110.5849742,0.7046213298,0.9093284144,0.1655328798,2.07758891,1.895144161
P1|tetto110|ind|T1,3,investimento_tipo,36,184.4354699,247.1438412,187.3525473,253.3291141,0.3362547002,0.3256866132,0.4444444444,1.847330566,1.510286363
P1|tetto110|ind|T1,3,produzione,639,37.02740339,62.95303369,61.4173278,92.49155316,0.1114139904,0.1098549961,0.6604068858,1.073398659,0.9945976112
P1|tetto110|ind|T1,3,scorte,99,37.9315897,47.76614894,47.94570439,56.14936314,0.1596505824,0.1675139877,0.3131313131,1.612524137,1.730920778
P1|tetto110|ind|T1,3,stock_ind,1764,12.13517267,57.69688493,264.0535294,506.202379,0.2127130087,0.4140791641,0.7222222222,1.630242645,1.541336871
P1|tetto110|ind|T1,3,stock_tipo,36,424.6148845,603.930495,463.7440406,654.1313667,0.06972273888,0.07113303147,0.7777777778,1.289709276,1.217328675
P1|tetto110|ind|T1,4,aggregati,40,733.0401686,1238.309891,1361.318673,2002.452235,0.115182045,0.1213925672,0.7,0.9335369859,0.7271401148
P1|tetto110|ind|T1,4,consumo,568,17.04810112,40.39793314,45.33816744,73.50488815,0.1611503682,0.1697344221,0.6666666667,1.309601871,1.043210866
P1|tetto110|ind|T1,4,importazioni,568,6.048012711,18.62862806,29.83575795,48.41615749,0.2864442424,0.3614216207,0.6371191136,1.284276983,1.11750484
P1|tetto110|ind|T1,4,investimento_ind,1568,5.98177485,20.07316112,47.4731018,105.7390469,0.7763755253,1.023670797,0.174744898,1.688971442,1.556445187
P1|tetto110|ind|T1,4,investimento_tipo,32,215.5825657,276.0211923,222.7488602,286.0477892,0.3829466279,0.3761715717,0.40625,1.629583365,1.39736777
P1|tetto110|ind|T1,4,produzione,568,48.00823543,79.81304762,80.7505887,117.9201359,0.1377464119,0.138369903,0.6373239437,1.069622608,1.021651787
P1|tetto110|ind|T1,4,scorte,88,38.74118362,48.83047246,47.97271388,56.70844897,0.1692206475,0.1805670714,0.3181818182,1.289522394,1.338969645
P1|tetto110|ind|T1,4,stock_ind,1568,16.70925252,77.2645919,369.4037135,676.609161,0.2748748373,0.5019812843,0.6900510204,1.655204807,1.581354399
P1|tetto110|ind|T1,4,stock_tipo,32,603.4416881,831.75251,659.5630633,894.8622787,0.09843504363,0.1012509436,0.75,1.331457734,1.27679567
P1|tetto110|ind|T1,5,aggregati,35,974.053408,1624.912883,1865.446193,2615.428274,0.1453085048,0.1550574593,0.6,0.9782655555,0.7871778813
P1|tetto110|ind|T1,5,consumo,497,21.15062672,52.6084243,55.70503573,95.0121607,0.2120643541,0.2106192387,0.6598639456,1.382984645,1.050866169
P1|tetto110|ind|T1,5,importazioni,497,6.852221101,21.32468413,33.06646925,54.77561759,0.3403225148,0.3716822448,0.6285714286,1.256310188,1.065019861
P1|tetto110|ind|T1,5,investimento_ind,1372,6.613384961,20.0442403,47.660471,100.2072081,0.8631067102,1.166843499,0.1749271137,1.421609323,1.361528842
P1|tetto110|ind|T1,5,investimento_tipo,28,250.5210813,313.4950502,263.8300725,329.2901524,0.4322332037,0.4333765063,0.4285714286,1.518834285,1.339436016
P1|tetto110|ind|T1,5,produzione,497,61.43992226,101.5418035,104.3182383,149.5495183,0.1731861774,0.1783984734,0.6136820926,1.122117316,1.097767884
P1|tetto110|ind|T1,5,scorte,77,36.22632916,46.38100298,45.19374072,53.11600837,0.1463304706,0.1637748151,0.03896103896,0.9953948262,0.9964957357
P1|tetto110|ind|T1,5,stock_ind,1372,21.65734459,96.78008211,476.3146617,842.9212725,0.3406689735,0.6190704796,0.6443148688,1.695172549,1.60734596
P1|tetto110|ind|T1,5,stock_tipo,28,813.258089,1082.272258,887.5104082,1153.909391,0.131418527,0.1361797549,0.7142857143,1.388000605,1.356805814
P1|tetto110|ind|T2,1,aggregati,55,256.1085304,463.3627543,406.6090919,699.2717435,0.05484396413,0.05143544639,0.6909090909,1.115440585,0.7123432512
P1|tetto110|ind|T2,1,consumo,781,7.747990686,15.19216546,20.20472983,28.9822343,0.09365841831,0.08796210575,0.6291486291,1.600182297,1.542038817
P1|tetto110|ind|T2,1,importazioni,781,6.732644394,21.76947879,37.62299154,56.98490126,0.2070629828,0.1840410019,0.6084337349,3.014100589,3.280034966
P1|tetto110|ind|T2,1,investimento_ind,2156,2.794504925,7.55781494,14.80603265,30.27824623,0.4319810645,0.501739999,0.1349721707,1.591809498,1.449622879
P1|tetto110|ind|T2,1,investimento_tipo,44,86.05933707,128.2343118,94.95931972,139.0594292,0.1570304134,0.1354181322,0.4090909091,2.096047743,1.817151949
P1|tetto110|ind|T2,1,produzione,781,21.57296291,41.44031933,34.8197901,59.39944453,0.07082524128,0.06595107739,0.6017925736,1.501271033,1.273296336
P1|tetto110|ind|T2,1,scorte,121,37.26405253,46.84015378,47.12827759,55.42490546,0.1602342922,0.1628590522,0.3223140496,3.522472594,3.9285418
P1|tetto110|ind|T2,1,stock_ind,2156,2.726973781,7.535236377,25.82357345,45.03209267,0.06515737012,0.1143006097,0.7926716141,0.6160901694,0.4589868763
P1|tetto110|ind|T2,1,stock_tipo,44,84.96250857,127.5409702,70.26288165,109.04305,0.01721375616,0.0173597021,0.7954545455,0.8079515114,0.553415734
P1|tetto110|ind|T2,2,aggregati,50,398.8002057,728.6212434,709.811871,1165.474249,0.07433703658,0.07247389472,0.74,1.052461952,0.7187549703
P1|tetto110|ind|T2,2,consumo,710,9.464402151,17.51804052,23.0609286,30.59770424,0.1062312746,0.107920556,0.6444444444,1.067923262,0.9894887875
P1|tetto110|ind|T2,2,importazioni,710,5.691710236,17.04679586,28.0610452,41.72951152,0.2166453753,0.2128689015,0.6482300885,1.815159216,1.717635089
P1|tetto110|ind|T2,2,investimento_ind,1960,3.658477596,9.57324555,21.94340268,40.20302661,0.5145205935,0.6707843431,0.1382653061,1.299406963,1.261494102
P1|tetto110|ind|T2,2,investimento_tipo,40,107.2420354,160.3435215,112.5436195,172.5535225,0.1959032891,0.1774515862,0.425,1.6447687,1.253398118
P1|tetto110|ind|T2,2,produzione,710,29.44208515,51.71194568,48.78441474,75.80790595,0.08908682552,0.0874352444,0.6605633803,1.207565659,1.093655861
P1|tetto110|ind|T2,2,scorte,110,34.15146702,43.07199845,42.97802288,50.73423362,0.1486687694,0.1524315758,0.3,2.018414604,2.165568869
P1|tetto110|ind|T2,2,stock_ind,1960,5.768091954,16.02682261,62.22962781,102.409408,0.1280411878,0.2270109135,0.7765306122,0.6688184978,0.5511757107
P1|tetto110|ind|T2,2,stock_tipo,40,176.1331296,266.4463074,151.0891349,229.1169204,0.03545228768,0.036048251,0.8,0.8500115783,0.6006044174
P1|tetto110|ind|T2,3,aggregati,45,559.7529573,992.9806844,991.7620539,1594.001621,0.09950970338,0.1003150985,0.7555555556,0.9861544872,0.7101527191
P1|tetto110|ind|T2,3,consumo,639,12.70512882,25.49469073,31.85935814,44.74474341,0.1338638477,0.1400157374,0.6631393298,1.083809996,0.9576286044
P1|tetto110|ind|T2,3,importazioni,639,5.517128052,16.27996182,27.35538588,41.08883495,0.234542653,0.3023452479,0.6732186732,1.372606455,1.292953935
P1|tetto110|ind|T2,3,investimento_ind,1764,4.446375364,12.09794767,29.71962164,54.31300029,0.5846042706,0.7586516871,0.1394557823,1.241336241,1.222819343
P1|tetto110|ind|T2,3,investimento_tipo,36,138.2734976,195.3662295,142.2858292,206.7608159,0.2472908923,0.2358898842,0.3611111111,1.46030751,1.146994533
P1|tetto110|ind|T2,3,produzione,639,37.34296848,64.49981073,62.56175965,95.58507651,0.108663034,0.1086076513,0.661971831,1.099772422,1.013130641
P1|tetto110|ind|T2,3,scorte,99,36.66885248,46.53562638,46.14659471,54.64845821,0.1563065392,0.1641171139,0.2727272727,1.570983268,1.665969885
P1|tetto110|ind|T2,3,stock_ind,1764,9.143834916,26.09736189,114.9482133,178.633547,0.1869970935,0.2998982441,0.753968254,0.7373887228,0.6709772821
P1|tetto110|ind|T2,3,stock_tipo,36,277.9598394,418.6471991,250.5055607,366.7517886,0.0550773642,0.05639327177,0.7777777778,0.89403198,0.6575774039
P1|tetto110|ind|T2,4,aggregati,40,770.5108341,1315.569359,1426.946024,2130.685004,0.1269955108,0.1307100608,0.675,0.9917813487,0.7621945666
P1|tetto110|ind|T2,4,consumo,568,16.20221917,35.58606806,42.14383559,63.8897551,0.1571827837,0.1672951159,0.6686507937,1.153613012,0.9697107253
P1|tetto110|ind|T2,4,importazioni,568,6.144101046,18.64241765,31.20827303,48.74535334,0.2531079438,0.3418271024,0.6565096953,1.285227651,1.168912693
P1|tetto110|ind|T2,4,investimento_ind,1568,5.18162045,14.45593848,36.24272699,67.28557028,0.6452489489,0.8521761237,0.1447704082,1.216333945,1.188247994
P1|tetto110|ind|T2,4,investimento_tipo,32,173.2187497,231.1863688,178.2000141,242.8739476,0.3015706907,0.2999538552,0.3125,1.364885999,1.117900024
P1|tetto110|ind|T2,4,produzione,568,48.59570598,81.79429302,82.66533038,122.4544454,0.1358920387,0.1375351767,0.6302816901,1.096174468,1.045876988
P1|tetto110|ind|T2,4,scorte,88,38.05674896,48.96201678,47.34655184,56.71214375,0.1625448858,0.1740531357,0.2840909091,1.292996237,1.321492794
P1|tetto110|ind|T2,4,stock_ind,1568,12.82633088,38.56652876,189.2425927,283.5845205,0.2425292288,0.3538470369,0.7270408163,0.8261935022,0.810115317
P1|tetto110|ind|T2,4,stock_tipo,32,403.8757602,589.9220628,381.7641697,530.0522905,0.07763851324,0.08010841014,0.78125,0.9443389516,0.7390268892
P1|tetto110|ind|T2,5,aggregati,35,1013.649807,1652.728947,1938.255095,2657.93065,0.1583575297,0.1657559043,0.6285714286,0.9950119901,0.8179016603
P1|tetto110|ind|T2,5,consumo,497,19.63824399,50.77671382,51.21497211,91.7673423,0.1944108327,0.1979881324,0.6575963719,1.334832139,0.9661618705
P1|tetto110|ind|T2,5,importazioni,497,6.584691692,20.71194683,31.72685118,53.57195454,0.3270690682,0.3580056253,0.6634920635,1.220211734,1.021872834
P1|tetto110|ind|T2,5,investimento_ind,1372,5.842186088,16.7961803,41.34007807,79.16441285,0.7055004127,0.9649542824,0.1450437318,1.191245273,1.180972563
P1|tetto110|ind|T2,5,investimento_tipo,28,210.1380837,273.246649,218.538501,287.394284,0.3552585615,0.3672838612,0.3214285714,1.323837102,1.109495731
P1|tetto110|ind|T2,5,produzione,497,61.29972194,105.0771644,105.4976591,156.2560648,0.1658070115,0.1740312021,0.6096579477,1.161185853,1.110179235
P1|tetto110|ind|T2,5,scorte,77,36.04810494,46.21120726,44.97151784,52.91780534,0.1457046281,0.1631348592,0.05194805195,0.9917507958,0.9915958503
P1|tetto110|ind|T2,5,stock_ind,1372,16.76027781,52.97379834,275.6345186,406.3504203,0.2985587094,0.4430771026,0.6902332362,0.9278740707,0.9301414915
P1|tetto110|ind|T2,5,stock_tipo,28,552.0175997,786.3253846,540.7514845,723.475013,0.1028588391,0.1068684255,0.75,1.00845245,0.8266886238
P1|tetto110|ind|T3,1,aggregati,55,251.1844883,431.2145332,400.46151,663.4487446,0.05130641903,0.05029500793,0.6909090909,1.038051044,0.7015732302
P1|tetto110|ind|T3,1,consumo,781,7.542231229,15.0770575,19.58921951,28.59746754,0.09049359535,0.08475527475,0.6291486291,1.588058041,1.495062647
P1|tetto110|ind|T3,1,importazioni,781,6.072580215,19.87197182,33.31547956,51.98312272,0.1733523428,0.1670376622,0.6144578313,2.751380617,2.904498908
P1|tetto110|ind|T3,1,investimento_ind,2156,3.638801536,18.64074068,36.77090801,106.4896206,0.507702964,0.5493419254,0.1502782931,3.926069679,3.600150749
P1|tetto110|ind|T3,1,investimento_tipo,44,126.9621073,187.8727318,127.1826274,186.5598952,0.2456955742,0.228720513,0.4090909091,3.070864652,2.433780696
P1|tetto110|ind|T3,1,produzione,781,21.02349151,38.62739267,33.30149663,54.47050612,0.07222384209,0.06651033501,0.6120358515,1.399366284,1.217775108
P1|tetto110|ind|T3,1,scorte,121,35.14526745,44.22091479,44.82598113,52.6350781,0.1526809269,0.1529793941,0.3636363636,3.32550062,3.736625856
P1|tetto110|ind|T3,1,stock_ind,2156,3.564549884,18.39639475,77.46845674,161.8244426,0.07058803415,0.1195785912,0.7847866419,1.5041118,1.376920396
P1|tetto110|ind|T3,1,stock_tipo,44,125.4985796,186.3704729,135.4259311,203.984503,0.02081241719,0.02092644677,0.8181818182,1.180626939,1.066663355
P1|tetto110|ind|T3,2,aggregati,50,391.602092,682.2734376,713.6520301,1098.147272,0.06709677406,0.06742171677,0.7,0.9855145458,0.7226435125
P1|tetto110|ind|T3,2,consumo,710,9.641766349,19.24740899,23.78901156,34.34844216,0.1040629097,0.1052748724,0.6476190476,1.173347885,1.02072907
P1|tetto110|ind|T3,2,importazioni,710,5.53797988,16.30101338,27.00897958,39.45104646,0.2122212767,0.2099530623,0.6526548673,1.73574758,1.653237458
P1|tetto110|ind|T3,2,investimento_ind,1960,4.450511286,19.73091815,42.22334075,110.9483859,0.5890298124,0.7286701947,0.1535714286,2.678140062,2.427358059
P1|tetto110|ind|T3,2,investimento_tipo,40,145.6205997,209.6204997,142.9763242,210.2844799,0.2772929608,0.2647300035,0.475,2.150241142,1.592327103
P1|tetto110|ind|T3,2,produzione,710,29.57650145,50.32888107,48.34517774,73.07721931,0.09231891676,0.08950340113,0.6535211268,1.175268647,1.083808984
P1|tetto110|ind|T3,2,scorte,110,34.41749169,44.33242761,44.43174032,53.19776749,0.1457353184,0.1487287921,0.3,2.077480092,2.238818521
P1|tetto110|ind|T3,2,stock_ind,1960,7.427187149,37.7258593,164.0768171,332.5054169,0.1382653924,0.2401761637,0.768877551,1.574345281,1.453249191
P1|tetto110|ind|T3,2,stock_tipo,40,255.0675012,379.9894887,280.9996315,418.0578743,0.04170262209,0.0423081742,0.825,1.212234721,1.117020228
P1|tetto110|ind|T3,3,aggregati,45,532.5898045,906.3446709,951.6958133,1449.186515,0.08874349935,0.09176723227,0.7111111111,0.9001140488,0.6814632269
P1|tetto110|ind|T3,3,consumo,639,13.26336518,28.75399351,34.30811658,50.84716021,0.1351000705,0.1394264808,0.6649029982,1.222366881,1.031233387
P1|tetto110|ind|T3,3,importazioni,639,5.506296468,16.28153372,27.37189847,40.57758997,0.2288472776,0.2993989399,0.6707616708,1.372738986,1.293734404
P1|tetto110|ind|T3,3,investimento_ind,1764,5.143682252,20.11144453,45.21604198,110.3045201,0.6645893434,0.8488989014,0.1575963719,2.06357852,1.860422431
P1|tetto110|ind|T3,3,investimento_tipo,36,172.9602982,238.7945961,171.7853777,242.4610565,0.3197199444,0.3106452241,0.4722222222,1.784922311,1.384796295
P1|tetto110|ind|T3,3,produzione,639,36.91170366,62.83277669,61.06960641,91.89443237,0.1108763264,0.1093654894,0.6651017214,1.071348183,0.9889665803
P1|tetto110|ind|T3,3,scorte,99,36.86708216,46.73728529,46.40935129,54.94403025,0.1590235142,0.1660516337,0.303030303,1.577791016,1.67545584
P1|tetto110|ind|T3,3,stock_ind,1764,11.57840722,57.25225862,258.5738163,503.985843,0.2008071868,0.3384443416,0.7448979592,1.617679597,1.509350616
P1|tetto110|ind|T3,3,stock_tipo,36,396.8596281,587.0444402,442.0218669,643.1121232,0.06462926097,0.06604438236,0.8333333333,1.253648667,1.160307942
P1|tetto110|ind|T3,4,aggregati,40,732.6511271,1225.824794,1364.201251,1982.946236,0.1130929396,0.1192447569,0.7,0.9241247214,0.7286798264
P1|tetto110|ind|T3,4,consumo,568,17.12153878,40.48196619,45.20364186,73.42091775,0.161694566,0.1700558155,0.6666666667,1.312326017,1.040115493
P1|tetto110|ind|T3,4,importazioni,568,6.245913939,19.21984818,31.13178053,50.20565942,0.2929964282,0.3644646836,0.6371191136,1.325036312,1.166047649
P1|tetto110|ind|T3,4,investimento_ind,1568,5.751196682,19.87814778,46.5187209,105.2742719,0.7326222332,0.9551192005,0.1632653061,1.672562867,1.525155014
P1|tetto110|ind|T3,4,investimento_tipo,32,202.2232256,265.9213452,204.3251603,272.7981824,0.3640595715,0.3587570706,0.4375,1.569955542,1.281790593
P1|tetto110|ind|T3,4,produzione,568,47.92723897,79.500221,80.31572002,117.1281374,0.1368891104,0.1380249163,0.639084507,1.06543023,1.016149853
P1|tetto110|ind|T3,4,scorte,88,38.83445101,49.67566534,48.33112068,57.63292753,0.1689831714,0.178910365,0.2840909091,1.311842374,1.348973161
P1|tetto110|ind|T3,4,stock_ind,1568,15.94838966,76.72232608,362.0907355,674.2041285,0.260004961,0.4134668928,0.7181122449,1.643588088,1.550048785
P1|tetto110|ind|T3,4,stock_tipo,32,560.5924975,806.9676795,627.3315798,878.9155307,0.09066280683,0.09337390016,0.8125,1.291782526,1.214401305
P1|tetto110|ind|T3,5,aggregati,35,972.2511469,1608.721423,1867.996567,2591.054753,0.1413092777,0.1511421308,0.6285714286,0.9685176191,0.7882540838
P1|tetto110|ind|T3,5,consumo,497,21.14281154,52.77008222,55.8646663,95.35291765,0.2082616014,0.2074715128,0.6553287982,1.387234352,1.053877573
P1|tetto110|ind|T3,5,importazioni,497,6.711042417,21.31570348,31.94925417,54.83347919,0.3391197479,0.3704409631,0.6349206349,1.255781107,1.02903609
P1|tetto110|ind|T3,5,investimento_ind,1372,6.366142023,19.85571254,47.37871944,100.1320779,0.8081302338,1.086901355,0.1603498542,1.408238259,1.353479973
P1|tetto110|ind|T3,5,investimento_tipo,28,235.6921874,301.6852429,242.9682736,313.324166,0.4112017649,0.4141641677,0.4642857143,1.461617623,1.233522977
P1|tetto110|ind|T3,5,produzione,497,60.97647803,100.4255103,102.7325149,147.3646199,0.172279515,0.1773546143,0.6177062374,1.109781392,1.081080904
P1|tetto110|ind|T3,5,scorte,77,36.04466004,46.20880101,44.96845293,52.91622969,0.1456894058,0.1631189543,0.05194805195,0.9916991546,0.9915282707
P1|tetto110|ind|T3,5,stock_ind,1372,20.67677086,96.32467041,475.4246275,842.8658781,0.3213715093,0.5185249875,0.6763848397,1.687195686,1.604342498
P1|tetto110|ind|T3,5,stock_tipo,28,750.4798844,1047.705113,843.057716,1132.266735,0.1204796422,0.1249028991,0.7857142857,1.343668675,1.288847545
P1|tetto110|nessuna|T1,1,aggregati,55,452.0256201,576.5924145,617.2089047,739.8617166,0.09625707925,0.09311287832,0.6,1.388015273,1.08129554
P1|tetto110|nessuna|T1,1,consumo,781,10.4148371,19.38381762,28.13480939,37.30018521,0.1097363588,0.1039525112,0.6493506494,2.041686677,2.147267919
P1|tetto110|nessuna|T1,1,importazioni,781,7.18485058,26.40979069,38.77289003,74.5550021,0.2605782698,0.2242816319,0.5401606426,3.656576552,3.380285028
P1|tetto110|nessuna|T1,1,investimento_ind,2156,15.28123013,66.52346867,116.6374891,260.5274481,1.808849295,2.087132234,0.4165120594,14.01101908,11.41969471
P1|tetto110|nessuna|T1,1,investimento_tipo,44,430.7546563,481.7173014,435.3605417,492.4400336,0.8862681711,0.7057140772,0.4318181818,7.873886855,8.331107041
P1|tetto110|nessuna|T1,1,produzione,781,31.80445864,59.95122972,53.20089984,90.14939586,0.09599355723,0.08898650495,0.5915492958,2.171871405,1.945460057
P1|tetto110|nessuna|T1,1,scorte,121,39.88345977,50.28841821,50.34184683,60.15094554,0.1668866724,0.1775249162,0.4545454545,3.781788928,4.196420062
P1|tetto110|nessuna|T1,1,stock_ind,2156,15.2383453,66.38905244,204.3325568,331.9935778,0.2477019395,0.6584303627,0.3543599258,5.428050364,3.631796434
P1|tetto110|nessuna|T1,1,stock_tipo,44,427.1066454,476.9736601,411.677402,461.4612013,0.08353476356,0.08040828835,0.3863636364,3.021551343,3.242519326
P1|tetto110|nessuna|T1,2,aggregati,50,453.880559,671.6111772,690.9061017,979.7367375,0.0802948,0.08330182943,0.68,0.9701133706,0.6996110024
P1|tetto110|nessuna|T1,2,consumo,710,13.05053104,25.65574291,36.30140712,48.19953391,0.1212727474,0.1231444766,0.6634920635,1.564008522,1.557605764
P1|tetto110|nessuna|T1,2,importazioni,710,9.115985917,34.8575178,51.67797206,98.40947136,0.3074193372,0.2689396573,0.5597345133,3.711662016,3.163242762
P1|tetto110|nessuna|T1,2,investimento_ind,1960,16.10483001,77.12458066,138.30501,315.7573758,1.7704142,2.358589804,0.3826530612,10.4683638,7.950952594
P1|tetto110|nessuna|T1,2,investimento_tipo,40,490.8436951,562.3562695,484.542744,572.2839631,0.9878686927,0.8276678843,0.475,5.768527357,5.396351796
P1|tetto110|nessuna|T1,2,produzione,710,40.54927482,72.07326477,67.1269099,107.7213936,0.1290845193,0.1190987454,0.6098591549,1.683038577,1.504860494
P1|tetto110|nessuna|T1,2,scorte,110,38.02733184,50.3128709,49.76152712,61.24864734,0.1556730418,0.1624646271,0.4090909091,2.357732101,2.507374858
P1|tetto110|nessuna|T1,2,stock_ind,1960,26.11536989,112.1266658,461.7060765,720.9444955,0.4016533757,1.096321149,0.3780612245,4.679180024,4.089389312
P1|tetto110|nessuna|T1,2,stock_tipo,40,788.833467,888.2005893,841.4400373,936.9868347,0.1460478973,0.1386740051,0.45,2.833519414,3.344863969
P1|tetto110|nessuna|T1,3,aggregati,45,592.258353,962.4872037,973.680382,1485.267589,0.103500575,0.1073048885,0.6888888889,0.9558706325,0.6972053105
P1|tetto110|nessuna|T1,3,consumo,639,15.45964516,32.23799908,47.34349356,66.38418818,0.1442791984,0.1502885013,0.6772486772,1.370476152,1.423050755
P1|tetto110|nessuna|T1,3,importazioni,639,9.499026762,37.59962315,53.10608823,107.22087,0.348095199,0.374797452,0.5970515971,3.170123249,2.510062408
P1|tetto110|nessuna|T1,3,investimento_ind,1764,15.90900391,76.31364411,104.2923775,256.4451863,1.70951685,4.386633564,0.3854875283,7.830327481,4.291129209
P1|tetto110|nessuna|T1,3,investimento_tipo,36,380.9991663,479.7320176,386.1060853,507.0430302,0.8016887917,0.6313291609,0.5833333333,3.585861639,3.112478393
P1|tetto110|nessuna|T1,3,produzione,639,46.9997507,90.02794492,83.2864823,140.41202,0.1318354737,0.1301612349,0.6150234742,1.535047156,1.348748624
P1|tetto110|nessuna|T1,3,scorte,99,40.19808393,50.93978054,51.28819055,60.78477334,0.1723628829,0.1806327508,0.3333333333,1.719661884,1.851590164
P1|tetto110|nessuna|T1,3,stock_ind,1764,33.35478548,130.9951586,562.9209267,888.8011694,0.5012867419,2.736912491,0.4007936508,3.70130717,3.285889729
P1|tetto110|nessuna|T1,3,stock_tipo,36,968.2195623,1126.035775,1073.730225,1211.435613,0.1666017971,0.1599470707,0.4722222222,2.404678678,2.818543156
P1|tetto110|nessuna|T1,4,aggregati,40,800.5325565,1331.751484,1398.618337,2121.042449,0.1413240804,0.1459827523,0.65,1.003980728,0.747063504
P1|tetto110|nessuna|T1,4,consumo,568,17.38586963,37.65059284,52.31604878,76.53102166,0.1611897136,0.1722418926,0.6785714286,1.22053984,1.203768781
P1|tetto110|nessuna|T1,4,importazioni,568,10.60804726,42.20100184,61.66691411,121.1406495,0.3559722443,0.4265976095,0.6066481994,2.909380934,2.309747757
P1|tetto110|nessuna|T1,4,investimento_ind,1568,18.05650235,87.09582855,99.46026009,234.492332,1.720810783,22.57091734,0.3603316327,7.328310983,3.260887476
P1|tetto110|nessuna|T1,4,investimento_tipo,32,335.6439415,430.5647911,337.7059369,450.691828,0.7056517267,0.5651780927,0.5,2.541983154,2.118526629
P1|tetto110|nessuna|T1,4,produzione,568,61.26441465,118.786751,108.3478048,179.0524642,0.1625180269,0.1682317056,0.6232394366,1.591932625,1.370810172
P1|tetto110|nessuna|T1,4,scorte,88,43.40823011,55.60157611,54.27620115,65.16159159,0.1918373387,0.2023167309,0.3295454545,1.468334709,1.514906702
P1|tetto110|nessuna|T1,4,stock_ind,1568,40.53232472,135.9129328,537.5835964,852.6175362,0.5677073633,14.83423667,0.4119897959,2.911601992,2.301303841
P1|tetto110|nessuna|T1,4,stock_tipo,32,995.6919919,1205.301758,1138.735866,1306.578639,0.1563941106,0.1522001068,0.59375,1.929430124,2.204388183
P1|tetto110|nessuna|T1,5,aggregati,35,920.7700299,1551.146315,1637.736668,2446.230145,0.1653623714,0.1722616914,0.6857142857,0.9338549948,0.6910893945
P1|tetto110|nessuna|T1,5,consumo,497,19.38373412,50.15903772,54.56835659,94.49959989,0.1880581953,0.196004764,0.6712018141,1.3185945,1.029422907
P1|tetto110|nessuna|T1,5,importazioni,497,14.03417827,50.98375956,82.41279437,141.4030595,0.4270904939,0.5011642546,0.5365079365,3.003627916,2.654388714
P1|tetto110|nessuna|T1,5,investimento_ind,1372,24.23179741,109.4677189,122.7602664,246.3046272,1.986592829,33.70135717,0.2018950437,7.76384275,3.506923867
P1|tetto110|nessuna|T1,5,investimento_tipo,28,394.2630461,499.4278552,393.9103241,501.7631218,0.7826125276,0.6848580622,0.4642857143,2.419649525,1.999839027
P1|tetto110|nessuna|T1,5,produzione,497,80.18630183,151.006537,136.6514809,213.788546,0.1989445693,0.2263931281,0.5935613682,1.668741781,1.438018983
P1|tetto110|nessuna|T1,5,scorte,77,35.41849458,45.54304311,43.93125271,51.92794603,0.1439586655,0.1613135318,0.09090909091,0.9774111503,0.9686586083
P1|tetto110|nessuna|T1,5,stock_ind,1372,49.10667211,155.5437957,489.6767823,848.978058,0.6384872629,26.1558606,0.3746355685,2.724461137,1.652437057
P1|tetto110|nessuna|T1,5,stock_tipo,28,1100.253869,1349.870312,1159.309314,1400.639818,0.194335661,0.1914856799,0.5714285714,1.731191755,1.772325825
P1|tetto110|nessuna|T2,1,aggregati,55,344.1940935,528.0060248,499.6922112,733.2090217,0.07735968018,0.07700150215,0.7090909091,1.271054576,0.8754166628
P1|tetto110|nessuna|T2,1,consumo,781,6.51814954,12.48010859,15.7082005,21.88112693,0.09238057053,0.08196904097,0.6248196248,1.314522863,1.198860619
P1|tetto110|nessuna|T2,1,importazioni,781,8.918118321,33.82780275,52.73571473,97.81217686,0.2907614936,0.2421401239,0.5361445783,4.683639933,4.597587304
P1|tetto110|nessuna|T2,1,investimento_ind,2156,17.36096909,72.92064803,114.4764652,247.4548979,1.776101215,2.751440682,0.4174397032,15.35837819,11.20811409
P1|tetto110|nessuna|T2,1,investimento_tipo,44,368.4597582,457.4185693,378.1850613,489.0130228,0.6696167208,0.5864356816,0.5227272727,7.476713104,7.236990782
P1|tetto110|nessuna|T2,1,produzione,781,28.0304997,52.27158835,46.26615022,76.02735065,0.08199490303,0.07940587677,0.6107554417,1.893658705,1.691868888
P1|tetto110|nessuna|T2,1,scorte,121,39.47898751,53.8802685,51.30025784,66.16059265,0.1575099562,0.168711876,0.5454545455,4.051903204,4.276311751
P1|tetto110|nessuna|T2,1,stock_ind,2156,17.32580871,72.82162627,197.0183282,302.7142745,0.2554179294,0.851681146,0.370593692,5.953985491,3.501793709
P1|tetto110|nessuna|T2,1,stock_tipo,44,365.3630665,454.0759279,368.7151019,444.0480088,0.06219459627,0.06204468956,0.4318181818,2.876497896,2.904132794
P1|tetto110|nessuna|T2,2,aggregati,50,553.0787999,908.108772,910.4963925,1339.624706,0.1060466863,0.1109507573,0.84,1.311723943,0.9219679667
P1|tetto110|nessuna|T2,2,consumo,710,8.464104825,16.22508731,23.51898733,32.10851997,0.08855595988,0.09084589329,0.6492063492,0.989103099,1.009142982
P1|tetto110|nessuna|T2,2,importazioni,710,12.87035148,55.84316402,79.39548667,165.339415,0.3940056034,0.3280947368,0.5840707965,5.946233805,4.859850116
P1|tetto110|nessuna|T2,2,investimento_ind,1960,19.68154841,121.1867114,144.4147419,382.3758252,1.777781278,12.89155134,0.3892857143,16.44905647,8.302192137
P1|tetto110|nessuna|T2,2,investimento_tipo,40,500.2814775,717.5914205,553.7642172,826.6805762,0.870969375,0.7378237813,0.525,7.360895512,6.167271237
P1|tetto110|nessuna|T2,2,produzione,710,45.75960355,98.69334834,80.10757524,148.6372777,0.1222365745,0.1260006905,0.6197183099,2.304664748,1.795862872
P1|tetto110|nessuna|T2,2,scorte,110,45.65950703,60.92082286,58.74944151,73.88193709,0.174305377,0.194646547,0.5636363636,2.854835693,2.960256268
P1|tetto110|nessuna|T2,2,stock_ind,1960,30.03137453,151.7618991,364.1282763,554.8708089,0.4130435823,9.38615084,0.3969387755,6.33320577,3.225130353
P1|tetto110|nessuna|T2,2,stock_tipo,40,692.529732,976.3394527,688.9482346,908.8640472,0.1153258175,0.1182528222,0.5,3.11469822,2.738683713
P1|tetto110|nessuna|T2,3,aggregati,45,663.0556348,1239.057062,1113.768367,1868.915583,0.1278742053,0.1326827312,0.8444444444,1.230539224,0.7975155238
P1|tetto110|nessuna|T2,3,consumo,639,11.4148896,23.17137855,35.02893274,50.64042178,0.1164745754,0.1230737516,0.6631393298,0.9850431978,1.052899679
P1|tetto110|nessuna|T2,3,importazioni,639,12.91135219,57.64708595,78.35676514,170.0776875,0.4031163243,0.4255974275,0.6117936118,4.860377633,3.703537149
P1|tetto110|nessuna|T2,3,investimento_ind,1764,19.51056459,133.5674392,112.260049,375.3944239,1.737567032,16.49058488,0.358276644,13.70497769,4.618960533
P1|tetto110|nessuna|T2,3,investimento_tipo,36,474.9560663,783.0636844,555.0604269,923.7726507,0.7995266105,0.6786669498,0.5833333333,5.853180366,4.474453139
P1|tetto110|nessuna|T2,3,produzione,639,55.49436219,111.7609553,96.88531298,165.1260402,0.145249813,0.155920221,0.6212832551,1.905612049,1.568969284
P1|tetto110|nessuna|T2,3,scorte,99,48.18271873,64.10571071,62.7257682,77.8007376,0.1803361052,0.2032032744,0.4848484848,2.164126859,2.264506005
P1|tetto110|nessuna|T2,3,stock_ind,1764,38.22579641,199.8068377,429.3111989,670.2250378,0.5124205701,10.96598576,0.4041950113,5.645601632,2.505981199
P1|tetto110|nessuna|T2,3,stock_tipo,36,953.2640687,1361.264979,943.5341393,1249.036755,0.1497607433,0.1571791653,0.5,2.90701676,2.476778272
P1|tetto110|nessuna|T2,4,aggregati,40,853.1409414,1539.615259,1480.157932,2369.734161,0.1493679538,0.1622246027,0.775,1.160685058,0.7906173843
P1|tetto110|nessuna|T2,4,consumo,568,15.28607811,32.75199544,48.84498032,69.6345838,0.1459993752,0.1550924095,0.6726190476,1.061739331,1.123901055
P1|tetto110|nessuna|T2,4,importazioni,568,13.55988115,62.38471821,84.28004015,184.429396,0.4242294971,0.5084300515,0.6177285319,4.300867321,3.156727339
P1|tetto110|nessuna|T2,4,investimento_ind,1568,23.17183937,145.2883689,124.5970031,305.409933,1.76018513,41.16307972,0.3405612245,12.22467674,4.085016535
P1|tetto110|nessuna|T2,4,investimento_tipo,32,562.8143996,780.8909351,629.0556291,878.0375835,0.8702033526,0.8507955451,0.40625,4.610250636,3.94624718
P1|tetto110|nessuna|T2,4,produzione,568,68.99069049,145.8757516,118.83093,198.5060327,0.1775815334,0.199900704,0.6355633803,1.954968599,1.503442066
P1|tetto110|nessuna|T2,4,scorte,88,50.5770922,66.54372233,64.92048766,79.84421786,0.2028165477,0.2219691092,0.4772727273,1.757296537,1.812000099
P1|tetto110|nessuna|T2,4,stock_ind,1568,45.94355759,182.9008164,385.6802138,594.6861348,0.5820316944,26.96997708,0.4043367347,3.918202414,1.651031325
P1|tetto110|nessuna|T2,4,stock_tipo,32,1078.007292,1366.906494,994.3850872,1241.146844,0.1798441441,0.1968190781,0.59375,2.188124715,1.924950993
P1|tetto110|nessuna|T2,5,aggregati,35,998.1119088,1742.68288,1610.185152,2528.872627,0.186706104,0.2037083172,0.7714285714,1.049168022,0.6794632519
P1|tetto110|nessuna|T2,5,consumo,497,19.59204811,50.769707,62.07887681,100.3367103,0.1765103673,0.1866763691,0.6553287982,1.334647941,1.171107613
P1|tetto110|nessuna|T2,5,importazioni,497,16.57102797,67.60312877,101.1902464,192.754071,0.4633521753,0.6446361442,0.5301587302,3.982731884,3.259181418
P1|tetto110|nessuna|T2,5,investimento_ind,1372,32.51190568,205.4302296,177.3727313,360.0231197,1.992464383,77.86861801,0.1997084548,14.56984776,5.067052094
P1|tetto110|nessuna|T2,5,investimento_tipo,28,743.1253585,1007.896586,774.6453873,1043.391924,1.195548008,1.225274196,0.4642857143,4.883100674,3.932788714
P1|tetto110|nessuna|T2,5,produzione,497,99.07441779,216.5208812,158.4124482,265.3017351,0.2295906249,0.2999404637,0.5855130785,2.392727151,1.667015288
P1|tetto110|nessuna|T2,5,scorte,77,34.59557731,44.80859098,42.59294617,50.87754507,0.1420951618,0.1593979493,0.1038961039,0.9616488813,0.9391497263
P1|tetto110|nessuna|T2,5,stock_ind,1372,59.53667545,246.1063336,362.9670896,676.2892182,0.6608358219,60.97495743,0.3651603499,4.310728941,1.224849311
P1|tetto110|nessuna|T2,5,stock_tipo,28,1316.394253,1656.916962,1078.857971,1406.223331,0.2364720953,0.2868527258,0.6428571429,2.124975235,1.649333635
P1|tetto110|nessuna|T3,1,aggregati,55,334.794913,483.5584572,478.6684947,666.9519403,0.07231644142,0.07455516251,0.7090909091,1.164057152,0.8385849666
P1|tetto110|nessuna|T3,1,consumo,781,6.89241825,13.95953505,17.54085219,25.8149488,0.09287466795,0.08206442508,0.6406926407,1.470350026,1.338729851
P1|tetto110|nessuna|T3,1,importazioni,781,8.657440975,33.31423066,51.57938399,96.59260133,0.2806137111,0.2350214354,0.5381526104,4.612533135,4.496776468
P1|tetto110|nessuna|T3,1,investimento_ind,2156,16.53922038,72.8280511,118.7137949,267.9248192,1.779773448,2.648746772,0.417903525,15.33887564,11.6229808
P1|tetto110|nessuna|T3,1,investimento_tipo,44,379.7783823,466.7428266,391.0062451,494.8091198,0.7083027176,0.6197738111,0.5227272727,7.629122302,7.482338359
P1|tetto110|nessuna|T3,1,produzione,781,28.61744647,53.95737637,47.0698382,79.00696404,0.08495904275,0.08150360153,0.6107554417,1.954730259,1.721258295
P1|tetto110|nessuna|T3,1,scorte,121,41.80192716,55.94021944,54.08506006,68.33425708,0.1648730351,0.1785394209,0.479338843,4.206815606,4.508448644
P1|tetto110|nessuna|T3,1,stock_ind,2156,16.49775881,72.80728581,205.034345,335.3923176,0.2490878711,0.8786594864,0.3659554731,5.952812997,3.644269983
P1|tetto110|nessuna|T3,1,stock_tipo,44,376.8506201,464.1531691,382.3289442,462.7954511,0.06603902469,0.06523699906,0.4772727273,2.940335596,3.011360313
P1|tetto110|nessuna|T3,2,aggregati,50,490.7666738,760.6297344,755.0396813,1077.61477,0.09138240552,0.1026263628,0.8,1.098696836,0.7645526172
P1|tetto110|nessuna|T3,2,consumo,710,9.227819809,20.55334663,26.07693243,38.74226466,0.09494317118,0.09375214648,0.6634920635,1.252959596,1.118898232
P1|tetto110|nessuna|T3,2,importazioni,710,11.98036006,50.56018855,72.71235876,148.5267177,0.3826965508,0.3186449554,0.5707964602,5.383697497,4.450771449
P1|tetto110|nessuna|T3,2,investimento_ind,1960,18.95200497,114.4855973,148.4677953,383.0466865,1.775752794,11.82231854,0.3923469388,15.53949301,8.535196248
P1|tetto110|nessuna|T3,2,investimento_tipo,40,523.6895978,707.8883658,571.6294885,800.4111079,0.8617093664,0.8022642977,0.475,7.261363704,6.366236735
P1|tetto110|nessuna|T3,2,produzione,710,42.8876559,89.26807562,74.29247054,131.8707638,0.1212060126,0.1204241482,0.6281690141,2.084567911,1.665499039
P1|tetto110|nessuna|T3,2,scorte,110,44.45543112,57.92299298,55.98234357,68.76505614,0.1707612837,0.1933174522,0.6181818182,2.714353156,2.820828235
P1|tetto110|nessuna|T3,2,stock_ind,1960,29.40219791,153.2580531,424.8608398,702.7703062,0.4059484633,8.596274006,0.3867346939,6.395642069,3.763046375
P1|tetto110|nessuna|T3,2,stock_tipo,40,765.26739,1017.284165,798.3089962,1008.775265,0.1265718078,0.127108788,0.5,3.245319205,3.173410913
P1|tetto110|nessuna|T3,3,aggregati,45,604.4051483,1042.110484,1018.216763,1555.996336,0.09947276643,0.1144451764,0.8444444444,1.034946546,0.7290956534
P1|tetto110|nessuna|T3,3,consumo,639,12.51424336,28.46412398,38.71202295,58.00539988,0.1234569049,0.1261904076,0.6772486772,1.210044178,1.163606007
P1|tetto110|nessuna|T3,3,importazioni,639,12.15264707,54.75969348,74.45238459,161.9305089,0.3883758067,0.4047279539,0.5896805897,4.61693397,3.518996371
P1|tetto110|nessuna|T3,3,investimento_ind,1764,18.67614471,125.9856698,113.8546349,354.1944317,1.715328162,16.37111969,0.3667800454,12.92703374,4.684570062
P1|tetto110|nessuna|T3,3,investimento_tipo,36,462.5371512,736.4134159,526.6963131,862.9032908,0.7324850035,0.6857459209,0.6111111111,5.504482756,4.245804343
P1|tetto110|nessuna|T3,3,produzione,639,51.18120866,101.2366059,88.32822902,148.1314615,0.1390829074,0.1441373628,0.6244131455,1.726163627,1.430395114
P1|tetto110|nessuna|T3,3,scorte,99,47.54953482,63.24803782,62.62048379,77.0549046,0.1720083795,0.1966302212,0.6161616162,2.135172918,2.26070506
P1|tetto110|nessuna|T3,3,stock_ind,1764,38.09207505,196.7782047,561.7822821,900.1036335,0.5065057475,10.87099679,0.3945578231,5.560026705,3.279243217
P1|tetto110|nessuna|T3,3,stock_tipo,36,1042.082623,1405.839735,1110.719296,1384.583042,0.1594548772,0.1640851671,0.5,3.002207311,2.915639512
P1|tetto110|nessuna|T3,4,aggregati,40,827.370509,1439.066817,1446.531481,2198.263871,0.1338478746,0.1529764181,0.775,1.084883605,0.7726560195
P1|tetto110|nessuna|T3,4,consumo,568,15.77720413,35.92814136,48.90343709,73.13917687,0.1476784124,0.1559601881,0.6785714286,1.164702189,1.125246119
P1|tetto110|nessuna|T3,4,importazioni,568,13.51600169,62.72382483,84.96406985,185.5231349,0.4118538426,0.4868875581,0.6232686981,4.324245684,3.182347821
P1|tetto110|nessuna|T3,4,investimento_ind,1568,21.48210985,140.9870854,95.65001284,279.417377,1.731630405,41.08762715,0.3488520408,11.86276339,3.135965346
P1|tetto110|nessuna|T3,4,investimento_tipo,32,511.9828241,748.7577946,580.9571637,842.6885487,0.7360782179,0.7473985037,0.53125,4.420541901,3.64451165
P1|tetto110|nessuna|T3,4,produzione,568,65.73209871,138.2958859,111.9001747,185.694605,0.1715537716,0.1886347453,0.6320422535,1.853386264,1.415754551
P1|tetto110|nessuna|T3,4,scorte,88,47.73881841,64.26880404,62.19273515,77.50156537,0.1833478863,0.2048777628,0.5113636364,1.697220156,1.735865616
P1|tetto110|nessuna|T3,4,stock_ind,1568,45.49973709,189.3849916,545.1944943,874.6530773,0.5724222734,26.88328155,0.4056122449,4.057109999,2.333884799
P1|tetto110|nessuna|T3,4,stock_tipo,32,1166.290453,1456.860663,1185.783663,1423.596125,0.1828222051,0.1964282882,0.625,2.332122085,2.295464272
P1|tetto110|nessuna|T3,5,aggregati,35,1009.215701,1728.85996,1668.312856,2548.925882,0.1704203534,0.2002956937,0.8,1.040846046,0.7039918834
P1|tetto110|nessuna|T3,5,consumo,497,19.66415397,51.48714884,59.2961979,98.71363153,0.1815612356,0.1880453933,0.6689342404,1.353508249,1.118612841
P1|tetto110|nessuna|T3,5,importazioni,497,16.28718655,66.89670565,98.7740464,190.6127006,0.4504132618,0.5944665686,0.5428571429,3.941114078,3.181359351
P1|tetto110|nessuna|T3,5,investimento_ind,1372,29.8601338,195.0844239,130.3828888,302.9922193,1.985212354,78.74040684,0.2018950437,13.83608616,3.724681268
P1|tetto110|nessuna|T3,5,investimento_tipo,28,627.6899842,951.9942183,671.4473336,993.0665374,0.8691662338,0.9870390082,0.4642857143,4.61226248,3.408863642
P1|tetto110|nessuna|T3,5,produzione,497,91.23470923,202.3307869,146.4149702,245.220165,0.215961887,0.2666066697,0.6036217304,2.235915374,1.540762714
P1|tetto110|nessuna|T3,5,scorte,77,34.50071938,44.73592017,42.44984135,50.76446786,0.1416821782,0.1589741757,0.1168831169,0.9600892741,0.9359943481
P1|tetto110|nessuna|T3,5,stock_ind,1372,57.62795986,238.1098568,517.5306028,868.5244082,0.6520999971,61.62137505,0.360058309,4.170664914,1.746431068
P1|tetto110|nessuna|T3,5,stock_tipo,28,1345.233638,1683.802578,1237.103414,1523.39425,0.2248553823,0.2661765049,0.6428571429,2.159455701,1.891255684
P2|inv1.0|m0.0|S0.0|T1,1,aggregati,55,206.7334386,402.4762533,369.8041424,629.6963088,0.03544323171,0.0357980293,0.7636363636,0.9688701632,0.6478642271
P2|inv1.0|m0.0|S0.0|T1,1,consumo,781,6.018483439,14.26620937,13.63653164,21.01518762,0.1227673312,0.09397774889,0.6176046176,1.50265186,1.040749433
P2|inv1.0|m0.0|S0.0|T1,1,importazioni,781,5.082725284,15.53436536,24.15937391,38.98629633,0.3400232886,0.2540279944,0.5341365462,2.150815839,2.106254393
P2|inv1.0|m0.0|S0.0|T1,1,investimento_ind,2156,15.51811649,44.76155793,62.86030131,128.620096,1.774080688,2.317546183,0.4364564007,9.427575781,6.154500204
P2|inv1.0|m0.0|S0.0|T1,1,investimento_tipo,44,68.69454869,129.2689834,66.14217942,120.4046942,0.1088419827,0.1309363059,0.6136363636,2.112959917,1.265703994
P2|inv1.0|m0.0|S0.0|T1,1,produzione,781,17.1909562,35.3019795,28.3500528,53.86528784,0.05448978827,0.05168397767,0.5249679898,1.278895532,1.036709821
P2|inv1.0|m0.0|S0.0|T1,1,scorte,121,35.57511084,44.1028925,45.75153952,52.95035604,0.1512066533,0.153727838,0.4297520661,3.31662511,3.813779001
P2|inv1.0|m0.0|S0.0|T1,1,stock_ind,2156,15.52510338,44.75414899,87.25461986,163.0036367,0.2555947419,0.7342223325,0.3882189239,3.659154119,1.55085916
P2|inv1.0|m0.0|S0.0|T1,1,stock_tipo,44,69.20793603,127.7014266,90.90637187,160.9349042,0.008218028326,0.008380009179,0.9545454545,0.8089679774,0.7160112898
P2|inv1.0|m0.0|S0.0|T1,2,aggregati,50,302.4102346,551.0289301,560.6888145,858.1609941,0.04526957845,0.04668412931,0.82,0.7959375168,0.5677530747
P2|inv1.0|m0.0|S0.0|T1,2,consumo,710,9.331031052,23.56285699,23.20277879,40.41516236,0.1510888872,0.1228173394,0.6333333333,1.436423387,0.9955752368
P2|inv1.0|m0.0|S0.0|T1,2,importazioni,710,5.341176229,16.16666099,25.45554437,40.8749191,0.3757887485,0.3140723214,0.5707964602,1.721441609,1.558150664
P2|inv1.0|m0.0|S0.0|T1,2,investimento_ind,1960,15.3751363,45.12330093,68.52310471,136.412535,1.738959081,3.452609862,0.3897959184,6.124728663,3.939292995
P2|inv1.0|m0.0|S0.0|T1,2,investimento_tipo,40,98.6033304,162.16329,98.46792202,158.9302631,0.1501825764,0.1812460744,0.675,1.663435486,1.096637096
P2|inv1.0|m0.0|S0.0|T1,2,produzione,710,25.59831137,46.39934111,39.28979077,61.905637,0.08826877843,0.09005406215,0.5901408451,1.083506919,0.8808040475
P2|inv1.0|m0.0|S0.0|T1,2,scorte,110,37.73554453,45.99201046,46.22434585,53.0765768,0.1678546347,0.1747268534,0.3545454545,2.155250486,2.329144006
P2|inv1.0|m0.0|S0.0|T1,2,stock_ind,1960,24.74320924,71.57690188,184.787052,336.982209,0.3910434541,1.187218886,0.4295918367,2.986989822,1.63668237
P2|inv1.0|m0.0|S0.0|T1,2,stock_tipo,40,162.855785,282.2190243,211.2202255,346.9170803,0.01899762076,0.01972630602,0.975,0.9003293783,0.8396354946
P2|inv1.0|m0.0|S0.0|T1,3,aggregati,45,431.9977014,796.7837564,790.4954008,1242.707583,0.06196965642,0.065219011,0.8222222222,0.7913063054,0.5660354276
P2|inv1.0|m0.0|S0.0|T1,3,consumo,639,13.64864002,36.31598323,34.96964491,62.92825516,0.2041605929,0.1665236428,0.6384479718,1.543836168,1.051117606
P2|inv1.0|m0.0|S0.0|T1,3,importazioni,639,6.832173163,22.58737962,35.58011609,58.45342053,0.3843045251,0.4022837068,0.6142506143,1.904401461,1.681696296
P2|inv1.0|m0.0|S0.0|T1,3,investimento_ind,1764,15.29303138,45.83569083,71.96101418,140.1929486,1.722450834,2.1815806,0.3752834467,4.703070777,2.960849272
P2|inv1.0|m0.0|S0.0|T1,3,investimento_tipo,36,125.3012441,192.1769466,133.9075894,198.9706737,0.1789473914,0.2163259629,0.6388888889,1.436468519,1.079455866
P2|inv1.0|m0.0|S0.0|T1,3,produzione,639,35.30308916,63.73981991,55.1145922,87.46327352,0.1169545661,0.1182253262,0.5978090767,1.086813982,0.8925305562
P2|inv1.0|m0.0|S0.0|T1,3,scorte,99,34.96781431,43.7069203,42.4001021,50.31466923,0.1721685148,0.1734989767,0.4646464646,1.475489767,1.530715184
P2|inv1.0|m0.0|S0.0|T1,3,stock_ind,1764,32.70838734,100.0019231,285.4886335,514.8274109,0.486007838,0.9972164487,0.4285714286,2.825584082,1.666458154
P2|inv1.0|m0.0|S0.0|T1,3,stock_tipo,36,277.0182858,458.4571119,344.5836851,544.4099967,0.03320340589,0.03512690351,0.9722222222,0.9790470839,0.9045325957
P2|inv1.0|m0.0|S0.0|T1,4,aggregati,40,598.5495609,1083.96201,1084.31199,1708.295325,0.08568700623,0.09134620884,0.8,0.8171772143,0.5791786749
P2|inv1.0|m0.0|S0.0|T1,4,consumo,568,18.05002527,45.03632944,47.61723654,78.95560991,0.2532601456,0.207979537,0.6408730159,1.459967298,1.095651222
P2|inv1.0|m0.0|S0.0|T1,4,importazioni,568,7.552512236,24.86873744,39.04347906,65.5386322,0.4185979289,0.4539613796,0.6121883657,1.71447661,1.462382048
P2|inv1.0|m0.0|S0.0|T1,4,investimento_ind,1568,16.3151234,46.89444629,73.03329795,133.3170276,1.724411793,2.456217658,0.3424744898,3.945735307,2.394457509
P2|inv1.0|m0.0|S0.0|T1,4,investimento_tipo,32,151.9232009,225.4227976,169.262154,242.9459382,0.2066785834,0.2528599592,0.65625,1.33085883,1.061830253
P2|inv1.0|m0.0|S0.0|T1,4,produzione,568,47.21661445,82.81030176,76.28944765,117.007822,0.1495731031,0.1500599778,0.6021126761,1.109790611,0.9652096876
P2|inv1.0|m0.0|S0.0|T1,4,scorte,88,40.259004,49.86044151,47.53144695,55.56752784,0.2167158927,0.208660679,0.3409090909,1.316721971,1.326653414
P2|inv1.0|m0.0|S0.0|T1,4,stock_ind,1568,40.28435555,123.1942113,388.9941974,689.8505809,0.5573355177,1.301155686,0.4266581633,2.639134507,1.665217925
P2|inv1.0|m0.0|S0.0|T1,4,stock_tipo,32,409.2182622,655.7838046,489.4295229,751.4102333,0.05081328666,0.05453931442,0.96875,1.049769503,0.9474476823
P2|inv1.0|m0.0|S0.0|T1,5,aggregati,35,803.4214693,1488.497521,1484.325499,2327.707182,0.110521005,0.1184853153,0.7142857143,0.8961377988,0.6263532045
P2|inv1.0|m0.0|S0.0|T1,5,consumo,497,23.56456768,59.80661839,65.22183679,109.1085223,0.3130448147,0.2526722877,0.6167800454,1.572212739,1.230399027
P2|inv1.0|m0.0|S0.0|T1,5,importazioni,497,9.457201386,28.59799379,48.4915805,75.36258319,0.486924216,0.481525676,0.5873015873,1.684805774,1.56183885
P2|inv1.0|m0.0|S0.0|T1,5,investimento_ind,1372,21.15073539,66.42377972,90.41752423,157.0115992,1.958244389,3.492210909,0.2069970845,4.711012398,2.582980496
P2|inv1.0|m0.0|S0.0|T1,5,investimento_tipo,28,177.1570967,254.9887899,199.2890879,278.4463419,0.2393874766,0.2925916797,0.6071428571,1.235380642,1.011768596
P2|inv1.0|m0.0|S0.0|T1,5,produzione,497,59.63981134,101.3777547,96.53644268,145.6018368,0.1835093885,0.1873567951,0.5875251509,1.120304447,1.01587803
P2|inv1.0|m0.0|S0.0|T1,5,scorte,77,36.10287761,46.51505935,45.22248079,53.30932539,0.1446547346,0.1619966926,0.05194805195,0.9982718449,0.9971294376
P2|inv1.0|m0.0|S0.0|T1,5,stock_ind,1372,50.70112957,161.7528887,517.7651375,869.0070753,0.6337484315,1.35738719,0.3826530612,2.833217855,1.747222517
P2|inv1.0|m0.0|S0.0|T1,5,stock_tipo,28,578.5420847,875.0870831,671.8237111,970.7052245,0.07392268946,0.08021432433,0.9285714286,1.122288216,1.027068876
P2|inv1.0|m0.0|S0.0|T3,1,aggregati,55,207.5745479,402.1905304,371.1509048,629.7460282,0.03570562746,0.03606306861,0.7636363636,0.9681823502,0.6502236361
P2|inv1.0|m0.0|S0.0|T3,1,consumo,781,5.998213972,14.15387791,13.61247626,20.88092128,0.1225753441,0.09362398741,0.619047619,1.49082005,1.03891351
P2|inv1.0|m0.0|S0.0|T3,1,importazioni,781,5.048934471,15.70794324,24.19464853,39.4241236,0.3314574146,0.2502397334,0.5321285141,2.174848623,2.109329693
P2|inv1.0|m0.0|S0.0|T3,1,investimento_ind,2156,15.25486411,44.77752618,63.08729092,130.8617251,1.769922882,2.650074897,0.4336734694,9.430938977,6.176724208
P2|inv1.0|m0.0|S0.0|T3,1,investimento_tipo,44,68.2053405,129.1582987,65.59946289,120.2728537,0.108329524,0.1303933635,0.5681818182,2.111150726,1.255318511
P2|inv1.0|m0.0|S0.0|T3,1,produzione,781,17.20515008,35.37142144,28.36822798,54.02151693,0.05449478987,0.05171036703,0.5249679898,1.281411226,1.037374454
P2|inv1.0|m0.0|S0.0|T3,1,scorte,121,35.87254035,44.11999434,45.05783909,52.54815608,0.1586115345,0.1616239899,0.4380165289,3.317911202,3.755953184
P2|inv1.0|m0.0|S0.0|T3,1,stock_ind,2156,15.27029814,44.77587759,87.29772198,163.5113685,0.2541376103,0.876238735,0.3910018553,3.660930676,1.551625255
P2|inv1.0|m0.0|S0.0|T3,1,stock_tipo,44,68.71872784,127.653056,90.7584947,160.923441,0.008062778133,0.00821639406,0.9545454545,0.8086615571,0.714846556
P2|inv1.0|m0.0|S0.0|T3,2,aggregati,50,303.0072219,550.993864,561.1843522,857.8724885,0.04552455418,0.04695538309,0.82,0.7958868655,0.5682548558
P2|inv1.0|m0.0|S0.0|T3,2,consumo,710,9.328827103,23.88704588,23.22415762,40.7583569,0.1492330154,0.1219147709,0.6349206349,1.456186377,0.9964925507
P2|inv1.0|m0.0|S0.0|T3,2,importazioni,710,5.02202324,14.48833274,24.23276202,37.13040659,0.356887189,0.3036219196,0.5818584071,1.542731603,1.48330335
P2|inv1.0|m0.0|S0.0|T3,2,investimento_ind,1960,15.19632233,43.78562554,68.40246029,134.8036132,1.735892121,2.812996218,0.3943877551,5.943161742,3.932357324
P2|inv1.0|m0.0|S0.0|T3,2,investimento_tipo,40,98.72008529,161.8736179,98.21104287,158.5115141,0.1507630687,0.1820721424,0.7,1.660464094,1.093776234
P2|inv1.0|m0.0|S0.0|T3,2,produzione,710,25.63123021,46.60929854,39.43268666,62.23172953,0.08851781575,0.08995956097,0.5887323944,1.088409797,0.8840075076
P2|inv1.0|m0.0|S0.0|T3,2,scorte,110,35.49572874,44.30671545,44.19753774,52.37268898,0.1580408787,0.1631022125,0.4,2.076275184,2.227017564
P2|inv1.0|m0.0|S0.0|T3,2,stock_ind,1960,24.44647935,69.23554589,188.0856415,337.3653454,0.3938472398,1.108343899,0.4301020408,2.889282233,1.665898396
P2|inv1.0|m0.0|S0.0|T3,2,stock_tipo,40,164.1137126,282.7203746,214.2229966,347.7698785,0.0189961481,0.01972451355,0.975,0.9019287759,0.8515720084
P2|inv1.0|m0.0|S0.0|T3,3,aggregati,45,430.479041,796.3337565,794.3006341,1243.263493,0.06109493983,0.06429748137,0.8222222222,0.790859399,0.5687601707
P2|inv1.0|m0.0|S0.0|T3,3,consumo,639,13.59598658,36.11370502,34.98508784,62.8503961,0.2027352311,0.165960012,0.6402116402,1.535237077,1.051581789
P2|inv1.0|m0.0|S0.0|T3,3,importazioni,639,6.707596373,21.37525096,34.63278747,55.02228653,0.3795309477,0.3987084406,0.6167076167,1.802203701,1.636920753
P2|inv1.0|m0.0|S0.0|T3,3,investimento_ind,1764,15.33438565,46.49745683,72.79829451,140.0635211,1.712164239,2.276006225,0.3764172336,4.770972717,2.995299326
P2|inv1.0|m0.0|S0.0|T3,3,investimento_tipo,36,126.1135227,192.0612744,134.348775,198.764321,0.1803536143,0.2180574517,0.5833333333,1.435603902,1.083012351
P2|inv1.0|m0.0|S0.0|T3,3,produzione,639,35.26389222,63.52097714,55.33194675,87.57176761,0.1163142235,0.1177343562,0.5993740219,1.083082541,0.8960504149
P2|inv1.0|m0.0|S0.0|T3,3,scorte,99,36.69328174,45.46884105,44.62884993,52.35089212,0.1778549168,0.1805783241,0.4444444444,1.534969959,1.611176739
P2|inv1.0|m0.0|S0.0|T3,3,stock_ind,1764,32.74729366,98.84065746,292.55284,516.5193885,0.4925888505,0.9832393396,0.4229024943,2.792772176,1.707693437
P2|inv1.0|m0.0|S0.0|T3,3,stock_tipo,36,284.1708641,459.979718,352.1493538,546.2778079,0.03470445329,0.03688621913,0.9722222222,0.982298649,0.9243924854
P2|inv1.0|m0.0|S0.0|T3,4,aggregati,40,604.5480283,1089.095716,1124.183665,1720.367606,0.08352580517,0.08900217841,0.8,0.8210474124,0.6004758885
P2|inv1.0|m0.0|S0.0|T3,4,consumo,568,17.91629454,44.95360707,47.71536656,79.15061513,0.2503794584,0.2061061595,0.6468253968,1.457285642,1.09790915
P2|inv1.0|m0.0|S0.0|T3,4,importazioni,568,7.289537604,22.66497722,37.51235951,59.95832093,0.4034740598,0.4466260261,0.6066481994,1.562547089,1.405033631
P2|inv1.0|m0.0|S0.0|T3,4,investimento_ind,1568,16.11366514,47.37339029,74.9042596,136.383861,1.716135703,2.583123974,0.350127551,3.986034029,2.455798545
P2|inv1.0|m0.0|S0.0|T3,4,investimento_tipo,32,153.7406563,225.7255597,170.6301687,243.156784,0.2093888276,0.2560864193,0.625,1.332646287,1.070412204
P2|inv1.0|m0.0|S0.0|T3,4,produzione,568,46.78417927,80.38626957,76.12292179,115.3554056,0.1485503461,0.1486409383,0.6038732394,1.0773047,0.963102812
P2|inv1.0|m0.0|S0.0|T3,4,scorte,88,39.39400179,49.34023298,47.55430199,55.83681505,0.2078247508,0.1996369,0.3409090909,1.302984226,1.327291323
P2|inv1.0|m0.0|S0.0|T3,4,stock_ind,1568,40.59606209,124.4768439,400.5382734,692.6109982,0.5668618143,1.322860475,0.4279336735,2.666611772,1.714636148
P2|inv1.0|m0.0|S0.0|T3,4,stock_tipo,32,422.7932177,658.2960346,503.0830303,754.2193993,0.05347498098,0.05783078959,0.96875,1.053791045,0.9738784212
P2|inv1.0|m0.0|S0.0|T3,5,aggregati,35,803.3672999,1489.245552,1485.301347,2328.801946,0.1102704266,0.1181536271,0.7142857143,0.8965881448,0.6267649914
P2|inv1.0|m0.0|S0.0|T3,5,consumo,497,23.61726937,59.80282177,65.27489308,109.0709608,0.3133466823,0.2529670043,0.6167800454,1.572112933,1.231399925
P2|inv1.0|m0.0|S0.0|T3,5,importazioni,497,9.444835809,28.58070132,48.40105109,75.27683266,0.475315632,0.4754019865,0.5873015873,1.683787015,1.558923038
P2|inv1.0|m0.0|S0.0|T3,5,investimento_ind,1372,21.12139414,66.42101753,90.68995775,157.4846366,1.957443387,3.483817926,0.2077259475,4.710816493,2.590763174
P2|inv1.0|m0.0|S0.0|T3,5,investimento_tipo,28,175.5014016,254.5130643,197.4932404,277.9739073,0.2372478274,0.2899456106,0.6428571429,1.233075826,1.002651277
P2|inv1.0|m0.0|S0.0|T3,5,produzione,497,59.75397988,101.4008007,96.84415949,145.6377382,0.1837445502,0.18763041,0.5855130785,1.120559124,1.019116213
P2|inv1.0|m0.0|S0.0|T3,5,scorte,77,36.10287696,46.51505907,45.22248049,53.30932527,0.1446547281,0.1619966859,0.05194805195,0.998271839,0.9971294308
P2|inv1.0|m0.0|S0.0|T3,5,stock_ind,1372,49.67667884,157.7184955,513.3162749,867.4947257,0.6426268126,1.390792122,0.3906705539,2.762552564,1.732209623
P2|inv1.0|m0.0|S0.0|T3,5,stock_tipo,28,577.1324918,873.1661284,669.7731238,969.7070565,0.07370116487,0.08028308507,0.9285714286,1.119824615,1.023933984
P2|inv1.0|m1.0|S1.0|T1,1,aggregati,55,203.6753021,394.0136337,359.1178223,610.4007384,0.03445944255,0.03482414774,0.7636363636,0.9484983286,0.6291427372
P2|inv1.0|m1.0|S1.0|T1,1,consumo,781,6.297756254,14.90392079,13.75035474,21.36325272,0.1468415011,0.1055527986,0.6248196248,1.569821648,1.04943649
P2|inv1.0|m1.0|S1.0|T1,1,importazioni,781,2.609429813,8.134683872,12.5257355,20.53472735,0.1164414812,0.1195889025,0.5763052209,1.126290422,1.09201445
P2|inv1.0|m1.0|S1.0|T1,1,investimento_ind,2156,15.23586842,42.62221501,57.37558089,114.3480417,1.756464825,5.339799683,0.435528757,8.976992323,5.617504482
P2|inv1.0|m1.0|S1.0|T1,1,investimento_tipo,44,69.2558943,129.6099756,66.70964903,120.7196508,0.1095004802,0.1317519242,0.5227272727,2.118533589,1.276563155
P2|inv1.0|m1.0|S1.0|T1,1,produzione,781,17.12614077,35.16912348,28.25044687,53.82592694,0.05408200983,0.05131910779,0.5505761844,1.274082516,1.033067414
P2|inv1.0|m1.0|S1.0|T1,1,scorte,121,9.090996698,13.15366465,10.68563891,14.93756689,0.04265404438,0.04303347876,0.3966942149,0.9891817062,0.8907386666
P2|inv1.0|m1.0|S1.0|T1,1,stock_ind,2156,15.24321201,42.58009989,85.59614228,159.633101,0.2578450247,1.000499083,0.3919294991,3.481401198,1.521381464
P2|inv1.0|m1.0|S1.0|T1,1,stock_tipo,44,69.76928164,128.0132481,91.24578485,161.2407766,0.008368288723,0.00853710534,0.9545454545,0.8109433163,0.7186846286
P2|inv1.0|m1.0|S1.0|T1,2,aggregati,50,306.5279357,545.8747151,566.4186984,850.5406634,0.0464515084,0.04796403795,0.82,0.7884924757,0.5735551508
P2|inv1.0|m1.0|S1.0|T1,2,consumo,710,9.334767171,24.45116918,23.31114691,41.79023241,0.140196335,0.1167005795,0.6428571429,1.49057609,1.000225051
P2|inv1.0|m1.0|S1.0|T1,2,importazioni,710,3.721275597,11.00374021,18.39309549,28.48690928,0.1690614232,0.1807223162,0.6061946903,1.171688839,1.125853509
P2|inv1.0|m1.0|S1.0|T1,2,investimento_ind,1960,15.28163803,41.37450201,63.80500831,126.0067004,1.74405993,2.53428513,0.4086734694,5.615892303,3.668056539
P2|inv1.0|m1.0|S1.0|T1,2,investimento_tipo,40,99.08778156,162.5371218,99.01265614,159.364831,0.1506945695,0.181746486,0.6,1.667270171,1.102703799
P2|inv1.0|m1.0|S1.0|T1,2,produzione,710,25.76925375,46.31569432,39.89078422,63.19311025,0.084117046,0.08736764697,0.5957746479,1.081553618,0.894277203
P2|inv1.0|m1.0|S1.0|T1,2,scorte,110,14.7551945,20.09785807,17.83665398,22.86174751,0.06445615573,0.0670491098,0.4363636364,0.9418139787,0.8987501051
P2|inv1.0|m1.0|S1.0|T1,2,stock_ind,1960,23.6312473,62.79131048,180.5203509,332.0901259,0.3921667507,1.095220982,0.4433673469,2.620356572,1.598891656
P2|inv1.0|m1.0|S1.0|T1,2,stock_tipo,40,163.9936101,282.4504518,211.7739167,347.0344642,0.01928773379,0.02004305785,0.975,0.9010676735,0.8418365091
P2|inv1.0|m1.0|S1.0|T1,3,aggregati,45,460.0521938,816.109193,855.1834281,1292.762173,0.06666045064,0.07046546474,0.8222222222,0.8104988903,0.6123553874
P2|inv1.0|m1.0|S1.0|T1,3,consumo,639,13.7146859,36.10782824,35.41320494,63.46335319,0.1857149851,0.1661520702,0.6278659612,1.534987248,1.064450133
P2|inv1.0|m1.0|S1.0|T1,3,importazioni,639,4.573636298,14.45962705,22.85460468,38.45039411,0.2037420907,0.2868768334,0.6339066339,1.219129237,1.080224245
P2|inv1.0|m1.0|S1.0|T1,3,investimento_ind,1764,15.42085104,44.43287949,67.00027317,128.8302901,1.734629461,2.476142742,0.3633786848,4.559132267,2.756738663
P2|inv1.0|m1.0|S1.0|T1,3,investimento_tipo,36,125.2916572,192.1614955,133.9046342,198.96266,0.1789327851,0.2162749854,0.6111111111,1.436353026,1.079432044
P2|inv1.0|m1.0|S1.0|T1,3,produzione,639,35.76689361,63.25709285,56.30005794,88.65205814,0.1134926939,0.1169003389,0.6228482003,1.078583106,0.9117280928
P2|inv1.0|m1.0|S1.0|T1,3,scorte,99,21.42857596,28.11171996,25.6387913,31.76532514,0.09348277113,0.09963318674,0.404040404,0.9490157359,0.9256035999
P2|inv1.0|m1.0|S1.0|T1,3,stock_ind,1764,31.86722487,89.10906191,280.1799652,507.9758855,0.4891372632,1.084831913,0.4336734694,2.517803049,1.635470323
P2|inv1.0|m1.0|S1.0|T1,3,stock_tipo,36,277.3299382,456.8889823,344.1359043,543.5485466,0.03367720202,0.03566879486,0.9722222222,0.9756983025,0.9033571705
P2|inv1.0|m1.0|S1.0|T1,4,aggregati,40,620.4005898,1114.570132,1156.012789,1762.499295,0.08592803613,0.09183367731,0.825,0.8402520634,0.6174772219
P2|inv1.0|m1.0|S1.0|T1,4,consumo,568,19.10127203,48.46512084,50.02368093,85.6317992,0.2471969504,0.2414824183,0.625,1.571120303,1.151022427
P2|inv1.0|m1.0|S1.0|T1,4,importazioni,568,5.586550143,17.37955593,27.47899782,45.93991255,0.2569196932,0.3511838092,0.6094182825,1.198164651,1.029231874
P2|inv1.0|m1.0|S1.0|T1,4,investimento_ind,1568,15.59646561,43.08567522,68.55584681,125.5227479,1.710958454,2.441788294,0.3526785714,3.625262337,2.247660544
P2|inv1.0|m1.0|S1.0|T1,4,investimento_tipo,32,147.7129751,221.285125,162.7501607,236.9823115,0.2036392051,0.2485173261,0.6875,1.306430696,1.020978643
P2|inv1.0|m1.0|S1.0|T1,4,produzione,568,48.42707703,81.99708325,78.36571149,117.3917746,0.1477322375,0.151347625,0.5968309859,1.098892182,0.9914784579
P2|inv1.0|m1.0|S1.0|T1,4,scorte,88,27.8038122,36.52563888,33.81884227,41.26987085,0.1176171523,0.1285744656,0.4204545455,0.9645745155,0.9439199821
P2|inv1.0|m1.0|S1.0|T1,4,stock_ind,1568,38.68072997,111.6898062,383.2928207,683.6297287,0.5553933377,1.270266688,0.4457908163,2.39268078,1.640811302
P2|inv1.0|m1.0|S1.0|T1,4,stock_tipo,32,402.2672575,646.4299796,484.0464245,746.3204536,0.05046130473,0.05414033519,0.96875,1.034796031,0.9370269702
P2|inv1.0|m1.0|S1.0|T1,5,aggregati,35,795.5628244,1471.997731,1437.256778,2278.11236,0.1114064378,0.1203197871,0.8285714286,0.8862042353,0.6064912243
P2|inv1.0|m1.0|S1.0|T1,5,consumo,497,25.61852972,65.03118483,70.11233137,119.6942556,0.3158731615,0.3112763574,0.5986394558,1.709557571,1.322657388
P2|inv1.0|m1.0|S1.0|T1,5,importazioni,497,6.991864964,21.48342601,34.88485928,56.88918064,0.3175071862,0.3686358423,0.6285714286,1.265662216,1.123587393
P2|inv1.0|m1.0|S1.0|T1,5,investimento_ind,1372,20.32780124,57.27101923,85.93933716,144.4889546,1.943384104,3.404903215,0.2193877551,4.061865837,2.455050983
P2|inv1.0|m1.0|S1.0|T1,5,investimento_tipo,28,172.3067834,251.8956548,191.8179678,274.0472782,0.2358384518,0.2875599764,0.6428571429,1.220394888,0.9738385477
P2|inv1.0|m1.0|S1.0|T1,5,produzione,497,61.28040625,102.7143746,98.4602216,146.412652,0.1869282092,0.192118866,0.5814889336,1.135075155,1.036122454
P2|inv1.0|m1.0|S1.0|T1,5,scorte,77,31.29542557,40.57520094,37.86656687,45.50216695,0.1311004603,0.1484179959,0.4025974026,0.8707949913,0.8349358077
P2|inv1.0|m1.0|S1.0|T1,5,stock_ind,1372,47.46630923,139.0520651,509.387425,860.4068561,0.6214137681,1.177221149,0.3994169096,2.435596649,1.718951536
P2|inv1.0|m1.0|S1.0|T1,5,stock_tipo,28,562.2760748,857.5743901,660.9703324,960.8728286,0.07220302116,0.07819287962,0.9642857143,1.099828406,1.010476476
P2|inv1.0|m1.0|S1.0|T3,1,aggregati,55,203.3321968,393.6638299,360.0216462,610.2714903,0.03426539409,0.03462511224,0.7636363636,0.9476562555,0.6307261571
P2|inv1.0|m1.0|S1.0|T3,1,consumo,781,6.289082513,14.9529546,13.74577864,21.43182861,0.1478159111,0.1060964874,0.6262626263,1.574986352,1.049087239
P2|inv1.0|m1.0|S1.0|T3,1,importazioni,781,2.609523882,8.13468399,12.52573674,20.53472719,0.1166339794,0.1197985507,0.5763052209,1.126290438,1.092014558
P2|inv1.0|m1.0|S1.0|T3,1,investimento_ind,2156,15.07588469,41.76833913,58.01483777,115.0979129,1.76452622,5.561439663,0.4346011132,8.797150961,5.680092577
P2|inv1.0|m1.0|S1.0|T3,1,investimento_tipo,44,68.4347007,129.329962,65.80061596,120.3928758,0.108628508,0.1308320822,0.5909090909,2.113956639,1.259167799
P2|inv1.0|m1.0|S1.0|T3,1,produzione,781,17.17343818,35.31990784,28.29831909,54.02843624,0.05435758866,0.05151805157,0.5531370038,1.279545027,1.034818013
P2|inv1.0|m1.0|S1.0|T3,1,scorte,121,9.090996698,13.15366465,10.68563891,14.93756689,0.04265404438,0.04303347876,0.3966942149,0.9891817062,0.8907386666
P2|inv1.0|m1.0|S1.0|T3,1,stock_ind,2156,15.08832556,41.72950869,86.24570849,160.0026725,0.2553282653,1.23647846,0.3896103896,3.411855819,1.53292682
P2|inv1.0|m1.0|S1.0|T3,1,stock_tipo,44,68.94808804,127.8365428,90.98959017,161.1791087,0.008107981448,0.008263872712,0.9545454545,0.8098239168,0.7166667471
P2|inv1.0|m1.0|S1.0|T3,2,aggregati,50,304.6421417,543.7582165,563.0966131,846.7341968,0.04615940716,0.0476620608,0.82,0.7854352848,0.5701912097
P2|inv1.0|m1.0|S1.0|T3,2,consumo,710,9.327202919,24.48584303,23.2986888,41.94265462,0.1406298944,0.1170441548,0.6412698413,1.492689855,0.9996905036
P2|inv1.0|m1.0|S1.0|T3,2,importazioni,710,3.72003098,11.0033813,18.39260456,28.48668006,0.1675892001,0.179494951,0.610619469,1.171650622,1.125823459
P2|inv1.0|m1.0|S1.0|T3,2,investimento_ind,1960,14.95277695,40.46701582,64.43381921,126.4920539,1.733866471,3.187670168,0.4035714286,5.492716327,3.704205957
P2|inv1.0|m1.0|S1.0|T3,2,investimento_tipo,40,98.0546372,161.8069905,97.86788066,158.5375146,0.1495974887,0.180593961,0.65,1.659780645,1.089954437
P2|inv1.0|m1.0|S1.0|T3,2,produzione,710,25.9817151,46.56427072,40.14077189,63.43909389,0.08453700086,0.0879001481,0.5915492958,1.087358318,0.8998814618
P2|inv1.0|m1.0|S1.0|T3,2,scorte,110,14.7551945,20.09785807,17.83665398,22.86174751,0.06445615573,0.0670491098,0.4363636364,0.9418139787,0.8987501051
P2|inv1.0|m1.0|S1.0|T3,2,stock_ind,1960,23.80184038,62.62678586,182.562869,332.8789164,0.3930630909,1.245888339,0.4336734694,2.613490763,1.616982499
P2|inv1.0|m1.0|S1.0|T3,2,stock_tipo,40,162.5763657,282.0675406,211.191032,346.9269555,0.01890467551,0.01963354239,0.975,0.8998461182,0.8395194454
P2|inv1.0|m1.0|S1.0|T3,3,aggregati,45,459.500429,815.4586889,854.711781,1292.110931,0.0665805417,0.07038362128,0.8222222222,0.809852858,0.6120176638
P2|inv1.0|m1.0|S1.0|T3,3,consumo,639,13.70051509,36.02140237,35.39056187,63.40448077,0.1857215502,0.166721225,0.6261022928,1.53131318,1.063769528
P2|inv1.0|m1.0|S1.0|T3,3,importazioni,639,4.573107104,14.45963624,22.85440106,38.4504313,0.203522043,0.2866321375,0.6339066339,1.219130011,1.080214621
P2|inv1.0|m1.0|S1.0|T3,3,investimento_ind,1764,15.32708753,44.17485547,67.75349683,129.6398909,1.720156249,2.401252049,0.3713151927,4.532657152,2.78773019
P2|inv1.0|m1.0|S1.0|T3,3,investimento_tipo,36,125.1393674,192.0415056,133.7379839,198.8351575,0.1787665907,0.2160974985,0.6666666667,1.435456135,1.078088642
P2|inv1.0|m1.0|S1.0|T3,3,produzione,639,35.83894351,63.43986937,56.35209796,88.90268791,0.1134546459,0.1171071278,0.6181533646,1.08169959,0.9125708333
P2|inv1.0|m1.0|S1.0|T3,3,scorte,99,21.42857596,28.11171996,25.6387913,31.76532514,0.09348277113,0.09963318674,0.404040404,0.9490157359,0.9256035999
P2|inv1.0|m1.0|S1.0|T3,3,stock_ind,1764,32.11760924,90.05667536,282.2523952,509.1762867,0.4930010165,1.053088992,0.4314058957,2.54457815,1.64756754
P2|inv1.0|m1.0|S1.0|T3,3,stock_tipo,36,278.7014153,457.7560172,344.5632149,543.9087998,0.03402638319,0.03613074978,0.9722222222,0.9775498781,0.9044788615
P2|inv1.0|m1.0|S1.0|T3,4,aggregati,40,619.9137475,1114.101658,1154.850124,1761.783162,0.08590125553,0.09180631384,0.825,0.8398988908,0.6168561913
P2|inv1.0|m1.0|S1.0|T3,4,consumo,568,19.09098317,48.46209853,49.9883898,85.62390335,0.2470323466,0.241770421,0.626984127,1.571022327,1.150210394
P2|inv1.0|m1.0|S1.0|T3,4,importazioni,568,5.586161405,17.3792768,27.47814578,45.93937044,0.2568853871,0.3511354528,0.6094182825,1.198145408,1.029199961
P2|inv1.0|m1.0|S1.0|T3,4,investimento_ind,1568,15.46070831,43.49917077,69.91639019,128.060766,1.700128102,2.20938022,0.3552295918,3.660054175,2.292267092
P2|inv1.0|m1.0|S1.0|T3,4,investimento_tipo,32,147.7148784,221.288061,162.7515078,236.9842664,0.203641317,0.2485225298,0.65625,1.30644803,1.020987094
P2|inv1.0|m1.0|S1.0|T3,4,produzione,568,48.44343073,82.08192233,78.16726622,117.3811784,0.1478520751,0.1515447574,0.5968309859,1.100029161,0.9889677398
P2|inv1.0|m1.0|S1.0|T3,4,scorte,88,27.80373721,36.52563883,33.81880689,41.26987083,0.1176163776,0.1285736899,0.4204545455,0.9645745141,0.9439189948
P2|inv1.0|m1.0|S1.0|T3,4,stock_ind,1568,38.62669824,112.9541657,383.7990844,684.0901592,0.5542154423,1.105456791,0.4406887755,2.41976659,1.642978531
P2|inv1.0|m1.0|S1.0|T3,4,stock_tipo,32,406.2171235,649.0398336,486.0884045,747.6227142,0.05105755782,0.05500082443,0.96875,1.038973849,0.940979877
P2|inv1.0|m1.0|S1.0|T3,5,aggregati,35,797.9920804,1473.059524,1446.383404,2280.563748,0.1114359235,0.1203550114,0.8285714286,0.8868434786,0.6103424627
P2|inv1.0|m1.0|S1.0|T3,5,consumo,497,25.56174169,64.98230062,70.04048697,119.6585041,0.3121164097,0.3100417696,0.5986394558,1.708272489,1.321302055
P2|inv1.0|m1.0|S1.0|T3,5,importazioni,497,6.989404399,21.48052657,34.87960042,56.88625163,0.3169399663,0.3680301501,0.6285714286,1.2654914,1.123418013
P2|inv1.0|m1.0|S1.0|T3,5,investimento_ind,1372,20.25696879,57.00754145,85.99835964,144.6107386,1.94241781,3.387547063,0.220845481,4.043179049,2.456737094
P2|inv1.0|m1.0|S1.0|T3,5,investimento_tipo,28,172.3092924,251.8980938,191.8197566,274.048878,0.2358414701,0.287566517,0.6428571429,1.220406705,0.973847629
P2|inv1.0|m1.0|S1.0|T3,5,produzione,497,61.46921561,102.8415365,98.93655207,146.6733047,0.1869247883,0.1922139574,0.5794768612,1.136480394,1.041135003
P2|inv1.0|m1.0|S1.0|T3,5,scorte,77,31.30145753,40.57816371,37.86941224,45.5034132,0.1311610877,0.1484803894,0.4025974026,0.870858576,0.8349985464
P2|inv1.0|m1.0|S1.0|T3,5,stock_ind,1372,46.23508396,137.5616746,504.647929,859.4709294,0.6209974324,1.097548172,0.4023323615,2.40949139,1.702957887
P2|inv1.0|m1.0|S1.0|T3,5,stock_tipo,28,558.990113,859.2984116,660.0249921,962.208693,0.07022671349,0.0760557221,0.9642857143,1.102039442,1.009031261
P2|lx0.5|li0.1|T1,1,aggregati,55,204.3871259,384.765528,364.9934538,616.2549647,0.03898461787,0.03838925154,0.7454545455,0.9262356147,0.6394363252
P2|lx0.5|li0.1|T1,1,consumo,781,5.09068119,11.50747089,12.80370332,18.87576457,0.07186154551,0.06489108416,0.6305916306,1.212075478,0.9771874056
P2|lx0.5|li0.1|T1,1,importazioni,781,4.612508236,13.68471964,22.03859036,34.46237435,0.2863133688,0.2250140063,0.5481927711,1.894722511,1.921360956
P2|lx0.5|li0.1|T1,1,investimento_ind,2156,14.51306764,40.14201501,60.37243163,122.9909577,1.761069742,2.51696509,0.4373840445,8.454618337,5.910918896
P2|lx0.5|li0.1|T1,1,investimento_tipo,44,101.3455679,180.1176345,99.96654546,178.5713939,0.1970074765,0.1887182933,0.4545454545,2.944104084,1.91297077
P2|lx0.5|li0.1|T1,1,produzione,781,16.16945359,29.98331352,26.13896689,43.66953649,0.05089427972,0.04926638504,0.5518565941,1.086214604,0.9558544346
P2|lx0.5|li0.1|T1,1,scorte,121,32.8658435,39.64760451,40.19991221,46.14441533,0.1475559017,0.1514366273,0.4214876033,2.981578604,3.351003762
P2|lx0.5|li0.1|T1,1,stock_ind,2156,14.49208888,40.06700055,92.16214703,170.2638749,0.2492925628,0.5691000093,0.3914656772,3.275927113,1.638085297
P2|lx0.5|li0.1|T1,1,stock_tipo,44,97.95757176,178.3369455,119.857844,199.8418262,0.01267399316,0.0127211135,0.9090909091,1.129735837,0.9440434999
P2|lx0.5|li0.1|T1,2,aggregati,50,324.6482491,582.5891711,593.0597401,938.6479072,0.05528293241,0.05617338586,0.8,0.8415249234,0.6005318498
P2|lx0.5|li0.1|T1,2,consumo,710,7.857038995,18.38868423,21.05573386,32.21443094,0.09276078939,0.08968813607,0.6603174603,1.120998871,0.9034507206
P2|lx0.5|li0.1|T1,2,importazioni,710,5.200813534,15.1667461,25.96749885,37.81222126,0.2938577285,0.2550420804,0.5862831858,1.614969709,1.589487736
P2|lx0.5|li0.1|T1,2,investimento_ind,1960,14.15563989,38.81830553,64.19564057,122.710771,1.728616645,2.871360466,0.3964285714,5.268931652,3.690513416
P2|lx0.5|li0.1|T1,2,investimento_tipo,40,135.7629415,206.3089427,138.6921516,210.3944418,0.2440066166,0.2412851902,0.475,2.116271916,1.54461428
P2|lx0.5|li0.1|T1,2,produzione,710,24.87181953,44.05703003,40.17375628,63.98129077,0.08439202293,0.08164468096,0.6028169014,1.0288098,0.9006209105
P2|lx0.5|li0.1|T1,2,scorte,110,33.35791365,42.71639111,43.43949828,51.64545493,0.1383634432,0.1434688163,0.4545454545,2.001750342,2.188821608
P2|lx0.5|li0.1|T1,2,stock_ind,1960,23.6449982,65.23716195,188.7559519,341.9200325,0.3923863967,0.8210193558,0.4102040816,2.722424883,1.67183542
P2|lx0.5|li0.1|T1,2,stock_tipo,40,221.7081583,370.5901065,263.6615153,410.8229231,0.02940336509,0.02976585956,0.875,1.182249003,1.048098335
P2|lx0.5|li0.1|T1,3,aggregati,45,467.3599077,851.4363031,859.497938,1370.138143,0.07358726518,0.07684285966,0.8222222222,0.8455831459,0.6154447987
P2|lx0.5|li0.1|T1,3,consumo,639,11.58358384,31.47247977,32.42245128,57.52531094,0.1258417402,0.1249586441,0.6737213404,1.337933004,0.9745540582
P2|lx0.5|li0.1|T1,3,importazioni,639,5.864699517,18.01158017,28.77771591,44.64964338,0.3234394018,0.3539033657,0.628992629,1.518603758,1.360180449
P2|lx0.5|li0.1|T1,3,investimento_ind,1764,13.9658337,37.79183492,67.42605035,126.2999186,1.71936022,2.02801689,0.3718820862,3.877713441,2.774257344
P2|lx0.5|li0.1|T1,3,investimento_tipo,36,166.1124951,237.0739671,173.5151957,246.9476185,0.2847265239,0.2885001256,0.4166666667,1.772061094,1.398740703
P2|lx0.5|li0.1|T1,3,produzione,639,34.21697245,61.41564428,56.4050682,90.19881707,0.1077379759,0.1065038848,0.6228482003,1.047184962,0.9134286381
P2|lx0.5|li0.1|T1,3,scorte,99,36.99711329,46.75124747,46.00014545,54.61675053,0.1626909029,0.1728459412,0.3939393939,1.578262361,1.660682819
P2|lx0.5|li0.1|T1,3,stock_ind,1764,30.6018512,84.98682812,287.9400618,513.3476612,0.4951690391,0.8200009172,0.4138321995,2.401328108,1.680767665
P2|lx0.5|li0.1|T1,3,stock_tipo,36,362.7020005,578.0782069,423.8698205,633.8155769,0.04915907177,0.05020443258,0.8611111111,1.234501043,1.112658798
P2|lx0.5|li0.1|T1,4,aggregati,40,670.7362233,1166.449452,1250.115273,1878.619192,0.1016043826,0.1076945787,0.75,0.8793628422,0.6677414929
P2|lx0.5|li0.1|T1,4,consumo,568,15.64594972,40.69799101,43.5913196,73.74999347,0.1654533302,0.1626352213,0.6746031746,1.319329011,1.003016682
P2|lx0.5|li0.1|T1,4,importazioni,568,7.025543574,20.59899497,36.05170256,53.46261321,0.3614129651,0.4108306858,0.6038781163,1.420116125,1.350324405
P2|lx0.5|li0.1|T1,4,investimento_ind,1568,14.48252148,37.61980762,67.71862635,119.8007496,1.715904872,2.237815016,0.3552295918,3.165359971,2.220211574
P2|lx0.5|li0.1|T1,4,investimento_tipo,32,197.3471393,267.350404,210.8748128,283.0476568,0.3268564882,0.3362446444,0.5625,1.578392467,1.32287845
P2|lx0.5|li0.1|T1,4,produzione,568,46.38278679,80.13527523,79.08638025,119.5631263,0.1382775771,0.1373561464,0.6267605634,1.073940974,1.000596317
P2|lx0.5|li0.1|T1,4,scorte,88,37.43718131,48.57264375,44.93381276,55.15510571,0.1877265461,0.1907772935,0.3863636364,1.282713615,1.254150672
P2|lx0.5|li0.1|T1,4,stock_ind,1568,36.55813006,101.0627696,395.3906727,683.0881187,0.5701080926,1.088015338,0.4183673469,2.165022527,1.692600146
P2|lx0.5|li0.1|T1,4,stock_tipo,32,525.342711,802.5739748,607.0606762,869.6273684,0.07255897657,0.07474123037,0.84375,1.284749145,1.175160475
P2|lx0.5|li0.1|T1,5,aggregati,35,933.7042307,1584.159343,1771.592279,2529.001879,0.1360860107,0.1458918358,0.6571428571,0.9537302193,0.7475735625
P2|lx0.5|li0.1|T1,5,consumo,497,20.59632196,54.15482569,57.63097619,97.54939136,0.2296068288,0.2087736691,0.6507936508,1.423636867,1.087198713
P2|lx0.5|li0.1|T1,5,importazioni,497,8.621602626,26.1483453,41.76260876,65.47278739,0.4320987947,0.4309761766,0.5936507937,1.54048859,1.345109072
P2|lx0.5|li0.1|T1,5,investimento_ind,1372,19.04472622,57.47160173,81.12354971,132.945653,1.952810279,5.300381014,0.2099125364,4.076091866,2.317477154
P2|lx0.5|li0.1|T1,5,investimento_tipo,28,233.9334317,304.7268645,255.5207958,327.1238622,0.3738086384,0.3927570062,0.5714285714,1.476353802,1.29725074
P2|lx0.5|li0.1|T1,5,produzione,497,60.22367397,102.6958165,103.2864443,152.8429447,0.1750818884,0.1767442331,0.583501006,1.134870073,1.086910047
P2|lx0.5|li0.1|T1,5,scorte,77,35.36598151,45.87975582,44.61213784,52.85408063,0.1414350383,0.158253399,0.05194805195,0.9846374299,0.98367173
P2|lx0.5|li0.1|T1,5,stock_ind,1372,44.66638036,133.4355992,513.6291044,854.4050433,0.6425375838,1.400717441,0.3731778426,2.33722022,1.733265281
P2|lx0.5|li0.1|T1,5,stock_tipo,28,746.875348,1058.215916,840.0115417,1127.821396,0.1061755389,0.1108985051,0.8214285714,1.357148648,1.284190622
P2|lx0.5|li0.1|T3,1,aggregati,55,204.8792367,382.7340306,367.406548,613.7596352,0.03828853062,0.03792604293,0.7454545455,0.9213452461,0.6436638532
P2|lx0.5|li0.1|T3,1,consumo,781,5.165699876,11.78187735,12.85569558,19.04826771,0.07293807726,0.06562217457,0.6305916306,1.240978557,0.98115549
P2|lx0.5|li0.1|T3,1,importazioni,781,4.130433887,12.21617075,19.55362518,31.18684171,0.2587162361,0.2076039503,0.5662650602,1.691394075,1.704717559
P2|lx0.5|li0.1|T3,1,investimento_ind,2156,14.40383037,38.21210842,60.91397573,123.0009078,1.765178075,2.044794279,0.4318181818,8.048145875,5.96394017
P2|lx0.5|li0.1|T3,1,investimento_tipo,44,99.02634302,173.1886379,98.3283932,171.2131155,0.18335119,0.1829458509,0.4545454545,2.830846505,1.881622909
P2|lx0.5|li0.1|T3,1,produzione,781,16.26886124,30.36162591,26.38741938,44.57563512,0.05099130741,0.04933145763,0.5441741357,1.099919842,0.9649398897
P2|lx0.5|li0.1|T3,1,scorte,121,33.55482155,40.89096397,41.18752176,47.9521665,0.1511374349,0.1555601707,0.4214876033,3.075081705,3.433329397
P2|lx0.5|li0.1|T3,1,stock_ind,2156,14.38511247,38.13011554,91.04970417,168.4032861,0.2539067145,0.3774131251,0.3937847866,3.117565019,1.618312794
P2|lx0.5|li0.1|T3,1,stock_tipo,44,95.63834691,171.1596839,116.4569882,193.5123015,0.01241361093,0.01248488396,0.8863636364,1.08426904,0.917257136
P2|lx0.5|li0.1|T3,2,aggregati,50,325.1418188,568.6576723,591.0498323,911.4402942,0.05513698699,0.05629307714,0.78,0.8214014745,0.5984966186
P2|lx0.5|li0.1|T3,2,consumo,710,7.976421694,19.29516711,21.3797525,33.88110532,0.09331696597,0.09008911857,0.6603174603,1.176259284,0.9173535787
P2|lx0.5|li0.1|T3,2,importazioni,710,4.489401525,12.62967476,21.62905009,31.59490274,0.270014776,0.2417255864,0.6061946903,1.344819913,1.323928425
P2|lx0.5|li0.1|T3,2,investimento_ind,1960,14.14949499,38.13008049,63.39780065,122.2587488,1.727682518,3.229009122,0.3933673469,5.175516686,3.644646766
P2|lx0.5|li0.1|T3,2,investimento_tipo,40,130.5341238,198.810467,132.8079476,201.9352925,0.2258079698,0.2327188907,0.5,2.039354196,1.479081908
P2|lx0.5|li0.1|T3,2,produzione,710,24.94108045,43.99936414,39.98880768,63.30433046,0.08446069911,0.08188786818,0.6014084507,1.0274632,0.8964747068
P2|lx0.5|li0.1|T3,2,scorte,110,34.27924865,43.28352363,42.64366099,51.05339675,0.1522660296,0.158752271,0.4090909091,2.028326972,2.148721102
P2|lx0.5|li0.1|T3,2,stock_ind,1960,23.48366437,60.55737424,186.8818291,339.5287981,0.4077382209,0.7785031574,0.4071428571,2.527131738,1.655236077
P2|lx0.5|li0.1|T3,2,stock_tipo,40,207.7734413,354.3746996,252.4064037,398.1877239,0.02666097309,0.02705287395,0.9,1.130518943,1.003357397
P2|lx0.5|li0.1|T3,3,aggregati,45,473.8073108,840.5988902,860.9895943,1350.024483,0.07560149971,0.07923997623,0.8,0.8348202342,0.6165129015
P2|lx0.5|li0.1|T3,3,consumo,639,11.67293908,32.49216169,32.6413201,59.36722115,0.1265912515,0.1252716535,0.6737213404,1.381280911,0.9811328175
P2|lx0.5|li0.1|T3,3,importazioni,639,5.110322362,15.16471982,24.56039764,38.30570031,0.2899741483,0.3343894815,0.6535626536,1.278577465,1.16084865
P2|lx0.5|li0.1|T3,3,investimento_ind,1764,13.75059875,36.2625823,65.46125181,122.5933463,1.698150817,2.192492321,0.3718820862,3.72080115,2.693415344
P2|lx0.5|li0.1|T3,3,investimento_tipo,36,160.3026977,228.0450373,166.9771912,236.8920116,0.2655788308,0.2789820151,0.5833333333,1.704572388,1.346036541
P2|lx0.5|li0.1|T3,3,produzione,639,34.35643832,61.69703252,56.21606275,90.15895597,0.108621329,0.1075070614,0.6197183099,1.051982853,0.9103678673
P2|lx0.5|li0.1|T3,3,scorte,99,37.24812202,47.04404793,46.81649082,55.13556083,0.1604657154,0.1689051493,0.404040404,1.58814693,1.690154264
P2|lx0.5|li0.1|T3,3,stock_ind,1764,30.06109532,80.09665775,283.845423,510.9415396,0.5042469732,0.801652757,0.4240362812,2.263154889,1.656866384
P2|lx0.5|li0.1|T3,3,stock_tipo,36,333.1855746,550.7091314,402.9586641,613.3294558,0.04266117806,0.04362743061,0.8888888889,1.17605367,1.057766987
P2|lx0.5|li0.1|T3,4,aggregati,40,663.5750568,1152.921001,1236.893612,1852.812988,0.09938757259,0.1057182045,0.75,0.8691640146,0.6606792232
P2|lx0.5|li0.1|T3,4,consumo,568,15.79723147,40.99179804,43.93849436,74.16505053,0.1666602261,0.1635434603,0.6746031746,1.328853514,1.011005017
P2|lx0.5|li0.1|T3,4,importazioni,568,7.082674122,20.61289941,36.02603293,53.41532586,0.3517243789,0.4069208553,0.6066481994,1.421074712,1.349362944
P2|lx0.5|li0.1|T3,4,investimento_ind,1568,14.36517421,37.62483915,67.91952026,120.3197978,1.699739479,2.155523556,0.3590561224,3.165783329,2.226798048
P2|lx0.5|li0.1|T3,4,investimento_tipo,32,190.7678651,256.9878329,203.4900054,271.6026317,0.3057055674,0.3254366529,0.59375,1.517213566,1.276551425
P2|lx0.5|li0.1|T3,4,produzione,568,46.52521878,80.04060088,78.84601735,119.0292287,0.1391092688,0.1386330391,0.6285211268,1.072672186,0.9975552599
P2|lx0.5|li0.1|T3,4,scorte,88,39.15380719,51.05231213,48.90781066,59.41546759,0.1867712378,0.1875397562,0.3977272727,1.348197068,1.365069194
P2|lx0.5|li0.1|T3,4,stock_ind,1568,36.32598383,99.53662482,392.2130587,681.9067294,0.5684430355,0.9747684689,0.4285714286,2.13232861,1.678997322
P2|lx0.5|li0.1|T3,4,stock_tipo,32,481.3637164,762.4191466,576.8000351,839.8836369,0.06245565927,0.06446084994,0.875,1.22046986,1.116581307
P2|lx0.5|li0.1|T3,5,aggregati,35,923.1020804,1575.065786,1755.928415,2514.009028,0.1325343108,0.1426156203,0.6571428571,0.9482555174,0.7409637515
P2|lx0.5|li0.1|T3,5,consumo,497,20.76576067,54.38463951,57.85347026,97.72725474,0.2418038117,0.21362862,0.6507936508,1.429678276,1.091396026
P2|lx0.5|li0.1|T3,5,importazioni,497,8.581038883,25.47558996,41.48397097,64.40929881,0.4308649454,0.4356115625,0.5873015873,1.500854269,1.33613458
P2|lx0.5|li0.1|T3,5,investimento_ind,1372,19.16008213,57.79902619,82.46686511,134.4062984,1.95352196,5.094145712,0.2113702624,4.099313982,2.355851988
P2|lx0.5|li0.1|T3,5,investimento_tipo,28,226.4142613,293.054658,247.0810158,314.3803694,0.3507274615,0.3804050159,0.6428571429,1.419803795,1.254402913
P2|lx0.5|li0.1|T3,5,produzione,497,60.82640011,103.0081345,103.5478631,152.7287746,0.1783646781,0.1803584929,0.5915492958,1.138321435,1.089661026
P2|lx0.5|li0.1|T3,5,scorte,77,35.36598151,45.87975582,44.61213784,52.85408063,0.1414350383,0.158253399,0.05194805195,0.9846374299,0.98367173
P2|lx0.5|li0.1|T3,5,stock_ind,1372,44.14256758,126.5459941,509.8805926,852.6749754,0.6438229248,1.237384966,0.3833819242,2.216543845,1.720615753
P2|lx0.5|li0.1|T3,5,stock_tipo,28,678.9304878,1000.547202,796.1286533,1085.905961,0.08966815758,0.09378666753,0.8571428571,1.283189246,1.217103456
P2|lx0.5|li0.5|T1,1,aggregati,55,208.6150118,377.4622773,356.9798991,575.650224,0.03773690252,0.03836544411,0.7636363636,0.9086546975,0.6253972845
P2|lx0.5|li0.5|T1,1,consumo,781,5.886577529,15.39831812,13.99769419,22.9864049,0.09117254575,0.07517274876,0.6305916306,1.621896243,1.068313606
P2|lx0.5|li0.5|T1,1,importazioni,781,4.815635256,13.74108416,22.29118471,33.32121321,0.311482621,0.2412919272,0.5401606426,1.90252648,1.943382551
P2|lx0.5|li0.5|T1,1,investimento_ind,2156,15.32713058,42.72384951,59.48922742,118.085026,1.769475168,3.189335086,0.4406307978,8.998398346,5.824446506
P2|lx0.5|li0.5|T1,1,investimento_tipo,44,77.08677692,128.9006494,74.95458176,119.2104714,0.1186524581,0.1424229496,0.4090909091,2.106939331,1.434339091
P2|lx0.5|li0.5|T1,1,produzione,781,17.58075443,35.63112832,28.91859239,53.81289968,0.05651009135,0.05316159787,0.5403329065,1.290819706,1.057500279
P2|lx0.5|li0.5|T1,1,scorte,121,32.96080603,40.93776535,41.74190497,48.81110222,0.1429283514,0.1459215852,0.4214876033,3.078601262,3.479541941
P2|lx0.5|li0.5|T1,1,stock_ind,2156,15.30592044,42.64419812,88.50219747,161.7722119,0.2531967567,0.4605758664,0.3919294991,3.486641948,1.57303354
P2|lx0.5|li0.5|T1,1,stock_tipo,44,72.85828241,125.3165475,93.82984326,160.3205015,0.00918867998,0.009412516773,0.9545454545,0.7938601522,0.7390376022
P2|lx0.5|li0.5|T1,2,aggregati,50,309.985916,497.963753,549.3746288,746.7600978,0.05029169208,0.05226439728,0.8,0.7192871579,0.5562963387
P2|lx0.5|li0.5|T1,2,consumo,710,8.722583203,28.16406938,23.39484004,50.73707452,0.1040752508,0.09588731147,0.6587301587,1.71691947,1.003816121
P2|lx0.5|li0.5|T1,2,importazioni,710,5.327101216,16.03204343,25.99802708,40.89780634,0.3304329711,0.2885553119,0.5973451327,1.707107401,1.591356389
P2|lx0.5|li0.5|T1,2,investimento_ind,1960,15.03240548,43.40152742,69.94059409,133.9387681,1.73441064,2.771456201,0.3943877551,5.891026887,4.020782385
P2|lx0.5|li0.5|T1,2,investimento_tipo,40,110.5610536,155.3534171,110.1807248,148.7071303,0.1636880469,0.197529754,0.55,1.593581303,1.227082562
P2|lx0.5|li0.5|T1,2,produzione,710,26.7483857,48.97758158,41.74007567,64.40435754,0.09036271098,0.09171046379,0.6098591549,1.143713407,0.9357348785
P2|lx0.5|li0.5|T1,2,scorte,110,35.46670198,43.9715225,44.24724407,51.34012548,0.1571495526,0.1625582188,0.3909090909,2.06056757,2.229522157
P2|lx0.5|li0.5|T1,2,stock_ind,1960,25.04290025,68.41934966,188.2435285,336.8529143,0.3993142593,0.8463378109,0.4076530612,2.855221387,1.667296821
P2|lx0.5|li0.5|T1,2,stock_tipo,40,167.7512443,269.2148996,213.3701855,341.2993986,0.02084382044,0.02188157599,0.975,0.858843885,0.8481819426
P2|lx0.5|li0.5|T1,3,aggregati,45,446.632068,757.8732675,824.6738385,1170.030146,0.06440728175,0.06789013089,0.8444444444,0.7526633048,0.5905089496
P2|lx0.5|li0.5|T1,3,consumo,639,12.58973696,35.25084523,33.98313848,62.48715506,0.1502497672,0.1378858795,0.6737213404,1.498555869,1.021465195
P2|lx0.5|li0.5|T1,3,importazioni,639,6.013184256,20.77316934,30.55736396,56.54634744,0.3471948467,0.3807435693,0.6142506143,1.751440614,1.444295619
P2|lx0.5|li0.5|T1,3,investimento_ind,1764,14.84790961,41.47912378,72.95045242,135.3389464,1.712914098,2.105515196,0.3764172336,4.256055737,3.001559891
P2|lx0.5|li0.5|T1,3,investimento_tipo,36,135.107512,175.1492206,140.1544047,174.9849282,0.1902535352,0.2319969449,0.5833333333,1.309191065,1.129812693
P2|lx0.5|li0.5|T1,3,produzione,639,35.55730828,63.20844113,56.37948247,87.67617757,0.1156531771,0.1176414971,0.627543036,1.077753556,0.9130143006
P2|lx0.5|li0.5|T1,3,scorte,99,36.81089167,47.95135078,46.79813789,57.09817462,0.1698934582,0.1712948947,0.4747474747,1.618776315,1.689491692
P2|lx0.5|li0.5|T1,3,stock_ind,1764,33.10387626,92.05262989,292.0665285,514.0552901,0.506739254,0.8796983775,0.4115646259,2.600974438,1.704854733
P2|lx0.5|li0.5|T1,3,stock_tipo,36,266.217063,420.7863211,338.2585179,526.7532581,0.03255888145,0.03494756703,0.9722222222,0.8986001306,0.887929024
P2|lx0.5|li0.5|T1,4,aggregati,40,620.3551054,1042.480404,1144.981398,1613.600531,0.0871405698,0.09315195946,0.825,0.7859050639,0.611584871
P2|lx0.5|li0.5|T1,4,consumo,568,17.03933889,46.94219609,46.75128444,83.98259253,0.1929893077,0.1755256938,0.6765873016,1.521750819,1.075726053
P2|lx0.5|li0.5|T1,4,importazioni,568,7.113433963,22.03931893,36.11828138,58.94205062,0.3699597879,0.42760301,0.6260387812,1.519413557,1.35281813
P2|lx0.5|li0.5|T1,4,investimento_ind,1568,15.02104805,41.11976758,72.70923834,129.1864622,1.70711765,2.205061042,0.3596938776,3.459849334,2.383832945
P2|lx0.5|li0.5|T1,4,investimento_tipo,32,159.0957599,195.872103,170.2541333,202.4812793,0.2149895156,0.2667223959,0.5625,1.156396427,1.068053225
P2|lx0.5|li0.5|T1,4,produzione,568,47.25493896,80.93721719,77.41734581,115.3620224,0.1444123211,0.1487275676,0.625,1.08468828,0.9794797901
P2|lx0.5|li0.5|T1,4,scorte,88,39.78208787,50.81071512,47.48704303,57.0306275,0.1939289047,0.1982313514,0.3295454545,1.341816938,1.325414053
P2|lx0.5|li0.5|T1,4,stock_ind,1568,39.97883326,111.6952899,405.4760365,689.4653276,0.5807722094,1.109401693,0.4209183673,2.392798256,1.735773872
P2|lx0.5|li0.5|T1,4,stock_tipo,32,379.0417248,580.6024871,475.9953003,715.1960278,0.04718509887,0.05172538955,0.96875,0.9294203058,0.9214414395
P2|lx0.5|li0.5|T1,5,aggregati,35,875.7200672,1527.1088,1626.751422,2400.36638,0.1235811392,0.133337479,0.7714285714,0.919383405,0.6864538588
P2|lx0.5|li0.5|T1,5,consumo,497,22.08617159,57.95714965,62.24526852,105.9816986,0.2661251511,0.2265387428,0.6485260771,1.523593399,1.174246565
P2|lx0.5|li0.5|T1,5,importazioni,497,9.08378725,27.73522865,45.20345967,71.63095994,0.4644489169,0.4669497051,0.5746031746,1.633977324,1.455933561
P2|lx0.5|li0.5|T1,5,investimento_ind,1372,20.43185127,63.76321404,88.54709852,146.000119,1.958340025,5.698537502,0.2091836735,4.522315549,2.529547568
P2|lx0.5|li0.5|T1,5,investimento_tipo,28,187.6455208,221.4196957,205.4131619,235.1038386,0.2475162148,0.3106847388,0.5714285714,1.072743652,1.04285984
P2|lx0.5|li0.5|T1,5,produzione,497,61.83598998,105.1308607,103.1408702,152.6422742,0.183999178,0.191165985,0.5875251509,1.161779239,1.085378134
P2|lx0.5|li0.5|T1,5,scorte,77,35.90855489,46.19054874,45.03645705,53.0728093,0.1439819187,0.1613046378,0.07792207792,0.9913074379,0.9930277222
P2|lx0.5|li0.5|T1,5,stock_ind,1372,49.15931561,150.1512086,529.3318313,868.2042474,0.6475310411,1.874610298,0.3768221574,2.630006107,1.786254862
P2|lx0.5|li0.5|T1,5,stock_tipo,28,553.0045641,765.3179694,656.07124,914.4674674,0.07337129725,0.08228346874,0.9642857143,0.9815107032,1.002986855
P2|lx0.5|li0.5|T3,1,aggregati,55,208.1524276,377.641836,358.3508448,576.5205075,0.03742236896,0.03802650184,0.7636363636,0.9090869443,0.6277990604
P2|lx0.5|li0.5|T3,1,consumo,781,5.888355017,15.43148942,14.00450247,23.02111658,0.09116154277,0.07513523387,0.6305916306,1.625390157,1.068833219
P2|lx0.5|li0.5|T3,1,importazioni,781,4.237028384,12.14501147,19.25939519,29.49666526,0.2976050763,0.2307103312,0.5502008032,1.681541693,1.679066099
P2|lx0.5|li0.5|T3,1,investimento_ind,2156,14.97295571,40.01331365,58.0313477,114.939483,1.763834375,2.884687988,0.4346011132,8.427511554,5.681709025
P2|lx0.5|li0.5|T3,1,investimento_tipo,44,77.04543101,128.8488405,74.9266532,119.1726756,0.1185867309,0.1423205337,0.3636363636,2.106092491,1.433804647
P2|lx0.5|li0.5|T3,1,produzione,781,17.58780103,35.71364735,28.98407416,53.97947342,0.05635707664,0.05301677418,0.5390524968,1.293809148,1.059894828
P2|lx0.5|li0.5|T3,1,scorte,121,33.53840687,41.48697096,42.01716866,49.38828656,0.146920992,0.1512092467,0.4214876033,3.119902614,3.502487505
P2|lx0.5|li0.5|T3,1,stock_ind,2156,14.94824837,39.92715925,87.49034023,160.3756072,0.256152013,0.4045735769,0.3937847866,3.264493517,1.555048841
P2|lx0.5|li0.5|T3,1,stock_tipo,44,72.8169365,125.2617553,93.75544706,160.2432406,0.009186184395,0.009409985655,0.9545454545,0.7935130521,0.738451631
P2|lx0.5|li0.5|T3,2,aggregati,50,309.8160943,499.2002714,551.1487209,749.8449608,0.05007474106,0.0520489716,0.8,0.7210732554,0.558092783
P2|lx0.5|li0.5|T3,2,consumo,710,8.717202205,28.1250752,23.38666299,50.70168633,0.1039202362,0.09580764807,0.6587301587,1.714542332,1.003465264
P2|lx0.5|li0.5|T3,2,importazioni,710,4.781879262,14.25487564,22.6937815,37.83341434,0.3146743162,0.2809524939,0.6084070796,1.517872866,1.389101337
P2|lx0.5|li0.5|T3,2,investimento_ind,1960,15.20858441,43.38988283,70.07204002,133.891963,1.741438659,3.169716937,0.3903061224,5.889446331,4.028339019
P2|lx0.5|li0.5|T3,2,investimento_tipo,40,110.571765,155.3634413,110.1879602,148.7142194,0.1637046288,0.1975562863,0.45,1.593684129,1.227163143
P2|lx0.5|li0.5|T3,2,produzione,710,26.76155077,48.9184581,41.4257779,64.12334414,0.09078887809,0.09220144895,0.6084507042,1.142332769,0.9286889071
P2|lx0.5|li0.5|T3,2,scorte,110,36.65616685,44.6554856,45.95323462,52.37076114,0.159551135,0.1660039403,0.4636363636,2.092619045,2.315483302
P2|lx0.5|li0.5|T3,2,stock_ind,1960,24.72992736,63.63059407,187.1414041,335.158264,0.4134460092,0.8535861343,0.4086734694,2.655380882,1.657535165
P2|lx0.5|li0.5|T3,2,stock_tipo,40,163.4664176,267.1655559,211.3398578,340.4597239,0.01975365702,0.02072041017,0.975,0.8523061103,0.8401110526
P2|lx0.5|li0.5|T3,3,aggregati,45,445.5645404,756.243636,823.0196757,1166.718655,0.06416146673,0.06763688965,0.8222222222,0.7510448761,0.5893244838
P2|lx0.5|li0.5|T3,3,consumo,639,12.56828265,35.23438926,33.97464226,62.51207356,0.1499168237,0.137624587,0.6737213404,1.497856306,1.021209816
P2|lx0.5|li0.5|T3,3,importazioni,639,5.947966411,20.59899687,30.70558666,56.79658846,0.3325366095,0.3736139184,0.6216216216,1.736755675,1.451301374
P2|lx0.5|li0.5|T3,3,investimento_ind,1764,14.55164828,40.63843547,71.50100681,134.6592733,1.701581783,2.278901566,0.3803854875,4.169795084,2.941922183
P2|lx0.5|li0.5|T3,3,investimento_tipo,36,135.1194135,175.1564645,140.162444,174.989827,0.190272091,0.2320264252,0.5277777778,1.309245211,1.1298775
P2|lx0.5|li0.5|T3,3,produzione,639,35.75884773,63.47481403,56.48385202,87.6490899,0.1161974983,0.1186321619,0.6244131455,1.082295423,0.9147044703
P2|lx0.5|li0.5|T3,3,scorte,99,37.39079366,47.91738484,46.4839231,55.787452,0.1763148181,0.1767122537,0.4646464646,1.617629668,1.678148008
P2|lx0.5|li0.5|T3,3,stock_ind,1764,32.5459552,87.93501465,289.2185811,512.49454,0.5152615489,0.9045489168,0.4217687075,2.484629995,1.688230656
P2|lx0.5|li0.5|T3,3,stock_tipo,36,254.3317881,415.1916746,332.855328,524.5239712,0.02932428717,0.03142625445,0.9722222222,0.8866526175,0.8737456439
P2|lx0.5|li0.5|T3,4,aggregati,40,622.1015603,1045.577271,1145.928281,1618.279383,0.08783265252,0.09383872045,0.85,0.7882397296,0.6120906428
P2|lx0.5|li0.5|T3,4,consumo,568,17.03192399,46.88484106,46.768909,83.9625863,0.1924430968,0.1752589929,0.6765873016,1.51989151,1.076131587
P2|lx0.5|li0.5|T3,4,importazioni,568,7.059035107,21.99228037,36.41307192,59.31295246,0.3586880124,0.4214364121,0.620498615,1.516170669,1.363859574
P2|lx0.5|li0.5|T3,4,investimento_ind,1568,14.8780894,40.68489414,72.54211748,129.0488291,1.696020614,2.134076383,0.3654336735,3.423258743,2.378353748
P2|lx0.5|li0.5|T3,4,investimento_tipo,32,159.0968462,195.876281,170.2547715,202.4840188,0.2149899095,0.266727083,0.5625,1.156421094,1.068057228
P2|lx0.5|li0.5|T3,4,produzione,568,47.17839664,80.7846292,77.04208418,114.9762689,0.1440527794,0.148524049,0.6320422535,1.082643356,0.9747320016
P2|lx0.5|li0.5|T3,4,scorte,88,41.42441153,53.23480913,50.56601791,61.25321473,0.1977397819,0.2032451351,0.3636363636,1.405832774,1.411351528
P2|lx0.5|li0.5|T3,4,stock_ind,1568,39.33108433,109.1067257,402.3634969,688.2079967,0.5811943462,1.031373138,0.4355867347,2.337344601,1.722449619
P2|lx0.5|li0.5|T3,4,stock_tipo,32,357.3559546,571.2153015,466.9842635,711.5639947,0.04063533302,0.044464143,0.96875,0.9143934309,0.9039976901
P2|lx0.5|li0.5|T3,5,aggregati,35,876.2197765,1528.726505,1624.13716,2402.844318,0.1240237776,0.1338260273,0.7714285714,0.9203573307,0.6853506967
P2|lx0.5|li0.5|T3,5,consumo,497,22.12464034,58.04018964,62.36912347,106.1197569,0.2662680646,0.226648941,0.6485260771,1.525776377,1.176583068
P2|lx0.5|li0.5|T3,5,importazioni,497,9.071131996,27.7027452,45.14514046,71.59068955,0.4674106712,0.4713108292,0.5746031746,1.632063613,1.454055189
P2|lx0.5|li0.5|T3,5,investimento_ind,1372,20.34465927,63.98240364,88.99874477,146.948345,1.956140966,6.124345977,0.2106413994,4.537861261,2.542449861
P2|lx0.5|li0.5|T3,5,investimento_tipo,28,187.6467623,221.4215101,205.4138911,235.1050033,0.2475167423,0.3106900954,0.6785714286,1.072752443,1.042863543
P2|lx0.5|li0.5|T3,5,produzione,497,62.25399888,105.6527685,103.5835069,153.0274742,0.185249876,0.1929766657,0.5875251509,1.167546734,1.090036115
P2|lx0.5|li0.5|T3,5,scorte,77,35.90814754,46.19053296,45.03626556,53.07280284,0.143977768,0.161300314,0.07792207792,0.9913070993,0.9930234998
P2|lx0.5|li0.5|T3,5,stock_ind,1372,48.11876564,142.9566994,525.2641234,866.0594225,0.6516772701,2.162257058,0.3811953353,2.503989118,1.772528193
P2|lx0.5|li0.5|T3,5,stock_tipo,28,515.5803078,747.2255505,640.9381428,907.5606692,0.0619628913,0.0694338477,0.9642857143,0.9583074026,0.9798517183
P2|lx2.0|li0.1|T1,1,aggregati,55,221.1178583,392.269982,385.1397984,614.36899,0.04044554256,0.03992073632,0.7454545455,0.9443008832,0.6747309434
P2|lx2.0|li0.1|T1,1,consumo,781,5.735811791,12.3579809,13.13452906,19.48868949,0.149116336,0.1060517943,0.6233766234,1.301659222,1.002436252
P2|lx2.0|li0.1|T1,1,importazioni,781,4.690793661,13.93209117,23.55054726,36.10234086,0.3214277979,0.2417837136,0.5481927711,1.92897242,2.053175872
P2|lx2.0|li0.1|T1,1,investimento_ind,2156,14.61122928,40.54445348,62.11726797,124.0727192,1.759877265,2.275769419,0.4304267161,8.539378996,6.081751605
P2|lx2.0|li0.1|T1,1,investimento_tipo,44,108.0365861,181.5760235,105.134461,177.867532,0.2153903195,0.2039455221,0.3409090909,2.967942111,2.011864568
P2|lx2.0|li0.1|T1,1,produzione,781,15.5162658,28.50518484,24.81270854,41.14012913,0.04915338947,0.04766521575,0.4891165173,1.032665988,0.9073555808
P2|lx2.0|li0.1|T1,1,scorte,121,34.81901914,43.47782089,44.20269705,52.0163253,0.1498946686,0.1546266865,0.4297520661,3.269618483,3.68466984
P2|lx2.0|li0.1|T1,1,stock_ind,2156,14.58940218,40.46746485,93.31103432,170.7095158,0.250054992,0.556908332,0.3845083488,3.308669566,1.658505561
P2|lx2.0|li0.1|T1,1,stock_tipo,44,104.2285756,179.4736443,128.3082517,203.7190196,0.01324566647,0.0133100613,0.8636363636,1.136936641,1.010601951
P2|lx2.0|li0.1|T1,2,aggregati,50,343.1936293,575.65003,578.7444319,877.1805031,0.05868930975,0.05971474828,0.78,0.8315016335,0.5860361794
P2|lx2.0|li0.1|T1,2,consumo,710,9.977438982,22.19930985,23.45634556,37.09749396,0.2509868056,0.1702376525,0.619047619,1.353299723,1.006455175
P2|lx2.0|li0.1|T1,2,importazioni,710,5.617628478,16.51174701,26.11486403,40.02179093,0.3822967693,0.2993693948,0.5575221239,1.7581867,1.598508055
P2|lx2.0|li0.1|T1,2,investimento_ind,1960,14.70692216,39.6718438,65.245483,124.3789002,1.747166601,2.953165879,0.3857142857,5.384785107,3.750867321
P2|lx2.0|li0.1|T1,2,investimento_tipo,40,140.0189328,205.8260676,140.5946969,207.0544474,0.2593689238,0.253338391,0.525,2.111318689,1.565802923
P2|lx2.0|li0.1|T1,2,produzione,710,24.24805987,42.02958196,38.56972735,58.3512172,0.08236125737,0.07909865786,0.5084507042,0.9814652915,0.8646615646
P2|lx2.0|li0.1|T1,2,scorte,110,35.30140054,43.95283251,45.02878045,52.41050193,0.1472333463,0.1562511774,0.5090909091,2.05969173,2.268902072
P2|lx2.0|li0.1|T1,2,stock_ind,1960,23.74092038,66.40386033,188.8267149,342.4988947,0.3945200334,0.8321762565,0.4091836735,2.771112603,1.672462177
P2|lx2.0|li0.1|T1,2,stock_tipo,40,228.3545362,371.9651168,277.6735991,418.6129121,0.02917981353,0.02960426954,0.875,1.186635533,1.103798697
P2|lx2.0|li0.1|T1,3,aggregati,45,481.5915447,849.0934527,808.4377564,1293.76916,0.07832863551,0.08086350349,0.8222222222,0.8432564013,0.5788830785
P2|lx2.0|li0.1|T1,3,consumo,639,14.74393295,36.30012976,35.80670596,62.86810833,0.3109578795,0.2178904037,0.60670194,1.543162217,1.076277987
P2|lx2.0|li0.1|T1,3,importazioni,639,6.770302831,22.52328885,31.59978983,55.34237973,0.4062720831,0.3934767451,0.5970515971,1.8989978,1.49356594
P2|lx2.0|li0.1|T1,3,investimento_ind,1764,14.63831401,40.71681901,66.39150691,124.4185232,1.73510188,1.967662286,0.3577097506,4.177837797,2.731690862
P2|lx2.0|li0.1|T1,3,investimento_tipo,36,168.2438765,235.7121189,171.6031721,241.9065522,0.2997101612,0.2996112606,0.5833333333,1.761881663,1.383327499
P2|lx2.0|li0.1|T1,3,produzione,639,34.34738533,62.03126475,55.10160865,87.3261355,0.1123133474,0.1086597454,0.4976525822,1.057681775,0.8923202995
P2|lx2.0|li0.1|T1,3,scorte,99,38.44425336,48.71066036,47.88890941,56.80255088,0.1669687679,0.1765619785,0.4747474747,1.644409636,1.728870383
P2|lx2.0|li0.1|T1,3,stock_ind,1764,30.87680486,85.96343676,285.6231169,512.4641229,0.4966185044,0.7715981378,0.4155328798,2.428922475,1.667243163
P2|lx2.0|li0.1|T1,3,stock_tipo,36,373.4327569,581.3112768,446.5715086,647.6200811,0.04850618618,0.04967353486,0.8611111111,1.241405348,1.172250757
P2|lx2.0|li0.1|T1,4,aggregati,40,681.1205159,1157.300483,1125.516748,1769.288461,0.1095574492,0.1149228251,0.7,0.8724656178,0.6011879465
P2|lx2.0|li0.1|T1,4,consumo,568,20.304121,46.25455597,48.94151542,78.69491648,0.3890529503,0.2751591882,0.6091269841,1.499459213,1.126122284
P2|lx2.0|li0.1|T1,4,importazioni,568,7.376794948,24.08871227,35.2531214,60.93606148,0.4275596571,0.439540079,0.5927977839,1.660700863,1.320413373
P2|lx2.0|li0.1|T1,4,investimento_ind,1568,15.03743278,38.48253012,66.86470625,119.0956398,1.72952759,2.214362136,0.3494897959,3.237950116,2.192215092
P2|lx2.0|li0.1|T1,4,investimento_tipo,32,199.2139987,264.9072555,207.8492685,276.2934684,0.3432577148,0.3483804062,0.5,1.563968524,1.303898339
P2|lx2.0|li0.1|T1,4,produzione,568,45.75617087,82.78420867,73.99507614,118.0470825,0.1466881229,0.1414337619,0.5017605634,1.109440922,0.9361814317
P2|lx2.0|li0.1|T1,4,scorte,88,40.01540613,50.90695178,47.35262933,57.0355184,0.2099765188,0.2061286672,0.4431818182,1.34435837,1.321662423
P2|lx2.0|li0.1|T1,4,stock_ind,1568,36.91972052,98.93485766,390.0120101,679.9257193,0.5665103389,0.990645438,0.4215561224,2.119437221,1.669575007
P2|lx2.0|li0.1|T1,4,stock_tipo,32,538.8359718,807.9400314,639.6665178,890.9937146,0.07035557737,0.07264180973,0.84375,1.293339053,1.23827953
P2|lx2.0|li0.1|T1,5,aggregati,35,921.2122161,1546.997501,1541.977135,2371.725239,0.1413134938,0.1508566671,0.7142857143,0.9313572355,0.6506809461
P2|lx2.0|li0.1|T1,5,consumo,497,25.96134098,59.52657136,65.57049968,103.7219765,0.4410637259,0.3143487111,0.589569161,1.564850787,1.236976494
P2|lx2.0|li0.1|T1,5,importazioni,497,8.906922845,25.7678521,40.53873313,64.51187239,0.5569399542,0.4916700347,0.5714285714,1.518072433,1.30568993
P2|lx2.0|li0.1|T1,5,investimento_ind,1372,19.77167767,61.19223192,81.6725545,135.75077,1.959317368,5.47665004,0.2033527697,4.339972287,2.333160714
P2|lx2.0|li0.1|T1,5,investimento_tipo,28,237.1270631,300.8708912,253.7000053,318.8832408,0.3938757551,0.4075380524,0.4285714286,1.457672217,1.288006789
P2|lx2.0|li0.1|T1,5,produzione,497,58.05554837,103.2825054,92.71026331,145.2401215,0.1826590417,0.1797121026,0.476861167,1.14135345,0.9756141514
P2|lx2.0|li0.1|T1,5,scorte,77,33.8292561,44.27825928,42.26312163,50.75125129,0.1362646978,0.1525864218,0.07792207792,0.9502672941,0.9318772867
P2|lx2.0|li0.1|T1,5,stock_ind,1372,45.10241663,128.5757785,506.0881548,848.71516,0.6405410429,1.172540792,0.3753644315,2.252096976,1.707817996
P2|lx2.0|li0.1|T1,5,stock_tipo,28,765.9235271,1065.936988,884.8471319,1157.60597,0.102965384,0.1078487457,0.7857142857,1.367050827,1.352734257
P2|lx2.0|li0.1|T3,1,aggregati,55,217.8478948,387.6950649,383.8557299,612.0426133,0.03854733928,0.03835223566,0.7454545455,0.9332878094,0.6724813685
P2|lx2.0|li0.1|T3,1,consumo,781,5.761009985,12.42764418,13.15701466,19.54919992,0.1496104101,0.1064071686,0.6219336219,1.308996816,1.004152369
P2|lx2.0|li0.1|T3,1,importazioni,781,4.328714577,12.94043464,21.7801956,33.97931466,0.2936323597,0.226184092,0.5542168675,1.791672278,1.898833671
P2|lx2.0|li0.1|T3,1,investimento_ind,2156,14.61665647,39.89067579,62.79162495,124.2611309,1.76418305,2.179309995,0.422541744,8.401681853,6.147776268
P2|lx2.0|li0.1|T3,1,investimento_tipo,44,104.5103071,172.0488445,101.2737604,166.3194594,0.2000869521,0.1976750658,0.3181818182,2.812216068,1.937985779
P2|lx2.0|li0.1|T3,1,produzione,781,15.51162558,28.49054823,24.81885093,41.14765784,0.04916434997,0.04766469464,0.4878361076,1.032135743,0.9075801971
P2|lx2.0|li0.1|T3,1,scorte,121,34.85072592,42.34833633,43.36132395,49.97249133,0.1522282245,0.1571263336,0.4297520661,3.184679001,3.614534253
P2|lx2.0|li0.1|T3,1,stock_ind,2156,14.58823327,39.81251801,93.17260023,170.6215119,0.2522954491,0.4159248448,0.3775510204,3.255120308,1.65604504
P2|lx2.0|li0.1|T3,1,stock_tipo,44,100.7022965,169.8000374,125.0889546,197.416191,0.01268498216,0.01279760202,0.8636363636,1.075655899,0.9852456093
P2|lx2.0|li0.1|T3,2,aggregati,50,336.5723362,571.0108405,578.9780114,880.1546583,0.05522067478,0.05658492259,0.76,0.8248005244,0.5862727018
P2|lx2.0|li0.1|T3,2,consumo,710,9.907941843,21.79538069,23.32166578,36.42571984,0.2509522848,0.1706010438,0.6174603175,1.32867566,1.00067639
P2|lx2.0|li0.1|T3,2,importazioni,710,5.363056678,16.10336155,25.43502958,39.56942522,0.3162468258,0.2635873614,0.5730088496,1.714701423,1.55689494
P2|lx2.0|li0.1|T3,2,investimento_ind,1960,14.39007931,38.91068664,64.77771524,123.782964,1.736796758,3.076405933,0.3887755102,5.281470834,3.723976036
P2|lx2.0|li0.1|T3,2,investimento_tipo,40,136.4451276,195.4119932,136.571422,194.6688121,0.2438782819,0.2471216764,0.525,2.004493397,1.520995717
P2|lx2.0|li0.1|T3,2,produzione,710,24.33879973,42.70383813,38.9926166,60.25894968,0.08175961518,0.07873732231,0.5070422535,0.9972103692,0.8741419552
P2|lx2.0|li0.1|T3,2,scorte,110,35.15594768,44.07834084,43.27842802,51.67996116,0.1555857211,0.1645579615,0.4727272727,2.065573228,2.180705629
P2|lx2.0|li0.1|T3,2,stock_ind,1960,23.49100873,64.23603079,188.1775125,342.1364816,0.398577048,0.8494871993,0.4107142857,2.680646481,1.666712109
P2|lx2.0|li0.1|T3,2,stock_tipo,40,218.512731,351.925075,270.1951853,405.6959876,0.02717407556,0.0277386575,0.875,1.1227042,1.07407076
P2|lx2.0|li0.1|T3,3,aggregati,45,475.7502612,842.7301452,805.4291797,1289.265215,0.07498012847,0.07810440208,0.8222222222,0.836936838,0.5767287826
P2|lx2.0|li0.1|T3,3,consumo,639,14.79419788,36.55769839,35.87195571,63.29262553,0.3135678251,0.2193145021,0.60670194,1.55411177,1.078239264
P2|lx2.0|li0.1|T3,3,importazioni,639,6.213690974,21.18012803,29.36216031,52.13165475,0.3531131278,0.359846949,0.6167076167,1.785752373,1.387804248
P2|lx2.0|li0.1|T3,3,investimento_ind,1764,14.12056838,38.23715916,64.93328942,122.8299855,1.714603752,2.044300879,0.369047619,3.923406904,2.671692233
P2|lx2.0|li0.1|T3,3,investimento_tipo,36,164.2729818,224.2983897,167.1328666,228.6410718,0.2837137549,0.2927038,0.5277777778,1.676567254,1.347291472
P2|lx2.0|li0.1|T3,3,produzione,639,34.31664862,62.21301668,55.15806008,87.80254084,0.1118240674,0.1082250666,0.5007824726,1.060780788,0.893234479
P2|lx2.0|li0.1|T3,3,scorte,99,36.91472533,46.4433543,44.99274905,53.56653323,0.1668562957,0.1762845292,0.4949494949,1.567868281,1.62431411
P2|lx2.0|li0.1|T3,3,stock_ind,1764,30.74987419,83.44580691,284.8817943,511.994774,0.5035295394,0.8447442998,0.4200680272,2.357786095,1.662915904
P2|lx2.0|li0.1|T3,3,stock_tipo,36,353.8272452,550.0031214,433.1433248,627.3102119,0.04402941684,0.04539868331,0.8611111111,1.174545968,1.137001758
P2|lx2.0|li0.1|T3,4,aggregati,40,675.4595693,1148.562122,1121.447295,1756.047816,0.105790806,0.1119537219,0.7,0.8658779433,0.5990142729
P2|lx2.0|li0.1|T3,4,consumo,568,20.44562659,46.53801246,49.26417433,79.07863426,0.3919620273,0.2764728161,0.6111111111,1.508648177,1.133546521
P2|lx2.0|li0.1|T3,4,importazioni,568,7.356029358,24.25896664,35.61259863,61.78277024,0.4153841988,0.4321621507,0.595567867,1.672438377,1.333877672
P2|lx2.0|li0.1|T3,4,investimento_ind,1568,14.37994201,35.55298366,64.68765363,115.1935951,1.703030416,2.133256351,0.3641581633,2.991455791,2.120838608
P2|lx2.0|li0.1|T3,4,investimento_tipo,32,194.6120531,252.7888608,202.728147,262.4114767,0.3254959006,0.3402977426,0.46875,1.492423531,1.271772068
P2|lx2.0|li0.1|T3,4,produzione,568,45.61991007,82.15364477,73.80223168,116.7734011,0.1452601354,0.1402600645,0.5017605634,1.100990357,0.9337415748
P2|lx2.0|li0.1|T3,4,scorte,88,40.18937707,52.39307655,49.62302135,59.85471814,0.1999374686,0.1966662895,0.4545454545,1.383604174,1.385031488
P2|lx2.0|li0.1|T3,4,stock_ind,1568,36.69913047,98.58957243,389.7647911,680.1306816,0.573299582,1.007292307,0.4253826531,2.11204033,1.668516705
P2|lx2.0|li0.1|T3,4,stock_tipo,32,511.0669375,766.1539222,620.4416861,863.123279,0.06395345481,0.06657499728,0.84375,1.226448437,1.201063708
P2|lx2.0|li0.1|T3,5,aggregati,35,912.375528,1542.844289,1538.755829,2367.997861,0.1370584583,0.1468283065,0.7142857143,0.9288568277,0.6493216247
P2|lx2.0|li0.1|T3,5,consumo,497,26.02296513,59.66440964,65.77231386,104.0493176,0.4427227381,0.3141054647,0.589569161,1.568474317,1.240783684
P2|lx2.0|li0.1|T3,5,importazioni,497,8.529516598,24.60108493,39.30806406,62.30067048,0.5049071624,0.4666375039,0.5714285714,1.449334182,1.266051982
P2|lx2.0|li0.1|T3,5,investimento_ind,1372,19.6012428,60.71880272,80.73836039,134.9711406,1.95735583,5.459150296,0.2040816327,4.306394993,2.306473352
P2|lx2.0|li0.1|T3,5,investimento_tipo,28,231.8676967,287.4699001,247.847295,303.8212766,0.3748160025,0.3983007225,0.5,1.39274652,1.258293228
P2|lx2.0|li0.1|T3,5,produzione,497,58.00033403,103.2754095,92.67134759,145.1425585,0.1819720129,0.1789068816,0.4808853119,1.141275035,0.9752046312
P2|lx2.0|li0.1|T3,5,scorte,77,33.82936446,44.27825946,42.26316594,50.75125135,0.1362657939,0.152587598,0.07792207792,0.9502672979,0.9318782638
P2|lx2.0|li0.1|T3,5,stock_ind,1372,44.21485365,123.6237147,504.4505333,847.958364,0.6490708004,1.163042985,0.3797376093,2.165358027,1.702291766
P2|lx2.0|li0.1|T3,5,stock_tipo,28,720.9031921,1009.890773,856.5089403,1120.195598,0.09178766571,0.09679640614,0.7857142857,1.295172258,1.309411472
P2|lx2.0|li0.5|T1,1,aggregati,55,237.8914793,432.7912138,401.6313096,643.8324925,0.04040782273,0.04096923459,0.7272727273,1.041846545,0.7036226158
P2|lx2.0|li0.5|T1,1,consumo,781,6.916322344,16.47496544,14.17784861,22.45438695,0.1995247204,0.1314452476,0.6233766234,1.735298902,1.082063115
P2|lx2.0|li0.5|T1,1,importazioni,781,4.786031107,13.73512462,22.82300245,33.78199578,0.3561768132,0.2602672303,0.546184739,1.901701351,1.989747307
P2|lx2.0|li0.5|T1,1,investimento_ind,2156,15.19558106,41.64547091,59.25536315,116.9764067,1.769608923,3.515697774,0.4346011132,8.77127274,5.80154942
P2|lx2.0|li0.5|T1,1,investimento_tipo,44,77.10555783,129.532769,75.16515721,119.9930334,0.1180689362,0.142070215,0.3636363636,2.117271611,1.438368686
P2|lx2.0|li0.5|T1,1,produzione,781,16.85034935,35.2716192,27.79624967,53.79903771,0.05474141217,0.05139134554,0.4814340589,1.27779566,1.016458249
P2|lx2.0|li0.5|T1,1,scorte,121,34.77120163,43.16498727,44.3425087,51.8825535,0.1485986325,0.1531881908,0.4049586777,3.246092773,3.696324328
P2|lx2.0|li0.5|T1,1,stock_ind,2156,15.17214869,41.56936593,88.46356,162.0675445,0.2563136024,0.6638716837,0.3868274583,3.39876235,1.5723468
P2|lx2.0|li0.5|T1,1,stock_tipo,44,73.20492106,126.045877,93.92266004,161.0788383,0.009254381306,0.00948268822,0.9545454545,0.7984803372,0.7397686606
P2|lx2.0|li0.5|T1,2,aggregati,50,348.0749038,591.5232563,592.3373352,880.8076967,0.05413890136,0.05600522653,0.76,0.8544298241,0.599800343
P2|lx2.0|li0.5|T1,2,consumo,710,10.86518317,25.74416012,24.46086029,42.2168192,0.2811374545,0.1839400595,0.6142857143,1.569398554,1.049556478
P2|lx2.0|li0.5|T1,2,importazioni,710,5.380623272,14.86552509,24.5656476,34.95569521,0.3823980544,0.3112510458,0.5730088496,1.582895407,1.503679496
P2|lx2.0|li0.5|T1,2,investimento_ind,1960,15.341399,42.83310931,69.64204731,133.2306869,1.746584764,3.167371725,0.3857142857,5.813873696,4.003619367
P2|lx2.0|li0.5|T1,2,investimento_tipo,40,109.4685946,155.0893203,108.8056729,148.433423,0.1621251998,0.1959374668,0.475,1.590872255,1.211768612
P2|lx2.0|li0.5|T1,2,produzione,710,25.59549907,46.33852957,39.6370324,61.51248139,0.08843431031,0.08969535634,0.5084507042,1.082086862,0.8885885592
P2|lx2.0|li0.5|T1,2,scorte,110,35.42592234,44.28917256,44.8701021,52.69369711,0.1516928106,0.1605347286,0.5,2.0754531,2.260906616
P2|lx2.0|li0.5|T1,2,stock_ind,1960,24.90369745,68.22980475,187.4395186,337.0399701,0.4030236377,0.9435641393,0.4132653061,2.84731145,1.660175603
P2|lx2.0|li0.5|T1,2,stock_tipo,40,168.8025886,269.3138193,213.7997329,341.5559002,0.02092936808,0.02198794505,0.975,0.8591594563,0.8498894648
P2|lx2.0|li0.5|T1,3,aggregati,45,468.4279674,841.8761231,810.3539428,1264.300939,0.06592898004,0.06895017376,0.7555555556,0.8360886869,0.5802551666
P2|lx2.0|li0.5|T1,3,consumo,639,15.88515786,38.24205654,36.78137063,64.49676281,0.3485507187,0.2345483322,0.5996472663,1.625715863,1.105574458
P2|lx2.0|li0.5|T1,3,importazioni,639,6.463220441,21.09196393,30.20692924,51.27104321,0.4211237036,0.4192038282,0.5847665848,1.778319026,1.427732301
P2|lx2.0|li0.5|T1,3,investimento_ind,1764,15.47283951,43.96529728,72.05147622,133.9033106,1.73870961,2.212946363,0.3639455782,4.511154978,2.964571349
P2|lx2.0|li0.5|T1,3,investimento_tipo,36,133.5647918,174.4238776,137.5710769,173.9076365,0.1894029953,0.2310233118,0.5277777778,1.303769331,1.108987971
P2|lx2.0|li0.5|T1,3,produzione,639,35.33458516,63.639937,55.36741303,87.03726852,0.1178756062,0.1187449574,0.5023474178,1.0851109,0.896624759
P2|lx2.0|li0.5|T1,3,scorte,99,36.51002309,45.31642834,44.0752775,51.92389783,0.1748367684,0.1796883117,0.5252525253,1.529824701,1.591191841
P2|lx2.0|li0.5|T1,3,stock_ind,1764,32.55605692,91.27441065,289.0731876,513.2140428,0.5040164263,0.8975511016,0.4212018141,2.578985622,1.687381962
P2|lx2.0|li0.5|T1,3,stock_tipo,36,268.1556834,421.2800321,338.1606965,527.0110967,0.0330638613,0.03555247241,0.9722222222,0.8996544634,0.8876722429
P2|lx2.0|li0.5|T1,4,aggregati,40,660.4129439,1154.935306,1118.071257,1732.267762,0.09307123101,0.09851767347,0.8,0.8706825585,0.5972109827
P2|lx2.0|li0.5|T1,4,consumo,568,22.03141069,49.43412306,51.22641999,82.37417575,0.4411980335,0.2995080469,0.5992063492,1.602532977,1.178696912
P2|lx2.0|li0.5|T1,4,importazioni,568,7.660253773,23.90721862,35.12372047,59.13022921,0.4858616286,0.4885926087,0.5817174515,1.648188503,1.315566633
P2|lx2.0|li0.5|T1,4,investimento_ind,1568,15.96372991,41.72660745,73.89790214,129.8948597,1.739802264,2.323075308,0.3450255102,3.510909314,2.422804278
P2|lx2.0|li0.5|T1,4,investimento_tipo,32,157.5243832,194.824203,167.4997804,200.9255661,0.2143999351,0.2659758096,0.5625,1.1502098,1.050774376
P2|lx2.0|li0.5|T1,4,produzione,568,46.52963335,82.24950573,73.29686037,112.9806794,0.1498764527,0.1500304876,0.4964788732,1.102275047,0.9273476462
P2|lx2.0|li0.5|T1,4,scorte,88,40.39263488,50.48652831,48.31059228,57.84426847,0.2141661863,0.2106573992,0.4431818182,1.333255764,1.348400192
P2|lx2.0|li0.5|T1,4,stock_ind,1568,39.78663374,108.605837,399.9046663,687.3957174,0.5820985393,1.127737052,0.4215561224,2.326614287,1.711923784
P2|lx2.0|li0.5|T1,4,stock_tipo,32,382.0425072,583.4591527,474.8818687,716.5570725,0.0482559396,0.05302856967,0.96875,0.9339932159,0.9192860358
P2|lx2.0|li0.5|T1,5,aggregati,35,892.5015964,1556.930364,1492.255699,2350.552118,0.1287324736,0.137471245,0.6857142857,0.9373372341,0.6296995775
P2|lx2.0|li0.5|T1,5,consumo,497,27.82966005,64.36802029,70.43660099,114.4334426,0.4816582398,0.3356368554,0.5804988662,1.69212412,1.32877468
P2|lx2.0|li0.5|T1,5,importazioni,497,9.645756535,27.61844985,42.79071062,66.97202852,0.5955522715,0.5440876327,0.5333333333,1.627097485,1.378222644
P2|lx2.0|li0.5|T1,5,investimento_ind,1372,20.68370237,62.75384623,90.82172776,148.9017871,1.960178437,5.46390245,0.2084548105,4.450727568,2.594527482
P2|lx2.0|li0.5|T1,5,investimento_tipo,28,187.2872591,220.9311754,204.485271,234.315233,0.2480183834,0.3110677458,0.6071428571,1.070376848,1.038149041
P2|lx2.0|li0.5|T1,5,produzione,497,59.84387854,106.0098367,93.27413076,146.2602031,0.190513855,0.1932790728,0.4849094567,1.17149262,0.9815478749
P2|lx2.0|li0.5|T1,5,scorte,77,33.78707281,44.27415995,42.21506677,50.74888596,0.1360268827,0.1523154209,0.09090909091,0.9501793172,0.930817705
P2|lx2.0|li0.5|T1,5,stock_ind,1372,49.87460014,145.5190007,525.6513149,865.2947806,0.6524406523,1.489852367,0.3819241983,2.548869664,1.773834789
P2|lx2.0|li0.5|T1,5,stock_tipo,28,561.7706591,771.6597752,661.2324531,917.7955809,0.07513724738,0.08427547564,0.9642857143,0.9896439896,1.0108772
P2|lx2.0|li0.5|T3,1,aggregati,55,236.7932854,432.6157915,401.3559558,644.1627108,0.04005660583,0.04060477338,0.7636363636,1.041424256,0.7031402201
P2|lx2.0|li0.5|T3,1,consumo,781,6.903572483,16.53929198,14.14571958,22.44755651,0.2000931663,0.1312656754,0.6248196248,1.742074382,1.079611006
P2|lx2.0|li0.5|T3,1,importazioni,781,4.488246467,12.94770607,21.24586563,31.80045144,0.3314818011,0.246388266,0.5481927711,1.792679047,1.852249896
P2|lx2.0|li0.5|T3,1,investimento_ind,2156,15.06781156,40.61597515,59.79341163,117.037282,1.77323285,3.262889439,0.4304267161,8.554442725,5.854228447
P2|lx2.0|li0.5|T3,1,investimento_tipo,44,77.10055581,129.5314153,75.16160829,119.9919697,0.1180595668,0.1420592426,0.4318181818,2.117249484,1.438300774
P2|lx2.0|li0.5|T3,1,produzione,781,16.85646867,35.27618143,27.80253893,53.81173634,0.05474976564,0.05141404292,0.4801536492,1.277960937,1.016688236
P2|lx2.0|li0.5|T3,1,scorte,121,32.22693106,40.13150554,40.01835863,47.54959379,0.140697209,0.1460670254,0.4710743802,3.017968922,3.335869731
P2|lx2.0|li0.5|T3,1,stock_ind,2156,15.03939896,40.54036235,88.52700353,161.9934806,0.2578287737,0.5094347822,0.3831168831,3.314629755,1.573474442
P2|lx2.0|li0.5|T3,1,stock_tipo,44,73.19991904,126.0449099,93.9139971,161.0776113,0.009254065976,0.009482369885,0.9545454545,0.7984742106,0.7397004282
P2|lx2.0|li0.5|T3,2,aggregati,50,349.3591012,592.3311205,594.0691892,881.9103647,0.05453538565,0.05642655804,0.78,0.8555967491,0.6015540171
P2|lx2.0|li0.5|T3,2,consumo,710,10.84257565,25.67675727,24.45885956,42.22386064,0.2805786358,0.1831922062,0.6126984127,1.565289586,1.049470631
P2|lx2.0|li0.5|T3,2,importazioni,710,5.213447933,15.4507968,24.08484719,37.42155026,0.3608893964,0.2994667884,0.5818584071,1.645215701,1.474249386
P2|lx2.0|li0.5|T3,2,investimento_ind,1960,15.20248631,42.70539898,70.54953809,133.2262158,1.734292751,3.292183984,0.3897959184,5.796539168,4.055789684
P2|lx2.0|li0.5|T3,2,investimento_tipo,40,109.469124,155.0894769,108.8059107,148.4335042,0.1621258358,0.1959386595,0.55,1.590873862,1.21177126
P2|lx2.0|li0.5|T3,2,produzione,710,25.62067201,46.33640752,39.78504472,61.65171536,0.08814197762,0.08942792297,0.5112676056,1.082037308,0.8919067202
P2|lx2.0|li0.5|T3,2,scorte,110,35.4674353,42.40733897,42.82610845,48.58907137,0.1585541185,0.1681803092,0.4545454545,1.987267723,2.157914232
P2|lx2.0|li0.5|T3,2,stock_ind,1960,24.62141371,66.16454024,187.591023,336.9175788,0.404491119,0.9530163281,0.4102040816,2.76112549,1.661517497
P2|lx2.0|li0.5|T3,2,stock_tipo,40,166.3163902,268.1850643,212.8927431,341.2099819,0.0201779536,0.02118710091,0.975,0.8555585252,0.8462840296
P2|lx2.0|li0.5|T3,3,aggregati,45,470.7072969,841.947998,811.5743557,1263.890868,0.066810057,0.06986100001,0.7555555556,0.8361600677,0.5811290452
P2|lx2.0|li0.5|T3,3,consumo,639,15.88860924,38.2690369,36.79619143,64.52298915,0.3495886981,0.2351894392,0.6014109347,1.62686283,1.106019942
P2|lx2.0|li0.5|T3,3,importazioni,639,6.333100596,20.59737124,29.81879208,50.38368139,0.3951367462,0.4037919168,0.5995085995,1.736618614,1.409386975
P2|lx2.0|li0.5|T3,3,investimento_ind,1764,15.00027376,42.84386766,71.00371236,133.2502431,1.71998991,2.198241472,0.3724489796,4.396088252,2.921460911
P2|lx2.0|li0.5|T3,3,investimento_tipo,36,133.5667599,174.4237671,137.5725679,173.9075735,0.1894067988,0.2310276075,0.6944444444,1.303768505,1.108999991
P2|lx2.0|li0.5|T3,3,produzione,639,35.46084865,63.70485891,55.60133643,87.08470096,0.1180388454,0.1188636608,0.5039123631,1.086217869,0.9004129351
P2|lx2.0|li0.5|T3,3,scorte,99,36.39279207,45.95710374,44.48732139,53.24923889,0.1751413303,0.1797750821,0.5050505051,1.551453084,1.60606732
P2|lx2.0|li0.5|T3,3,stock_ind,1764,32.38780784,89.41064856,289.34338,513.0496814,0.5093479606,0.9003936731,0.4240362812,2.52632447,1.688959133
P2|lx2.0|li0.5|T3,3,stock_tipo,36,259.8027345,417.2407955,334.5695406,525.4670333,0.03074079222,0.03302226724,0.9722222222,0.8910285686,0.878245454
P2|lx2.0|li0.5|T3,4,aggregati,40,668.5839222,1156.635961,1122.073376,1733.304082,0.09649410316,0.1020197415,0.8,0.871964648,0.5993486903
P2|lx2.0|li0.5|T3,4,consumo,568,21.97968302,49.40864931,51.18829501,82.38199602,0.4393536742,0.2982054222,0.6011904762,1.601707181,1.177819674
P2|lx2.0|li0.5|T3,4,importazioni,568,7.86578568,24.68063872,37.53800302,61.84465586,0.4569619227,0.4741103565,0.5844875346,1.701508889,1.405994114
P2|lx2.0|li0.5|T3,4,investimento_ind,1568,15.27585238,39.03211089,71.65883935,126.200184,1.70942471,2.238618786,0.3577806122,3.284192271,2.349394739
P2|lx2.0|li0.5|T3,4,investimento_tipo,32,157.5226103,194.8238384,167.4987336,200.9253401,0.2143975376,0.2659714135,0.65625,1.150207647,1.050767809
P2|lx2.0|li0.5|T3,4,produzione,568,46.46581255,82.28121373,73.17763131,113.0279231,0.1496097557,0.1497344063,0.4982394366,1.102699985,0.925839167
P2|lx2.0|li0.5|T3,4,scorte,88,40.49475906,51.60034551,49.67405664,59.58791203,0.2089870299,0.2046718333,0.4545454545,1.362669615,1.386455937
P2|lx2.0|li0.5|T3,4,stock_ind,1568,39.41395668,108.0328934,400.677247,687.7727797,0.5843614509,1.116895995,0.4241071429,2.314340373,1.715231071
P2|lx2.0|li0.5|T3,4,stock_tipo,32,366.1617103,576.2521847,468.2646486,713.4928797,0.04351360127,0.04775890839,0.96875,0.9224564027,0.9064762858
P2|lx2.0|li0.5|T3,5,aggregati,35,887.0368646,1555.558681,1487.243444,2348.651487,0.1266956993,0.1354124745,0.7142857143,0.936511424,0.6275845143
P2|lx2.0|li0.5|T3,5,consumo,497,27.88858011,64.420832,70.54701919,114.5408061,0.4824343604,0.3367160879,0.5804988662,1.693512449,1.330857701
P2|lx2.0|li0.5|T3,5,importazioni,497,9.301105287,26.89871219,41.68289916,65.8071611,0.580343499,0.5333701285,0.546031746,1.584695274,1.342541749
P2|lx2.0|li0.5|T3,5,investimento_ind,1372,20.7446255,63.61503816,89.77011697,147.9753945,1.961669734,5.475398144,0.2062682216,4.511806384,2.564485848
P2|lx2.0|li0.5|T3,5,investimento_tipo,28,187.2852329,220.9308651,204.4840746,234.3150875,0.2480156289,0.3110627216,0.6785714286,1.070375345,1.038142967
P2|lx2.0|li0.5|T3,5,produzione,497,59.90973219,106.0403054,93.37314146,146.287749,0.1904388804,0.1933922842,0.4869215292,1.171829324,0.9825897902
P2|lx2.0|li0.5|T3,5,scorte,77,33.81709908,44.27497249,42.27112007,50.75068148,0.1360854727,0.1523896912,0.09090909091,0.9501967554,0.9320536477
P2|lx2.0|li0.5|T3,5,stock_ind,1372,48.53083661,140.1157973,524.3360807,864.5595306,0.6542464168,1.491057824,0.388483965,2.454228681,1.76939647
P2|lx2.0|li0.5|T3,5,stock_tipo,28,528.2242137,756.2441471,648.6519321,911.7696188,0.06453854862,0.07227033448,0.9642857143,0.9698736398,0.9916443846
P2|uniformi|li0.5|T1,1,aggregati,55,360.9832629,631.5171186,657.4583387,932.4587289,0.05205268208,0.05236802302,0.6727272727,1.520234023,1.151808997
P2|uniformi|li0.5|T1,1,consumo,781,10.21102603,69.7675944,54.66569583,221.5862653,0.06840601229,0.0645730332,0.6219336219,7.348581729,4.172123341
P2|uniformi|li0.5|T1,1,importazioni,781,5.360332246,15.34123379,26.29479784,38.10539713,0.3705172034,0.2694299308,0.5341365462,2.124075741,2.292424202
P2|uniformi|li0.5|T1,1,investimento_ind,2156,15.31232404,43.46997136,61.28088938,124.8267228,1.772782104,3.15994305,0.4341372913,9.155544805,5.999863799
P2|uniformi|li0.5|T1,1,investimento_tipo,44,79.67420312,134.7766975,76.986736,123.8267353,0.1218427342,0.1486776236,0.5227272727,2.202985991,1.473226618
P2|uniformi|li0.5|T1,1,produzione,781,21.49982522,75.15111706,44.86956851,145.8728162,0.0528012309,0.05113276381,0.5019206146,2.722522339,1.640798437
P2|uniformi|li0.5|T1,1,scorte,121,34.76084024,42.32411114,44.02716208,50.48314057,0.1506219394,0.1543514416,0.3884297521,3.182857219,3.670037511
P2|uniformi|li0.5|T1,1,stock_ind,2156,15.28117564,43.38834945,92.01873746,169.7832414,0.2579167732,0.4967174093,0.3914656772,3.547484674,1.635536343
P2|uniformi|li0.5|T1,1,stock_tipo,44,75.44570862,131.2425931,98.25617454,168.6519802,0.009364834434,0.009593148677,0.9545454545,0.8314006968,0.7739009798
P2|uniformi|li0.5|T1,2,aggregati,50,371.7146252,671.144015,653.6605092,1000.750679,0.05733503285,0.05916856735,0.82,0.969438575,0.6618961432
P2|uniformi|li0.5|T1,2,consumo,710,11.38716067,43.99225196,34.20892545,91.85213755,0.1003364909,0.0923184308,0.6222222222,2.681826724,1.467822426
P2|uniformi|li0.5|T1,2,importazioni,710,5.764865424,16.58632994,26.67230709,38.43400278,0.4235907665,0.3237309837,0.5774336283,1.766128362,1.632629513
P2|uniformi|li0.5|T1,2,investimento_ind,1960,15.10221273,41.10613023,63.33615589,125.7065296,1.740952961,3.720670616,0.3831632653,5.579465351,3.6411029
P2|uniformi|li0.5|T1,2,investimento_tipo,40,109.6518716,154.0570995,109.2848486,147.7155482,0.1626904193,0.1957039141,0.55,1.580283961,1.217105191
P2|uniformi|li0.5|T1,2,produzione,710,26.86196497,57.41494741,46.30109269,84.71896169,0.07183981126,0.07206484505,0.5676056338,1.340740866,1.037984399
P2|uniformi|li0.5|T1,2,scorte,110,35.52204861,44.18943966,44.13263027,52.11803389,0.1550831677,0.1638125178,0.4272727273,2.070779475,2.223747018
P2|uniformi|li0.5|T1,2,stock_ind,1960,24.46429944,67.27585802,185.1070091,339.9131874,0.4000375,1.256996295,0.418877551,2.807502111,1.63951627
P2|uniformi|li0.5|T1,2,stock_tipo,40,171.3752681,274.8219906,217.6576034,348.2430169,0.02144005458,0.02250196972,0.975,0.8767315123,0.8652251414
P2|uniformi|li0.5|T1,3,aggregati,45,474.7215613,933.5926726,836.8788263,1410.422666,0.06848538295,0.07127903951,0.8222222222,0.9271747354,0.5992483496
P2|uniformi|li0.5|T1,3,consumo,639,15.6845799,59.26973497,50.56408434,125.8646297,0.1334934724,0.130657595,0.6278659612,2.519627788,1.519855275
P2|uniformi|li0.5|T1,3,importazioni,639,5.902995211,18.29851469,26.38127987,42.57081485,0.4448817462,0.4238912344,0.5921375921,1.542795964,1.246912757
P2|uniformi|li0.5|T1,3,investimento_ind,1764,14.85220639,42.07906362,66.36470622,127.6512142,1.725087494,2.119630173,0.3633786848,4.317613869,2.730588143
P2|uniformi|li0.5|T1,3,investimento_tipo,36,134.0973097,173.9525164,139.1589867,174.0112339,0.1891235371,0.2299682338,0.6111111111,1.300246039,1.12178843
P2|uniformi|li0.5|T1,3,produzione,639,36.79670484,76.33987772,63.61950789,111.7876007,0.09663522652,0.09785508626,0.5712050078,1.301654862,1.030259909
P2|uniformi|li0.5|T1,3,scorte,99,37.58753917,47.18853429,46.96556867,55.37307221,0.1591261914,0.1707727122,0.4848484848,1.593024605,1.695536225
P2|uniformi|li0.5|T1,3,stock_ind,1764,32.04671809,94.58079675,283.1786656,512.834193,0.5032467479,0.8319444199,0.4217687075,2.672408545,1.652974378
P2|uniformi|li0.5|T1,3,stock_tipo,36,271.038393,427.3834536,343.183617,533.1204558,0.03342511226,0.03583457844,0.9722222222,0.9126884786,0.9008574152
P2|uniformi|li0.5|T1,4,aggregati,40,648.9986334,1251.416141,1154.576895,1912.900285,0.09032428718,0.09507271958,0.875,0.9434175251,0.6167102479
P2|uniformi|li0.5|T1,4,consumo,568,21.392052,73.58135734,69.16114366,153.3161274,0.1697721614,0.1648807324,0.625,2.385327064,1.591366847
P2|uniformi|li0.5|T1,4,importazioni,568,7.381784369,21.35927604,35.2452142,52.56669967,0.477527939,0.4789296947,0.5789473684,1.472530693,1.320117207
P2|uniformi|li0.5|T1,4,investimento_ind,1568,15.28901374,39.97569601,68.62337156,120.3905664,1.711604462,2.073033055,0.3418367347,3.363586259,2.249874399
P2|uniformi|li0.5|T1,4,investimento_tipo,32,158.0884396,194.7504267,169.2225363,201.5595409,0.2139241995,0.2647390615,0.5625,1.149774237,1.06158172
P2|uniformi|li0.5|T1,4,produzione,568,48.63599065,95.2774339,85.96489709,140.0179802,0.1237474954,0.1262196512,0.5580985915,1.27687014,1.087622915
P2|uniformi|li0.5|T1,4,scorte,88,36.70166591,47.29311341,45.05363161,55.50969097,0.1708298559,0.1829724668,0.4545454545,1.248923587,1.257494943
P2|uniformi|li0.5|T1,4,stock_ind,1568,38.69615426,111.1477626,389.929579,680.8419197,0.5806704763,0.9435670629,0.4164540816,2.381068823,1.669222134
P2|uniformi|li0.5|T1,4,stock_tipo,32,391.6732595,589.8951973,485.5462873,721.638291,0.04964097739,0.05426606112,0.96875,0.9442959457,0.9399304354
P2|uniformi|li0.5|T1,5,aggregati,35,943.8788792,1672.525976,1716.905086,2553.255312,0.1273951567,0.1351786342,0.7714285714,1.006930631,0.7244967517
P2|uniformi|li0.5|T1,5,consumo,497,27.07853033,85.72401391,89.59732455,177.2907442,0.2004571738,0.1996010782,0.6054421769,2.25353632,1.69023852
P2|uniformi|li0.5|T1,5,importazioni,497,8.336056057,24.40141183,36.96046633,57.9688283,0.5814906736,0.5163569243,0.5746031746,1.437570755,1.190439487
P2|uniformi|li0.5|T1,5,investimento_ind,1372,20.018349,55.16759756,83.92297773,131.1508827,1.95071813,3.053319571,0.2164723032,3.912683637,2.397449129
P2|uniformi|li0.5|T1,5,investimento_tipo,28,186.8986027,220.6333839,204.8585224,234.5576688,0.246618601,0.3087657492,0.6785714286,1.068934095,1.040043997
P2|uniformi|li0.5|T1,5,produzione,497,63.78349919,118.9984268,112.77347,174.8634798,0.1622286462,0.1670852585,0.5331991952,1.315026824,1.186744481
P2|uniformi|li0.5|T1,5,scorte,77,35.03696525,44.99991017,44.33582104,52.27756384,0.1400034918,0.1566176954,0.03896103896,0.9657548323,0.977579105
P2|uniformi|li0.5|T1,5,stock_ind,1372,47.76022487,142.5308325,509.6746596,851.1885469,0.6529968496,1.042420639,0.3811953353,2.496529754,1.719920823
P2|uniformi|li0.5|T1,5,stock_tipo,28,572.7864104,778.1904862,667.6901713,920.7389744,0.07822094275,0.08738993416,0.9642857143,0.9980195446,1.020749614
P3|q25,1,aggregati,55,368.0496717,530.909989,559.8823193,775.5894088,0.06730112865,0.06662597685,0.5454545455,1.27804521,0.9808644212
P3|q25,1,consumo,781,11.51712463,23.83350186,26.92464954,41.07871571,0.1170309222,0.1165422683,0.6421356421,2.510369432,2.054907691
P3|q25,1,importazioni,781,7.474426091,24.12407872,39.27138143,61.65458633,0.2165850056,0.1986605323,0.5843373494,3.340107524,3.423744338
P3|q25,1,investimento_ind,2156,15.60134721,45.38935936,63.50789603,132.3166478,1.785063416,2.982435518,0.4281076067,9.559801865,6.217904638
P3|q25,1,investimento_tipo,44,108.7531223,160.2376615,111.9027326,160.8804653,0.1842345551,0.1886060055,0.2954545455,2.619156948,2.141382955
P3|q25,1,produzione,781,28.07900784,50.06268824,44.57083104,70.53086369,0.08874302959,0.08234759793,0.5697823303,1.81363621,1.629874152
P3|q25,1,scorte,121,34.29481304,44.71634786,43.74101578,54.03248066,0.1537273969,0.1498158476,0.3223140496,3.362758171,3.646184789
P3|q25,1,stock_ind,2156,15.49419563,45.24350803,83.1014353,156.1932485,0.2661985356,0.8367800823,0.3872912801,3.699164715,1.477040669
P3|q25,1,stock_tipo,44,101.9272618,156.2515455,110.035207,171.9273725,0.01584338403,0.01606080026,0.9318181818,0.9898283836,0.8666768776
P3|q25,2,aggregati,50,522.1697768,739.6087421,855.6526496,1113.431205,0.09033588486,0.09175602813,0.6,1.06833292,0.8664332337
P3|q25,2,consumo,710,14.13346218,28.28205412,31.05675669,44.97585984,0.1326509012,0.1380162682,0.6634920635,1.724111978,1.332570472
P3|q25,2,importazioni,710,8.438197685,26.64878216,44.88308241,69.320143,0.2981929508,0.3035577427,0.5884955752,2.837587951,2.747323084
P3|q25,2,investimento_ind,1960,15.56106176,48.24690324,77.65603733,151.8166653,1.784839467,8.873442872,0.4025510204,6.548705105,4.464331924
P3|q25,2,investimento_tipo,40,153.2531293,206.9199417,157.7276049,213.1912497,0.2569844101,0.2647994576,0.4,2.12253941,1.756612093
P3|q25,2,produzione,710,43.46133371,76.91133397,69.18139419,106.2123916,0.1255082479,0.1341421909,0.623943662,1.796016075,1.550918211
P3|q25,2,scorte,110,34.97886905,46.65608077,45.72083509,57.06662925,0.1508360974,0.1512039727,0.2636363636,2.186369757,2.303773196
P3|q25,2,stock_ind,1960,24.7690543,69.36519985,180.0357705,320.5980195,0.4140444121,6.298528339,0.4158163265,2.894692847,1.594599666
P3|q25,2,stock_tipo,40,231.1723583,340.9639708,252.6477206,371.5414448,0.03523138768,0.03619241907,0.925,1.087736309,1.004316671
P3|q25,3,aggregati,45,628.6472955,965.9851795,1081.496062,1497.411955,0.1053705614,0.1095931959,0.6,0.9593445616,0.7744068915
P3|q25,3,consumo,639,17.20168911,36.63697958,41.0949153,62.78656986,0.1605091427,0.1701971749,0.6701940035,1.557482109,1.235230986
P3|q25,3,importazioni,639,8.827813523,28.90638931,47.99924203,77.16631703,0.292819517,0.3867717332,0.6068796069,2.437173809,2.26868702
P3|q25,3,investimento_ind,1764,15.50632619,50.58817284,80.15462923,154.6959847,1.754932795,10.74542133,0.3639455782,5.190709533,3.297977082
P3|q25,3,investimento_tipo,36,199.3150132,253.0393316,209.4221264,265.9603785,0.3280570013,0.3399001819,0.3611111111,1.891397695,1.688193655
P3|q25,3,produzione,639,50.20406583,88.03365768,82.50791784,124.8768931,0.1377466095,0.1506210394,0.6259780908,1.501042993,1.336140482
P3|q25,3,scorte,99,39.51528657,50.77017254,50.63083788,60.58640222,0.1676503877,0.1740842458,0.2626262626,1.713936135,1.827858625
P3|q25,3,stock_ind,1764,32.61558872,95.64476409,290.5537387,497.857541,0.5011058755,7.481146486,0.4195011338,2.702471259,1.696024256
P3|q25,3,stock_tipo,36,391.2008431,556.0372067,428.0268423,598.2194268,0.05939077616,0.06162706055,0.8611111111,1.187431914,1.123570986
P3|q25,4,aggregati,40,791.4716462,1296.20307,1444.410189,2062.819624,0.1255188452,0.1322562727,0.65,0.9771814919,0.7715229441
P3|q25,4,consumo,568,20.48180167,45.15674905,53.37836459,80.96499361,0.1837139271,0.1960668744,0.6726190476,1.463871007,1.228212191
P3|q25,4,importazioni,568,9.306286212,30.6042509,51.56090611,83.771395,0.3150717414,0.422973548,0.5872576177,2.10988887,1.931225017
P3|q25,4,investimento_ind,1568,15.72301069,51.93491721,84.00203882,160.4958072,1.73841118,10.78764218,0.356505102,4.369844464,2.754076816
P3|q25,4,investimento_tipo,32,238.847712,296.3480719,257.2507785,316.0109168,0.3867465895,0.4029195669,0.375,1.749589892,1.613808243
P3|q25,4,produzione,568,59.33656597,102.6968891,101.3112347,150.254544,0.1592325728,0.1702844734,0.6302816901,1.376302718,1.281783893
P3|q25,4,scorte,88,42.9908627,54.78853487,53.63903036,64.15673738,0.2003361025,0.2040396547,0.2954545455,1.446863795,1.497122586
P3|q25,4,stock_ind,1568,38.5077014,114.0959295,407.8313157,680.7089893,0.5545225714,7.51512624,0.4368622449,2.444226085,1.745856421
P3|q25,4,stock_tipo,32,591.0532588,799.7321791,636.2358373,849.8667629,0.09020702757,0.09448152428,0.78125,1.280200039,1.231638349
P3|q25,5,aggregati,35,966.7871845,1591.170881,1797.851995,2518.689228,0.1531050062,0.1629379936,0.6,0.9579514587,0.7586545939
P3|q25,5,consumo,497,24.21205523,57.15568661,65.86425236,103.6490465,0.2246267183,0.2267571787,0.6712018141,1.50252432,1.242518089
P3|q25,5,importazioni,497,11.61072354,35.76920394,64.41968335,97.64539781,0.3947786381,0.4602915641,0.5396825397,2.107286328,2.074858421
P3|q25,5,investimento_ind,1372,20.19757916,69.12951189,96.15550903,172.0643023,1.980588547,11.31775142,0.2033527697,4.902912615,2.746898973
P3|q25,5,investimento_tipo,28,296.2707895,361.9302996,324.8678842,390.906427,0.4759380043,0.4953069554,0.3214285714,1.753495462,1.649318216
P3|q25,5,produzione,497,75.68345019,125.0387389,124.6733495,179.0650659,0.2046148415,0.2261896344,0.5975855131,1.381777054,1.311969999
P3|q25,5,scorte,77,35.47798873,45.74838392,44.1764155,52.18357339,0.1431881736,0.1605286128,0.09090909091,0.9818180233,0.9740643053
P3|q25,5,stock_ind,1372,47.83924233,147.1856645,532.9957627,869.2275534,0.6162350915,9.087287774,0.389212828,2.578062475,1.798618969
P3|q25,5,stock_tipo,28,855.4778485,1100.805844,885.1271824,1139.127798,0.137134444,0.144545317,0.5714285714,1.411769697,1.353162392
P3|q75,1,aggregati,55,400.4593042,574.0845716,600.2519404,816.0421241,0.06874424449,0.06885581955,0.5818181818,1.381978211,1.051588435
P3|q75,1,consumo,781,14.12501347,27.85272916,35.40431985,50.54764589,0.1349939137,0.1377035495,0.6392496392,2.933712397,2.702081936
P3|q75,1,importazioni,781,7.904657191,24.63625733,44.30368698,66.45507822,0.2016159325,0.1993940363,0.5963855422,3.411021387,3.862469104
P3|q75,1,investimento_ind,2156,15.37774661,46.86101309,64.15161177,137.1653905,1.776724477,3.2003063,0.4322820037,9.86975817,6.280929291
P3|q75,1,investimento_tipo,44,99.06591841,153.7565521,100.1976786,153.6096773,0.1661523525,0.1760876272,0.4090909091,2.513220287,1.917393759
P3|q75,1,produzione,781,27.32206052,48.29240099,42.81676089,67.66751166,0.08550869878,0.08017488057,0.6171574904,1.749503476,1.565731
P3|q75,1,scorte,121,33.09134366,42.21978701,41.85166492,50.41013771,0.148522162,0.1475534468,0.2975206612,3.175011836,3.488691364
P3|q75,1,stock_ind,2156,15.26602598,46.71789494,83.39209219,157.7853064,0.2645819012,1.049946999,0.3919294991,3.819712397,1.48220679
P3|q75,1,stock_tipo,44,91.68847279,149.6886806,101.4103642,166.4063251,0.01432584498,0.01451036957,0.9318181818,0.9482536912,0.7987445125
P3|q75,2,aggregati,50,554.678697,796.9189696,926.0484014,1210.281817,0.08729221261,0.09014810914,0.64,1.151115071,0.9377159194
P3|q75,2,consumo,710,15.5689006,29.91768777,34.27492257,49.51438193,0.147264867,0.1575342659,0.6619047619,1.823822401,1.470654203
P3|q75,2,importazioni,710,8.332806635,25.656687,43.99110541,67.65133245,0.2830707331,0.2951685822,0.5973451327,2.731948704,2.692724583
P3|q75,2,investimento_ind,1960,15.14953833,48.80632317,75.05205418,151.984808,1.766721261,8.646072302,0.4066326531,6.624636946,4.314632744
P3|q75,2,investimento_tipo,40,144.9892537,197.553904,149.2280021,203.359713,0.2372611704,0.252311156,0.375,2.026464648,1.66195203
P3|q75,2,produzione,710,41.24251663,72.40344968,66.22789739,101.1243993,0.1152340714,0.124018756,0.6521126761,1.690748981,1.484706305
P3|q75,2,scorte,110,31.55629646,41.70107793,40.62055264,50.47828964,0.1382643362,0.1408664958,0.3272727273,1.954171335,2.046781084
P3|q75,2,stock_ind,1960,24.11005587,69.71080011,178.5709807,319.8402041,0.4117645202,6.072303101,0.4158163265,2.90911516,1.581625837
P3|q75,2,stock_tipo,40,213.8211053,325.9590859,238.5367422,359.7295976,0.03216688825,0.03306584731,0.925,1.039868031,0.9482231873
P3|q75,3,aggregati,45,627.0095168,966.5603747,1026.299431,1488.447976,0.1024883987,0.1086172358,0.6666666667,0.9599158026,0.7348832605
P3|q75,3,consumo,639,18.64651238,36.82472127,44.82035555,63.66504713,0.1747967494,0.1881872045,0.6754850088,1.565463234,1.347210272
P3|q75,3,importazioni,639,8.63013521,27.19481278,46.61052313,72.34232326,0.2814385507,0.3860278332,0.6437346437,2.292866284,2.203049139
P3|q75,3,investimento_ind,1764,15.17397068,51.51875014,80.26979791,157.4519836,1.734746665,11.7949074,0.3786848073,5.286193441,3.302715719
P3|q75,3,investimento_tipo,36,184.3066968,237.9144889,193.3253284,248.8509071,0.2955737386,0.3163904784,0.4444444444,1.778343758,1.558434146
P3|q75,3,produzione,639,49.06929825,86.23731565,80.40240775,122.2333221,0.1326587371,0.1466061658,0.641627543,1.470413951,1.302043667
P3|q75,3,scorte,99,37.83970152,47.74317342,47.61166933,56.12554207,0.1619998727,0.1703701299,0.2525252525,1.611748513,1.718861549
P3|q75,3,stock_ind,1764,31.70297298,94.49007304,289.0114295,497.0596732,0.5033654613,7.946637393,0.4183673469,2.669845119,1.687021468
P3|q75,3,stock_tipo,36,363.8349928,527.9952384,405.7729667,576.744445,0.05384379222,0.05604557975,0.8888888889,1.127547561,1.065154535
P3|q75,4,aggregati,40,743.0901809,1226.577486,1280.761577,1936.492965,0.1184585951,0.127211719,0.75,0.9246921613,0.6841110307
P3|q75,4,consumo,568,21.37262574,45.88045176,55.94336078,83.38243914,0.1906581806,0.2070664469,0.6805555556,1.487331673,1.287231601
P3|q75,4,importazioni,568,8.871815274,28.70498604,49.03154856,79.42369796,0.2990551168,0.4177835798,0.6232686981,1.978951576,1.836487376
P3|q75,4,investimento_ind,1568,15.84187534,52.76603404,83.78599146,160.6045785,1.723614152,11.43478454,0.3654336735,4.439775282,2.746993523
P3|q75,4,investimento_tipo,32,219.3662219,275.5742345,232.0321862,289.8204349,0.3477096008,0.3756727671,0.40625,1.626944599,1.455604748
P3|q75,4,produzione,568,57.41638162,99.2248879,95.94562373,143.3376448,0.1541309882,0.1675143514,0.6408450704,1.329772343,1.213898493
P3|q75,4,scorte,88,40.35005197,50.66076046,50.13625667,59.11324675,0.179931156,0.1909362285,0.3522727273,1.337856913,1.399356433
P3|q75,4,stock_ind,1568,37.57043821,113.5399391,406.0610398,680.670187,0.5493736204,7.855407635,0.4381377551,2.43231535,1.738278171
P3|q75,4,stock_tipo,32,548.0296849,755.9170192,600.3496003,815.5477607,0.08222599057,0.086514874,0.8125,1.210061346,1.162169037
P3|q75,5,aggregati,35,892.8967733,1504.991575,1569.197449,2382.698404,0.145108333,0.1573733108,0.6285714286,0.9060679096,0.6621673291
P3|q75,5,consumo,497,24.39802375,55.40179894,65.48171975,100.8330223,0.2302273187,0.2371306782,0.6712018141,1.456417641,1.235301675
P3|q75,5,importazioni,497,11.75782136,37.43751051,65.12188169,102.2165832,0.3828812085,0.4513491087,0.5650793651,2.205571983,2.097475145
P3|q75,5,investimento_ind,1372,20.74578839,75.18111684,95.161262,173.0052994,1.98087087,12.97866843,0.2040816327,5.332114116,2.718496064
P3|q75,5,investimento_tipo,28,271.0829344,331.7047074,289.8128714,351.785265,0.4284813447,0.4624241928,0.3571428571,1.607057215,1.471347805
P3|q75,5,produzione,497,74.5133099,122.613964,122.9008722,175.8475399,0.2001974916,0.2206358224,0.6056338028,1.354981372,1.293317761
P3|q75,5,scorte,77,34.72209701,45.01177914,43.24265833,51.32807596,0.1404294154,0.1576319068,0.1168831169,0.9660095555,0.953475502
P3|q75,5,stock_ind,1372,47.11729033,148.2837923,528.7451025,868.2656903,0.611800119,10.33206159,0.3855685131,2.597296971,1.784274919
P3|q75,5,stock_tipo,28,784.6861042,1026.64244,835.4704269,1084.609153,0.1221911628,0.1296234411,0.5714285714,1.316656061,1.277248269
condizionata|P1|E6|agg|T1,1,aggregati,55,259.0700131,364.8736024,305.242448,404.5959583,0.04895904783,0.04815860698,0.7090909091,0.8783503221,0.5347578353
condizionata|P1|E6|agg|T1,1,consumo,781,11.04757865,25.06157047,27.78346538,45.45550261,0.1002224307,0.0984467243,0.7936507937,2.639721212,2.120453104
condizionata|P1|E6|agg|T1,1,importazioni,781,6.582327338,21.74593382,36.21099211,58.07664499,0.1831840846,0.1675680036,0.7048192771,3.010840662,3.156934508
condizionata|P1|E6|agg|T1,1,investimento_ind,2156,15.88930805,45.64269687,49.39496893,103.2511363,1.781712659,2.701906661,0.4304267161,9.613159225,4.836142049
condizionata|P1|E6|agg|T1,1,investimento_tipo,44,54.92916118,66.75428206,54.99541564,67.64495173,0.08815788152,0.08829549552,0.4318181818,1.091128889,1.052398301
condizionata|P1|E6|agg|T1,1,produzione,781,21.87943142,40.32463005,31.76201408,51.96979152,0.08162368896,0.07297143247,0.7400768246,1.460852618,1.161479034
condizionata|P1|E6|agg|T1,1,scorte,121,33.07584022,42.32594048,43.06065815,51.66801904,0.1495425305,0.1426356595,0.3223140496,3.182994789,3.589471208
condizionata|P1|E6|agg|T1,1,stock_ind,2156,15.77088026,45.55735863,42.71859491,77.15853643,0.2668140558,0.7053169477,0.3849721707,3.724825524,0.7592781253
condizionata|P1|E6|agg|T1,1,stock_tipo,44,47.69181015,60.52852019,45.00297789,57.7498487,0.008914103558,0.00914107497,0.9545454545,0.3834384301,0.3544596444
condizionata|P1|E6|agg|T1,2,aggregati,50,412.8381917,548.598866,690.0408751,759.8879618,0.05761846566,0.05928537336,0.7,0.7924273941,0.6987348746
condizionata|P1|E6|agg|T1,2,consumo,710,10.40275688,24.41569354,21.37515337,40.68009125,0.08348330203,0.09580643158,0.8571428571,1.488413448,0.917156241
condizionata|P1|E6|agg|T1,2,importazioni,710,8.59591456,28.00585982,49.27918203,74.00947627,0.247372782,0.2323623175,0.7588495575,2.982090885,3.016411241
condizionata|P1|E6|agg|T1,2,investimento_ind,1960,15.43970768,47.32655764,59.50725653,120.4144006,1.771430421,8.350243326,0.4132653061,6.42378368,3.42098508
condizionata|P1|E6|agg|T1,2,investimento_tipo,40,83.24236319,101.2083674,80.42908225,99.99812651,0.1345797809,0.1383258004,0.525,1.038173251,0.8957385655
condizionata|P1|E6|agg|T1,2,produzione,710,28.83184279,62.96579811,44.19119573,83.3176218,0.08316396436,0.0909413449,0.8183098592,1.470363076,0.9906844323
condizionata|P1|E6|agg|T1,2,scorte,110,28.66205969,39.11685918,38.24711445,49.06816839,0.1276006536,0.1252843651,0.3,1.833071199,1.927188708
condizionata|P1|E6|agg|T1,2,stock_ind,1960,24.5539927,67.32365491,92.30690956,144.4310451,0.4224607684,5.648399901,0.4204081633,2.809496733,0.8175740121
condizionata|P1|E6|agg|T1,2,stock_tipo,40,108.2737944,135.3620086,111.3072401,135.4933096,0.01865291361,0.01960415121,0.975,0.4318291205,0.4424647749
condizionata|P1|E6|agg|T1,3,aggregati,45,445.699285,576.9621458,715.5201489,769.5590916,0.06213457237,0.06637774394,0.7777777778,0.5729958477,0.512349285
condizionata|P1|E6|agg|T1,3,consumo,639,12.32401673,26.74988887,25.22249449,45.28984302,0.1018847316,0.1181987581,0.8377425044,1.13716998,0.7581377532
condizionata|P1|E6|agg|T1,3,importazioni,639,8.724628935,29.18886013,51.73667326,79.06845884,0.2236896586,0.2379411241,0.8157248157,2.460989668,2.445336928
condizionata|P1|E6|agg|T1,3,investimento_ind,1764,16.13023697,50.86016751,64.48488873,125.9928337,1.754347139,12.50383649,0.3900226757,5.218618138,2.653242703
condizionata|P1|E6|agg|T1,3,investimento_tipo,36,100.4150031,117.1502676,98.69195842,116.8351754,0.1573770807,0.1680955862,0.5833333333,0.8756652361,0.7955756197
condizionata|P1|E6|agg|T1,3,produzione,639,31.4610122,66.77291872,48.68452995,88.91715943,0.08886281758,0.0992986771,0.8450704225,1.138530698,0.7884015623
condizionata|P1|E6|agg|T1,3,scorte,99,31.34444313,42.54270451,41.89191854,53.57630817,0.1370767267,0.1387405394,0.3434343434,1.43618733,1.5123689
condizionata|P1|E6|agg|T1,3,stock_ind,1764,33.08187491,87.89366033,154.8223434,222.2753742,0.5303475951,8.193051751,0.425170068,2.483461516,0.9037310993
condizionata|P1|E6|agg|T1,3,stock_tipo,36,176.4290109,210.8673751,191.178269,220.8414194,0.02790960135,0.03011799299,1,0.4503127627,0.5018431906
condizionata|P1|E6|agg|T1,4,aggregati,40,474.3127229,600.1617351,717.1668567,767.466324,0.06925243631,0.07598673505,0.85,0.4524498926,0.383070328
condizionata|P1|E6|agg|T1,4,consumo,568,13.82822206,29.67688462,29.15547476,51.89565218,0.1121089075,0.1323620385,0.8234126984,0.9620517836,0.6708543771
condizionata|P1|E6|agg|T1,4,importazioni,568,8.975817296,29.13049022,53.80593414,80.32183754,0.224612011,0.2643290616,0.8254847645,2.008286276,2.015313033
condizionata|P1|E6|agg|T1,4,investimento_ind,1568,17.69525012,55.1188802,69.65093255,131.0064486,1.757136237,13.84668953,0.3769132653,4.637745594,2.283563842
condizionata|P1|E6|agg|T1,4,investimento_tipo,32,112.6226239,139.8112707,113.411321,142.4540764,0.1679920099,0.1882172666,0.65625,0.8254225666,0.7114618883
condizionata|P1|E6|agg|T1,4,produzione,568,36.41628965,72.83906712,55.40256103,96.4886169,0.1020846583,0.1143654526,0.8450704225,0.9761601046,0.7009500039
condizionata|P1|E6|agg|T1,4,scorte,88,35.22208194,48.27566726,47.31470861,61.12820266,0.1505288837,0.1561331734,0.2727272727,1.274871016,1.320604016
condizionata|P1|E6|agg|T1,4,stock_ind,1568,40.35698658,105.2013486,219.7438586,301.0151948,0.5915205288,9.287621357,0.4432397959,2.253681454,0.9406860428
condizionata|P1|E6|agg|T1,4,stock_tipo,32,254.9591386,298.4095373,275.2129682,310.2826584,0.03986180857,0.04395329704,1,0.4776897955,0.5327628937
condizionata|P1|E6|agg|T1,5,aggregati,35,510.8274461,660.783508,775.3619582,836.3561446,0.07017778955,0.07975030641,0.9714285714,0.3978193246,0.3271859492
condizionata|P1|E6|agg|T1,5,consumo,497,16.04183748,35.50299645,40.08554722,68.66113159,0.1246537983,0.1472042166,0.8095238095,0.9333124796,0.7562071342
condizionata|P1|E6|agg|T1,5,importazioni,497,9.963579492,31.32377814,59.04422433,87.39978911,0.248802324,0.3459058083,0.7873015873,1.845391067,1.901723196
condizionata|P1|E6|agg|T1,5,investimento_ind,1372,22.44481395,88.94851872,92.50583955,196.5729548,1.980046316,41.25379296,0.2040816327,6.308547574,2.642637933
condizionata|P1|E6|agg|T1,5,investimento_tipo,28,120.0217108,159.2850024,123.124291,165.2657467,0.1726457015,0.2030063087,0.7857142857,0.7717108215,0.6250883694
condizionata|P1|E6|agg|T1,5,produzione,497,45.30671943,88.97060926,67.56340223,114.2237133,0.118170395,0.1440965521,0.847082495,0.9831956675,0.7109872087
condizionata|P1|E6|agg|T1,5,scorte,77,29.25959848,36.96308425,38.07482548,44.28102394,0.114001989,0.1264631915,0.4285714286,0.7932744109,0.839527789
condizionata|P1|E6|agg|T1,5,stock_ind,1372,50.58936131,146.0245026,289.3839863,393.9134274,0.6478828283,31.68803951,0.4103498542,2.557723891,0.9765397091
condizionata|P1|E6|agg|T1,5,stock_tipo,28,329.1805388,392.222715,346.0678731,398.8325279,0.05316670341,0.05977601377,0.9285714286,0.5030207158,0.5290607274
persistenza,1,aggregati,55,278.6268086,415.4078313,570.8050034,687.2733312,0.03824157378,0.0383848976,0,1,1
persistenza,1,consumo,781,4.875567277,9.4940217,13.1026078,17.75323778,0.0534639685,0.05364079919,0,1,1
persistenza,1,importazioni,781,2.415375519,7.222545548,11.47030197,18.23876928,0.1108411697,0.1143345873,0,1,1
persistenza,1,investimento_ind,2156,1.640813181,4.74793934,10.21371342,21.40557085,0.1783977491,0.195320001,0.0004638218924,1,1
persistenza,1,investimento_tipo,44,47.19602679,61.17909875,52.25722579,66.30200698,0.07109307265,0.07144571601,0,1,1
persistenza,1,produzione,781,16.20502624,27.60348959,27.34617945,41.88619618,0.04461319925,0.04478769252,0,1,1
persistenza,1,scorte,121,9.857275064,13.29752114,11.99637931,15.20851482,0.04430284831,0.04472180738,0,1,1
persistenza,1,stock_ind,2156,3.372160074,12.23073627,56.26211724,95.6678148,0.04354660754,0.04615656182,0,1,1
persistenza,1,stock_tipo,44,136.5551536,157.8572084,126.9622046,150.2641948,0.02289446083,0.02331800949,0,1,1
persistenza,2,aggregati,50,479.870221,692.3017428,987.5575132,1141.90338,0.06143334226,0.06374566336,0,1,1
persistenza,2,consumo,710,8.264178491,16.40383831,23.30590189,31.61694036,0.08545368158,0.08723868306,0,1,1
persistenza,2,importazioni,710,3.358840528,9.391350197,16.33702373,24.21796551,0.158213129,0.1710360632,0,1,1
persistenza,2,investimento_ind,1960,2.488583381,7.367395914,17.39477231,33.54093349,0.2487985972,0.3085408275,0,1,1
persistenza,2,investimento_tipo,40,82.34882615,97.48697278,89.79079985,104.8455558,0.1226655559,0.1283562609,0,1,1
persistenza,2,produzione,710,26.23389665,42.82329933,44.60673277,64.32932642,0.06876019565,0.07138319103,0,1,1
persistenza,2,scorte,110,16.015862,21.33951982,19.84606608,24.49145301,0.0675475831,0.07027242889,0,1,1
persistenza,2,stock_ind,1960,6.613509915,23.96288778,112.9034292,188.5122078,0.0841176999,0.09502097496,0,1,1
persistenza,2,stock_tipo,40,270.9825609,313.4619741,251.5618109,296.5431743,0.04559454162,0.04733076233,0,1,1
persistenza,3,aggregati,45,682.1412847,1006.922036,1396.54757,1662.419903,0.08557746193,0.09084723924,0,1,1
persistenza,3,consumo,639,11.70159938,23.52321055,33.26901264,45.22778601,0.1158451628,0.1220428881,0,1,1
persistenza,3,importazioni,639,4.229865332,11.86061872,21.15727802,31.07893011,0.1943756054,0.2797880944,0,1,1
persistenza,3,investimento_ind,1764,3.243921897,9.74590709,24.30418018,45.44531785,0.3078855954,0.3980700344,0,1,1
persistenza,3,investimento_tipo,36,113.0462045,133.7843079,124.0510091,144.5221375,0.1635210044,0.178331567,0,1,1
persistenza,3,produzione,639,35.82741341,58.64832526,61.75093034,87.89646757,0.09026487339,0.09616784205,0,1,1
persistenza,3,scorte,99,22.56408335,29.62197454,27.69953715,33.88790571,0.09499112492,0.1012724114,0,1,1
persistenza,3,stock_ind,1764,9.798433184,35.39159345,171.3146128,279.7072167,0.1232869297,0.1492700487,0,1,1
persistenza,3,stock_tipo,36,411.4749646,468.2687068,380.9522031,440.861609,0.06933045127,0.07331920073,0,1,1
persistenza,4,aggregati,40,904.0579273,1326.471163,1872.154548,2191.620797,0.109469642,0.11843538,0,1,1
persistenza,4,consumo,568,15.24599407,30.84749192,43.46021395,59.15344951,0.1404699022,0.153035068,0,1,1
persistenza,4,importazioni,568,5.326322046,14.50514828,26.69854919,37.99744218,0.240228128,0.3384129287,0,1,1
persistenza,4,investimento_ind,1568,3.976158461,11.88484342,30.50097889,55.89252011,0.3616897459,0.5095652679,0,1,1
persistenza,4,investimento_tipo,32,144.5980272,169.3814495,159.4060383,183.2807762,0.2040573591,0.2323933097,0,1,1
persistenza,4,produzione,568,45.69349896,74.61795127,79.03924777,111.2160614,0.1123712461,0.1220801381,0,1,1
persistenza,4,scorte,88,28.78565367,37.86709922,35.82808173,43.30061129,0.1172210689,0.1283838296,0,1,1
persistenza,4,stock_ind,1568,12.99418274,46.67977738,233.5995738,370.7476247,0.1617219091,0.2103170803,0,1,1
persistenza,4,stock_tipo,32,556.9551575,624.6931378,516.5768327,586.1757197,0.09350296687,0.1007530171,0,1,1
persistenza,5,aggregati,35,1145.269273,1661.014101,2369.789901,2746.262521,0.1387942853,0.1528852549,0,1,1
persistenza,5,consumo,497,18.49550712,38.0397747,53.00868692,72.59068014,0.1622208085,0.1821361627,0,1,1
persistenza,5,importazioni,497,6.267138334,16.9740597,31.04774894,44.07424371,0.2821971832,0.3395383259,0,1,1
persistenza,5,investimento_ind,1372,4.624303276,14.09968264,35.00511303,66.8314518,0.4087582266,0.6245368571,0,1,1
persistenza,5,investimento_tipo,28,178.1468406,206.4050393,196.9710156,223.6531113,0.2483000966,0.2919041516,0,1,1
persistenza,5,produzione,497,55.33070913,90.49125438,95.02759177,134.0725646,0.1338738712,0.1490355222,0,1,1
persistenza,5,scorte,77,36.34711065,46.59558374,45.35266846,53.35307043,0.146770555,0.1642320057,0,1,1
persistenza,5,stock_ind,1372,16.0431923,57.09158172,296.3361178,454.8228461,0.1988488294,0.2775507859,0,1,1
persistenza,5,stock_tipo,28,704.1763992,779.734716,654.1174862,727.5653764,0.1177134434,0.1292516628,0,1,1
trend_mobile,1,aggregati,55,203.9246125,389.6445292,386.7559851,645.3520121,0.03553377888,0.03556402862,0.6545454545,0.937980702,0.6775623598
trend_mobile,1,consumo,781,4.245642419,8.392664597,10.14422115,14.49573061,0.05792026201,0.05811241343,0.6378066378,0.8839946718,0.774213905
trend_mobile,1,importazioni,781,2.691412792,8.212094197,12.68643973,20.60346974,0.1149099309,0.1183508263,0.5923694779,1.137008295,1.106024912
trend_mobile,1,investimento_ind,2156,1.839279654,5.491758029,12.4258101,23.94440384,0.1973537083,0.2162383206,0.5500927644,1.156661371,1.21658104
trend_mobile,1,investimento_tipo,44,46.79134364,66.65200641,49.25859451,71.31215071,0.07961613045,0.07900105448,0.6136363636,1.089457148,0.9426178631
trend_mobile,1,produzione,781,15.38423653,28.5637148,25.52946191,43.24477983,0.04601990062,0.04599379649,0.6145966709,1.03478637,0.933565947
trend_mobile,1,scorte,121,9.586283041,13.85668616,11.39944942,15.77311673,0.04494817559,0.04535995741,0.6033057851,1.04205032,0.9502408288
trend_mobile,1,stock_ind,2156,2.196083852,10.659015,48.08588408,92.39359286,0.02945559272,0.03169522366,0.7991651206,0.8714941412,0.8546760491
trend_mobile,1,stock_tipo,44,63.86426086,93.70303247,75.92489317,108.0200125,0.00815170668,0.008350612698,0.9772727273,0.5935936242,0.5980117737
trend_mobile,2,aggregati,50,339.9498047,571.3003591,634.2532583,935.542005,0.05811661704,0.0601118834,0.68,0.8252187215,0.6422443755
trend_mobile,2,consumo,710,7.177232684,14.0347815,17.35902306,24.60628295,0.09996143871,0.1025108991,0.6158730159,0.855579117,0.7448337826
trend_mobile,2,importazioni,710,4.04321209,11.75613175,19.56920154,29.9033663,0.1703897894,0.1842928096,0.6150442478,1.251804214,1.197843736
trend_mobile,2,investimento_ind,1960,3.061707702,10.23870215,22.89235065,47.86287208,0.2975394371,0.369745447,0.5678571429,1.389731497,1.316047732
trend_mobile,2,investimento_tipo,40,85.23037424,113.4343354,88.87313302,119.0385289,0.1445469877,0.1471999802,0.625,1.16358455,0.989779946
trend_mobile,2,produzione,710,26.10275764,45.70307358,43.86141903,68.86617327,0.07510668807,0.07702740672,0.6098591549,1.067247837,0.9832914519
trend_mobile,2,scorte,110,16.65545725,22.38625071,20.09734046,25.28282902,0.07446381835,0.07743290901,0.6545454545,1.049051286,1.012661168
trend_mobile,2,stock_ind,1960,4.620638404,22.80576723,111.0094028,199.9340718,0.05799436809,0.06810605089,0.7994897959,0.9517119742,0.9832243684
trend_mobile,2,stock_tipo,40,138.0562807,195.7159156,168.2384507,229.7422433,0.01698741143,0.01786129408,1,0.6243689244,0.6687757974
trend_mobile,3,aggregati,45,508.0424693,846.2714545,938.785052,1385.895979,0.08555515749,0.09062924861,0.6666666667,0.8404538028,0.6722184567
trend_mobile,3,consumo,639,10.47659247,20.42598548,26.52894603,37.30561946,0.1422911889,0.1524301157,0.6155202822,0.8683332336,0.7974070741
trend_mobile,3,importazioni,639,5.509033548,16.47562128,26.80660781,42.60735008,0.2137111286,0.3015180443,0.6216216216,1.389103019,1.267015907
trend_mobile,3,investimento_ind,1764,4.39612994,15.29873446,35.83195378,74.76294498,0.384686784,0.5104576233,0.5714285714,1.569759933,1.474312382
trend_mobile,3,investimento_tipo,36,126.0394039,166.172224,133.2872971,175.8776084,0.2092675517,0.2181167492,0.6388888889,1.242090546,1.074455565
trend_mobile,3,produzione,639,37.37249741,65.95568177,64.40914056,100.7094312,0.1038348336,0.1082236064,0.5993740219,1.124596167,1.04304729
trend_mobile,3,scorte,99,24.03347708,31.78907343,28.81049123,35.70844854,0.1066794904,0.113521155,0.595959596,1.073158489,1.040107316
trend_mobile,3,stock_ind,1764,7.431713602,36.32587908,185.3006214,320.498559,0.08918635251,0.1148921591,0.7806122449,1.026398518,1.08163932
trend_mobile,3,stock_tipo,36,220.6592512,307.4490712,272.8258479,363.6102829,0.02628574665,0.02836513466,1,0.6565654862,0.7161681851
trend_mobile,4,aggregati,40,700.5501933,1161.92841,1315.375164,1903.923704,0.1129813144,0.1217941213,0.675,0.8759545195,0.702599668
trend_mobile,4,consumo,568,14.43237855,27.88435316,38.08750089,53.23150468,0.1854550335,0.2070691396,0.5972222222,0.9039423118,0.876376286
trend_mobile,4,importazioni,568,7.62868045,22.43897982,38.32214743,58.94124011,0.2788288156,0.3888541631,0.5983379501,1.546966594,1.435364415
trend_mobile,4,investimento_ind,1568,5.758229903,20.56598079,50.08386981,102.7350496,0.4609941365,0.6840696825,0.5771683673,1.730437673,1.642041391
trend_mobile,4,investimento_tipo,32,177.4300801,222.9798286,189.4401971,237.903171,0.2899729462,0.3078477732,0.65625,1.316435946,1.18841293
trend_mobile,4,produzione,568,50.10712487,87.99163775,88.11426574,135.4176737,0.1354057145,0.1426089694,0.6144366197,1.179228808,1.114816604
trend_mobile,4,scorte,88,30.74020412,40.79234746,37.05083063,45.88269841,0.1349937337,0.1467464519,0.6136363636,1.077250391,1.034128227
trend_mobile,4,stock_ind,1568,10.49398058,50.76463396,269.6737369,449.599169,0.122195683,0.1712432103,0.7716836735,1.087508056,1.15442735
trend_mobile,4,stock_tipo,32,317.8620176,427.1822908,394.5379301,506.1585606,0.03699004118,0.04093172897,1,0.6838274105,0.7637545959
trend_mobile,5,aggregati,35,946.8028903,1530.220256,1790.158935,2510.774653,0.1488873742,0.1624835132,0.6571428571,0.9212566318,0.7554082893
trend_mobile,5,consumo,497,19.18275968,36.7195229,51.91682114,71.52331263,0.2315464582,0.2693169662,0.5578231293,0.9652928595,0.9794021348
trend_mobile,5,importazioni,497,10.24796525,29.42797975,52.69072959,77.46355119,0.3447343319,0.4398491698,0.6095238095,1.73370309,1.697086951
trend_mobile,5,investimento_ind,1372,7.217875213,26.00870587,63.39910059,129.8088291,0.5493868139,0.8824924865,0.5510204082,1.844630587,1.811138291
trend_mobile,5,investimento_tipo,28,221.2262323,280.7514391,236.3954598,300.7536371,0.3657230095,0.3897771021,0.6071428571,1.360196632,1.200153531
trend_mobile,5,produzione,497,63.4406533,112.3327845,111.5422533,173.6301239,0.1698173277,0.1808888345,0.6177062374,1.241366199,1.173788067
trend_mobile,5,scorte,77,36.99604712,49.72279201,44.29124065,55.33270126,0.1640560871,0.1813224172,0.6363636364,1.067113834,0.9765961332
trend_mobile,5,stock_ind,1372,13.55740102,64.80872629,348.733088,577.3433215,0.158289789,0.2386598656,0.7623906706,1.135171322,1.176816011
trend_mobile,5,stock_tipo,28,417.3760731,550.8298833,515.8200782,650.4960082,0.04788074659,0.05428349245,1,0.7064324211,0.7885740545
ultimo_tasso,1,aggregati,55,178.0318417,396.6091685,339.7288258,662.0003761,0.03284531146,0.03243780599,0.8363636364,0.9547464891,0.5951749262
ultimo_tasso,1,consumo,781,4.774218765,9.833318292,11.61647228,17.08593079,0.06636646837,0.06734143481,0.6435786436,1.03573792,0.8865771196
ultimo_tasso,1,importazioni,781,3.33549097,10.07692543,15.64637055,25.20349247,0.145458472,0.1499351882,0.5983935743,1.395204137,1.364076603
ultimo_tasso,1,investimento_ind,2156,2.040552254,5.027112659,9.404476278,17.10697713,0.241153502,0.2724812524,0.5357142857,1.058798839,0.9207695472
ultimo_tasso,1,investimento_tipo,44,39.69031231,61.38305133,41.98988071,65.79466728,0.06571999115,0.06537800684,0.75,1.003333697,0.8035229592
ultimo_tasso,1,produzione,781,15.93611818,31.06380287,25.47598566,46.38420234,0.05005363862,0.0498432903,0.6786171575,1.12535782,0.9316104179
ultimo_tasso,1,scorte,121,9.791407825,14.69416215,11.46756012,16.56503372,0.04727861923,0.04749693736,0.6859504132,1.105030178,0.9559184332
ultimo_tasso,1,stock_ind,2156,1.518512401,4.627258949,18.80426445,31.50736525,0.02529210229,0.02737996674,0.853432282,0.3783303678,0.3342260364
ultimo_tasso,1,stock_tipo,44,34.85020968,51.89039437,37.33538695,51.37548287,0.004813813264,0.00491426839,0.9545454545,0.3287172938,0.2940669396
ultimo_tasso,2,aggregati,50,273.3146521,684.879336,474.0280948,1136.870296,0.05402160412,0.05446324841,0.84,0.9892786535,0.4800004947
ultimo_tasso,2,consumo,710,8.922382023,18.42474385,21.30151397,31.11813633,0.121497295,0.1307347765,0.6476190476,1.123197114,0.9139965519
ultimo_tasso,2,importazioni,710,6.032367999,18.18244127,29.23955122,46.23294009,0.2382033687,0.2671319949,0.610619469,1.936083832,1.789772219
ultimo_tasso,2,investimento_ind,1960,4.210416514,11.36382646,23.03997206,39.03985066,0.4000826457,0.6038291043,0.5494897959,1.542448186,1.324534271
ultimo_tasso,2,investimento_tipo,40,78.02755857,114.4193636,80.62815281,120.7583784,0.1348439646,0.1343665008,0.75,1.173688754,0.8979556141
ultimo_tasso,2,produzione,710,29.67432903,56.15689566,48.28628877,82.88534527,0.08864745567,0.08992000443,0.6676056338,1.311363126,1.082488803
ultimo_tasso,2,scorte,110,17.02630615,25.93097383,19.79169553,29.05653383,0.08102707321,0.08309352758,0.6818181818,1.215162011,0.9972603864
ultimo_tasso,2,stock_ind,1960,3.429565349,10.9945608,47.77811945,77.03583454,0.05297638243,0.06310123287,0.8382653061,0.4588161872,0.4231768672
ultimo_tasso,2,stock_tipo,40,87.11380754,118.352557,95.27527097,121.5649168,0.01171547096,0.01225514511,0.975,0.3775659148,0.3787350338
ultimo_tasso,3,aggregati,45,465.828564,1068.04587,823.6270332,1771.916585,0.08826636149,0.09003056997,0.8,1.060703641,0.5897593831
ultimo_tasso,3,consumo,639,13.14499217,28.12393737,31.42852337,46.8164753,0.1687320681,0.2109071248,0.6596119929,1.195582436,0.9446785727
ultimo_tasso,3,importazioni,639,8.606204663,28.02944372,42.06947816,72.43677387,0.3125670097,0.451441292,0.5970515971,2.363236217,1.988416379
ultimo_tasso,3,investimento_ind,1764,7.314206711,27.22046411,38.22147536,67.52788997,0.5381057607,1.320053266,0.5589569161,2.793014941,1.572629691
ultimo_tasso,3,investimento_tipo,36,129.4929979,176.2444194,135.9022033,187.0258907,0.2207700379,0.2234312533,0.6666666667,1.317377367,1.095534847
ultimo_tasso,3,produzione,639,44.28044935,83.72659688,72.57694017,124.195122,0.1289835986,0.1320383961,0.6651017214,1.427604224,1.175317356
ultimo_tasso,3,scorte,99,26.72752166,39.38662675,31.57820225,43.76555224,0.120940958,0.1272044968,0.6666666667,1.329642178,1.14002635
ultimo_tasso,3,stock_ind,1764,5.624758156,18.77164348,84.95154928,136.8843136,0.08400147507,0.1122654826,0.8185941043,0.5303983701,0.4958803448
ultimo_tasso,3,stock_tipo,36,147.1571309,199.8314326,161.9746908,206.6416885,0.01960574987,0.02103030591,0.9722222222,0.4267452206,0.4251837618
ultimo_tasso,4,aggregati,40,670.818054,1480.202093,1170.982245,2457.292625,0.1283665281,0.1319988238,0.75,1.115894664,0.6254730661
ultimo_tasso,4,consumo,568,18.11362673,40.67022054,44.61487495,67.10760037,0.2196738782,0.3311146053,0.6646825397,1.318428761,1.026568231
ultimo_tasso,4,importazioni,568,12.3115495,42.02899302,61.91583174,109.9768123,0.3972390536,0.6636891296,0.6011080332,2.897522467,2.319071021
ultimo_tasso,4,investimento_ind,1568,13.17501981,92.3146847,57.33454465,121.5490174,0.659948357,2.085278885,0.5612244898,7.767429612,1.879760805
ultimo_tasso,4,investimento_tipo,32,185.8277525,245.9384639,198.7634674,263.2481896,0.3072473341,0.3209312372,0.6875,1.451979923,1.246900491
ultimo_tasso,4,produzione,568,62.05574998,116.8243688,103.6615799,174.8050306,0.1714341278,0.1795141112,0.6883802817,1.565633562,1.311520325
ultimo_tasso,4,scorte,88,36.51958299,52.31731537,42.80371465,57.53906085,0.1652703031,0.1779849289,0.6704545455,1.381603462,1.19469736
ultimo_tasso,4,stock_ind,1568,8.357543373,28.38095019,140.4649648,215.8960296,0.1168980127,0.1777069172,0.794005102,0.6079924065,0.6013065974
ultimo_tasso,4,stock_tipo,32,225.4199665,301.8550742,250.8356152,312.4489029,0.02966684679,0.03266751744,0.96875,0.4832053627,0.4855727151
ultimo_tasso,5,aggregati,35,954.6811761,1994.015625,1717.551984,3315.296525,0.1772183516,0.1853036701,0.6857142857,1.200480853,0.7247697288
ultimo_tasso,5,consumo,497,24.30362546,58.8045433,58.77324554,91.07481129,0.2771104353,0.5660157453,0.6145124717,1.545869915,1.108747433
ultimo_tasso,5,importazioni,497,16.52536767,57.61186602,83.42544565,151.084602,0.495950992,0.9907145163,0.5936507937,3.394112371,2.687004646
ultimo_tasso,5,investimento_ind,1372,31.11888693,393.8664004,85.12328061,337.1907437,0.7825384766,5.644542162,0.5590379009,27.934416,2.431738487
ultimo_tasso,5,investimento_tipo,28,257.6731715,337.3435492,282.90597,367.6644018,0.408855853,0.4415973331,0.6785714286,1.634376517,1.436282232
ultimo_tasso,5,produzione,497,83.10773183,157.8585959,140.7988421,238.0183401,0.2238296571,0.2421955728,0.661971831,1.744462456,1.481662741
ultimo_tasso,5,scorte,77,43.11218121,62.36822825,51.83221318,70.64894401,0.1952262584,0.2068135396,0.6883116883,1.338500846,1.142870198
ultimo_tasso,5,stock_ind,1372,11.69717071,39.88693607,212.1328195,309.8229966,0.1571198641,0.2763543998,0.7674927114,0.6986482921,0.715852057
ultimo_tasso,5,stock_tipo,28,314.009073,419.8555132,359.1552454,435.8487585,0.03989557737,0.04480271899,0.9642857143,0.5384594331,0.5490684058
selezionata,1,aggregati,55,288.6756346,513.1021512,557.7835532,828.2997058,0.04960447444,0.04869175811,0.6363636364,1.235176885,0.9771875683
selezionata,1,consumo,781,5.586421234,11.95100499,14.24280248,21.97300479,0.06881073918,0.06532750613,0.6464646465,1.258792677,1.087020439
selezionata,1,importazioni,781,5.071297775,17.0548242,25.27111296,42.29948694,0.1787662915,0.1695317601,0.5963855422,2.361331484,2.203177651
selezionata,1,investimento_ind,2156,16.05474208,42.76585043,52.01870814,101.7456237,1.7884923,5.475064959,0.4262523191,9.007244484,5.093026015
selezionata,1,investimento_tipo,44,62.95586286,133.6722821,64.10263176,134.5282372,0.1141032848,0.1123898844,0.6363636364,2.184933823,1.226674987
selezionata,1,produzione,781,21.89596768,39.19420774,34.9080162,57.38903232,0.07162817941,0.0684424709,0.556978233,1.419900466,1.276522604
selezionata,1,scorte,121,30.91504237,42.05529755,38.9018325,50.36520033,0.1420218395,0.1402632796,0.479338843,3.162641902,3.242797804
selezionata,1,stock_ind,2156,16.01616716,42.66348198,63.99071102,130.8513246,0.2680811399,0.9657598113,0.387755102,3.48821862,1.137367631
selezionata,1,stock_tipo,44,61.74035124,132.2838621,72.2810434,146.1223845,0.008361521014,0.008392833237,0.9318181818,0.8379969684,0.569311502
selezionata,2,aggregati,50,351.6198187,608.149207,628.2282213,976.1487018,0.06254665997,0.06379197394,0.72,0.8784452925,0.6361434275
selezionata,2,consumo,710,8.227483917,18.3218441,21.21718665,32.42327163,0.09040264335,0.0904175902,0.6603174603,1.116924207,0.9103782701
selezionata,2,importazioni,710,5.16632068,16.25744177,24.6721435,40.99282432,0.2296598961,0.2361662682,0.6371681416,1.731108034,1.51019818
selezionata,2,investimento_ind,1960,15.74697014,43.7600214,58.61881931,119.3120473,1.766851861,3.303899957,0.3908163265,5.939686411,3.369910124
selezionata,2,investimento_tipo,40,87.88576064,164.288061,90.36994763,167.6838505,0.1530713742,0.1539649998,0.75,1.685230922,1.006449968
selezionata,2,produzione,710,30.87546586,53.10274141,47.61612768,72.57947381,0.09881724943,0.1013059971,0.638028169,1.240043206,1.067465038
selezionata,2,scorte,110,32.01484307,42.00048186,40.0919734,49.77080166,0.1414056071,0.1459644775,0.4272727273,1.968201825,2.020147128
selezionata,2,stock_ind,1960,25.0616612,64.01630569,134.7623563,272.8681538,0.4068696488,1.247291025,0.4219387755,2.671477089,1.193607292
selezionata,2,stock_tipo,40,139.4802565,285.9563756,165.2261026,315.2962617,0.01865979498,0.01888399612,0.95,0.9122522001,0.656801213
selezionata,3,aggregati,45,487.4284852,855.8081186,903.2855336,1382.515169,0.07827052819,0.08169600206,0.7333333333,0.8499249075,0.6467989729
selezionata,3,consumo,639,11.75565691,28.14685621,31.28993116,50.66861667,0.1240739556,0.1262722609,0.6701940035,1.196556743,0.9405127678
selezionata,3,importazioni,639,6.346532743,20.91265413,31.77009848,53.79475616,0.2492501574,0.342197782,0.6314496314,1.763200945,1.501615588
selezionata,3,investimento_ind,1764,16.16076741,49.59238526,64.91308942,128.3802771,1.731865743,2.724676065,0.3639455782,5.088534582,2.670861101
selezionata,3,investimento_tipo,36,117.5840982,197.8252252,122.5567286,205.1242625,0.1974175046,0.2037473103,0.7777777778,1.478687809,0.9879543065
selezionata,3,produzione,639,41.6592268,72.13881411,65.10288028,99.74028866,0.1262034565,0.1344771389,0.6463223787,1.230023428,1.054281772
selezionata,3,scorte,99,37.67814261,48.75350697,47.93058469,57.63653322,0.1560692274,0.1655828592,0.4444444444,1.645856083,1.730374931
selezionata,3,stock_ind,1764,33.80735734,93.09990836,216.8870943,431.4299425,0.5168922105,1.081392125,0.4098639456,2.630565603,1.266016312
selezionata,3,stock_tipo,36,252.8968068,466.7319413,284.143945,508.7439648,0.03695127799,0.03844858997,0.9444444444,0.9967181973,0.7458782037
selezionata,4,aggregati,40,624.167735,1165.068934,1171.066908,1899.477166,0.09560732157,0.1009881,0.725,0.8783220973,0.6255182882
selezionata,4,consumo,568,15.45617665,39.35000938,42.00339237,72.21565187,0.1515164558,0.1575961562,0.6746031746,1.275630754,0.9664791899
selezionata,4,importazioni,568,7.984427337,25.54005106,42.53424154,68.61789169,0.2951097578,0.4140794899,0.5872576177,1.760757668,1.593129321
selezionata,4,investimento_ind,1568,17.13535837,58.32684579,76.02233073,156.6044883,1.745614388,2.662351168,0.3271683673,4.907666322,2.492455439
selezionata,4,investimento_tipo,32,139.6272458,227.6255419,145.9385229,239.2738423,0.2316797281,0.2439666487,0.8125,1.343863467,0.9155143965
selezionata,4,produzione,568,53.16321218,92.01173056,84.67609505,128.205309,0.1550316181,0.1697307325,0.6179577465,1.233104488,1.071317066
selezionata,4,scorte,88,42.63172094,53.69555728,52.63324883,61.87159574,0.189241487,0.2008050478,0.3409090909,1.418000279,1.46905015
selezionata,4,stock_ind,1568,42.09892444,125.29966,305.8450492,599.8719629,0.6009982927,1.418718017,0.4113520408,2.684238593,1.309270579
selezionata,4,stock_tipo,32,392.5273757,671.2985201,420.8982735,719.8482253,0.06087266789,0.06524768397,0.875,1.074605241,0.8147834878
selezionata,5,aggregati,35,821.46561,1470.79817,1585.760468,2372.768946,0.1194337985,0.1275142929,0.6857142857,0.8854820491,0.6691565642
selezionata,5,consumo,497,19.75361918,52.20946412,54.53504992,95.10347606,0.1976436274,0.1954127509,0.6712018141,1.37249667,1.028794582
selezionata,5,importazioni,497,11.21727417,35.81969979,59.31299849,94.83219377,0.3803629767,0.4791707284,0.5365079365,2.110261212,1.910379996
selezionata,5,investimento_ind,1372,22.8105802,88.34414312,95.60078191,178.8369561,1.979470698,1.987443975,0.2048104956,6.265683091,2.731051942
selezionata,5,investimento_tipo,28,170.9973191,272.0516431,178.2376955,287.6880727,0.2838469815,0.3031358312,0.7857142857,1.318047486,0.9048930117
selezionata,5,produzione,497,72.78002317,123.6430373,113.3084427,167.6996724,0.2026147329,0.2352273666,0.5995975855,1.366353446,1.192374136
selezionata,5,scorte,77,36.17548079,46.34907884,45.05148407,52.96105504,0.146230853,0.1636837891,0.03896103896,0.9947096939,0.9933590591
selezionata,5,stock_ind,1372,54.00480765,170.9003306,417.1894767,780.5558867,0.6817376029,1.14672692,0.3629737609,2.993441861,1.407825276
selezionata,5,stock_tipo,28,550.7695718,910.1427763,577.7667454,960.022305,0.08795206693,0.09601086586,0.8571428571,1.167246703,0.8832767164
