anno,gruppo,chiave,valore
2008,produzione,111CA,392.0935645
2008,produzione,113FF,49.03430677
2008,produzione,211,287.5546479
2008,produzione,212,136.592871
2008,produzione,213,117.2977081
2008,produzione,22,492.440247
2008,produzione,23,1336.109107
2008,produzione,321,92.00331798
2008,produzione,327,120.3950625
2008,produzione,331,277.6347031
2008,produzione,332,377.9493757
2008,produzione,333,380.3356718
2008,produzione,334,384.0739608
2008,produzione,335,136.7834636
2008,produzione,3361MV,448.2038143
2008,produzione,3364OT,286.1547541
2008,produzione,337,82.73745207
2008,produzione,339,179.854498
2008,produzione,311FT,899.6559063
2008,produzione,313TT,63.62422544
2008,produzione,315AL,28.76257125
2008,produzione,322,191.5856733
2008,produzione,323,101.8921725
2008,produzione,324,824.7611493
2008,produzione,325,828.8983224
2008,produzione,326,221.1167369
2008,produzione,42,1477.042944
2008,produzione,441,200.4882345
2008,produzione,445,211.8884297
2008,produzione,452,217.1991994
2008,produzione,4A0,728.1772198
2008,produzione,481,189.1039668
2008,produzione,482,76.66247451
2008,produzione,483,48.04759143
2008,produzione,484,301.7014828
2008,produzione,485,52.83382166
2008,produzione,486,35.43416404
2008,produzione,487OS,200.9776968
2008,produzione,493,73.40039689
2008,produzione,511,308.7372329
2008,produzione,512,127.8014009
2008,produzione,513,671.4262822
2008,produzione,514,139.7065607
2008,produzione,521CI,692.9413785
2008,produzione,523,496.6346735
2008,produzione,524,757.4808331
2008,produzione,525,128.2674255
2008,produzione,HS,1678.219852
2008,produzione,ORE,804.2168407
2008,produzione,532RL,306.0455749
2008,produzione,5411,323.5552005
2008,produzione,5415,273.5579291
2008,produzione,5412OP,1098.725076
2008,produzione,55,451.049891
2008,produzione,561,621.3947324
2008,produzione,562,86.8973973
2008,produzione,61,280.6364088
2008,produzione,621,799.5391615
2008,produzione,622,614.7768079
2008,produzione,623,196.1869033
2008,produzione,624,156.5771074
2008,produzione,711AS,139.603014
2008,produzione,713,124.0752423
2008,produzione,721,209.287347
2008,produzione,722,587.8707189
2008,produzione,81,602.4194169
2008,produzione,GFGD,640.8429905
2008,produzione,GFGN,340.0723622
2008,produzione,GFE,109.4590249
2008,produzione,GSLG,2014.029406
2008,produzione,GSLE,247.9782148
2008,consumo,111CA,66.72934444
2008,importazioni,111CA,30.03000169
2008,consumo,113FF,6.601818961
2008,importazioni,113FF,16.82384892
2008,consumo,211,0
2008,importazioni,211,263.9845509
2008,consumo,212,0.605025476
2008,importazioni,212,10.67917983
2008,consumo,213,0
2008,importazioni,213,0.7793990995
2008,consumo,22,238.223776
2008,importazioni,22,3.683742469
2008,consumo,23,0
2008,importazioni,23,-0
2008,consumo,321,4.828475012
2008,importazioni,321,15.28413571
2008,consumo,327,13.51650129
2008,importazioni,327,21.81212658
2008,consumo,331,1.153034442
2008,importazioni,331,99.49237315
2008,consumo,332,13.08393095
2008,importazioni,332,53.84288958
2008,consumo,333,8.877653794
2008,importazioni,333,132.229694
2008,consumo,334,79.51023152
2008,importazioni,334,234.4408748
2008,consumo,335,38.72879524
2008,importazioni,335,73.57411278
2008,consumo,3361MV,173.6630295
2008,importazioni,3361MV,224.0462273
2008,consumo,3364OT,25.35058921
2008,importazioni,3364OT,46.2997459
2008,consumo,337,47.22719935
2008,importazioni,337,30.92179025
2008,consumo,339,102.6694723
2008,importazioni,339,86.13236394
2008,consumo,311FT,543.9765554
2008,importazioni,311FT,73.57809651
2008,consumo,313TT,25.93191428
2008,importazioni,313TT,27.62778344
2008,consumo,315AL,138.0682534
2008,importazioni,315AL,131.3851584
2008,consumo,322,24.32473536
2008,importazioni,322,27.12158839
2008,consumo,323,3.92528963
2008,importazioni,323,2.514384177
2008,consumo,324,295.8115285
2008,importazioni,324,144.3917194
2008,consumo,325,255.3923945
2008,importazioni,325,228.9491342
2008,consumo,326,34.37185613
2008,importazioni,326,39.47962045
2008,consumo,42,429.8527129
2008,importazioni,42,0
2008,consumo,441,102.9361562
2008,importazioni,441,-0
2008,consumo,445,187.224172
2008,importazioni,445,-0
2008,consumo,452,205.3377495
2008,importazioni,452,-0
2008,consumo,4A0,578.8173269
2008,importazioni,4A0,-0
2008,consumo,481,108.8842618
2008,importazioni,481,36.74998778
2008,consumo,482,7.333240237
2008,importazioni,482,0
2008,consumo,483,13.24871133
2008,importazioni,483,0
2008,consumo,484,80.05858719
2008,importazioni,484,0
2008,consumo,485,34.54499401
2008,importazioni,485,-0
2008,consumo,486,1.813078009
2008,importazioni,486,-0
2008,consumo,487OS,15.11119923
2008,importazioni,487OS,0
2008,consumo,493,0.09044422955
2008,importazioni,493,-0
2008,consumo,511,69.43050363
2008,importazioni,511,4.32190597
2008,consumo,512,30.77516101
2008,importazioni,512,5.689468247
2008,consumo,513,253.2092276
2008,importazioni,513,0.1621652855
2008,consumo,514,17.68459708
2008,importazioni,514,0.6074209062
2008,consumo,521CI,196.2802137
2008,importazioni,521CI,10.42752659
2008,consumo,523,179.2985677
2008,importazioni,523,0.06429987537
2008,consumo,524,302.7783803
2008,importazioni,524,61.23992935
2008,consumo,525,135.9898696
2008,importazioni,525,-0
2008,consumo,HS,1658.991551
2008,importazioni,HS,-0
2008,consumo,ORE,6.187354773
2008,importazioni,ORE,-0
2008,consumo,532RL,80.78883442
2008,importazioni,532RL,-0
2008,consumo,5411,100.5762345
2008,importazioni,5411,2.562317772
2008,consumo,5415,0
2008,importazioni,5415,16.22556867
2008,consumo,5412OP,58.0949253
2008,importazioni,5412OP,54.74709989
2008,consumo,55,0
2008,importazioni,55,-0
2008,consumo,561,48.6775059
2008,importazioni,561,0.7643413336
2008,consumo,562,19.61189252
2008,importazioni,562,0.0973919448
2008,consumo,61,291.3044455
2008,importazioni,61,1.101754104
2008,consumo,621,791.325945
2008,importazioni,621,0.01823467603
2008,consumo,622,750.7683423
2008,importazioni,622,1.83048078
2008,consumo,623,194.4271594
2008,importazioni,623,0.005406761942
2008,consumo,624,157.3267297
2008,importazioni,624,-0
2008,consumo,711AS,62.94072318
2008,importazioni,711AS,0.3092702044
2008,consumo,713,161.0514109
2008,importazioni,713,-0
2008,consumo,721,109.5775675
2008,importazioni,721,-0
2008,consumo,722,557.3565185
2008,importazioni,722,-0
2008,consumo,81,530.5781838
2008,importazioni,81,2.840871402
2008,consumo,GFGD,0
2008,importazioni,GFGD,-0
2008,consumo,GFGN,0
2008,importazioni,GFGN,-0
2008,consumo,GFE,11.78859645
2008,importazioni,GFE,0.5590783007
2008,consumo,GSLG,0
2008,importazioni,GSLG,-0
2008,consumo,GSLE,57.81056729
2008,importazioni,GSLE,-0
2008,investimento_tipo,E,843.002192
2008,stock_tipo,E,5309.931138
2008,investimento_tipo,S,573.2142032
2008,stock_tipo,S,11866.39139
2008,investimento_tipo,N,577.8848369
2008,stock_tipo,N,2100.179005
2008,investimento_tipo,R,503.7756754
2008,stock_tipo,R,16301.62969
2008,investimento_ind,111CA|E,32.44172434
2008,investimento_ind,111CA|N,0.03348717949
2008,investimento_ind,111CA|S,7.022637256
2008,investimento_ind,113FF|E,5.334947863
2008,investimento_ind,113FF|N,0.1048754153
2008,investimento_ind,113FF|S,0.6171385468
2008,investimento_ind,211|E,7.526720754
2008,investimento_ind,211|N,2.325615095
2008,investimento_ind,211|S,125.8717659
2008,investimento_ind,212|E,7.014127637
2008,investimento_ind,212|N,0.3122223844
2008,investimento_ind,212|S,7.698072716
2008,investimento_ind,213|E,15.54411939
2008,investimento_ind,213|N,0.7142433891
2008,investimento_ind,213|S,6.209569636
2008,investimento_ind,22|E,59.58344714
2008,investimento_ind,22|N,3.807534034
2008,investimento_ind,22|S,51.07008477
2008,investimento_ind,23|E,37.9345661
2008,investimento_ind,23|N,1.755765415
2008,investimento_ind,23|S,8.52568605
2008,investimento_ind,311FT|E,18.38376343
2008,investimento_ind,311FT|N,4.961687096
2008,investimento_ind,311FT|S,4.184527939
2008,investimento_ind,313TT|E,1.343809436
2008,investimento_ind,313TT|N,0.4983090909
2008,investimento_ind,313TT|S,0.1913155918
2008,investimento_ind,315AL|E,0.3484259938
2008,investimento_ind,315AL|N,0.4384856618
2008,investimento_ind,315AL|S,0.0513968254
2008,investimento_ind,321|E,2.435759768
2008,investimento_ind,321|N,0.2013691511
2008,investimento_ind,321|S,0.4041303171
2008,investimento_ind,322|E,6.185994439
2008,investimento_ind,322|N,1.584063896
2008,investimento_ind,322|S,0.6349352075
2008,investimento_ind,323|E,3.887946644
2008,investimento_ind,323|N,1.420312467
2008,investimento_ind,323|S,0.384959707
2008,investimento_ind,324|E,16.98628822
2008,investimento_ind,324|N,6.750906116
2008,investimento_ind,324|S,2.430104225
2008,investimento_ind,325|E,20.40007193
2008,investimento_ind,325|N,76.23885208
2008,investimento_ind,325|S,4.103677641
2008,investimento_ind,326|E,7.203484203
2008,investimento_ind,326|N,2.505593293
2008,investimento_ind,326|S,0.7957676147
2008,investimento_ind,327|E,5.506257975
2008,investimento_ind,327|N,2.807220961
2008,investimento_ind,327|S,0.9005906736
2008,investimento_ind,331|E,10.6922454
2008,investimento_ind,331|N,2.27109181
2008,investimento_ind,331|S,1.493017834
2008,investimento_ind,332|E,11.73903691
2008,investimento_ind,332|N,3.554614468
2008,investimento_ind,332|S,1.769450796
2008,investimento_ind,333|E,10.73307507
2008,investimento_ind,333|N,9.59726343
2008,investimento_ind,333|S,1.778552132
2008,investimento_ind,334|E,24.29460104
2008,investimento_ind,334|N,79.66350924
2008,investimento_ind,334|S,6.374430287
2008,investimento_ind,335|E,3.077928779
2008,investimento_ind,335|N,3.728551302
2008,investimento_ind,335|S,0.5082361482
2008,investimento_ind,3361MV|E,14.09335681
2008,investimento_ind,3361MV|N,15.74111611
2008,investimento_ind,3361MV|S,1.646913304
2008,investimento_ind,3364OT|E,6.998234302
2008,investimento_ind,3364OT|N,18.01392136
2008,investimento_ind,3364OT|S,1.715014159
2008,investimento_ind,337|E,1.12821866
2008,investimento_ind,337|N,0.5860181771
2008,investimento_ind,337|S,0.2341219512
2008,investimento_ind,339|E,4.94331069
2008,investimento_ind,339|N,5.415474979
2008,investimento_ind,339|S,0.9737709632
2008,investimento_ind,42|E,31.98804232
2008,investimento_ind,42|N,17.20448573
2008,investimento_ind,42|S,13.53034962
2008,investimento_ind,441|E,3.266341868
2008,investimento_ind,441|N,0.9853457866
2008,investimento_ind,441|S,2.222419623
2008,investimento_ind,445|E,8.35575936
2008,investimento_ind,445|N,1.379501078
2008,investimento_ind,445|S,4.431045433
2008,investimento_ind,452|E,5.215991747
2008,investimento_ind,452|N,2.033540937
2008,investimento_ind,452|S,11.77992909
2008,investimento_ind,481|E,17.6041128
2008,investimento_ind,481|N,0.7137457557
2008,investimento_ind,481|S,0.791007545
2008,investimento_ind,482|E,4.181652877
2008,investimento_ind,482|N,0.2787576431
2008,investimento_ind,482|S,8.664848324
2008,investimento_ind,483|E,3.356218074
2008,investimento_ind,483|N,0.1220279146
2008,investimento_ind,483|S,0.08278672362
2008,investimento_ind,484|E,14.82928037
2008,investimento_ind,484|N,0.3384703906
2008,investimento_ind,484|S,0.7253786867
2008,investimento_ind,485|E,2.119290507
2008,investimento_ind,485|N,0.09408333333
2008,investimento_ind,485|S,0.1019151485
2008,investimento_ind,486|E,7.544318521
2008,investimento_ind,486|N,0.523407236
2008,investimento_ind,486|S,12.04134708
2008,investimento_ind,487OS|E,5.161138583
2008,investimento_ind,487OS|N,0.833038688
2008,investimento_ind,487OS|S,1.167813727
2008,investimento_ind,493|E,1.645482785
2008,investimento_ind,493|N,0.2076021781
2008,investimento_ind,493|S,2.351140358
2008,investimento_ind,4A0|E,24.00544692
2008,investimento_ind,4A0|N,7.225050483
2008,investimento_ind,4A0|S,17.19557112
2008,investimento_ind,511|E,4.79755807
2008,investimento_ind,511|N,47.10189819
2008,investimento_ind,511|S,3.700703782
2008,investimento_ind,512|E,1.931341227
2008,investimento_ind,512|N,29.6840958
2008,investimento_ind,512|S,0.5052912952
2008,investimento_ind,513|E,49.90302504
2008,investimento_ind,513|N,33.82051261
2008,investimento_ind,513|S,32.54881266
2008,investimento_ind,514|E,4.815139201
2008,investimento_ind,514|N,12.85612031
2008,investimento_ind,514|S,1.599557031
2008,investimento_ind,521CI|E,61.96498794
2008,investimento_ind,521CI|N,12.82582973
2008,investimento_ind,521CI|S,16.16823718
2008,investimento_ind,523|E,6.077401689
2008,investimento_ind,523|N,7.699012748
2008,investimento_ind,523|S,5.047541139
2008,investimento_ind,524|E,7.616170574
2008,investimento_ind,524|N,17.81522373
2008,investimento_ind,524|S,3.506128289
2008,investimento_ind,525|E,0.2863722222
2008,investimento_ind,525|N,0.1668510342
2008,investimento_ind,525|S,1.297741228
2008,investimento_ind,532RL|E,49.1811684
2008,investimento_ind,532RL|N,0.5937876336
2008,investimento_ind,532RL|S,2.319818874
2008,investimento_ind,5411|E,3.729931679
2008,investimento_ind,5411|N,1.591913024
2008,investimento_ind,5411|S,1.460284646
2008,investimento_ind,5412OP|E,23.21323145
2008,investimento_ind,5412OP|N,53.2104773
2008,investimento_ind,5412OP|S,8.883968956
2008,investimento_ind,5415|E,6.703098181
2008,investimento_ind,5415|N,20.2949621
2008,investimento_ind,5415|S,1.568140083
2008,investimento_ind,55|E,7.33722288
2008,investimento_ind,55|N,17.76336426
2008,investimento_ind,55|S,4.341450429
2008,investimento_ind,561|E,12.42992935
2008,investimento_ind,561|N,10.18554517
2008,investimento_ind,561|S,2.696935628
2008,investimento_ind,562|E,3.230718325
2008,investimento_ind,562|N,0.1794226935
2008,investimento_ind,562|S,1.301110895
2008,investimento_ind,61|E,9.405134476
2008,investimento_ind,61|N,6.492588315
2008,investimento_ind,61|S,19.52794933
2008,investimento_ind,621|E,25.25183027
2008,investimento_ind,621|N,2.921785766
2008,investimento_ind,621|S,6.4852183
2008,investimento_ind,622|E,37.90489922
2008,investimento_ind,622|N,5.7797747
2008,investimento_ind,622|S,28.7796812
2008,investimento_ind,623|E,3.007708859
2008,investimento_ind,623|N,0.4803598578
2008,investimento_ind,623|S,4.113008699
2008,investimento_ind,624|E,1.930139286
2008,investimento_ind,624|N,0.3152184299
2008,investimento_ind,624|S,1.786196416
2008,investimento_ind,711AS|E,3.125224114
2008,investimento_ind,711AS|N,8.732414184
2008,investimento_ind,711AS|S,4.67571407
2008,investimento_ind,713|E,5.674791115
2008,investimento_ind,713|N,0.3710092876
2008,investimento_ind,713|S,6.608163272
2008,investimento_ind,721|E,7.81640494
2008,investimento_ind,721|N,0.8901859757
2008,investimento_ind,721|S,30.8952858
2008,investimento_ind,722|E,10.60756001
2008,investimento_ind,722|N,0.4381593101
2008,investimento_ind,722|S,4.670804588
2008,investimento_ind,81|E,15.52433934
2008,investimento_ind,81|N,6.61717308
2008,investimento_ind,81|S,15.61787746
2008,investimento_ind,ORE|E,14.50232448
2008,investimento_ind,ORE|N,2.085990949
2008,investimento_ind,ORE|S,50.43316132
2008,investimento_ind,HS|R,503.7756754
2008,stock_ind,111CA|E,196.2556559
2008,stock_ind,111CA|N,0.05085714286
2008,stock_ind,111CA|S,250.4112932
2008,stock_ind,113FF|E,30.22891565
2008,stock_ind,113FF|N,0.1547649457
2008,stock_ind,113FF|S,17.84987181
2008,stock_ind,211|E,49.57243827
2008,stock_ind,211|N,8.239115881
2008,stock_ind,211|S,1452.083937
2008,stock_ind,212|E,38.90429862
2008,stock_ind,212|N,1.364485466
2008,stock_ind,212|S,94.76319957
2008,stock_ind,213|E,56.61927159
2008,stock_ind,213|N,1.487619107
2008,stock_ind,213|S,52.59454357
2008,stock_ind,22|E,455.4076476
2008,stock_ind,22|N,7.161854676
2008,stock_ind,22|S,1433.855971
2008,stock_ind,23|E,208.8176461
2008,stock_ind,23|N,7.168440703
2008,stock_ind,23|S,84.71590972
2008,stock_ind,311FT|E,144.9407125
2008,stock_ind,311FT|N,21.50616856
2008,stock_ind,311FT|S,128.5935718
2008,stock_ind,313TT|E,19.12004683
2008,stock_ind,313TT|N,2.208347168
2008,stock_ind,313TT|S,24.94519212
2008,stock_ind,315AL|E,6.145251207
2008,stock_ind,315AL|N,2.13972169
2008,stock_ind,315AL|S,11.98917843
2008,stock_ind,321|E,19.0425325
2008,stock_ind,321|N,0.6246845982
2008,stock_ind,321|S,22.60006969
2008,stock_ind,322|E,73.21460697
2008,stock_ind,322|N,6.921188641
2008,stock_ind,322|S,40.32640383
2008,stock_ind,323|E,31.23432602
2008,stock_ind,323|N,4.135179244
2008,stock_ind,323|S,19.8237707
2008,stock_ind,324|E,99.7052834
2008,stock_ind,324|N,31.4750517
2008,stock_ind,324|S,62.3768065
2008,stock_ind,325|E,150.564297
2008,stock_ind,325|N,406.2233334
2008,stock_ind,325|S,150.4436482
2008,stock_ind,326|E,55.17777043
2008,stock_ind,326|N,11.05972326
2008,stock_ind,326|S,31.68517097
2008,stock_ind,327|E,48.15120106
2008,stock_ind,327|N,14.59893917
2008,stock_ind,327|S,34.49733593
2008,stock_ind,331|E,88.34520535
2008,stock_ind,331|N,11.04078838
2008,stock_ind,331|S,68.71368122
2008,stock_ind,332|E,96.29754672
2008,stock_ind,332|N,16.30855322
2008,stock_ind,332|S,57.73190608
2008,stock_ind,333|E,92.15317719
2008,stock_ind,333|N,45.41076973
2008,stock_ind,333|S,68.56237928
2008,stock_ind,334|E,140.9145271
2008,stock_ind,334|N,200.7081723
2008,stock_ind,334|S,145.9768434
2008,stock_ind,335|E,23.76199188
2008,stock_ind,335|N,17.7018071
2008,stock_ind,335|S,28.80163827
2008,stock_ind,3361MV|E,100.3479849
2008,stock_ind,3361MV|N,50.72959896
2008,stock_ind,3361MV|S,52.64514366
2008,stock_ind,3364OT|E,38.88734515
2008,stock_ind,3364OT|N,63.65551751
2008,stock_ind,3364OT|S,55.17573272
2008,stock_ind,337|E,10.34851006
2008,stock_ind,337|N,2.182127356
2008,stock_ind,337|S,11.2725618
2008,stock_ind,339|E,32.50552537
2008,stock_ind,339|N,25.62259651
2008,stock_ind,339|S,32.8721027
2008,stock_ind,42|E,222.5687836
2008,stock_ind,42|N,44.45082533
2008,stock_ind,42|S,249.8416445
2008,stock_ind,441|E,25.86575196
2008,stock_ind,441|N,3.048082948
2008,stock_ind,441|S,170.5480752
2008,stock_ind,445|E,51.94999058
2008,stock_ind,445|N,3.642949215
2008,stock_ind,445|S,170.6354576
2008,stock_ind,452|E,41.6712754
2008,stock_ind,452|N,4.359493816
2008,stock_ind,452|S,151.8098463
2008,stock_ind,481|E,173.0198727
2008,stock_ind,481|N,2.086238878
2008,stock_ind,481|S,57.87071654
2008,stock_ind,482|E,36.94936223
2008,stock_ind,482|N,1.042350312
2008,stock_ind,482|S,332.2138118
2008,stock_ind,483|E,35.78091612
2008,stock_ind,483|N,0.3453312593
2008,stock_ind,483|S,6.560331328
2008,stock_ind,484|E,93.22299712
2008,stock_ind,484|N,1.130016963
2008,stock_ind,484|S,23.72764709
2008,stock_ind,485|E,17.55083748
2008,stock_ind,485|N,0.2705327731
2008,stock_ind,485|S,27.54760356
2008,stock_ind,486|E,25.54186905
2008,stock_ind,486|N,0.9739274528
2008,stock_ind,486|S,143.2291608
2008,stock_ind,487OS|E,71.76539053
2008,stock_ind,487OS|N,2.053429844
2008,stock_ind,487OS|S,61.79069802
2008,stock_ind,493|E,8.700673193
2008,stock_ind,493|N,0.4213708995
2008,stock_ind,493|S,31.69853883
2008,stock_ind,4A0|E,139.7858504
2008,stock_ind,4A0|N,16.46261131
2008,stock_ind,4A0|S,426.7557607
2008,stock_ind,511|E,25.23783949
2008,stock_ind,511|N,169.9061208
2008,stock_ind,511|S,44.24290137
2008,stock_ind,512|E,10.49763387
2008,stock_ind,512|N,210.6452874
2008,stock_ind,512|S,34.00996102
2008,stock_ind,513|E,247.7668277
2008,stock_ind,513|N,132.3788778
2008,stock_ind,513|S,773.3403108
2008,stock_ind,514|E,18.75056363
2008,stock_ind,514|N,44.62432033
2008,stock_ind,514|S,15.76365769
2008,stock_ind,521CI|E,392.7666011
2008,stock_ind,521CI|N,28.81885147
2008,stock_ind,521CI|S,368.006567
2008,stock_ind,523|E,27.5661457
2008,stock_ind,523|N,17.00270313
2008,stock_ind,523|S,100.5855504
2008,stock_ind,524|E,48.51848891
2008,stock_ind,524|N,37.2276466
2008,stock_ind,524|S,160.9096564
2008,stock_ind,525|E,0.9959500097
2008,stock_ind,525|N,0.2426654318
2008,stock_ind,525|S,41.18472194
2008,stock_ind,532RL|E,355.2679802
2008,stock_ind,532RL|N,1.41626739
2008,stock_ind,532RL|S,23.34820404
2008,stock_ind,5411|E,16.12725966
2008,stock_ind,5411|N,2.499662796
2008,stock_ind,5411|S,24.89675382
2008,stock_ind,5412OP|E,114.3015243
2008,stock_ind,5412OP|N,190.1171099
2008,stock_ind,5412OP|S,107.7408901
2008,stock_ind,5415|E,21.09295652
2008,stock_ind,5415|N,41.72762772
2008,stock_ind,5415|S,24.43099494
2008,stock_ind,55|E,40.60528363
2008,stock_ind,55|N,32.85390524
2008,stock_ind,55|S,296.2175553
2008,stock_ind,561|E,69.31317555
2008,stock_ind,561|N,21.65185263
2008,stock_ind,561|S,52.83742598
2008,stock_ind,562|E,24.89970538
2008,stock_ind,562|N,0.8018739471
2008,stock_ind,562|S,73.77937086
2008,stock_ind,61|E,40.71147234
2008,stock_ind,61|N,17.83670612
2008,stock_ind,61|S,410.5246893
2008,stock_ind,621|E,114.8845998
2008,stock_ind,621|N,11.20531122
2008,stock_ind,621|S,180.4817797
2008,stock_ind,622|E,154.3339307
2008,stock_ind,622|N,14.40958218
2008,stock_ind,622|S,563.3807191
2008,stock_ind,623|E,15.47801268
2008,stock_ind,623|N,1.907816638
2008,stock_ind,623|S,56.04186247
2008,stock_ind,624|E,9.829297765
2008,stock_ind,624|N,0.729495228
2008,stock_ind,624|S,42.96429457
2008,stock_ind,711AS|E,16.15693403
2008,stock_ind,711AS|N,49.13118545
2008,stock_ind,711AS|S,79.96020868
2008,stock_ind,713|E,31.88501504
2008,stock_ind,713|N,1.180942972
2008,stock_ind,713|S,112.4522361
2008,stock_ind,721|E,40.48978045
2008,stock_ind,721|N,2.436607178
2008,stock_ind,721|S,286.967684
2008,stock_ind,722|E,75.53001904
2008,stock_ind,722|N,1.818392089
2008,stock_ind,722|S,153.9500537
2008,stock_ind,81|E,85.91079448
2008,stock_ind,81|N,23.79726195
2008,stock_ind,81|S,462.2057396
2008,stock_ind,ORE|E,59.97605992
2008,stock_ind,ORE|N,3.644363991
2008,stock_ind,ORE|S,1086.630448
2008,stock_ind,HS|R,16301.62969
2008,scorte,2,265.408063
2008,scorte,3,96.06556309
2008,scorte,5,383.0526479
2008,scorte,6,307.1900253
2008,scorte,8,336.3565863
2008,scorte,9,282.7112129
2008,scorte,11,157.5641601
2008,scorte,12,48.47551029
2008,scorte,13,89.22888704
2008,scorte,14,243.4492974
2008,scorte,15,164.164637
2008,aggregati,produzione_tot,28580.51531
2008,aggregati,consumo_tot,10742.45505
2008,aggregati,investimento_tot,2497.876908
2008,aggregati,importazioni_tot,2219.429062
2008,aggregati,scorte_tot,2373.66659
2009,produzione,111CA,409.4243147
2009,produzione,113FF,47.05169185
2009,produzione,211,292.2540595
2009,produzione,212,122.795371
2009,produzione,213,81.20639104
2009,produzione,22,436.7438523
2009,produzione,23,1159.009331
2009,produzione,321,71.84264542
2009,produzione,327,93.08596326
2009,produzione,331,204.1411412
2009,produzione,332,296.3542727
2009,produzione,333,299.5522483
2009,produzione,334,330.8844557
2009,produzione,335,109.8085341
2009,produzione,3361MV,358.3689338
2009,produzione,3364OT,260.0123858
2009,produzione,337,62.49311386
2009,produzione,339,169.1113305
2009,produzione,311FT,906.3474254
2009,produzione,313TT,51.82979868
2009,produzione,315AL,25.79161877
2009,produzione,322,173.0942317
2009,produzione,323,86.26890229
2009,produzione,324,803.9827654
2009,produzione,325,730.4558619
2009,produzione,326,187.7088916
2009,produzione,42,1227.984384
2009,produzione,441,157.1054358
2009,produzione,445,204.9360455
2009,produzione,452,226.7629318
2009,produzione,4A0,682.2639795
2009,produzione,481,174.5850825
2009,produzione,482,64.45598026
2009,produzione,483,46.47779615
2009,produzione,484,256.6458437
2009,produzione,485,50.06295381
2009,produzione,486,31.3301139
2009,produzione,487OS,178.8649156
2009,produzione,493,74.68675629
2009,produzione,511,284.9005319
2009,produzione,512,126.8246378
2009,produzione,513,666.6519513
2009,produzione,514,144.344067
2009,produzione,521CI,788.7883402
2009,produzione,523,510.529434
2009,produzione,524,672.3610913
2009,produzione,525,115.625823
2009,produzione,HS,1674.749924
2009,produzione,ORE,761.1318326
2009,produzione,532RL,261.8220431
2009,produzione,5411,309.384714
2009,produzione,5415,273.5326005
2009,produzione,5412OP,1038.291636
2009,produzione,55,411.5827153
2009,produzione,561,571.0211476
2009,produzione,562,80.23215522
2009,produzione,61,292.9650552
2009,produzione,621,811.4690575
2009,produzione,622,646.5106882
2009,produzione,623,196.8069536
2009,produzione,624,163.3259061
2009,produzione,711AS,139.0765291
2009,produzione,713,117.7887606
2009,produzione,721,192.3486219
2009,produzione,722,563.0735264
2009,produzione,81,557.2386361
2009,produzione,GFGD,679.3723181
2009,produzione,GFGN,366.6008863
2009,produzione,GFE,103.7343525
2009,produzione,GSLG,2051.877443
2009,produzione,GSLE,269.0557347
2009,consumo,111CA,76.03341406
2009,importazioni,111CA,32.40252443
2009,consumo,113FF,7.671610023
2009,importazioni,113FF,14.47320839
2009,consumo,211,0
2009,importazioni,211,267.7597764
2009,consumo,212,0.3655685881
2009,importazioni,212,6.754710504
2009,consumo,213,0
2009,importazioni,213,0.7745073509
2009,consumo,22,246.4369035
2009,importazioni,22,2.246422121
2009,consumo,23,0
2009,importazioni,23,-0
2009,consumo,321,5.495993218
2009,importazioni,321,11.05312581
2009,consumo,327,12.41396903
2009,importazioni,327,14.9676939
2009,consumo,331,1.11840189
2009,importazioni,331,64.81597316
2009,consumo,332,15.05166385
2009,importazioni,332,40.4696939
2009,consumo,333,7.743061601
2009,importazioni,333,89.47316143
2009,consumo,334,76.12432117
2009,importazioni,334,215.2265012
2009,consumo,335,37.9387651
2009,importazioni,335,58.45681089
2009,consumo,3361MV,154.8814104
2009,importazioni,3361MV,150.4199692
2009,consumo,3364OT,19.46542252
2009,importazioni,3364OT,36.3781404
2009,consumo,337,39.29009322
2009,importazioni,337,23.59477513
2009,consumo,339,92.8850417
2009,importazioni,339,69.09629461
2009,consumo,311FT,579.6168718
2009,importazioni,311FT,66.81131007
2009,consumo,313TT,24.94853828
2009,importazioni,313TT,22.77997319
2009,consumo,315AL,120.6584594
2009,importazioni,315AL,111.1814641
2009,consumo,322,24.56140656
2009,importazioni,322,20.86690012
2009,consumo,323,4.785717781
2009,importazioni,323,2.060347382
2009,consumo,324,301.5513273
2009,importazioni,324,129.7765291
2009,consumo,325,269.3938181
2009,importazioni,325,199.5349036
2009,consumo,326,35.24131123
2009,importazioni,326,33.18531571
2009,consumo,42,393.2906968
2009,importazioni,42,0
2009,consumo,441,71.35464865
2009,importazioni,441,-0
2009,consumo,445,181.8587581
2009,importazioni,445,-0
2009,consumo,452,213.823747
2009,importazioni,452,-0
2009,consumo,4A0,549.873593
2009,importazioni,4A0,-0
2009,consumo,481,106.3346025
2009,importazioni,481,37.47473928
2009,consumo,482,6.626062074
2009,importazioni,482,0
2009,consumo,483,15.75325072
2009,importazioni,483,0
2009,consumo,484,72.57336775
2009,importazioni,484,0
2009,consumo,485,32.80536791
2009,importazioni,485,-0
2009,consumo,486,2.073066025
2009,importazioni,486,-0
2009,consumo,487OS,15.02252234
2009,importazioni,487OS,0
2009,consumo,493,0.07858159731
2009,importazioni,493,-0
2009,consumo,511,64.79114602
2009,importazioni,511,3.561217187
2009,consumo,512,30.46035946
2009,importazioni,512,5.43287361
2009,consumo,513,259.7983484
2009,importazioni,513,0.1504812179
2009,consumo,514,19.40463487
2009,importazioni,514,0.7402067396
2009,consumo,521CI,216.756729
2009,importazioni,521CI,11.46522822
2009,consumo,523,181.9639667
2009,importazioni,523,0.06338939946
2009,consumo,524,279.5156823
2009,importazioni,524,66.2493575
2009,consumo,525,122.0543493
2009,importazioni,525,-0
2009,consumo,HS,1665.706345
2009,importazioni,HS,-0
2009,consumo,ORE,5.857927599
2009,importazioni,ORE,-0
2009,consumo,532RL,76.43954823
2009,importazioni,532RL,-0
2009,consumo,5411,96.69478629
2009,importazioni,5411,2.242210762
2009,consumo,5415,0
2009,importazioni,5415,16.17051051
2009,consumo,5412OP,55.02497792
2009,importazioni,5412OP,53.6187148
2009,consumo,55,0
2009,importazioni,55,-0
2009,consumo,561,45.17571675
2009,importazioni,561,0.7764783846
2009,consumo,562,19.9628495
2009,importazioni,562,0.09648549781
2009,consumo,61,296.5219424
2009,importazioni,61,1.468149197
2009,consumo,621,800.6943122
2009,importazioni,621,0.01993674515
2009,consumo,622,787.4033838
2009,importazioni,622,1.812183791
2009,consumo,623,196.1011433
2009,importazioni,623,0.005273265514
2009,consumo,624,165.0180991
2009,importazioni,624,-0
2009,consumo,711AS,62.4807782
2009,importazioni,711AS,0.3786903507
2009,consumo,713,155.287828
2009,importazioni,713,-0
2009,consumo,721,112.432595
2009,importazioni,721,-0
2009,consumo,722,532.7632485
2009,importazioni,722,-0
2009,consumo,81,492.3527339
2009,importazioni,81,2.760096885
2009,consumo,GFGD,0
2009,importazioni,GFGD,-0
2009,consumo,GFGN,0
2009,importazioni,GFGN,-0
2009,consumo,GFE,10.7878238
2009,importazioni,GFE,0.414348588
2009,consumo,GSLG,0
2009,importazioni,GSLG,-0
2009,consumo,GSLE,58.6167609
2009,importazioni,GSLE,-0
2009,investimento_tipo,E,657.1951042
2009,stock_tipo,E,5253.68273
2009,investimento_tipo,S,464.5400797
2009,stock_tipo,S,11966.29598
2009,investimento_tipo,N,573.4072424
2009,stock_tipo,N,2163.778443
2009,investimento_tipo,R,395.1590801
2009,stock_tipo,R,16313.21928
2009,investimento_ind,111CA|E,31.1685178
2009,investimento_ind,111CA|N,0.03684615385
2009,investimento_ind,111CA|S,7.144159844
2009,investimento_ind,113FF|E,4.533272687
2009,investimento_ind,113FF|N,0.09119601329
2009,investimento_ind,113FF|S,0.8630738888
2009,investimento_ind,211|E,7.366237084
2009,investimento_ind,211|N,2.185294792
2009,investimento_ind,211|S,91.98998748
2009,investimento_ind,212|E,4.992176563
2009,investimento_ind,212|N,0.2801287868
2009,investimento_ind,212|S,7.840088017
2009,investimento_ind,213|E,9.660130168
2009,investimento_ind,213|N,0.5682434335
2009,investimento_ind,213|S,4.274529018
2009,investimento_ind,22|E,51.30678591
2009,investimento_ind,22|N,4.758647763
2009,investimento_ind,22|S,63.78165625
2009,investimento_ind,23|E,15.86278655
2009,investimento_ind,23|N,1.417368763
2009,investimento_ind,23|S,4.197145226
2009,investimento_ind,311FT|E,15.57727555
2009,investimento_ind,311FT|N,5.382169068
2009,investimento_ind,311FT|S,3.420067025
2009,investimento_ind,313TT|E,1.293954542
2009,investimento_ind,313TT|N,0.5740848485
2009,investimento_ind,313TT|S,0.1700528634
2009,investimento_ind,315AL|E,0.3150023251
2009,investimento_ind,315AL|N,0.4974436887
2009,investimento_ind,315AL|S,0.08142857143
2009,investimento_ind,321|E,1.45290247
2009,investimento_ind,321|N,0.160989648
2009,investimento_ind,321|S,0.2977193864
2009,investimento_ind,322|E,4.376248402
2009,investimento_ind,322|N,1.589883126
2009,investimento_ind,322|S,0.4379918422
2009,investimento_ind,323|E,2.251336537
2009,investimento_ind,323|N,1.217099316
2009,investimento_ind,323|S,0.3411135531
2009,investimento_ind,324|E,15.65274412
2009,investimento_ind,324|N,8.051956489
2009,investimento_ind,324|S,2.027688629
2009,investimento_ind,325|E,19.40978373
2009,investimento_ind,325|N,69.84080508
2009,investimento_ind,325|S,4.399775458
2009,investimento_ind,326|E,4.781410989
2009,investimento_ind,326|N,2.571680781
2009,investimento_ind,326|S,0.6695879121
2009,investimento_ind,327|E,3.222442009
2009,investimento_ind,327|N,3.098678306
2009,investimento_ind,327|S,0.4519647668
2009,investimento_ind,331|E,7.915477184
2009,investimento_ind,331|N,2.498676728
2009,investimento_ind,331|S,1.26031287
2009,investimento_ind,332|E,7.442691138
2009,investimento_ind,332|N,3.704378376
2009,investimento_ind,332|S,1.153862888
2009,investimento_ind,333|E,8.050029104
2009,investimento_ind,333|N,10.41984649
2009,investimento_ind,333|S,1.542019491
2009,investimento_ind,334|E,14.04482436
2009,investimento_ind,334|N,68.33006956
2009,investimento_ind,334|S,5.098411792
2009,investimento_ind,335|E,2.220555357
2009,investimento_ind,335|N,3.981487358
2009,investimento_ind,335|S,0.5525243627
2009,investimento_ind,3361MV|E,10.64695765
2009,investimento_ind,3361MV|N,13.946689
2009,investimento_ind,3361MV|S,1.086907195
2009,investimento_ind,3364OT|E,4.957387165
2009,investimento_ind,3364OT|N,19.40329698
2009,investimento_ind,3364OT|S,1.535936306
2009,investimento_ind,337|E,0.7407491405
2009,investimento_ind,337|N,0.5720391276
2009,investimento_ind,337|S,0.1517804878
2009,investimento_ind,339|E,4.207733607
2009,investimento_ind,339|N,6.03494262
2009,investimento_ind,339|S,0.8399169323
2009,investimento_ind,42|E,23.9309168
2009,investimento_ind,42|N,15.31532895
2009,investimento_ind,42|S,9.811270635
2009,investimento_ind,441|E,2.110547334
2009,investimento_ind,441|N,0.834324982
2009,investimento_ind,441|S,1.393245106
2009,investimento_ind,445|E,6.871039524
2009,investimento_ind,445|N,1.267387831
2009,investimento_ind,445|S,2.303496102
2009,investimento_ind,452|E,3.376038627
2009,investimento_ind,452|N,1.645698331
2009,investimento_ind,452|S,7.990631033
2009,investimento_ind,481|E,10.9985159
2009,investimento_ind,481|N,0.6786671243
2009,investimento_ind,481|S,0.5014646252
2009,investimento_ind,482|E,2.779119827
2009,investimento_ind,482|N,0.2613218575
2009,investimento_ind,482|S,8.095619029
2009,investimento_ind,483|E,3.902354674
2009,investimento_ind,483|N,0.143423145
2009,investimento_ind,483|S,0.05078247905
2009,investimento_ind,484|E,10.01684866
2009,investimento_ind,484|N,0.2863833634
2009,investimento_ind,484|S,0.9539588813
2009,investimento_ind,485|E,2.001465884
2009,investimento_ind,485|N,0.180875
2009,investimento_ind,485|S,0.1164255658
2009,investimento_ind,486|E,4.103589433
2009,investimento_ind,486|N,0.4051738124
2009,investimento_ind,486|S,8.489216204
2009,investimento_ind,487OS|E,3.59793399
2009,investimento_ind,487OS|N,0.7195242331
2009,investimento_ind,487OS|S,1.580610731
2009,investimento_ind,493|E,1.227316538
2009,investimento_ind,493|N,0.2190426641
2009,investimento_ind,493|S,1.70462564
2009,investimento_ind,4A0|E,19.90733576
2009,investimento_ind,4A0|N,7.116973061
2009,investimento_ind,4A0|S,9.942077709
2009,investimento_ind,511|E,5.246483315
2009,investimento_ind,511|N,46.22530363
2009,investimento_ind,511|S,3.804865879
2009,investimento_ind,512|E,1.765483401
2009,investimento_ind,512|N,27.16934734
2009,investimento_ind,512|S,0.5591286267
2009,investimento_ind,513|E,47.93458038
2009,investimento_ind,513|N,33.93203495
2009,investimento_ind,513|S,24.2403673
2009,investimento_ind,514|E,5.461332537
2009,investimento_ind,514|N,12.92641958
2009,investimento_ind,514|S,1.810258114
2009,investimento_ind,521CI|E,31.19199595
2009,investimento_ind,521CI|N,14.00556325
2009,investimento_ind,521CI|S,9.69333302
2009,investimento_ind,523|E,7.399445386
2009,investimento_ind,523|N,11.27463125
2009,investimento_ind,523|S,4.94059231
2009,investimento_ind,524|E,6.533077572
2009,investimento_ind,524|N,19.29820555
2009,investimento_ind,524|S,3.447935225
2009,investimento_ind,525|E,0.1781474747
2009,investimento_ind,525|N,0.2359708955
2009,investimento_ind,525|S,0.4569284116
2009,investimento_ind,532RL|E,29.41770748
2009,investimento_ind,532RL|N,0.5567769538
2009,investimento_ind,532RL|S,0.8452536734
2009,investimento_ind,5411|E,3.312085356
2009,investimento_ind,5411|N,1.890511554
2009,investimento_ind,5411|S,0.6948550069
2009,investimento_ind,5412OP|E,19.3720498
2009,investimento_ind,5412OP|N,53.03007406
2009,investimento_ind,5412OP|S,7.325327809
2009,investimento_ind,5415|E,8.718646403
2009,investimento_ind,5415|N,21.98812033
2009,investimento_ind,5415|S,1.353276913
2009,investimento_ind,55|E,6.893762192
2009,investimento_ind,55|N,19.87710801
2009,investimento_ind,55|S,3.317353282
2009,investimento_ind,561|E,12.81737776
2009,investimento_ind,561|N,13.65683253
2009,investimento_ind,561|S,4.055446458
2009,investimento_ind,562|E,3.196768433
2009,investimento_ind,562|N,0.2087509495
2009,investimento_ind,562|S,0.8899075425
2009,investimento_ind,61|E,9.152122746
2009,investimento_ind,61|N,7.645644706
2009,investimento_ind,61|S,17.26293095
2009,investimento_ind,621|E,22.81835964
2009,investimento_ind,621|N,2.96542788
2009,investimento_ind,621|S,5.774776832
2009,investimento_ind,622|E,37.00287764
2009,investimento_ind,622|N,6.382532071
2009,investimento_ind,622|S,28.20724597
2009,investimento_ind,623|E,3.057893264
2009,investimento_ind,623|N,0.5145607328
2009,investimento_ind,623|S,3.233152227
2009,investimento_ind,624|E,1.911664872
2009,investimento_ind,624|N,0.4321452801
2009,investimento_ind,624|S,2.246125604
2009,investimento_ind,711AS|E,2.748614321
2009,investimento_ind,711AS|N,8.648145726
2009,investimento_ind,711AS|S,3.699273017
2009,investimento_ind,713|E,5.91945024
2009,investimento_ind,713|N,0.4369071241
2009,investimento_ind,713|S,7.456682054
2009,investimento_ind,721|E,4.551326969
2009,investimento_ind,721|N,0.6999593393
2009,investimento_ind,721|S,20.5259102
2009,investimento_ind,722|E,10.6910835
2009,investimento_ind,722|N,0.4978936973
2009,investimento_ind,722|S,3.13660444
2009,investimento_ind,81|E,11.11537608
2009,investimento_ind,81|N,6.632167811
2009,investimento_ind,81|S,15.2811654
2009,investimento_ind,ORE|E,10.51495641
2009,investimento_ind,ORE|N,1.988140528
2009,investimento_ind,ORE|S,31.73825763
2009,investimento_ind,HS|R,395.1590801
2009,stock_ind,111CA|E,199.5822092
2009,stock_ind,111CA|N,0.05325714286
2009,stock_ind,111CA|S,251.5530717
2009,stock_ind,113FF|E,30.65515579
2009,stock_ind,113FF|N,0.1479211957
2009,stock_ind,113FF|S,18.27248203
2009,stock_ind,211|E,50.39024429
2009,stock_ind,211|N,8.295168687
2009,stock_ind,211|S,1437.855178
2009,stock_ind,212|E,38.29061063
2009,stock_ind,212|N,1.328023886
2009,stock_ind,212|S,98.75629077
2009,stock_ind,213|E,59.04813662
2009,stock_ind,213|N,1.507880617
2009,stock_ind,213|S,53.32493809
2009,stock_ind,22|E,470.1482883
2009,stock_ind,22|N,8.282850024
2009,stock_ind,22|S,1465.628469
2009,stock_ind,23|E,190.7714845
2009,stock_ind,23|N,6.596464229
2009,stock_ind,23|S,87.39683877
2009,stock_ind,311FT|E,146.0845231
2009,stock_ind,311FT|N,22.1581452
2009,stock_ind,311FT|S,128.0282355
2009,stock_ind,313TT|E,18.29991891
2009,stock_ind,313TT|N,2.293720089
2009,stock_ind,313TT|S,24.35523546
2009,stock_ind,315AL|E,5.739676062
2009,stock_ind,315AL|N,2.208100413
2009,stock_ind,315AL|S,11.72325135
2009,stock_ind,321|E,17.75177663
2009,stock_ind,321|N,0.5882287465
2009,stock_ind,321|S,22.20276104
2009,stock_ind,322|E,69.78714097
2009,stock_ind,322|N,6.952298732
2009,stock_ind,322|S,39.51002282
2009,stock_ind,323|E,29.53336045
2009,stock_ind,323|N,4.125216418
2009,stock_ind,323|S,19.55142716
2009,stock_ind,324|E,105.9681518
2009,stock_ind,324|N,33.1061043
2009,stock_ind,324|S,62.49926312
2009,stock_ind,325|E,152.0024846
2009,stock_ind,325|N,426.7004105
2009,stock_ind,325|S,150.2367371
2009,stock_ind,326|E,52.78665463
2009,stock_ind,326|N,11.27112019
2009,stock_ind,326|S,31.37188879
2009,stock_ind,327|E,46.07126157
2009,stock_ind,327|N,14.9875124
2009,stock_ind,327|S,33.8836288
2009,stock_ind,331|E,89.52098016
2009,stock_ind,331|N,11.39221479
2009,stock_ind,331|S,67.85470816
2009,stock_ind,332|E,94.91626775
2009,stock_ind,332|N,16.66987291
2009,stock_ind,332|S,57.11576912
2009,stock_ind,333|E,91.93631443
2009,stock_ind,333|N,46.68444
2009,stock_ind,333|S,68.03788393
2009,stock_ind,334|E,135.6412778
2009,stock_ind,334|N,200.8362748
2009,stock_ind,334|S,146.6480083
2009,stock_ind,335|E,22.90173083
2009,stock_ind,335|N,18.16646926
2009,stock_ind,335|S,28.51136935
2009,stock_ind,3361MV|E,96.94194602
2009,stock_ind,3361MV|N,46.52263701
2009,stock_ind,3361MV|S,52.10340147
2009,stock_ind,3364OT|E,38.98210211
2009,stock_ind,3364OT|N,66.4008688
2009,stock_ind,3364OT|S,55.00128516
2009,stock_ind,337|E,9.688687154
2009,stock_ind,337|N,2.2007789
2009,stock_ind,337|S,11.08068676
2009,stock_ind,339|E,32.29888574
2009,stock_ind,339|N,26.48766067
2009,stock_ind,339|S,32.69831267
2009,stock_ind,42|E,212.4773168
2009,stock_ind,42|N,44.00715403
2009,stock_ind,42|S,253.3981441
2009,stock_ind,441|E,23.92996758
2009,stock_ind,441|N,2.901442208
2009,stock_ind,441|S,167.5830969
2009,stock_ind,445|E,51.50198289
2009,stock_ind,445|N,3.688099475
2009,stock_ind,445|S,168.4875454
2009,stock_ind,452|E,38.93824659
2009,stock_ind,452|N,4.237436446
2009,stock_ind,452|S,155.9092591
2009,stock_ind,481|E,171.0103899
2009,stock_ind,481|N,2.000514367
2009,stock_ind,481|S,57.03665816
2009,stock_ind,482|E,36.35491526
2009,stock_ind,482|N,0.9915569256
2009,stock_ind,482|S,333.0977535
2009,stock_ind,483|E,36.90969696
2009,stock_ind,483|N,0.3490165505
2009,stock_ind,483|S,6.462884828
2009,stock_ind,484|E,86.92844123
2009,stock_ind,484|N,1.005694699
2009,stock_ind,484|S,23.99846791
2009,stock_ind,485|E,17.12149246
2009,stock_ind,485|N,0.3281432773
2009,stock_ind,485|S,27.00824696
2009,stock_ind,486|E,25.93741506
2009,stock_ind,486|N,0.9467184762
2009,stock_ind,486|S,147.9025094
2009,stock_ind,487OS|E,67.87533417
2009,stock_ind,487OS|N,1.886906574
2009,stock_ind,487OS|S,62.09897515
2009,stock_ind,493|E,8.668101411
2009,stock_ind,493|N,0.4514104165
2009,stock_ind,493|S,32.68010432
2009,stock_ind,4A0|E,137.8279217
2009,stock_ind,4A0|N,16.9038993
2009,stock_ind,4A0|S,425.6828055
2009,stock_ind,511|E,25.47465448
2009,stock_ind,511|N,177.0193158
2009,stock_ind,511|S,46.78868813
2009,stock_ind,512|E,10.57828101
2009,stock_ind,512|N,210.4228033
2009,stock_ind,512|S,33.64649663
2009,stock_ind,513|E,263.1502446
2009,stock_ind,513|N,135.4424198
2009,stock_ind,513|S,779.9606914
2009,stock_ind,514|E,20.0936222
2009,stock_ind,514|N,44.66261551
2009,stock_ind,514|S,17.16753801
2009,stock_ind,521CI|E,362.128517
2009,stock_ind,521CI|N,29.67504754
2009,stock_ind,521CI|S,368.6244794
2009,stock_ind,523|E,29.87965516
2009,stock_ind,523|N,19.96751644
2009,stock_ind,523|S,102.9318158
2009,stock_ind,524|E,46.92133521
2009,stock_ind,524|N,38.90486684
2009,stock_ind,524|S,160.3489748
2009,stock_ind,525|E,1.040061212
2009,stock_ind,525|N,0.35532475
2009,stock_ind,525|S,40.62386794
2009,stock_ind,532RL|E,335.130408
2009,stock_ind,532RL|N,1.327975849
2009,stock_ind,532RL|S,23.58124307
2009,stock_ind,5411|E,16.26529482
2009,stock_ind,5411|N,2.898449464
2009,stock_ind,5411|S,24.99643668
2009,stock_ind,5412OP|E,113.9503424
2009,stock_ind,5412OP|N,197.1240341
2009,stock_ind,5412OP|S,112.1658943
2009,stock_ind,5415|E,23.99811299
2009,stock_ind,5415|N,43.94242725
2009,stock_ind,5415|S,25.18875424
2009,stock_ind,55|E,41.12373507
2009,stock_ind,55|N,38.1567875
2009,stock_ind,55|S,292.0128046
2009,stock_ind,561|E,69.97006961
2009,stock_ind,561|N,24.81363884
2009,stock_ind,561|S,55.59294436
2009,stock_ind,562|E,24.46394682
2009,stock_ind,562|N,0.7817472304
2009,stock_ind,562|S,72.95533627
2009,stock_ind,61|E,42.65759823
2009,stock_ind,61|N,19.95816346
2009,stock_ind,61|S,419.7167994
2009,stock_ind,621|E,117.487398
2009,stock_ind,621|N,11.13082185
2009,stock_ind,621|S,182.1215351
2009,stock_ind,622|E,164.9360105
2009,stock_ind,622|N,15.71011238
2009,stock_ind,622|S,580.8017512
2009,stock_ind,623|E,16.16143997
2009,stock_ind,623|N,1.942157431
2009,stock_ind,623|S,58.05293733
2009,stock_ind,624|E,9.975605684
2009,stock_ind,624|N,0.8229764608
2009,stock_ind,624|S,44.19070018
2009,stock_ind,711AS|E,16.37215745
2009,stock_ind,711AS|N,49.13299245
2009,stock_ind,711AS|S,81.59782913
2009,stock_ind,713|E,32.66564442
2009,stock_ind,713|N,1.216900306
2009,stock_ind,713|S,116.6786977
2009,stock_ind,721|E,38.88925589
2009,stock_ind,721|N,2.357558353
2009,stock_ind,721|S,299.4985992
2009,stock_ind,722|E,74.8570517
2009,stock_ind,722|N,1.793046808
2009,stock_ind,722|S,153.0005711
2009,stock_ind,81|E,83.81819848
2009,stock_ind,81|N,24.79816032
2009,stock_ind,81|S,467.6522666
2009,stock_ind,ORE|E,60.47359696
2009,stock_ind,ORE|N,3.758950677
2009,stock_ind,ORE|S,1089.850734
2009,stock_ind,HS|R,16313.21928
2009,scorte,2,255.0890147
2009,scorte,3,94.14853914
2009,scorte,5,357.6711212
2009,scorte,6,304.1806856
2009,scorte,8,284.1490969
2009,scorte,9,267.5258721
2009,scorte,11,121.6037777
2009,scorte,12,48.16097444
2009,scorte,13,85.25499465
2009,scorte,14,227.7401749
2009,scorte,15,157.6929232
2009,aggregati,produzione_tot,26988.80086
2009,aggregati,consumo_tot,10625.20937
2009,aggregati,investimento_tot,2090.301506
2009,aggregati,importazioni_tot,1889.460604
2009,aggregati,scorte_tot,2203.217175
2010,produzione,111CA,410.635968
2010,produzione,113FF,47.97230405
2010,produzione,211,310.2504248
2010,produzione,212,122.5519868
2010,produzione,213,90.07869719
2010,produzione,22,484.3502015
2010,produzione,23,1072.812018
2010,produzione,321,74.19156597
2010,produzione,327,95.87725762
2010,produzione,331,252.4715087
2010,produzione,332,310.3419818
2010,produzione,333,333.6215223
2010,produzione,334,349.1128872
2010,produzione,335,113.7506109
2010,produzione,3361MV,450.373889
2010,produzione,3364OT,258.369358
2010,produzione,337,59.88056791
2010,produzione,339,165.57078
2010,produzione,311FT,901.9630011
2010,produzione,313TT,54.22248795
2010,produzione,315AL,24.45383947
2010,produzione,322,175.7695379
2010,produzione,323,85.58333584
2010,produzione,324,794.8962343
2010,produzione,325,789.840828
2010,produzione,326,203.1143406
2010,produzione,42,1431.256907
2010,produzione,441,203.930149
2010,produzione,445,215.2000665
2010,produzione,452,231.4790434
2010,produzione,4A0,711.8769266
2010,produzione,481,183.2040915
2010,produzione,482,74.83133139
2010,produzione,483,47.2954469
2010,produzione,484,274.2471601
2010,produzione,485,48.13693776
2010,produzione,486,33.19677558
2010,produzione,487OS,182.0347979
2010,produzione,493,85.26549403
2010,produzione,511,288.8876666
2010,produzione,512,132.338888
2010,produzione,513,692.5783474
2010,produzione,514,163.9690117
2010,produzione,521CI,723.1898399
2010,produzione,523,496.4579255
2010,produzione,524,679.690766
2010,produzione,525,118.6887055
2010,produzione,HS,1709.351405
2010,produzione,ORE,813.7397603
2010,produzione,532RL,277.3149204
2010,produzione,5411,305.5937754
2010,produzione,5415,304.0280435
2010,produzione,5412OP,1055.164244
2010,produzione,55,429.75256
2010,produzione,561,601.835638
2010,produzione,562,86.06860898
2010,produzione,61,308.004095
2010,produzione,621,825.6834837
2010,produzione,622,660.9254589
2010,produzione,623,202.752989
2010,produzione,624,170.038702
2010,produzione,711AS,138.1331143
2010,produzione,713,117.744059
2010,produzione,721,195.0397039
2010,produzione,722,574.4082853
2010,produzione,81,560.2502366
2010,produzione,GFGD,703.4826768
2010,produzione,GFGN,386.3430023
2010,produzione,GFE,99.90879426
2010,produzione,GSLG,2017.489888
2010,produzione,GSLE,280.1599134
2010,consumo,111CA,72.83635825
2010,importazioni,111CA,33.42847383
2010,consumo,113FF,7.611627146
2010,importazioni,113FF,16.39782974
2010,consumo,211,0
2010,importazioni,211,273.3513839
2010,consumo,212,0.2495418555
2010,importazioni,212,6.745258015
2010,consumo,213,0
2010,importazioni,213,0.7011390611
2010,consumo,22,248.188681
2010,importazioni,22,2.188895729
2010,consumo,23,0
2010,importazioni,23,-0
2010,consumo,321,5.21525049
2010,importazioni,321,12.22566139
2010,consumo,327,12.49261967
2010,importazioni,327,18.48385112
2010,consumo,331,0.5623744185
2010,importazioni,331,77.07517481
2010,consumo,332,15.04676981
2010,importazioni,332,47.23824705
2010,consumo,333,5.78768922
2010,importazioni,333,106.4310366
2010,consumo,334,77.30963786
2010,importazioni,334,265.4036559
2010,consumo,335,38.7471913
2010,importazioni,335,70.30315414
2010,consumo,3361MV,156.605966
2010,importazioni,3361MV,210.4628593
2010,consumo,3364OT,14.91031651
2010,importazioni,3364OT,34.98085753
2010,consumo,337,38.87599752
2010,importazioni,337,28.58769093
2010,consumo,339,90.19123637
2010,importazioni,339,80.6571255
2010,consumo,311FT,551.5370386
2010,importazioni,311FT,71.68601731
2010,consumo,313TT,22.37632721
2010,importazioni,313TT,26.94390208
2010,consumo,315AL,126.1639323
2010,importazioni,315AL,128.1905736
2010,consumo,322,21.85573608
2010,importazioni,322,22.57032832
2010,consumo,323,4.892869992
2010,importazioni,323,2.396570056
2010,consumo,324,292.4258338
2010,importazioni,324,125.2792095
2010,consumo,325,255.5661706
2010,importazioni,325,214.2206348
2010,consumo,326,33.16998312
2010,importazioni,326,40.95190292
2010,consumo,42,425.6127705
2010,importazioni,42,0
2010,consumo,441,111.3585011
2010,importazioni,441,-0
2010,consumo,445,193.0908943
2010,importazioni,445,-0
2010,consumo,452,216.7977238
2010,importazioni,452,-0
2010,consumo,4A0,576.3091362
2010,importazioni,4A0,-0
2010,consumo,481,110.0605686
2010,importazioni,481,41.62201258
2010,consumo,482,7.01272528
2010,importazioni,482,0
2010,consumo,483,15.71062249
2010,importazioni,483,0
2010,consumo,484,70.44732063
2010,importazioni,484,0
2010,consumo,485,31.30522152
2010,importazioni,485,-0
2010,consumo,486,1.937050114
2010,importazioni,486,-0
2010,consumo,487OS,14.97745267
2010,importazioni,487OS,0
2010,consumo,493,0.1076669423
2010,importazioni,493,-0
2010,consumo,511,67.34663569
2010,importazioni,511,3.896518448
2010,consumo,512,28.62345626
2010,importazioni,512,5.800343473
2010,consumo,513,274.361048
2010,importazioni,513,0.1465695055
2010,consumo,514,19.58251995
2010,importazioni,514,0.8517195935
2010,consumo,521CI,208.4026562
2010,importazioni,521CI,10.6332145
2010,consumo,523,180.1140441
2010,importazioni,523,0.05697696386
2010,consumo,524,296.5211482
2010,importazioni,524,64.60674864
2010,consumo,525,125.0108918
2010,importazioni,525,-0
2010,consumo,HS,1704.766812
2010,importazioni,HS,-0
2010,consumo,ORE,6.421715015
2010,importazioni,ORE,-0
2010,consumo,532RL,68.95608451
2010,importazioni,532RL,-0
2010,consumo,5411,93.28927232
2010,importazioni,5411,2.101947293
2010,consumo,5415,0
2010,importazioni,5415,19.28253464
2010,consumo,5412OP,54.57296792
2010,importazioni,5412OP,57.08466867
2010,consumo,55,0
2010,importazioni,55,-0
2010,consumo,561,48.59485323
2010,importazioni,561,0.8665986892
2010,consumo,562,21.7386918
2010,importazioni,562,0.1044125447
2010,consumo,61,304.7738443
2010,importazioni,61,1.754042438
2010,consumo,621,814.1531973
2010,importazioni,621,0.04316634281
2010,consumo,622,804.6695707
2010,importazioni,622,1.978304313
2010,consumo,623,200.8035718
2010,importazioni,623,0.01242987357
2010,consumo,624,171.9590026
2010,importazioni,624,-0
2010,consumo,711AS,61.06265531
2010,importazioni,711AS,0.5652900825
2010,consumo,713,157.624885
2010,importazioni,713,-0
2010,consumo,721,114.5811261
2010,importazioni,721,-0
2010,consumo,722,543.48609
2010,importazioni,722,-0
2010,consumo,81,496.3313379
2010,importazioni,81,2.464581707
2010,consumo,GFGD,0
2010,importazioni,GFGD,-0
2010,consumo,GFGN,0
2010,importazioni,GFGN,-0
2010,consumo,GFE,10.19776515
2010,importazioni,GFE,0.3181718992
2010,consumo,GSLG,0
2010,importazioni,GSLG,-0
2010,consumo,GSLE,58.10420649
2010,importazioni,GSLE,-0
2010,investimento_tipo,E,787.2637488
2010,stock_tipo,E,5326.714042
2010,investimento_tipo,S,396.5889293
2010,stock_tipo,S,11994.62152
2010,investimento_tipo,N,589.2148707
2010,stock_tipo,N,2227.548387
2010,investimento_tipo,R,382.9823414
2010,stock_tipo,R,16316.06153
2010,investimento_ind,111CA|E,32.16428566
2010,investimento_ind,111CA|N,0.03566666667
2010,investimento_ind,111CA|S,6.446635963
2010,investimento_ind,113FF|E,6.165710136
2010,investimento_ind,113FF|N,0.094410299
2010,investimento_ind,113FF|S,0.8116558794
2010,investimento_ind,211|E,8.743758901
2010,investimento_ind,211|N,2.231901796
2010,investimento_ind,211|S,108.0121099
2010,investimento_ind,212|E,7.04985994
2010,investimento_ind,212|N,0.2924700395
2010,investimento_ind,212|S,8.211620726
2010,investimento_ind,213|E,11.2671694
2010,investimento_ind,213|N,0.6300898059
2010,investimento_ind,213|S,2.86199737
2010,investimento_ind,22|E,48.48555706
2010,investimento_ind,22|N,4.292037119
2010,investimento_ind,22|S,54.45409684
2010,investimento_ind,23|E,25.7876798
2010,investimento_ind,23|N,1.535669906
2010,investimento_ind,23|S,1.829171459
2010,investimento_ind,311FT|E,16.10606106
2010,investimento_ind,311FT|N,5.184476366
2010,investimento_ind,311FT|S,3.103843556
2010,investimento_ind,313TT|E,0.9860990075
2010,investimento_ind,313TT|N,0.5250878788
2010,investimento_ind,313TT|S,0.1287136564
2010,investimento_ind,315AL|E,0.2626844331
2010,investimento_ind,315AL|N,0.4705882966
2010,investimento_ind,315AL|S,0.04137301587
2010,investimento_ind,321|E,1.774294492
2010,investimento_ind,321|N,0.1543668737
2010,investimento_ind,321|S,0.2466068574
2010,investimento_ind,322|E,6.005871551
2010,investimento_ind,322|N,1.628525023
2010,investimento_ind,322|S,0.6043197301
2010,investimento_ind,323|E,2.110111941
2010,investimento_ind,323|N,1.125670961
2010,investimento_ind,323|S,0.1655283883
2010,investimento_ind,324|E,11.816298
2010,investimento_ind,324|N,7.613631775
2010,investimento_ind,324|S,1.471799852
2010,investimento_ind,325|E,16.4961279
2010,investimento_ind,325|N,73.31882388
2010,investimento_ind,325|S,3.833409898
2010,investimento_ind,326|E,5.88611084
2010,investimento_ind,326|N,2.589444674
2010,investimento_ind,326|S,0.5533299935
2010,investimento_ind,327|E,3.287323132
2010,investimento_ind,327|N,3.015066095
2010,investimento_ind,327|S,0.3921606218
2010,investimento_ind,331|E,7.453419182
2010,investimento_ind,331|N,2.450273848
2010,investimento_ind,331|S,0.8827958826
2010,investimento_ind,332|E,8.12676828
2010,investimento_ind,332|N,3.666702739
2010,investimento_ind,332|S,0.9510310947
2010,investimento_ind,333|E,8.883833732
2010,investimento_ind,333|N,10.37523341
2010,investimento_ind,333|S,1.400002807
2010,investimento_ind,334|E,18.34785777
2010,investimento_ind,334|N,70.95513109
2010,investimento_ind,334|S,3.482122212
2010,investimento_ind,335|E,2.387112518
2010,investimento_ind,335|N,3.877869885
2010,investimento_ind,335|S,0.4496634705
2010,investimento_ind,3361MV|E,14.92100017
2010,investimento_ind,3361MV|N,13.72074823
2010,investimento_ind,3361MV|S,1.987090458
2010,investimento_ind,3364OT|E,5.061606916
2010,investimento_ind,3364OT|N,14.86734753
2010,investimento_ind,3364OT|S,1.986955535
2010,investimento_ind,337|E,0.82956099
2010,investimento_ind,337|N,0.5570878492
2010,investimento_ind,337|S,0.1392439024
2010,investimento_ind,339|E,4.701570409
2010,investimento_ind,339|N,6.046185097
2010,investimento_ind,339|S,0.6964831697
2010,investimento_ind,42|E,32.52353565
2010,investimento_ind,42|N,16.68358924
2010,investimento_ind,42|S,7.071300969
2010,investimento_ind,441|E,3.760623022
2010,investimento_ind,441|N,0.930025646
2010,investimento_ind,441|S,1.646866342
2010,investimento_ind,445|E,9.690843282
2010,investimento_ind,445|N,1.442857682
2010,investimento_ind,445|S,1.950986087
2010,investimento_ind,452|E,5.088818645
2010,investimento_ind,452|N,2.105732943
2010,investimento_ind,452|S,5.724689881
2010,investimento_ind,481|E,12.12769224
2010,investimento_ind,481|N,0.5959959065
2010,investimento_ind,481|S,0.2229581828
2010,investimento_ind,482|E,3.065047288
2010,investimento_ind,482|N,0.3570719278
2010,investimento_ind,482|S,8.97139313
2010,investimento_ind,483|E,3.536422865
2010,investimento_ind,483|N,0.1315713495
2010,investimento_ind,483|S,0.136124597
2010,investimento_ind,484|E,14.0547905
2010,investimento_ind,484|N,0.3294886134
2010,investimento_ind,484|S,0.387113261
2010,investimento_ind,485|E,2.410052674
2010,investimento_ind,485|N,0.2051979167
2010,investimento_ind,485|S,0.3046262076
2010,investimento_ind,486|E,3.600975278
2010,investimento_ind,486|N,0.3723118466
2010,investimento_ind,486|S,8.771021158
2010,investimento_ind,487OS|E,4.18847871
2010,investimento_ind,487OS|N,0.7099525584
2010,investimento_ind,487OS|S,1.244353321
2010,investimento_ind,493|E,1.276154391
2010,investimento_ind,493|N,0.2433181535
2010,investimento_ind,493|S,1.407873435
2010,investimento_ind,4A0|E,23.53376599
2010,investimento_ind,4A0|N,7.356910863
2010,investimento_ind,4A0|S,7.37414453
2010,investimento_ind,511|E,6.193585173
2010,investimento_ind,511|N,49.4243026
2010,investimento_ind,511|S,1.270178056
2010,investimento_ind,512|E,2.463027558
2010,investimento_ind,512|N,31.18957234
2010,investimento_ind,512|S,0.715946393
2010,investimento_ind,513|E,61.95522146
2010,investimento_ind,513|N,35.95295386
2010,investimento_ind,513|S,18.87746596
2010,investimento_ind,514|E,11.83446571
2010,investimento_ind,514|N,19.74729671
2010,investimento_ind,514|S,3.695934783
2010,investimento_ind,521CI|E,54.51003279
2010,investimento_ind,521CI|N,14.46837667
2010,investimento_ind,521CI|S,5.943782491
2010,investimento_ind,523|E,7.319632473
2010,investimento_ind,523|N,10.41283823
2010,investimento_ind,523|S,2.165670468
2010,investimento_ind,524|E,7.099246353
2010,investimento_ind,524|N,17.99973949
2010,investimento_ind,524|S,1.58115701
2010,investimento_ind,525|E,0.1873731602
2010,investimento_ind,525|N,0.3504267143
2010,investimento_ind,525|S,0.2715770929
2010,investimento_ind,532RL|E,50.01962097
2010,investimento_ind,532RL|N,0.5773306254
2010,investimento_ind,532RL|S,0.518831131
2010,investimento_ind,5411|E,3.04405746
2010,investimento_ind,5411|N,1.562813699
2010,investimento_ind,5411|S,0.2510478075
2010,investimento_ind,5412OP|E,24.60050773
2010,investimento_ind,5412OP|N,55.92147651
2010,investimento_ind,5412OP|S,5.401206863
2010,investimento_ind,5415|E,8.876554418
2010,investimento_ind,5415|N,18.91755895
2010,investimento_ind,5415|S,0.6854132462
2010,investimento_ind,55|E,7.353920684
2010,investimento_ind,55|N,18.4139504
2010,investimento_ind,55|S,2.726370975
2010,investimento_ind,561|E,15.34399644
2010,investimento_ind,561|N,13.79004488
2010,investimento_ind,561|S,1.923518467
2010,investimento_ind,562|E,3.77605329
2010,investimento_ind,562|N,0.2299309215
2010,investimento_ind,562|S,0.931291441
2010,investimento_ind,61|E,9.849182045
2010,investimento_ind,61|N,8.216245874
2010,investimento_ind,61|S,13.90858164
2010,investimento_ind,621|E,29.48997229
2010,investimento_ind,621|N,3.554776934
2010,investimento_ind,621|S,4.415889778
2010,investimento_ind,622|E,35.44198963
2010,investimento_ind,622|N,6.147111694
2010,investimento_ind,622|S,25.6075818
2010,investimento_ind,623|E,3.263262433
2010,investimento_ind,623|N,0.5449793273
2010,investimento_ind,623|S,3.011869835
2010,investimento_ind,624|E,2.08613924
2010,investimento_ind,624|N,0.4333514745
2010,investimento_ind,624|S,1.07821505
2010,investimento_ind,711AS|E,3.197571705
2010,investimento_ind,711AS|N,8.05720976
2010,investimento_ind,711AS|S,2.821742593
2010,investimento_ind,713|E,4.681563245
2010,investimento_ind,713|N,0.3721030376
2010,investimento_ind,713|S,5.527534356
2010,investimento_ind,721|E,4.32193221
2010,investimento_ind,721|N,0.6848174717
2010,investimento_ind,721|S,8.743335558
2010,investimento_ind,722|E,9.002790694
2010,investimento_ind,722|N,0.433564677
2010,investimento_ind,722|S,2.585547113
2010,investimento_ind,81|E,14.05692034
2010,investimento_ind,81|N,6.842306962
2010,investimento_ind,81|S,9.625905171
2010,investimento_ind,ORE|E,13.33019549
2010,investimento_ind,ORE|N,2.251259115
2010,investimento_ind,ORE|S,21.94612098
2010,investimento_ind,HS|R,382.9823414
2010,stock_ind,111CA|E,203.4269829
2010,stock_ind,111CA|N,0.05339047619
2010,stock_ind,111CA|S,251.9658782
2010,stock_ind,113FF|E,32.59374395
2010,stock_ind,113FF|N,0.147564538
2010,stock_ind,113FF|S,18.63324592
2010,stock_ind,211|E,52.3109684
2010,stock_ind,211|N,8.407040953
2010,stock_ind,211|S,1440.218551
2010,stock_ind,212|E,39.65862714
2010,stock_ind,212|N,1.313040221
2010,stock_ind,212|S,102.9880755
2010,stock_ind,213|E,62.70179191
2010,stock_ind,213|N,1.575913098
2010,stock_ind,213|S,52.72686839
2010,stock_ind,22|E,481.5136762
2010,stock_ind,22|N,8.538974393
2010,stock_ind,22|S,1487.366189
2010,stock_ind,23|E,184.9278486
2010,stock_ind,23|N,6.251068704
2010,stock_ind,23|S,87.18956081
2010,stock_ind,311FT|E,147.6107963
2010,stock_ind,311FT|N,22.51594877
2010,stock_ind,311FT|S,127.1746556
2010,stock_ind,313TT|E,17.27301494
2010,stock_ind,313TT|N,2.320110226
2010,stock_ind,313TT|S,23.74372049
2010,stock_ind,315AL|E,5.32539676
2010,stock_ind,315AL|N,2.241588988
2010,stock_ind,315AL|S,11.42567862
2010,stock_ind,321|E,16.93857837
2010,stock_ind,321|N,0.5666341985
2010,stock_ind,321|S,21.7638049
2010,stock_ind,322|E,68.2408975
2010,stock_ind,322|N,7.038796193
2010,stock_ind,322|S,38.88549411
2010,stock_ind,323|E,27.90641404
2010,stock_ind,323|N,4.085462963
2010,stock_ind,323|S,19.11272706
2010,stock_ind,324|E,107.941154
2010,stock_ind,324|N,33.93722021
2010,stock_ind,324|S,62.07062148
2010,stock_ind,325|E,150.492939
2010,stock_ind,325|N,448.37252
2010,stock_ind,325|S,149.4742025
2010,stock_ind,326|E,51.72771361
2010,stock_ind,326|N,11.47491981
2010,stock_ind,326|S,30.95475135
2010,stock_ind,327|E,44.27570917
2010,stock_ind,327|N,15.25247941
2010,stock_ind,327|S,33.23092032
2010,stock_ind,331|E,90.14189785
2010,stock_ind,331|N,11.63090682
2010,stock_ind,331|S,66.64922637
2010,stock_ind,332|E,94.32077866
2010,stock_ind,332|N,16.96092707
2010,stock_ind,332|S,56.31698332
2010,stock_ind,333|E,92.51402676
2010,stock_ind,333|N,47.68412392
2010,stock_ind,333|S,67.38583136
2010,stock_ind,334|E,135.0712
2010,stock_ind,334|N,203.4670493
2010,stock_ind,334|S,145.6897035
2010,stock_ind,335|E,22.32228478
2010,stock_ind,335|N,18.47015759
2010,stock_ind,335|S,28.1277775
2010,stock_ind,3361MV|E,98.00537167
2010,stock_ind,3361MV|N,43.42464681
2010,stock_ind,3361MV|S,52.46603891
2010,stock_ind,3364OT|E,39.15496249
2010,stock_ind,3364OT|N,64.51375905
2010,stock_ind,3364OT|S,55.28180021
2010,stock_ind,337|E,9.193627182
2010,stock_ind,337|N,2.215463515
2010,stock_ind,337|S,10.87986376
2010,stock_ind,339|E,32.54287678
2010,stock_ind,339|N,27.14902805
2010,stock_ind,339|S,32.38976527
2010,stock_ind,42|E,211.7786722
2010,stock_ind,42|N,44.8354826
2010,stock_ind,42|S,254.1183185
2010,stock_ind,441|E,23.806327
2010,stock_ind,441|N,2.903324148
2010,stock_ind,441|S,164.9411947
2010,stock_ind,445|E,53.69743817
2010,stock_ind,445|N,3.867361935
2010,stock_ind,445|S,166.0643842
2010,stock_ind,452|E,38.20270363
2010,stock_ind,452|N,4.562664102
2010,stock_ind,452|S,157.6396988
2010,stock_ind,481|E,170.2249479
2010,stock_ind,481|N,1.864106496
2010,stock_ind,481|S,55.92437378
2010,stock_ind,482|E,36.11610279
2010,stock_ind,482|N,1.016243732
2010,stock_ind,482|S,334.8205037
2010,stock_ind,483|E,37.61979781
2010,stock_ind,483|N,0.3359949913
2010,stock_ind,483|S,6.44833713
2010,stock_ind,484|E,85.42187371
2010,stock_ind,484|N,0.9519518661
2010,stock_ind,484|S,23.69354255
2010,stock_ind,485|E,17.12435444
2010,stock_ind,485|N,0.3729845588
2010,stock_ind,485|S,26.67241458
2010,stock_ind,486|E,25.81513139
2010,stock_ind,486|N,0.902322273
2010,stock_ind,486|S,152.7326144
2010,stock_ind,487OS|E,64.91977419
2010,stock_ind,487OS|N,1.776165977
2010,stock_ind,487OS|S,62.06487181
2010,stock_ind,493|E,8.66636472
2010,stock_ind,493|N,0.4888519871
2010,stock_ind,493|S,33.33526268
2010,stock_ind,4A0|E,139.4907157
2010,stock_ind,4A0|N,17.46816478
2010,stock_ind,4A0|S,422.0549159
2010,stock_ind,511|E,26.33407155
2010,stock_ind,511|N,185.2411912
2010,stock_ind,511|S,46.76391199
2010,stock_ind,512|E,11.2629023
2010,stock_ind,512|N,214.0824361
2010,stock_ind,512|S,33.43142554
2010,stock_ind,513|E,289.7671114
2010,stock_ind,513|N,139.8279698
2010,stock_ind,513|S,780.2303307
2010,stock_ind,514|E,26.68710154
2010,stock_ind,514|N,50.33077364
2010,stock_ind,514|S,20.39284926
2010,stock_ind,521CI|E,357.7880161
2010,stock_ind,521CI|N,30.4746279
2010,stock_ind,521CI|S,365.3343801
2010,stock_ind,523|E,31.68936804
2010,stock_ind,523|N,20.96962826
2010,stock_ind,523|S,102.4600577
2010,stock_ind,524|E,45.96561545
2010,stock_ind,524|N,38.79281718
2010,stock_ind,524|S,157.81406
2010,stock_ind,525|E,1.075436167
2010,stock_ind,525|N,0.5230414684
2010,stock_ind,525|S,39.88888359
2010,stock_ind,532RL|E,337.4133803
2010,stock_ind,532RL|N,1.294030147
2010,stock_ind,532RL|S,23.4766443
2010,stock_ind,5411|E,16.1165936
2010,stock_ind,5411|N,2.866120847
2010,stock_ind,5411|S,24.62967935
2010,stock_ind,5412OP|E,118.315928
2010,stock_ind,5412OP|N,205.0453957
2010,stock_ind,5412OP|S,114.5524521
2010,stock_ind,5415|E,26.26547558
2010,stock_ind,5415|N,42.86249735
2010,stock_ind,5415|S,25.25031131
2010,stock_ind,55|E,41.90568863
2010,stock_ind,55|N,40.3583034
2010,stock_ind,55|S,287.3086478
2010,stock_ind,561|E,72.75521883
2010,stock_ind,561|N,26.93096054
2010,stock_ind,561|S,56.14177516
2010,stock_ind,562|E,24.6297854
2010,stock_ind,562|N,0.7785429584
2010,stock_ind,562|S,72.19080091
2010,stock_ind,61|E,44.89324711
2010,stock_ind,61|N,21.96008625
2010,stock_ind,61|S,425.4021572
2010,stock_ind,621|E,125.7239832
2010,stock_ind,621|N,11.44923989
2010,stock_ind,621|S,182.3567502
2010,stock_ind,622|E,172.4679438
2010,stock_ind,622|N,16.4348876
2010,stock_ind,622|S,595.2857231
2010,stock_ind,623|E,16.93374167
2010,stock_ind,623|N,1.982022636
2010,stock_ind,623|S,59.80947099
2010,stock_ind,624|E,10.26507928
2010,stock_ind,624|N,0.8739934779
2010,stock_ind,624|S,44.20590119
2010,stock_ind,711AS|E,16.97580635
2010,stock_ind,711AS|N,48.57995257
2010,stock_ind,711AS|S,82.31856107
2010,stock_ind,713|E,32.1681642
2010,stock_ind,713|N,1.178132728
2010,stock_ind,713|S,118.8452807
2010,stock_ind,721|E,37.33025654
2010,stock_ind,721|N,2.295115464
2010,stock_ind,721|S,299.8582307
2010,stock_ind,722|E,72.70881501
2010,stock_ind,722|N,1.702297281
2010,stock_ind,722|S,151.5177266
2010,stock_ind,81|E,84.7271927
2010,stock_ind,81|N,25.76142172
2010,stock_ind,81|S,467.3164528
2010,stock_ind,ORE|E,63.53063633
2010,stock_ind,ORE|N,3.998545774
2010,stock_ind,ORE|S,1083.21669
2010,stock_ind,HS|R,16316.06153
2010,scorte,2,236.9247071
2010,scorte,3,96.67575429
2010,scorte,5,375.7619804
2010,scorte,6,310.2679926
2010,scorte,8,299.4571585
2010,scorte,9,283.6012899
2010,scorte,11,133.7631916
2010,scorte,12,48.6308191
2010,scorte,13,87.05254272
2010,scorte,14,227.2862565
2010,scorte,15,155.0320623
2010,aggregati,produzione_tot,27873.02677
2010,aggregati,consumo_tot,10803.39685
2010,aggregati,investimento_tot,2156.04989
2010,aggregati,importazioni_tot,2131.091685
2010,aggregati,scorte_tot,2254.453755
2011,produzione,111CA,398.7032071
2011,produzione,113FF,49.85670241
2011,produzione,211,338.9433348
2011,produzione,212,131.1202909
2011,produzione,213,102.0075197
2011,produzione,22,465.8249772
2011,produzione,23,1046.056824
2011,produzione,321,75.24390211
2011,produzione,327,96.30291717
2011,produzione,331,271.4797559
2011,produzione,332,331.4110827
2011,produzione,333,377.0353514
2011,produzione,334,357.1258249
2011,produzione,335,120.0001713
2011,produzione,3361MV,508.659353
2011,produzione,3364OT,262.9648768
2011,produzione,337,58.73263825
2011,produzione,339,164.2295121
2011,produzione,311FT,887.9799837
2011,produzione,313TT,53.04934453
2011,produzione,315AL,25.50676976
2011,produzione,322,176.1601432
2011,produzione,323,84.6510011
2011,produzione,324,826.1336318
2011,produzione,325,784.2614949
2011,produzione,326,206.0256866
2011,produzione,42,1568.324004
2011,produzione,441,200.4171631
2011,produzione,445,212.3239302
2011,produzione,452,230.402262
2011,produzione,4A0,732.0315603
2011,produzione,481,203.6993295
2011,produzione,482,79.14806081
2011,produzione,483,48.13883694
2011,produzione,484,287.2535148
2011,produzione,485,50.06238943
2011,produzione,486,35.64376506
2011,produzione,487OS,185.1248499
2011,produzione,493,95.6336742
2011,produzione,511,297.0505292
2011,produzione,512,131.2464387
2011,produzione,513,714.725948
2011,produzione,514,189.4518897
2011,produzione,521CI,717.0025217
2011,produzione,523,467.7634456
2011,produzione,524,736.4327988
2011,produzione,525,121.7599658
2011,produzione,HS,1722.491859
2011,produzione,ORE,829.3992038
2011,produzione,532RL,289.0748767
2011,produzione,5411,306.9022026
2011,produzione,5415,329.001204
2011,produzione,5412OP,1097.080217
2011,produzione,55,450.2351811
2011,produzione,561,635.0897946
2011,produzione,562,84.54366441
2011,produzione,61,314.3741475
2011,produzione,621,844.3196697
2011,produzione,622,680.613136
2011,produzione,623,204.8857365
2011,produzione,624,167.932696
2011,produzione,711AS,139.4718213
2011,produzione,713,118.8989106
2011,produzione,721,204.5294087
2011,produzione,722,596.8380964
2011,produzione,81,561.1668861
2011,produzione,GFGD,695.6493049
2011,produzione,GFGN,369.4600803
2011,produzione,GFE,95.35480452
2011,produzione,GSLG,1971.467636
2011,produzione,GSLE,285.9603986
2011,consumo,111CA,62.03956394
2011,importazioni,111CA,32.12581453
2011,consumo,113FF,7.953378171
2011,importazioni,113FF,19.50838171
2011,consumo,211,0
2011,importazioni,211,306.1995151
2011,consumo,212,0.204054117
2011,importazioni,212,7.155829499
2011,consumo,213,0
2011,importazioni,213,0.8322148341
2011,consumo,22,242.2073268
2011,importazioni,22,2.082756691
2011,consumo,23,0
2011,importazioni,23,-0
2011,consumo,321,5.888215917
2011,importazioni,321,12.0416389
2011,consumo,327,12.3434476
2011,importazioni,327,20.09817681
2011,consumo,331,0.427059255
2011,importazioni,331,92.54038166
2011,consumo,332,14.91937702
2011,importazioni,332,51.64337336
2011,consumo,333,6.244475303
2011,importazioni,333,132.5110783
2011,consumo,334,79.91887892
2011,importazioni,334,284.0878063
2011,consumo,335,39.30998572
2011,importazioni,335,73.90892951
2011,consumo,3361MV,173.4685827
2011,importazioni,3361MV,230.7323941
2011,consumo,3364OT,17.36048842
2011,importazioni,3364OT,41.62815495
2011,consumo,337,37.93414787
2011,importazioni,337,28.12642249
2011,consumo,339,86.70648129
2011,importazioni,339,79.82390484
2011,consumo,311FT,528.71663
2011,importazioni,311FT,75.53346721
2011,consumo,313TT,21.70125886
2011,importazioni,313TT,26.53356357
2011,consumo,315AL,134.977531
2011,importazioni,315AL,134.3340772
2011,consumo,322,21.87251813
2011,importazioni,322,22.4649406
2011,consumo,323,5.76978409
2011,importazioni,323,2.384042732
2011,consumo,324,294.1405066
2011,importazioni,324,127.676396
2011,consumo,325,237.9044128
2011,importazioni,325,209.1835401
2011,consumo,326,31.74937705
2011,importazioni,326,43.51448398
2011,consumo,42,445.6687126
2011,importazioni,42,0
2011,consumo,441,107.1794746
2011,importazioni,441,-0
2011,consumo,445,191.1654212
2011,importazioni,445,-0
2011,consumo,452,214.2952465
2011,importazioni,452,-0
2011,consumo,4A0,595.7795111
2011,importazioni,4A0,-0
2011,consumo,481,117.9251564
2011,importazioni,481,44.41867145
2011,consumo,482,7.328107109
2011,importazioni,482,0
2011,consumo,483,16.22559885
2011,importazioni,483,0
2011,consumo,484,72.93716555
2011,importazioni,484,0
2011,consumo,485,32.42681542
2011,importazioni,485,-0
2011,consumo,486,1.991490039
2011,importazioni,486,-0
2011,consumo,487OS,15.95144427
2011,importazioni,487OS,0
2011,consumo,493,0.1438788764
2011,importazioni,493,-0
2011,consumo,511,67.08430244
2011,importazioni,511,3.887956019
2011,consumo,512,27.22620367
2011,importazioni,512,6.644928579
2011,consumo,513,284.9871468
2011,importazioni,513,0.148871931
2011,consumo,514,21.70561037
2011,importazioni,514,0.9160092288
2011,consumo,521CI,207.8048193
2011,importazioni,521CI,10.61225798
2011,consumo,523,190.5722379
2011,importazioni,523,0.05484003849
2011,consumo,524,308.6020462
2011,importazioni,524,58.45564554
2011,consumo,525,129.7435482
2011,importazioni,525,-0
2011,consumo,HS,1717.797558
2011,importazioni,HS,-0
2011,consumo,ORE,5.765693869
2011,importazioni,ORE,-0
2011,consumo,532RL,67.18834125
2011,importazioni,532RL,-0
2011,consumo,5411,93.65645618
2011,importazioni,5411,2.283122212
2011,consumo,5415,0
2011,importazioni,5415,23.33038397
2011,consumo,5412OP,55.14011338
2011,importazioni,5412OP,64.38522305
2011,consumo,55,0
2011,importazioni,55,-0
2011,consumo,561,47.12823434
2011,importazioni,561,1.029495355
2011,consumo,562,22.46239674
2011,importazioni,562,0.1229841631
2011,consumo,61,306.8055328
2011,importazioni,61,1.726638792
2011,consumo,621,833.4422755
2011,importazioni,621,0.0425279379
2011,consumo,622,827.0959722
2011,importazioni,622,2.341217472
2011,consumo,623,204.0037747
2011,importazioni,623,0.01217793634
2011,consumo,624,170.2941911
2011,importazioni,624,-0
2011,consumo,711AS,58.5479236
2011,importazioni,711AS,0.7035635441
2011,consumo,713,158.4376647
2011,importazioni,713,-0
2011,consumo,721,120.0443436
2011,importazioni,721,-0
2011,consumo,722,560.2678404
2011,importazioni,722,-0
2011,consumo,81,497.1728791
2011,importazioni,81,3.162771048
2011,consumo,GFGD,0
2011,importazioni,GFGD,-0
2011,consumo,GFGN,0
2011,importazioni,GFGN,-0
2011,consumo,GFE,8.960447356
2011,importazioni,GFE,0.3820384434
2011,consumo,GSLG,0
2011,importazioni,GSLG,-0
2011,consumo,GSLE,57.50229982
2011,importazioni,GSLE,-0
2011,investimento_tipo,E,888.9684513
2011,stock_tipo,E,5482.556292
2011,investimento_tipo,S,410.5206645
2011,stock_tipo,S,12034.73719
2011,investimento_tipo,N,625.6789954
2011,stock_tipo,N,2308.266901
2011,investimento_tipo,R,382.3305865
2011,stock_tipo,R,16320.95131
2011,investimento_ind,111CA|E,36.56427126
2011,investimento_ind,111CA|N,0.04138461538
2011,investimento_ind,111CA|S,7.605135412
2011,investimento_ind,113FF|E,5.796265786
2011,investimento_ind,113FF|N,0.07742524917
2011,investimento_ind,113FF|S,0.5160191994
2011,investimento_ind,211|E,9.017377266
2011,investimento_ind,211|N,2.470933581
2011,investimento_ind,211|S,130.8912055
2011,investimento_ind,212|E,10.19322053
2011,investimento_ind,212|N,0.3944200378
2011,investimento_ind,212|S,11.94447285
2011,investimento_ind,213|E,17.50099715
2011,investimento_ind,213|N,1.045179037
2011,investimento_ind,213|S,4.546719288
2011,investimento_ind,22|E,55.04381654
2011,investimento_ind,22|N,4.679361842
2011,investimento_ind,22|S,51.59781758
2011,investimento_ind,23|E,29.2119765
2011,investimento_ind,23|N,2.093328018
2011,investimento_ind,23|S,2.056982837
2011,investimento_ind,311FT|E,16.85410896
2011,investimento_ind,311FT|N,5.632927259
2011,investimento_ind,311FT|S,3.5548957
2011,investimento_ind,313TT|E,1.125655736
2011,investimento_ind,313TT|N,0.5807242424
2011,investimento_ind,313TT|S,0.1359030837
2011,investimento_ind,315AL|E,0.3786475964
2011,investimento_ind,315AL|N,0.5525173407
2011,investimento_ind,315AL|S,0.04146825397
2011,investimento_ind,321|E,1.858265382
2011,investimento_ind,321|N,0.1530060041
2011,investimento_ind,321|S,0.2208561485
2011,investimento_ind,322|E,6.711701871
2011,investimento_ind,322|N,1.74325649
2011,investimento_ind,322|S,0.717958209
2011,investimento_ind,323|E,2.99700867
2011,investimento_ind,323|N,1.368703508
2011,investimento_ind,323|S,0.218290293
2011,investimento_ind,324|E,9.103072473
2011,investimento_ind,324|N,8.11449436
2011,investimento_ind,324|S,1.747318104
2011,investimento_ind,325|E,22.12134829
2011,investimento_ind,325|N,68.33294942
2011,investimento_ind,325|S,2.865523727
2011,investimento_ind,326|E,6.49107759
2011,investimento_ind,326|N,2.793343412
2011,investimento_ind,326|S,0.7020171299
2011,investimento_ind,327|E,3.37631385
2011,investimento_ind,327|N,3.383607926
2011,investimento_ind,327|S,0.5689512953
2011,investimento_ind,331|E,8.083388071
2011,investimento_ind,331|N,2.733631422
2011,investimento_ind,331|S,1.235091471
2011,investimento_ind,332|E,10.94504131
2011,investimento_ind,332|N,4.182113007
2011,investimento_ind,332|S,1.202547418
2011,investimento_ind,333|E,12.56727104
2011,investimento_ind,333|N,12.07481499
2011,investimento_ind,333|S,1.850467467
2011,investimento_ind,334|E,25.57162693
2011,investimento_ind,334|N,75.90924529
2011,investimento_ind,334|S,4.406460366
2011,investimento_ind,335|E,2.555163375
2011,investimento_ind,335|N,4.254161779
2011,investimento_ind,335|S,0.4992701496
2011,investimento_ind,3361MV|E,16.37697769
2011,investimento_ind,3361MV|N,15.37688182
2011,investimento_ind,3361MV|S,1.929424739
2011,investimento_ind,3364OT|E,6.36249053
2011,investimento_ind,3364OT|N,13.70483426
2011,investimento_ind,3364OT|S,1.561860292
2011,investimento_ind,337|E,0.9666395628
2011,investimento_ind,337|N,0.6245671786
2011,investimento_ind,337|S,0.1412439024
2011,investimento_ind,339|E,5.118968208
2011,investimento_ind,339|N,6.823815861
2011,investimento_ind,339|S,0.9247775149
2011,investimento_ind,42|E,39.48763199
2011,investimento_ind,42|N,19.89615869
2011,investimento_ind,42|S,7.784477812
2011,investimento_ind,441|E,4.671559316
2011,investimento_ind,441|N,1.036956086
2011,investimento_ind,441|S,1.802459381
2011,investimento_ind,445|E,7.916268312
2011,investimento_ind,445|N,1.361523998
2011,investimento_ind,445|S,2.338015004
2011,investimento_ind,452|E,7.585211835
2011,investimento_ind,452|N,3.101650193
2011,investimento_ind,452|S,5.061199261
2011,investimento_ind,481|E,12.64916096
2011,investimento_ind,481|N,0.7665735735
2011,investimento_ind,481|S,0.5127253202
2011,investimento_ind,482|E,4.878605456
2011,investimento_ind,482|N,0.6791143479
2011,investimento_ind,482|S,8.341675066
2011,investimento_ind,483|E,3.062744725
2011,investimento_ind,483|N,0.1460410004
2011,investimento_ind,483|S,0.05488706211
2011,investimento_ind,484|E,19.69803186
2011,investimento_ind,484|N,0.4662827182
2011,investimento_ind,484|S,0.2402432546
2011,investimento_ind,485|E,1.762568272
2011,investimento_ind,485|N,0.1799270833
2011,investimento_ind,485|S,0.1073007214
2011,investimento_ind,486|E,2.55153101
2011,investimento_ind,486|N,0.3343972924
2011,investimento_ind,486|S,6.239524296
2011,investimento_ind,487OS|E,6.665381228
2011,investimento_ind,487OS|N,1.139325795
2011,investimento_ind,487OS|S,1.737125411
2011,investimento_ind,493|E,0.9178608486
2011,investimento_ind,493|N,0.2027346567
2011,investimento_ind,493|S,0.8451331731
2011,investimento_ind,4A0|E,29.02963782
2011,investimento_ind,4A0|N,8.982962423
2011,investimento_ind,4A0|S,7.507965864
2011,investimento_ind,511|E,7.533955746
2011,investimento_ind,511|N,53.94718401
2011,investimento_ind,511|S,1.456533641
2011,investimento_ind,512|E,1.910240316
2011,investimento_ind,512|N,28.8063682
2011,investimento_ind,512|S,0.5166240592
2011,investimento_ind,513|E,67.07447654
2011,investimento_ind,513|N,39.38604702
2011,investimento_ind,513|S,17.5970922
2011,investimento_ind,514|E,12.84374604
2011,investimento_ind,514|N,21.36572408
2011,investimento_ind,514|S,2.321580081
2011,investimento_ind,521CI|E,62.70028385
2011,investimento_ind,521CI|N,16.57099682
2011,investimento_ind,521CI|S,4.827678172
2011,investimento_ind,523|E,6.767354506
2011,investimento_ind,523|N,10.83965232
2011,investimento_ind,523|S,1.820028511
2011,investimento_ind,524|E,7.520638017
2011,investimento_ind,524|N,20.3399564
2011,investimento_ind,524|S,1.481036939
2011,investimento_ind,525|E,0.160847114
2011,investimento_ind,525|N,0.4634304524
2011,investimento_ind,525|S,0.1431276752
2011,investimento_ind,532RL|E,61.48950346
2011,investimento_ind,532RL|N,0.7368620398
2011,investimento_ind,532RL|S,0.5839508265
2011,investimento_ind,5411|E,2.751754367
2011,investimento_ind,5411|N,1.526964503
2011,investimento_ind,5411|S,0.3746825606
2011,investimento_ind,5412OP|E,22.98177085
2011,investimento_ind,5412OP|N,56.24471372
2011,investimento_ind,5412OP|S,4.897677329
2011,investimento_ind,5415|E,7.287946581
2011,investimento_ind,5415|N,19.52747196
2011,investimento_ind,5415|S,0.8892688051
2011,investimento_ind,55|E,8.892041342
2011,investimento_ind,55|N,22.23340944
2011,investimento_ind,55|S,2.227038996
2011,investimento_ind,561|E,16.19052494
2011,investimento_ind,561|N,15.17032352
2011,investimento_ind,561|S,1.818548088
2011,investimento_ind,562|E,5.153656895
2011,investimento_ind,562|N,0.3296665754
2011,investimento_ind,562|S,0.7315332847
2011,investimento_ind,61|E,9.976239347
2011,investimento_ind,61|N,9.156264043
2011,investimento_ind,61|S,13.22755536
2011,investimento_ind,621|E,27.04212333
2011,investimento_ind,621|N,3.889645334
2011,investimento_ind,621|S,4.459386292
2011,investimento_ind,622|E,41.39452509
2011,investimento_ind,622|N,7.475572729
2011,investimento_ind,622|S,24.30163345
2011,investimento_ind,623|E,3.636505979
2011,investimento_ind,623|N,0.6731078343
2011,investimento_ind,623|S,3.28220506
2011,investimento_ind,624|E,2.411597702
2011,investimento_ind,624|N,0.5549527646
2011,investimento_ind,624|S,1.010783006
2011,investimento_ind,711AS|E,4.002547704
2011,investimento_ind,711AS|N,8.124072127
2011,investimento_ind,711AS|S,3.755170346
2011,investimento_ind,713|E,4.450310712
2011,investimento_ind,713|N,0.4175465472
2011,investimento_ind,713|S,4.366241977
2011,investimento_ind,721|E,4.463697522
2011,investimento_ind,721|N,0.856858962
2011,investimento_ind,721|S,7.813297329
2011,investimento_ind,722|E,11.83877409
2011,investimento_ind,722|N,0.6131048834
2011,investimento_ind,722|S,3.08512807
2011,investimento_ind,81|E,15.15337264
2011,investimento_ind,81|N,7.218554626
2011,investimento_ind,81|S,6.977531046
2011,investimento_ind,ORE|E,9.571130781
2011,investimento_ind,ORE|N,1.775268641
2011,investimento_ind,ORE|S,20.29992183
2011,investimento_ind,HS|R,382.3305865
2011,stock_ind,111CA|E,210.8151004
2011,stock_ind,111CA|N,0.05686190476
2011,stock_ind,111CA|S,253.4878801
2011,stock_ind,113FF|E,33.95736731
2011,stock_ind,113FF|N,0.1353743207
2011,stock_ind,113FF|S,18.68330894
2011,stock_ind,211|E,54.15260434
2011,stock_ind,211|N,8.744039609
2011,stock_ind,211|S,1464.481286
2011,stock_ind,212|E,43.68310231
2011,stock_ind,212|N,1.383163222
2011,stock_ind,212|S,110.7721479
2011,stock_ind,213|E,71.60372302
2011,stock_ind,213|N,1.94726701
2011,stock_ind,213|S,53.88716062
2011,stock_ind,22|E,498.8863593
2011,stock_ind,22|N,8.973254686
2011,stock_ind,22|S,1505.63737
2011,stock_ind,23|E,183.1757609
2011,stock_ind,23|N,6.39643848
2011,stock_ind,23|S,87.07276629
2011,stock_ind,311FT|E,149.705923
2011,stock_ind,311FT|N,23.24760722
2011,stock_ind,311FT|S,126.7860721
2011,stock_ind,313TT|E,16.49193837
2011,stock_ind,313TT|N,2.396261023
2011,stock_ind,313TT|S,23.15844203
2011,stock_ind,315AL|E,5.06548826
2011,stock_ind,315AL|N,2.341639321
2011,stock_ind,315AL|S,11.13799958
2011,stock_ind,321|E,16.31526976
2011,stock_ind,321|N,0.5560048475
2011,stock_ind,321|S,21.31381491
2011,stock_ind,322|E,67.48857659
2011,stock_ind,322|N,7.231220313
2011,stock_ind,322|S,38.38679298
2011,stock_ind,323|E,27.32460115
2011,stock_ind,323|N,4.282662133
2011,stock_ind,323|S,18.73995726
2011,stock_ind,324|E,107.1077839
2011,stock_ind,324|N,35.10354741
2011,stock_ind,324|S,61.9230723
2011,stock_ind,325|E,154.4417217
2011,stock_ind,325|N,463.0426602
2011,stock_ind,325|S,147.7768688
2011,stock_ind,326|E,51.36746559
2011,stock_ind,326|N,11.8334633
2011,stock_ind,326|S,30.69607442
2011,stock_ind,327|E,42.75331973
2011,stock_ind,327|N,15.81854138
2011,stock_ind,327|S,32.77286679
2011,stock_ind,331|E,91.30628183
2011,stock_ind,331|N,12.08105594
2011,stock_ind,331|S,65.82985942
2011,stock_ind,332|E,96.44695894
2011,stock_ind,332|N,17.65924245
2011,stock_ind,332|S,55.79038069
2011,stock_ind,333|E,96.50768754
2011,stock_ind,333|N,49.9582669
2011,stock_ind,333|S,67.20331404
2011,stock_ind,334|E,141.3073137
2011,stock_ind,334|N,209.6528218
2011,stock_ind,334|S,145.6690008
2011,stock_ind,335|E,22.01426169
2011,stock_ind,335|N,19.08424505
2011,stock_ind,335|S,27.80493004
2011,stock_ind,3361MV|E,100.3025956
2011,stock_ind,3361MV|N,42.66127606
2011,stock_ind,3361MV|S,52.75937096
2011,stock_ind,3364OT|E,40.53067471
2011,stock_ind,3364OT|N,61.96724788
2011,stock_ind,3364OT|S,55.13153927
2011,stock_ind,337|E,8.883094812
2011,stock_ind,337|N,2.293837685
2011,stock_ind,337|S,10.68697826
2011,stock_ind,339|E,33.09627379
2011,stock_ind,339|N,28.32608025
2011,stock_ind,339|S,32.31551226
2011,stock_ind,42|E,217.433884
2011,stock_ind,42|N,47.98880001
2011,stock_ind,42|S,255.5203295
2011,stock_ind,441|E,24.50774389
2011,stock_ind,441|N,2.995298627
2011,stock_ind,441|S,162.5208066
2011,stock_ind,445|E,53.87013612
2011,stock_ind,445|N,3.9402112
2011,stock_ind,445|S,164.0914028
2011,stock_ind,452|E,39.87762812
2011,stock_ind,452|N,5.515083357
2011,stock_ind,452|S,158.6623253
2011,stock_ind,481|E,169.9555743
2011,stock_ind,481|N,1.901043095
2011,stock_ind,481|S,55.13350897
2011,stock_ind,482|E,37.69195881
2011,stock_ind,482|N,1.262299015
2011,stock_ind,482|S,335.8662689
2011,stock_ind,483|E,37.85231363
2011,stock_ind,483|N,0.3348976792
2011,stock_ind,483|S,6.344409979
2011,stock_ind,484|E,89.3781813
2011,stock_ind,484|N,1.012380112
2011,stock_ind,484|S,23.24945409
2011,stock_ind,485|E,16.51144675
2011,stock_ind,485|N,0.3751261555
2011,stock_ind,485|S,26.13901079
2011,stock_ind,486|E,24.73219144
2011,stock_ind,486|N,0.8457069534
2011,stock_ind,486|S,154.9468262
2011,stock_ind,487OS|E,64.4785873
2011,stock_ind,487OS|N,2.034364871
2011,stock_ind,487OS|S,62.49675122
2011,stock_ind,493|E,8.326452011
2011,stock_ind,493|N,0.4803613952
2011,stock_ind,493|S,33.40922586
2011,stock_ind,4A0|E,145.8821968
2011,stock_ind,4A0|N,19.20196322
2011,stock_ind,4A0|S,418.6396069
2011,stock_ind,511|E,28.01920185
2011,stock_ind,511|N,195.4395279
2011,stock_ind,511|S,46.92528637
2011,stock_ind,512|E,11.31562742
2011,stock_ind,512|N,215.2011549
2011,stock_ind,512|S,33.00386922
2011,stock_ind,513|E,318.0504281
2011,stock_ind,513|N,146.610058
2011,stock_ind,513|S,779.0080586
2011,stock_ind,514|E,32.55786603
2011,stock_ind,514|N,55.4421594
2011,stock_ind,514|S,22.18616527
2011,stock_ind,521CI|E,361.1551055
2011,stock_ind,521CI|N,32.60079412
2011,stock_ind,521CI|S,360.9658062
2011,stock_ind,523|E,32.67694363
2011,stock_ind,523|N,21.8860249
2011,stock_ind,523|S,101.6536928
2011,stock_ind,524|E,45.43025252
2011,stock_ind,524|N,40.54066977
2011,stock_ind,524|S,155.2299235
2011,stock_ind,525|E,1.076318711
2011,stock_ind,525|N,0.7212405543
2011,stock_ind,525|S,39.04315067
2011,stock_ind,532RL|E,350.0176297
2011,stock_ind,532RL|N,1.394439607
2011,stock_ind,532RL|S,23.43321742
2011,stock_ind,5411|E,15.70822796
2011,stock_ind,5411|N,2.823971676
2011,stock_ind,5411|S,24.3919438
2011,stock_ind,5412OP|E,120.3759716
2011,stock_ind,5412OP|N,211.4784606
2011,stock_ind,5412OP|S,116.36844
2011,stock_ind,5415|E,26.43076569
2011,stock_ind,5415|N,42.74917061
2011,stock_ind,5415|S,25.50381458
2011,stock_ind,55|E,43.92572316
2011,stock_ind,55|N,44.86030756
2011,stock_ind,55|S,282.2088194
2011,stock_ind,561|E,75.72634786
2011,stock_ind,561|N,29.3933864
2011,stock_ind,561|S,56.57037519
2011,stock_ind,562|E,26.02256444
2011,stock_ind,562|N,0.8500440075
2011,stock_ind,562|S,71.24242695
2011,stock_ind,61|E,46.84317551
2011,stock_ind,61|N,24.20399241
2011,stock_ind,61|S,430.3049448
2011,stock_ind,621|E,130.4308934
2011,stock_ind,621|N,11.85024694
2011,stock_ind,621|S,182.6237919
2011,stock_ind,622|E,184.233821
2011,stock_ind,622|N,18.02041754
2011,stock_ind,622|S,608.1899699
2011,stock_ind,623|E,17.93800704
2011,stock_ind,623|N,2.109645159
2011,stock_ind,623|S,61.79085904
2011,stock_ind,624|E,10.79884626
2011,stock_ind,624|N,0.9969905765
2011,stock_ind,624|S,44.14672098
2011,stock_ind,711AS|E,18.23495259
2011,stock_ind,711AS|N,48.15662244
2011,stock_ind,711AS|S,83.95324162
2011,stock_ind,713|E,31.52898862
2011,stock_ind,713|N,1.188472624
2011,stock_ind,713|S,119.7705527
2011,stock_ind,721|E,36.1609432
2011,stock_ind,721|N,2.384141448
2011,stock_ind,721|S,299.2710495
2011,stock_ind,722|E,73.50393591
2011,stock_ind,722|N,1.765890399
2011,stock_ind,722|S,150.5740896
2011,stock_ind,81|E,86.45073048
2011,stock_ind,81|N,26.78292288
2011,stock_ind,81|S,464.332665
2011,stock_ind,ORE|E,62.713481
2011,stock_ind,ORE|N,3.754532699
2011,stock_ind,ORE|S,1075.119626
2011,stock_ind,HS|R,16320.95131
2011,scorte,2,234.4113151
2011,scorte,3,92.30842596
2011,scorte,5,397.8809689
2011,scorte,6,312.5945256
2011,scorte,8,325.5019285
2011,scorte,9,281.7368351
2011,scorte,11,136.2315268
2011,scorte,12,48.47473573
2011,scorte,13,88.05418976
2011,scorte,14,225.22473
2011,scorte,15,156.5899486
2011,aggregati,produzione_tot,28497.84411
2011,aggregati,consumo_tot,10932.21536
2011,aggregati,investimento_tot,2307.498698
2011,aggregati,importazioni_tot,2281.33261
2011,aggregati,scorte_tot,2299.00913
2012,produzione,111CA,404.166
2012,produzione,113FF,46.892
2012,produzione,211,362.616
2012,produzione,212,124.611
2012,produzione,213,126.19
2012,produzione,22,461.578
2012,produzione,23,1075.477
2012,produzione,321,80.398
2012,produzione,327,99.294
2012,produzione,331,269.218
2012,produzione,332,343.079
2012,produzione,333,404.552
2012,produzione,334,354.253
2012,produzione,335,122.794
2012,produzione,3361MV,516.699
2012,produzione,3364OT,290.815
2012,produzione,337,65.729
2012,produzione,339,156.592
2012,produzione,311FT,895.874
2012,produzione,313TT,51.802
2012,produzione,315AL,19.244
2012,produzione,322,179.235
2012,produzione,323,83.081
2012,produzione,324,833.174
2012,produzione,325,794.029
2012,produzione,326,216.486
2012,produzione,42,1655.028
2012,produzione,441,221.875
2012,produzione,445,207.679
2012,produzione,452,210.838
2012,produzione,4A0,763.319
2012,produzione,481,195.415
2012,produzione,482,79.141
2012,produzione,483,50.023
2012,produzione,484,297.774
2012,produzione,485,50.992
2012,produzione,486,36.442
2012,produzione,487OS,187.233
2012,produzione,493,108.888
2012,produzione,511,296.233
2012,produzione,512,131.699
2012,produzione,513,733.128
2012,produzione,514,221.543
2012,produzione,521CI,761.619
2012,produzione,523,478.47
2012,produzione,524,798.591
2012,produzione,525,117.259
2012,produzione,HS,1726.663
2012,produzione,ORE,889.093
2012,produzione,532RL,298.617
2012,produzione,5411,306.935
2012,produzione,5415,354.223
2012,produzione,5412OP,1123.861
2012,produzione,55,478.846
2012,produzione,561,661.562
2012,produzione,562,83.564
2012,produzione,61,309.61
2012,produzione,621,869.254
2012,produzione,622,709.379
2012,produzione,623,208.979
2012,produzione,624,169.679
2012,produzione,711AS,144.767
2012,produzione,713,119.836
2012,produzione,721,214.978
2012,produzione,722,613.983
2012,produzione,81,576.029
2012,produzione,GFGD,676.303
2012,produzione,GFGN,370.378
2012,produzione,GFE,98.913
2012,produzione,GSLG,1947.062
2012,produzione,GSLE,298.57
2012,consumo,111CA,62.029
2012,importazioni,111CA,32.285
2012,consumo,113FF,5.694
2012,importazioni,113FF,16.124
2012,consumo,211,0
2012,importazioni,211,335.111
2012,consumo,212,0.26
2012,importazioni,212,6.497
2012,consumo,213,0
2012,importazioni,213,0.992
2012,consumo,22,242.449
2012,importazioni,22,2.099
2012,consumo,23,0
2012,importazioni,23,-0
2012,consumo,321,5.008
2012,importazioni,321,13.62
2012,consumo,327,10.445
2012,importazioni,327,20.384
2012,consumo,331,0.519
2012,importazioni,331,84.06
2012,consumo,332,15.435
2012,importazioni,332,57.624
2012,consumo,333,6.323
2012,importazioni,333,143.189
2012,consumo,334,80.469
2012,importazioni,334,297.795
2012,consumo,335,39.19
2012,importazioni,335,79.271
2012,consumo,3361MV,186.249
2012,importazioni,3361MV,266.095
2012,consumo,3364OT,16.159
2012,importazioni,3364OT,46.011
2012,consumo,337,39.905
2012,importazioni,337,30.02
2012,consumo,339,83.626
2012,importazioni,339,79.712
2012,consumo,311FT,520.332
2012,importazioni,311FT,80.395
2012,consumo,313TT,22.389
2012,importazioni,313TT,27.52
2012,consumo,315AL,135.079
2012,importazioni,315AL,134.84
2012,consumo,322,20.503
2012,importazioni,322,21.433
2012,consumo,323,6.224
2012,importazioni,323,2.461
2012,consumo,324,290.607
2012,importazioni,324,100.229
2012,consumo,325,237.611
2012,importazioni,325,208.004
2012,consumo,326,32.325
2012,importazioni,326,45.416
2012,consumo,42,466.261
2012,importazioni,42,0
2012,consumo,441,126.068
2012,importazioni,441,-0
2012,consumo,445,187.175
2012,importazioni,445,-0
2012,consumo,452,193.645
2012,importazioni,452,-0
2012,consumo,4A0,621.539
2012,importazioni,4A0,-0
2012,consumo,481,118.996
2012,importazioni,481,46.1
2012,consumo,482,7.722
2012,importazioni,482,0
2012,consumo,483,17.747
2012,importazioni,483,0
2012,consumo,484,73.887
2012,importazioni,484,0
2012,consumo,485,33.217
2012,importazioni,485,-0
2012,consumo,486,2.126
2012,importazioni,486,-0
2012,consumo,487OS,18.137
2012,importazioni,487OS,0
2012,consumo,493,0.173
2012,importazioni,493,-0
2012,consumo,511,63.169
2012,importazioni,511,3.714
2012,consumo,512,27.096
2012,importazioni,512,6.834
2012,consumo,513,293.838
2012,importazioni,513,0.155
2012,consumo,514,28.846
2012,importazioni,514,0.898
2012,consumo,521CI,204.408
2012,importazioni,521CI,8.082
2012,consumo,523,205.968
2012,importazioni,523,0.056
2012,consumo,524,296.669
2012,importazioni,524,58.218
2012,consumo,525,123.718
2012,importazioni,525,-0
2012,consumo,HS,1720.652
2012,importazioni,HS,-0
2012,consumo,ORE,5.302
2012,importazioni,ORE,-0
2012,consumo,532RL,73.487
2012,importazioni,532RL,-0
2012,consumo,5411,90.901
2012,importazioni,5411,2.425
2012,consumo,5415,0
2012,importazioni,5415,23.843
2012,consumo,5412OP,55.629
2012,importazioni,5412OP,68.435
2012,consumo,55,0
2012,importazioni,55,-0
2012,consumo,561,48.068
2012,importazioni,561,1.032
2012,consumo,562,23.33
2012,importazioni,562,0.123
2012,consumo,61,300.213
2012,importazioni,61,1.557
2012,consumo,621,848.65
2012,importazioni,621,0.057
2012,consumo,622,853.564
2012,importazioni,622,2.337
2012,consumo,623,206.871
2012,importazioni,623,0.016
2012,consumo,624,171.101
2012,importazioni,624,-0
2012,consumo,711AS,61.799
2012,importazioni,711AS,0.846
2012,consumo,713,162.928
2012,importazioni,713,-0
2012,consumo,721,123.926
2012,importazioni,721,-0
2012,consumo,722,570.606
2012,importazioni,722,-0
2012,consumo,81,512.966
2012,importazioni,81,3.335
2012,consumo,GFGD,0
2012,importazioni,GFGD,-0
2012,consumo,GFGN,0
2012,importazioni,GFGN,-0
2012,consumo,GFE,7.595
2012,importazioni,GFE,0.45
2012,consumo,GSLG,0
2012,importazioni,GSLG,-0
2012,consumo,GSLE,58.568
2012,importazioni,GSLE,-0
2012,investimento_tipo,E,979.968
2012,stock_tipo,E,5697.245
2012,investimento_tipo,S,461.451
2012,stock_tipo,S,12111.938
2012,investimento_tipo,N,655.697
2012,stock_tipo,N,2392.597
2012,investimento_tipo,R,432.014
2012,stock_tipo,R,16352.383
2012,investimento_ind,111CA|E,46.647
2012,investimento_ind,111CA|N,0.053
2012,investimento_ind,111CA|S,8.364
2012,investimento_ind,113FF|E,5.892
2012,investimento_ind,113FF|N,0.065
2012,investimento_ind,113FF|S,0.389
2012,investimento_ind,211|E,10.867
2012,investimento_ind,211|N,2.616
2012,investimento_ind,211|S,149.235
2012,investimento_ind,212|E,11.872
2012,investimento_ind,212|N,0.436
2012,investimento_ind,212|S,10.443
2012,investimento_ind,213|E,20.06
2012,investimento_ind,213|N,1.269
2012,investimento_ind,213|S,2.915
2012,investimento_ind,22|E,61.956
2012,investimento_ind,22|N,5.475
2012,investimento_ind,22|S,60.117
2012,investimento_ind,23|E,32.6
2012,investimento_ind,23|N,2.785
2012,investimento_ind,23|S,1.255
2012,investimento_ind,311FT|E,18.567
2012,investimento_ind,311FT|N,5.962
2012,investimento_ind,311FT|S,3.68
2012,investimento_ind,313TT|E,1.27
2012,investimento_ind,313TT|N,0.638
2012,investimento_ind,313TT|S,0.207
2012,investimento_ind,315AL|E,0.439
2012,investimento_ind,315AL|N,0.599
2012,investimento_ind,315AL|S,0.052
2012,investimento_ind,321|E,2.167
2012,investimento_ind,321|N,0.166
2012,investimento_ind,321|S,0.39
2012,investimento_ind,322|E,8.357
2012,investimento_ind,322|N,1.904
2012,investimento_ind,322|S,0.727
2012,investimento_ind,323|E,2.672
2012,investimento_ind,323|N,1.409
2012,investimento_ind,323|S,0.197
2012,investimento_ind,324|E,9.328
2012,investimento_ind,324|N,8.666
2012,investimento_ind,324|S,7.497
2012,investimento_ind,325|E,23.31
2012,investimento_ind,325|N,69.173
2012,investimento_ind,325|S,3.765
2012,investimento_ind,326|E,6.781
2012,investimento_ind,326|N,2.937
2012,investimento_ind,326|S,0.606
2012,investimento_ind,327|E,3.404
2012,investimento_ind,327|N,3.491
2012,investimento_ind,327|S,0.721
2012,investimento_ind,331|E,8.734
2012,investimento_ind,331|N,2.851
2012,investimento_ind,331|S,1.141
2012,investimento_ind,332|E,13.394
2012,investimento_ind,332|N,4.431
2012,investimento_ind,332|S,1.355
2012,investimento_ind,333|E,11.365
2012,investimento_ind,333|N,12.136
2012,investimento_ind,333|S,1.778
2012,investimento_ind,334|E,22.477
2012,investimento_ind,334|N,74.822
2012,investimento_ind,334|S,5.292
2012,investimento_ind,335|E,3.029
2012,investimento_ind,335|N,4.442
2012,investimento_ind,335|S,0.496
2012,investimento_ind,3361MV|E,20.614
2012,investimento_ind,3361MV|N,17.833
2012,investimento_ind,3361MV|S,3.864
2012,investimento_ind,3364OT|E,5.81
2012,investimento_ind,3364OT|N,13.273
2012,investimento_ind,3364OT|S,1.335
2012,investimento_ind,337|E,1.215
2012,investimento_ind,337|N,0.716
2012,investimento_ind,337|S,0.122
2012,investimento_ind,339|E,5.479
2012,investimento_ind,339|N,7.292
2012,investimento_ind,339|S,0.856
2012,investimento_ind,42|E,41.821
2012,investimento_ind,42|N,21.229
2012,investimento_ind,42|S,7.646
2012,investimento_ind,441|E,6.184
2012,investimento_ind,441|N,1.199
2012,investimento_ind,441|S,2.107
2012,investimento_ind,445|E,7.72
2012,investimento_ind,445|N,1.397
2012,investimento_ind,445|S,2.023
2012,investimento_ind,452|E,7.789
2012,investimento_ind,452|N,3.579
2012,investimento_ind,452|S,4.397
2012,investimento_ind,481|E,11.964
2012,investimento_ind,481|N,0.993
2012,investimento_ind,481|S,0.89
2012,investimento_ind,482|E,5.281
2012,investimento_ind,482|N,0.76
2012,investimento_ind,482|S,8.96
2012,investimento_ind,483|E,4.012
2012,investimento_ind,483|N,0.27
2012,investimento_ind,483|S,0.101
2012,investimento_ind,484|E,21.179
2012,investimento_ind,484|N,0.545
2012,investimento_ind,484|S,0.337
2012,investimento_ind,485|E,2.326
2012,investimento_ind,485|N,0.294
2012,investimento_ind,485|S,0.121
2012,investimento_ind,486|E,3.085
2012,investimento_ind,486|N,0.478
2012,investimento_ind,486|S,14.281
2012,investimento_ind,487OS|E,6.142
2012,investimento_ind,487OS|N,1.152
2012,investimento_ind,487OS|S,1.651
2012,investimento_ind,493|E,1.429
2012,investimento_ind,493|N,0.384
2012,investimento_ind,493|S,0.306
2012,investimento_ind,4A0|E,29.903
2012,investimento_ind,4A0|N,9.907
2012,investimento_ind,4A0|S,9.316
2012,investimento_ind,511|E,5.816
2012,investimento_ind,511|N,50.181
2012,investimento_ind,511|S,1.052
2012,investimento_ind,512|E,1.875
2012,investimento_ind,512|N,27.353
2012,investimento_ind,512|S,0.636
2012,investimento_ind,513|E,74.932
2012,investimento_ind,513|N,42.946
2012,investimento_ind,513|S,15.959
2012,investimento_ind,514|E,14.184
2012,investimento_ind,514|N,22.224
2012,investimento_ind,514|S,1.853
2012,investimento_ind,521CI|E,73.695
2012,investimento_ind,521CI|N,20.22
2012,investimento_ind,521CI|S,5.607
2012,investimento_ind,523|E,5.711
2012,investimento_ind,523|N,10.11
2012,investimento_ind,523|S,1.549
2012,investimento_ind,524|E,8.652
2012,investimento_ind,524|N,24.291
2012,investimento_ind,524|S,1.708
2012,investimento_ind,525|E,0.197
2012,investimento_ind,525|N,0.807
2012,investimento_ind,525|S,0.129
2012,investimento_ind,532RL|E,76.242
2012,investimento_ind,532RL|N,0.995
2012,investimento_ind,532RL|S,0.622
2012,investimento_ind,5411|E,3.364
2012,investimento_ind,5411|N,2.133
2012,investimento_ind,5411|S,0.341
2012,investimento_ind,5412OP|E,26.164
2012,investimento_ind,5412OP|N,61.364
2012,investimento_ind,5412OP|S,4.973
2012,investimento_ind,5415|E,8.079
2012,investimento_ind,5415|N,17.235
2012,investimento_ind,5415|S,0.839
2012,investimento_ind,55|E,9.427
2012,investimento_ind,55|N,24.888
2012,investimento_ind,55|S,3.558
2012,investimento_ind,561|E,16.585
2012,investimento_ind,561|N,17.652
2012,investimento_ind,561|S,1.967
2012,investimento_ind,562|E,4.027
2012,investimento_ind,562|N,0.317
2012,investimento_ind,562|S,0.516
2012,investimento_ind,61|E,9.456
2012,investimento_ind,61|N,10.194
2012,investimento_ind,61|S,14.227
2012,investimento_ind,621|E,29
2012,investimento_ind,621|N,4.513
2012,investimento_ind,621|S,5.952
2012,investimento_ind,622|E,44.994
2012,investimento_ind,622|N,8.72
2012,investimento_ind,622|S,24.339
2012,investimento_ind,623|E,2.874
2012,investimento_ind,623|N,0.668
2012,investimento_ind,623|S,3.194
2012,investimento_ind,624|E,2.083
2012,investimento_ind,624|N,0.584
2012,investimento_ind,624|S,1.913
2012,investimento_ind,711AS|E,3.43
2012,investimento_ind,711AS|N,8.02
2012,investimento_ind,711AS|S,3.645
2012,investimento_ind,713|E,5.127
2012,investimento_ind,713|N,0.542
2012,investimento_ind,713|S,5.535
2012,investimento_ind,721|E,4.669
2012,investimento_ind,721|N,1.028
2012,investimento_ind,721|S,9.148
2012,investimento_ind,722|E,13.688
2012,investimento_ind,722|N,0.801
2012,investimento_ind,722|S,3.798
2012,investimento_ind,81|E,15.203
2012,investimento_ind,81|N,7.551
2012,investimento_ind,81|S,6.321
2012,investimento_ind,ORE|E,13.353
2012,investimento_ind,ORE|N,2.733
2012,investimento_ind,ORE|S,23.135
2012,investimento_ind,HS|R,432.014
2012,stock_ind,111CA|E,226.602
2012,stock_ind,111CA|N,0.067
2012,stock_ind,111CA|S,255.724
2012,stock_ind,113FF|E,35.251
2012,stock_ind,113FF|N,0.12
2012,stock_ind,113FF|S,18.602
2012,stock_ind,211|E,57.402
2012,stock_ind,211|N,9.154
2012,stock_ind,211|S,1504.636
2012,stock_ind,212|E,48.591
2012,stock_ind,212|N,1.459
2012,stock_ind,212|S,116.743
2012,stock_ind,213|E,81.495
2012,stock_ind,213|N,2.34
2012,stock_ind,213|S,53.49
2012,stock_ind,22|E,522.083
2012,stock_ind,22|N,9.814
2012,stock_ind,22|S,1531.824
2012,stock_ind,23|E,184.869
2012,stock_ind,23|N,6.934
2012,stock_ind,23|S,86.059
2012,stock_ind,311FT|E,153.176
2012,stock_ind,311FT|N,24.126
2012,stock_ind,311FT|S,126.478
2012,stock_ind,313TT|E,15.921
2012,stock_ind,313TT|N,2.505
2012,stock_ind,313TT|S,22.649
2012,stock_ind,315AL|E,4.877
2012,stock_ind,315AL|N,2.456
2012,stock_ind,315AL|S,10.862
2012,stock_ind,321|E,16.063
2012,stock_ind,321|N,0.565
2012,stock_ind,321|S,21.035
2012,stock_ind,322|E,68.296
2012,stock_ind,322|N,7.531
2012,stock_ind,322|S,37.901
2012,stock_ind,323|E,26.503
2012,stock_ind,323|N,4.462
2012,stock_ind,323|S,18.35
2012,stock_ind,324|E,106.499
2012,stock_ind,324|N,36.558
2012,stock_ind,324|S,67.433
2012,stock_ind,325|E,158.929
2012,stock_ind,325|N,476.805
2012,stock_ind,325|S,146.946
2012,stock_ind,326|E,51.295
2012,stock_ind,326|N,12.252
2012,stock_ind,326|S,30.334
2012,stock_ind,327|E,41.4
2012,stock_ind,327|N,16.386
2012,stock_ind,327|S,32.465
2012,stock_ind,331|E,92.953
2012,stock_ind,331|N,12.545
2012,stock_ind,331|S,64.908
2012,stock_ind,332|E,100.647
2012,stock_ind,332|N,18.415
2012,stock_ind,332|S,55.404
2012,stock_ind,333|E,98.889
2012,stock_ind,333|N,51.786
2012,stock_ind,333|S,66.915
2012,stock_ind,334|E,143.78
2012,stock_ind,334|N,213.372
2012,stock_ind,334|S,146.441
2012,stock_ind,335|E,22.219
2012,stock_ind,335|N,19.764
2012,stock_ind,335|S,27.472
2012,stock_ind,3361MV|E,106.235
2012,stock_ind,3361MV|N,44.172
2012,stock_ind,3361MV|S,54.93
2012,stock_ind,3364OT|E,41.206
2012,stock_ind,3364OT|N,59.498
2012,stock_ind,3364OT|S,54.736
2012,stock_ind,337|E,8.832
2012,stock_ind,337|N,2.429
2012,stock_ind,337|S,10.477
2012,stock_ind,339|E,33.825
2012,stock_ind,339|N,29.601
2012,stock_ind,339|S,32.159
2012,stock_ind,42|E,224.189
2012,stock_ind,42|N,51.054
2012,stock_ind,42|S,256.73
2012,stock_ind,441|E,26.378
2012,stock_ind,441|N,3.179
2012,stock_ind,441|S,160.051
2012,stock_ind,445|E,53.645
2012,stock_ind,445|N,4.05
2012,stock_ind,445|S,161.453
2012,stock_ind,452|E,41.375
2012,stock_ind,452|N,6.402
2012,stock_ind,452|S,158.584
2012,stock_ind,481|E,168.829
2012,stock_ind,481|N,2.089
2012,stock_ind,481|S,54.681
2012,stock_ind,482|E,39.589
2012,stock_ind,482|N,1.449
2012,stock_ind,482|S,337.186
2012,stock_ind,483|E,38.986
2012,stock_ind,483|N,0.422
2012,stock_ind,483|S,6.281
2012,stock_ind,484|E,93.985
2012,stock_ind,484|N,1.093
2012,stock_ind,484|S,22.893
2012,stock_ind,485|E,16.48
2012,stock_ind,485|N,0.459
2012,stock_ind,485|S,25.607
2012,stock_ind,486|E,24.266
2012,stock_ind,486|N,0.92
2012,stock_ind,486|S,164.846
2012,stock_ind,487OS|E,63.314
2012,stock_ind,487OS|N,2.185
2012,stock_ind,487OS|S,62.766
2012,stock_ind,493|E,8.501
2012,stock_ind,493|N,0.62
2012,stock_ind,493|S,32.911
2012,stock_ind,4A0|E,151.652
2012,stock_ind,4A0|N,21.067
2012,stock_ind,4A0|S,416.015
2012,stock_ind,511|E,27.617
2012,stock_ind,511|N,199.96
2012,stock_ind,511|S,46.629
2012,stock_ind,512|E,11.304
2012,stock_ind,512|N,214.976
2012,stock_ind,512|S,32.683
2012,stock_ind,513|E,350.097
2012,stock_ind,513|N,155.351
2012,stock_ind,513|S,775.103
2012,stock_ind,514|E,37.978
2012,stock_ind,514|N,59.638
2012,stock_ind,514|S,23.443
2012,stock_ind,521CI|E,373.721
2012,stock_ind,521CI|N,36.682
2012,stock_ind,521CI|S,356.71
2012,stock_ind,523|E,32.475
2012,stock_ind,523|N,21.839
2012,stock_ind,523|S,100.426
2012,stock_ind,524|E,45.787
2012,stock_ind,524|N,44.527
2012,stock_ind,524|S,152.643
2012,stock_ind,525|E,1.098
2012,stock_ind,525|N,1.131
2012,stock_ind,525|S,38.2
2012,stock_ind,532RL|E,374.696
2012,stock_ind,532RL|N,1.65
2012,stock_ind,532RL|S,23.431
2012,stock_ind,5411|E,15.901
2012,stock_ind,5411|N,3.254
2012,stock_ind,5411|S,24.122
2012,stock_ind,5412OP|E,124.876
2012,stock_ind,5412OP|N,220.962
2012,stock_ind,5412OP|S,118.204
2012,stock_ind,5415|E,27.038
2012,stock_ind,5415|N,40.841
2012,stock_ind,5415|S,25.696
2012,stock_ind,55|E,46.067
2012,stock_ind,55|N,49.826
2012,stock_ind,55|S,278.547
2012,stock_ind,561|E,78.415
2012,stock_ind,561|N,32.932
2012,stock_ind,561|S,57.134
2012,stock_ind,562|E,26.134
2012,stock_ind,562|N,0.88
2012,stock_ind,562|S,70.094
2012,stock_ind,61|E,47.948
2012,stock_ind,61|N,26.696
2012,stock_ind,61|S,436.111
2012,stock_ind,621|E,135.651
2012,stock_ind,621|N,12.549
2012,stock_ind,621|S,183.563
2012,stock_ind,622|E,197.25
2012,stock_ind,622|N,19.981
2012,stock_ind,622|S,617.747
2012,stock_ind,623|E,18.053
2012,stock_ind,623|N,2.193
2012,stock_ind,623|S,63.395
2012,stock_ind,624|E,10.93
2012,stock_ind,624|N,1.088
2012,stock_ind,624|S,44.772
2012,stock_ind,711AS|E,18.776
2012,stock_ind,711AS|N,47.707
2012,stock_ind,711AS|S,85.435
2012,stock_ind,713|E,31.6
2012,stock_ind,713|N,1.284
2012,stock_ind,713|S,121.843
2012,stock_ind,721|E,35.389
2012,stock_ind,721|N,2.555
2012,stock_ind,721|S,300.045
2012,stock_ind,722|E,75.915
2012,stock_ind,722|N,1.921
2012,stock_ind,722|S,150.361
2012,stock_ind,81|E,87.932
2012,stock_ind,81|N,27.738
2012,stock_ind,81|S,460.751
2012,stock_ind,ORE|E,65.57
2012,stock_ind,ORE|N,4.331
2012,stock_ind,ORE|S,1069.873
2012,stock_ind,HS|R,16352.383
2012,scorte,2,215.62
2012,scorte,3,98.972
2012,scorte,5,413.601
2012,scorte,6,315.987
2012,scorte,8,351.052
2012,scorte,9,289.316
2012,scorte,11,159.204
2012,scorte,12,48.568
2012,scorte,13,88.112
2012,scorte,14,229.494
2012,scorte,15,160.227
2012,aggregati,produzione_tot,29232.151
2012,aggregati,consumo_tot,11065.391
2012,aggregati,investimento_tot,2529.13
2012,aggregati,importazioni_tot,2359.7
2012,aggregati,scorte_tot,2370.153
2013,produzione,111CA,420.0646127
2013,produzione,113FF,48.1981787
2013,produzione,211,391.494883
2013,produzione,212,118.9735655
2013,produzione,213,125.8668437
2013,produzione,22,466.0971225
2013,produzione,23,1128.512488
2013,produzione,321,83.89403777
2013,produzione,327,102.9350132
2013,produzione,331,278.3293753
2013,produzione,332,348.5399126
2013,produzione,333,391.446297
2013,produzione,334,355.2192175
2013,produzione,335,123.7550645
2013,produzione,3361MV,550.3998909
2013,produzione,3364OT,299.0793759
2013,produzione,337,66.59806607
2013,produzione,339,165.9540944
2013,produzione,311FT,913.0265358
2013,produzione,313TT,53.18469398
2013,produzione,315AL,18.89724949
2013,produzione,322,179.9165585
2013,produzione,323,82.72247182
2013,produzione,324,863.2053806
2013,produzione,325,823.2479886
2013,produzione,326,219.7654445
2013,produzione,42,1721.203425
2013,produzione,441,245.1925543
2013,produzione,445,207.6042028
2013,produzione,452,215.2028244
2013,produzione,4A0,799.0861312
2013,produzione,481,202.4961396
2013,produzione,482,80.11151624
2013,produzione,483,50.56052114
2013,produzione,484,304.5854531
2013,produzione,485,54.63903366
2013,produzione,486,36.73040608
2013,produzione,487OS,190.8201192
2013,produzione,493,111.7750646
2013,produzione,511,310.9524895
2013,produzione,512,136.619994
2013,produzione,513,749.7202742
2013,produzione,514,240.2347354
2013,produzione,521CI,777.0406913
2013,produzione,523,474.2308528
2013,produzione,524,827.3564829
2013,produzione,525,135.5303097
2013,produzione,HS,1743.029863
2013,produzione,ORE,960.4627846
2013,produzione,532RL,315.3567273
2013,produzione,5411,297.716879
2013,produzione,5415,369.3379096
2013,produzione,5412OP,1131.560509
2013,produzione,55,488.6777069
2013,produzione,561,681.2134559
2013,produzione,562,85.47727804
2013,produzione,61,312.3842837
2013,produzione,621,865.5747508
2013,produzione,622,718.0263465
2013,produzione,623,211.6676564
2013,produzione,624,171.2084374
2013,produzione,711AS,148.7714629
2013,produzione,713,122.9797275
2013,produzione,721,221.7037595
2013,produzione,722,625.6137757
2013,produzione,81,574.6962508
2013,produzione,GFGD,633.1510606
2013,produzione,GFGN,360.5372605
2013,produzione,GFE,93.45068235
2013,produzione,GSLG,1962.204783
2013,produzione,GSLE,302.5492615
2013,consumo,111CA,62.56038978
2013,importazioni,111CA,33.06775799
2013,consumo,113FF,5.885843651
2013,importazioni,113FF,15.59951661
2013,consumo,211,0
2013,importazioni,211,270.4730177
2013,consumo,212,0.3117592328
2013,importazioni,212,5.879189315
2013,consumo,213,0
2013,importazioni,213,1.283210846
2013,consumo,22,245.7869375
2013,importazioni,22,2.503807801
2013,consumo,23,0
2013,importazioni,23,-0
2013,consumo,321,4.724603561
2013,importazioni,321,14.74191795
2013,consumo,327,11.30466011
2013,importazioni,327,20.58406806
2013,consumo,331,0.5154263193
2013,importazioni,331,88.80996571
2013,consumo,332,16.49806649
2013,importazioni,332,57.30064531
2013,consumo,333,6.745517863
2013,importazioni,333,134.0676598
2013,consumo,334,78.47831481
2013,importazioni,334,302.9176767
2013,consumo,335,39.20969295
2013,importazioni,335,82.5045633
2013,consumo,3361MV,192.1562876
2013,importazioni,3361MV,275.0415509
2013,consumo,3364OT,17.11164632
2013,importazioni,3364OT,48.97583275
2013,consumo,337,39.40150109
2013,importazioni,337,31.21527909
2013,consumo,339,79.63031611
2013,importazioni,339,77.57110759
2013,consumo,311FT,522.3447941
2013,importazioni,311FT,78.59034897
2013,consumo,313TT,21.29894751
2013,importazioni,313TT,28.29075055
2013,consumo,315AL,127.4039146
2013,importazioni,315AL,134.7267394
2013,consumo,322,19.69624566
2013,importazioni,322,21.88342014
2013,consumo,323,5.632883839
2013,importazioni,323,2.34388455
2013,consumo,324,296.1549079
2013,importazioni,324,109.8069235
2013,consumo,325,237.9056858
2013,importazioni,325,209.2383458
2013,consumo,326,31.52876262
2013,importazioni,326,45.83625309
2013,consumo,42,470.0184957
2013,importazioni,42,0
2013,consumo,441,148.8215462
2013,importazioni,441,-0
2013,consumo,445,188.6414094
2013,importazioni,445,-0
2013,consumo,452,199.1901237
2013,importazioni,452,-0
2013,consumo,4A0,652.4943248
2013,importazioni,4A0,-0
2013,consumo,481,119.3989358
2013,importazioni,481,39.53718413
2013,consumo,482,7.740872191
2013,importazioni,482,0
2013,consumo,483,18.66456817
2013,importazioni,483,0
2013,consumo,484,75.84949003
2013,importazioni,484,0
2013,consumo,485,34.92730925
2013,importazioni,485,-0
2013,consumo,486,2.122171116
2013,importazioni,486,-0
2013,consumo,487OS,17.72830989
2013,importazioni,487OS,0
2013,consumo,493,0.2076253359
2013,importazioni,493,-0
2013,consumo,511,66.97209017
2013,importazioni,511,3.774038875
2013,consumo,512,27.08339891
2013,importazioni,512,6.74411937
2013,consumo,513,305.7137425
2013,importazioni,513,0.1615354111
2013,consumo,514,29.20173452
2013,importazioni,514,1.023586583
2013,consumo,521CI,195.9016973
2013,importazioni,521CI,6.858041581
2013,consumo,523,202.0743969
2013,importazioni,523,0.05369813033
2013,consumo,524,303.8193147
2013,importazioni,524,51.76614164
2013,consumo,525,135.6121421
2013,importazioni,525,-0
2013,consumo,HS,1735.784744
2013,importazioni,HS,-0
2013,consumo,ORE,5.645905948
2013,importazioni,ORE,-0
2013,consumo,532RL,75.38233409
2013,importazioni,532RL,-0
2013,consumo,5411,87.43881821
2013,importazioni,5411,2.359164217
2013,consumo,5415,0
2013,importazioni,5415,25.98439717
2013,consumo,5412OP,56.763566
2013,importazioni,5412OP,72.4834358
2013,consumo,55,0
2013,importazioni,55,-0
2013,consumo,561,49.02006395
2013,importazioni,561,1.132824889
2013,consumo,562,23.43433836
2013,importazioni,562,0.1346857555
2013,consumo,61,302.7920401
2013,importazioni,61,1.403406534
2013,consumo,621,855.1262135
2013,importazioni,621,0.05952755419
2013,consumo,622,868.1758553
2013,importazioni,622,2.550206689
2013,consumo,623,209.8192648
2013,importazioni,623,0.01683465878
2013,consumo,624,172.243625
2013,importazioni,624,-0
2013,consumo,711AS,64.20543478
2013,importazioni,711AS,0.9885636198
2013,consumo,713,168.0550317
2013,importazioni,713,-0
2013,consumo,721,127.9853946
2013,importazioni,721,-0
2013,consumo,722,578.3479976
2013,importazioni,722,-0
2013,consumo,81,509.0225921
2013,importazioni,81,3.27233073
2013,consumo,GFGD,0
2013,importazioni,GFGD,-0
2013,consumo,GFGN,0
2013,importazioni,GFGN,-0
2013,consumo,GFE,7.296120048
2013,importazioni,GFE,0.4448257566
2013,consumo,GSLG,0
2013,importazioni,GSLG,-0
2013,consumo,GSLE,60.40024039
2013,importazioni,GSLE,-0
2013,investimento_tipo,E,1040.287097
2013,stock_tipo,E,5939.767384
2013,investimento_tipo,S,467.8837205
2013,stock_tipo,S,12201.77995
2013,investimento_tipo,N,694.3590635
2013,stock_tipo,N,2486.697176
2013,investimento_tipo,R,486.640999
2013,stock_tipo,R,16463.18883
2013,investimento_ind,111CA|E,53.93129386
2013,investimento_ind,111CA|N,0.0588974359
2013,investimento_ind,111CA|S,8.797736236
2013,investimento_ind,113FF|E,5.702304744
2013,investimento_ind,113FF|N,0.07571428571
2013,investimento_ind,113FF|S,0.3334636079
2013,investimento_ind,211|E,13.87427425
2013,investimento_ind,211|N,3.08512169
2013,investimento_ind,211|S,147.5822229
2013,investimento_ind,212|E,8.111787737
2013,investimento_ind,212|N,0.3967858845
2013,investimento_ind,212|S,9.852339353
2013,investimento_ind,213|E,15.84706427
2013,investimento_ind,213|N,1.07041965
2013,investimento_ind,213|S,7.330709998
2013,investimento_ind,22|E,60.75863991
2013,investimento_ind,22|N,5.845557278
2013,investimento_ind,22|S,55.34267875
2013,investimento_ind,23|E,37.35092333
2013,investimento_ind,23|N,3.152402236
2013,investimento_ind,23|S,1.089632922
2013,investimento_ind,311FT|E,18.72415723
2013,investimento_ind,311FT|N,6.505365131
2013,investimento_ind,311FT|S,4.618569436
2013,investimento_ind,313TT|E,1.267210446
2013,investimento_ind,313TT|N,0.6696151515
2013,investimento_ind,313TT|S,0.3611806167
2013,investimento_ind,315AL|E,0.5634336156
2013,investimento_ind,315AL|N,0.6832629289
2013,investimento_ind,315AL|S,0.06150793651
2013,investimento_ind,321|E,3.050325379
2013,investimento_ind,321|N,0.2278995859
2013,investimento_ind,321|S,0.6807714617
2013,investimento_ind,322|E,7.168000775
2013,investimento_ind,322|N,2.007047848
2013,investimento_ind,322|S,0.8694011859
2013,investimento_ind,323|E,2.269755302
2013,investimento_ind,323|N,1.356581102
2013,investimento_ind,323|S,0.2374761905
2013,investimento_ind,324|E,18.30807275
2013,investimento_ind,324|N,10.52589085
2013,investimento_ind,324|S,6.75434063
2013,investimento_ind,325|E,23.50214755
2013,investimento_ind,325|N,73.64401226
2013,investimento_ind,325|S,3.845179121
2013,investimento_ind,326|E,7.540641644
2013,investimento_ind,326|N,3.16862743
2013,investimento_ind,326|S,1.26117841
2013,investimento_ind,327|E,3.608911046
2013,investimento_ind,327|N,3.686139508
2013,investimento_ind,327|S,0.9002487047
2013,investimento_ind,331|E,8.058979863
2013,investimento_ind,331|N,3.012413537
2013,investimento_ind,331|S,1.468743616
2013,investimento_ind,332|E,12.6014899
2013,investimento_ind,332|N,4.581799824
2013,investimento_ind,332|S,2.080806949
2013,investimento_ind,333|E,11.73270859
2013,investimento_ind,333|N,12.79413018
2013,investimento_ind,333|S,2.208071026
2013,investimento_ind,334|E,21.72653225
2013,investimento_ind,334|N,75.02958219
2013,investimento_ind,334|S,6.741025558
2013,investimento_ind,335|E,2.999384575
2013,investimento_ind,335|N,4.64217253
2013,investimento_ind,335|S,0.5044888126
2013,investimento_ind,3361MV|E,23.31469152
2013,investimento_ind,3361MV|N,19.15610316
2013,investimento_ind,3361MV|S,3.305674618
2013,investimento_ind,3364OT|E,6.164200502
2013,investimento_ind,3364OT|N,16.06708908
2013,investimento_ind,3364OT|S,1.567136889
2013,investimento_ind,337|E,1.127444849
2013,investimento_ind,337|N,0.7337518697
2013,investimento_ind,337|S,0.2043658537
2013,investimento_ind,339|E,5.707584192
2013,investimento_ind,339|N,7.570388511
2013,investimento_ind,339|S,0.7974332879
2013,investimento_ind,42|E,37.52884804
2013,investimento_ind,42|N,20.20624816
2013,investimento_ind,42|S,7.384377033
2013,investimento_ind,441|E,4.631104898
2013,investimento_ind,441|N,1.076750693
2013,investimento_ind,441|S,3.151125215
2013,investimento_ind,445|E,6.967535923
2013,investimento_ind,445|N,1.60861906
2013,investimento_ind,445|S,2.40815648
2013,investimento_ind,452|E,8.190792112
2013,investimento_ind,452|N,3.860227755
2013,investimento_ind,452|S,5.208162487
2013,investimento_ind,481|E,15.89302176
2013,investimento_ind,481|N,1.249584279
2013,investimento_ind,481|S,0.7593839732
2013,investimento_ind,482|E,5.965712803
2013,investimento_ind,482|N,0.7573984983
2013,investimento_ind,482|S,8.6992381
2013,investimento_ind,483|E,4.370273214
2013,investimento_ind,483|N,0.5418969181
2013,investimento_ind,483|S,0.1909585751
2013,investimento_ind,484|E,19.95031239
2013,investimento_ind,484|N,0.6059787436
2013,investimento_ind,484|S,0.4570248704
2013,investimento_ind,485|E,4.174525169
2013,investimento_ind,485|N,0.4074375
2013,investimento_ind,485|S,0.1928972713
2013,investimento_ind,486|E,6.703194926
2013,investimento_ind,486|N,0.9023130629
2013,investimento_ind,486|S,14.72314277
2013,investimento_ind,487OS|E,4.17674011
2013,investimento_ind,487OS|N,0.791256277
2013,investimento_ind,487OS|S,1.281716627
2013,investimento_ind,493|E,1.431362145
2013,investimento_ind,493|N,0.4114960416
2013,investimento_ind,493|S,1.21157565
2013,investimento_ind,4A0|E,29.96977526
2013,investimento_ind,4A0|N,10.25450585
2013,investimento_ind,4A0|S,9.277322995
2013,investimento_ind,511|E,6.504989143
2013,investimento_ind,511|N,57.0614797
2013,investimento_ind,511|S,1.245078489
2013,investimento_ind,512|E,1.665387256
2013,investimento_ind,512|N,31.18372983
2013,investimento_ind,512|S,0.7533407462
2013,investimento_ind,513|E,83.35719593
2013,investimento_ind,513|N,40.33129166
2013,investimento_ind,513|S,17.5681377
2013,investimento_ind,514|E,20.40526202
2013,investimento_ind,514|N,30.61902484
2013,investimento_ind,514|S,3.506004813
2013,investimento_ind,521CI|E,82.36421686
2013,investimento_ind,521CI|N,19.72661191
2013,investimento_ind,521CI|S,4.487147055
2013,investimento_ind,523|E,6.321406508
2013,investimento_ind,523|N,11.62802825
2013,investimento_ind,523|S,1.399760259
2013,investimento_ind,524|E,10.22076586
2013,investimento_ind,524|N,27.52252271
2013,investimento_ind,524|S,2.092234947
2013,investimento_ind,525|E,0.06200703463
2013,investimento_ind,525|N,0.3058745811
2013,investimento_ind,525|S,0.02074825175
2013,investimento_ind,532RL|E,72.42195038
2013,investimento_ind,532RL|N,1.512794058
2013,investimento_ind,532RL|S,0.602820816
2013,investimento_ind,5411|E,3.484817697
2013,investimento_ind,5411|N,2.348106659
2013,investimento_ind,5411|S,0.5956253298
2013,investimento_ind,5412OP|E,27.20910721
2013,investimento_ind,5412OP|N,59.61548759
2013,investimento_ind,5412OP|S,4.433131125
2013,investimento_ind,5415|E,9.111411427
2013,investimento_ind,5415|N,18.23603996
2013,investimento_ind,5415|S,1.013444563
2013,investimento_ind,55|E,9.600326141
2013,investimento_ind,55|N,22.53807347
2013,investimento_ind,55|S,2.439658143
2013,investimento_ind,561|E,18.76543088
2013,investimento_ind,561|N,19.55028222
2013,investimento_ind,561|S,2.072303232
2013,investimento_ind,562|E,4.692115957
2013,investimento_ind,562|N,0.3406382221
2013,investimento_ind,562|S,0.6631827552
2013,investimento_ind,61|E,8.958865168
2013,investimento_ind,61|N,10.00123822
2013,investimento_ind,61|S,12.98258161
2013,investimento_ind,621|E,31.23783973
2013,investimento_ind,621|N,4.711102737
2013,investimento_ind,621|S,6.534131812
2013,investimento_ind,622|E,48.81410347
2013,investimento_ind,622|N,9.380448457
2013,investimento_ind,622|S,21.85555993
2013,investimento_ind,623|E,3.602157784
2013,investimento_ind,623|N,0.817233224
2013,investimento_ind,623|S,2.938264938
2013,investimento_ind,624|E,2.072516149
2013,investimento_ind,624|N,0.6218973214
2013,investimento_ind,624|S,3.18542287
2013,investimento_ind,711AS|E,4.500890381
2013,investimento_ind,711AS|N,7.978961162
2013,investimento_ind,711AS|S,3.175054832
2013,investimento_ind,713|E,5.813089407
2013,investimento_ind,713|N,0.7204388112
2013,investimento_ind,713|S,5.75364886
2013,investimento_ind,721|E,4.830135925
2013,investimento_ind,721|N,1.121010663
2013,investimento_ind,721|S,10.71095229
2013,investimento_ind,722|E,16.44287473
2013,investimento_ind,722|N,1.382443084
2013,investimento_ind,722|S,4.457035945
2013,investimento_ind,81|E,14.65795744
2013,investimento_ind,81|N,8.544597915
2013,investimento_ind,81|S,6.466313952
2013,investimento_ind,ORE|E,18.20511729
2013,investimento_ind,ORE|N,4.139222252
2013,investimento_ind,ORE|S,23.19066904
2013,investimento_ind,HS|R,486.640999
2013,stock_ind,111CA|E,247.0423446
2013,stock_ind,111CA|N,0.07707619048
2013,stock_ind,111CA|S,258.3425764
2013,stock_ind,113FF|E,36.23518402
2013,stock_ind,113FF|N,0.1205461957
2013,stock_ind,113FF|S,18.47066186
2013,stock_ind,211|E,62.92321188
2013,stock_ind,211|N,9.863554018
2013,stock_ind,211|S,1540.409809
2013,stock_ind,212|E,49.19716181
2013,stock_ind,212|N,1.482487889
2013,stock_ind,212|S,121.8682818
2013,stock_ind,213|E,85.87547085
2013,stock_ind,213|N,2.430017514
2013,stock_ind,213|S,57.48214883
2013,stock_ind,22|E,542.8818032
2013,stock_ind,22|N,10.57322044
2013,stock_ind,22|S,1552.678538
2013,stock_ind,23|E,190.5673604
2013,stock_ind,23|N,7.466175981
2013,stock_ind,23|S,84.90759225
2013,stock_ind,311FT|E,156.5014981
2013,stock_ind,311FT|N,25.27805682
2013,stock_ind,311FT|S,127.1653849
2013,stock_ind,313TT|E,15.41199471
2013,stock_ind,313TT|N,2.615903822
2013,stock_ind,313TT|S,22.32065579
2013,stock_ind,315AL|E,4.819418222
2013,stock_ind,315AL|N,2.612939727
2013,stock_ind,315AL|S,10.60951687
2013,stock_ind,321|E,16.66033043
2013,stock_ind,321|N,0.6218081013
2013,stock_ind,321|S,21.06010655
2013,stock_ind,322|E,67.88285588
2013,stock_ind,322|N,7.854515001
2013,stock_ind,322|S,37.58205497
2013,stock_ind,323|E,25.40898407
2013,stock_ind,323|N,4.554730175
2013,stock_ind,323|S,18.01638645
2013,stock_ind,324|E,114.5068772
2013,stock_ind,324|N,39.19152526
2013,stock_ind,324|S,72.0626936
2013,stock_ind,325|E,163.0756076
2013,stock_ind,325|N,493.1674193
2013,stock_ind,325|S,146.2868178
2013,stock_ind,326|E,51.96888959
2013,stock_ind,326|N,12.78290313
2013,stock_ind,326|S,30.64524549
2013,stock_ind,327|E,40.40522558
2013,stock_ind,327|N,17.03224104
2013,stock_ind,327|S,32.35203681
2013,stock_ind,331|E,93.85454083
2013,stock_ind,331|N,13.06295745
2013,stock_ind,331|S,64.36994742
2013,stock_ind,332|E,103.728574
2013,stock_ind,332|N,19.14091646
2013,stock_ind,332|S,55.7693422
2013,stock_ind,333|E,101.402509
2013,stock_ind,333|N,53.85178174
2013,stock_ind,333|S,67.09594633
2013,stock_ind,334|E,145.3327752
2013,stock_ind,334|N,216.7907419
2013,stock_ind,334|S,148.6874953
2013,stock_ind,335|E,22.42695396
2013,stock_ind,335|N,20.50116194
2013,stock_ind,335|S,27.17264026
2013,stock_ind,3361MV|E,113.925225
2013,stock_ind,3361MV|N,46.26607126
2013,stock_ind,3361MV|S,56.50625665
2013,stock_ind,3364OT|E,42.14628981
2013,stock_ind,3364OT|N,59.99130311
2013,stock_ind,3364OT|S,54.60104253
2013,stock_ind,337|E,8.69415845
2013,stock_ind,337|N,2.539687457
2013,stock_ind,337|S,10.3584565
2013,stock_ind,339|E,34.62321695
2013,stock_ind,339|N,30.82120595
2013,stock_ind,339|S,31.97551505
2013,stock_ind,42|E,225.7340448
2013,stock_ind,42|N,52.15968877
2013,stock_ind,42|S,257.6386255
2013,stock_ind,441|E,26.5319306
2013,stock_ind,441|N,3.213483552
2013,stock_ind,441|S,159.096576
2013,stock_ind,445|E,52.84655374
2013,stock_ind,445|N,4.321091712
2013,stock_ind,445|S,159.6753712
2013,stock_ind,452|E,43.10917055
2013,stock_ind,452|N,7.115510854
2013,stock_ind,452|S,159.7253424
2013,stock_ind,481|E,171.6649766
2013,stock_ind,481|N,2.386068958
2013,stock_ind,481|S,54.15711086
2013,stock_ind,482|E,42.17552962
2013,stock_ind,482|N,1.54733437
2013,stock_ind,482|S,338.5143056
2013,stock_ind,483|E,40.45353364
2013,stock_ind,483|N,0.6754060789
2013,stock_ind,483|S,6.311957847
2013,stock_ind,484|E,96.77215909
2013,stock_ind,484|N,1.178382293
2013,stock_ind,484|S,22.6915529
2013,stock_ind,485|E,18.16365177
2013,stock_ind,485|N,0.5885313025
2013,stock_ind,485|S,25.18267155
2013,stock_ind,486|E,27.24697562
2013,stock_ind,486|N,1.277285971
2013,stock_ind,486|S,175.0564497
2013,stock_ind,487OS|E,60.35950489
2013,stock_ind,487OS|N,1.985746695
2013,stock_ind,487OS|S,62.71477519
2013,stock_ind,493|E,8.665529051
2013,stock_ind,493|N,0.7259635803
2013,stock_ind,493|S,33.3584535
2013,stock_ind,4A0|E,156.915802
2013,stock_ind,4A0|N,22.55745555
2013,stock_ind,4A0|S,414.4926061
2013,stock_ind,511|E,27.84478445
2013,stock_ind,511|N,209.6387742
2013,stock_ind,511|S,46.58503555
2013,stock_ind,512|E,11.1198379
2013,stock_ind,512|N,218.3987958
2013,stock_ind,512|S,32.51088995
2013,stock_ind,513|E,386.5256072
2013,stock_ind,513|N,160.0509531
2013,stock_ind,513|S,773.4806154
2013,stock_ind,514|E,47.47101073
2013,stock_ind,514|N,69.33084357
2013,stock_ind,514|S,26.33738292
2013,stock_ind,521CI|E,392.3751515
2013,stock_ind,521CI|N,38.68602033
2013,stock_ind,521CI|S,352.1747511
2013,stock_ind,523|E,32.94679054
2013,stock_ind,523|N,23.00828984
2013,stock_ind,523|S,99.25567799
2013,stock_ind,524|E,47.48266554
2013,stock_ind,524|N,49.26184164
2013,stock_ind,524|S,150.7835414
2013,stock_ind,525|E,0.9878882172
2013,stock_ind,525|N,0.9859005377
2013,stock_ind,525|S,37.27056406
2013,stock_ind,532RL|E,392.0197143
2013,stock_ind,532RL|N,2.200882707
2013,stock_ind,532RL|S,23.41274981
2013,stock_ind,5411|E,16.13735473
2013,stock_ind,5411|N,3.655425153
2013,stock_ind,5411|S,24.11044443
2013,stock_ind,5412OP|E,129.5288966
2013,stock_ind,5412OP|N,226.5018961
2013,stock_ind,5412OP|S,119.4548565
2013,stock_ind,5415|E,28.34443099
2013,stock_ind,5415|N,40.36480676
2013,stock_ind,5415|S,26.0573754
2013,stock_ind,55|E,48.00663185
2013,stock_ind,55|N,50.96380723
2013,stock_ind,55|S,273.8754896
2013,stock_ind,561|E,82.51296759
2013,stock_ind,561|N,36.62224486
2013,stock_ind,561|S,57.79009902
2013,stock_ind,562|E,26.82614209
2013,stock_ind,562|N,0.9144280503
2013,stock_ind,562|S,69.11606052
2013,stock_ind,61|E,48.40682636
2013,stock_ind,61|N,28.40261405
2013,stock_ind,61|S,440.5735765
2013,stock_ind,621|E,142.5045763
2013,stock_ind,621|N,13.12119111
2013,stock_ind,621|S,185.8566627
2013,stock_ind,622|E,211.6407313
2013,stock_ind,622|N,21.76645113
2013,stock_ind,622|S,627.7709274
2013,stock_ind,623|E,18.85197342
2013,stock_ind,623|N,2.377061115
2013,stock_ind,623|S,64.96959555
2013,stock_ind,624|E,11.04953861
2013,stock_ind,624|N,1.17719912
2013,stock_ind,624|S,46.86345975
2013,stock_ind,711AS|E,20.23429255
2013,stock_ind,711AS|N,47.28124835
2013,stock_ind,711AS|S,86.40876892
2013,stock_ind,713|E,32.28093203
2013,stock_ind,713|N,1.47365435
2013,stock_ind,713|S,124.0681153
2013,stock_ind,721|E,34.91207138
2013,stock_ind,721|N,2.722202129
2013,stock_ind,721|S,302.363715
2013,stock_ind,722|E,80.51009655
2013,stock_ind,722|N,2.439531303
2013,stock_ind,722|S,150.832323
2013,stock_ind,81|E,88.63517206
2013,stock_ind,81|N,29.25069369
2013,stock_ind,81|S,457.3928982
2013,stock_ind,ORE|E,72.47347597
2013,stock_ind,ORE|N,5.677522265
2013,stock_ind,ORE|S,1065.051423
2013,stock_ind,HS|R,16463.18883
2013,scorte,2,225.5978212
2013,scorte,3,92.12170797
2013,scorte,5,429.4912612
2013,scorte,6,326.973628
2013,scorte,8,367.791221
2013,scorte,9,304.7341142
2013,scorte,11,180.3196911
2013,scorte,12,49.12945204
2013,scorte,13,90.52240049
2013,scorte,14,243.487916
2013,scorte,15,167.4668346
2013,aggregati,produzione_tot,29888.3702
2013,aggregati,consumo_tot,11221.41039
2013,aggregati,investimento_tot,2689.17088
2013,aggregati,importazioni_tot,2314.001983
2013,aggregati,scorte_tot,2477.636048
2014,produzione,111CA,426.9591743
2014,produzione,113FF,53.00329593
2014,produzione,211,426.7537306
2014,produzione,212,122.4624409
2014,produzione,213,159.7072121
2014,produzione,22,472.1610722
2014,produzione,23,1191.792556
2014,produzione,321,84.86816984
2014,produzione,327,107.0695856
2014,produzione,331,278.4018351
2014,produzione,332,355.5833421
2014,produzione,333,398.1527264
2014,produzione,334,354.7213471
2014,produzione,335,127.3907201
2014,produzione,3361MV,587.2035562
2014,produzione,3364OT,311.5349482
2014,produzione,337,67.44260484
2014,produzione,339,160.4764343
2014,produzione,311FT,910.5577956
2014,produzione,313TT,53.96859719
2014,produzione,315AL,18.15784282
2014,produzione,322,178.583728
2014,produzione,323,81.53338845
2014,produzione,324,834.613092
2014,produzione,325,810.5917251
2014,produzione,326,224.507892
2014,produzione,42,1802.327272
2014,produzione,441,271.6411199
2014,produzione,445,209.9680384
2014,produzione,452,219.1929247
2014,produzione,4A0,827.1238123
2014,produzione,481,210.6764134
2014,produzione,482,84.81309337
2014,produzione,483,52.98547068
2014,produzione,484,326.4871626
2014,produzione,485,60.86070485
2014,produzione,486,39.1053764
2014,produzione,487OS,200.4218243
2014,produzione,493,112.3573748
2014,produzione,511,327.2902762
2014,produzione,512,138.2572914
2014,produzione,513,792.944715
2014,produzione,514,260.4244569
2014,produzione,521CI,794.9007774
2014,produzione,523,466.0142255
2014,produzione,524,884.5774773
2014,produzione,525,137.51382
2014,produzione,HS,1738.811048
2014,produzione,ORE,1008.8257
2014,produzione,532RL,334.1377749
2014,produzione,5411,295.0836616
2014,produzione,5415,399.2951331
2014,produzione,5412OP,1185.159305
2014,produzione,55,519.4258455
2014,produzione,561,737.2642375
2014,produzione,562,90.3897978
2014,produzione,61,315.283236
2014,produzione,621,892.2740288
2014,produzione,622,719.8774351
2014,produzione,623,216.2839925
2014,produzione,624,177.6651074
2014,produzione,711AS,156.8679416
2014,produzione,713,125.8390589
2014,produzione,721,233.392097
2014,produzione,722,650.1047981
2014,produzione,81,602.0764871
2014,produzione,GFGD,611.1507441
2014,produzione,GFGN,361.275454
2014,produzione,GFE,91.01968091
2014,produzione,GSLG,1974.686571
2014,produzione,GSLE,302.0676769
2014,consumo,111CA,65.14654342
2014,importazioni,111CA,37.37202341
2014,consumo,113FF,5.708911271
2014,importazioni,113FF,16.8776211
2014,consumo,211,0
2014,importazioni,211,261.0320879
2014,consumo,212,0.6339401996
2014,importazioni,212,7.139092264
2014,consumo,213,0
2014,importazioni,213,1.222959525
2014,consumo,22,243.4420925
2014,importazioni,22,2.704358482
2014,consumo,23,0
2014,importazioni,23,-0
2014,consumo,321,4.551195687
2014,importazioni,321,15.56384666
2014,consumo,327,11.01956455
2014,importazioni,327,22.6743114
2014,consumo,331,0.552619548
2014,importazioni,331,93.21653647
2014,consumo,332,15.51116539
2014,importazioni,332,62.91751599
2014,consumo,333,6.171054053
2014,importazioni,333,150.0064659
2014,consumo,334,78.48956911
2014,importazioni,334,326.9882833
2014,consumo,335,40.45899501
2014,importazioni,335,90.14077591
2014,consumo,3361MV,194.4861595
2014,importazioni,3361MV,296.1285621
2014,consumo,3364OT,17.82506114
2014,importazioni,3364OT,56.51713842
2014,consumo,337,40.05315888
2014,importazioni,337,34.2641728
2014,consumo,339,81.68152643
2014,importazioni,339,79.46011174
2014,consumo,311FT,521.1202933
2014,importazioni,311FT,80.26968127
2014,consumo,313TT,21.20231662
2014,importazioni,313TT,30.07902245
2014,consumo,315AL,133.0905356
2014,importazioni,315AL,140.5946862
2014,consumo,322,20.07252861
2014,importazioni,322,22.9227528
2014,consumo,323,5.192689687
2014,importazioni,323,2.417184182
2014,consumo,324,292.5111438
2014,importazioni,324,101.8125338
2014,consumo,325,241.2505938
2014,importazioni,325,188.1251994
2014,consumo,326,32.05077194
2014,importazioni,326,47.72656778
2014,consumo,42,494.9042182
2014,importazioni,42,0
2014,consumo,441,172.8490849
2014,importazioni,441,-0
2014,consumo,445,192.5949664
2014,importazioni,445,-0
2014,consumo,452,203.3480007
2014,importazioni,452,-0
2014,consumo,4A0,679.7778036
2014,importazioni,4A0,-0
2014,consumo,481,123.4182902
2014,importazioni,481,41.33448353
2014,consumo,482,7.858606807
2014,importazioni,482,0
2014,consumo,483,19.56416897
2014,importazioni,483,0
2014,consumo,484,77.68694858
2014,importazioni,484,0
2014,consumo,485,37.69910857
2014,importazioni,485,-0
2014,consumo,486,2.326619173
2014,importazioni,486,-0
2014,consumo,487OS,17.36428142
2014,importazioni,487OS,0
2014,consumo,493,0.250799543
2014,importazioni,493,-0
2014,consumo,511,73.71891978
2014,importazioni,511,4.169448235
2014,consumo,512,26.56586608
2014,importazioni,512,7.046400187
2014,consumo,513,324.7543398
2014,importazioni,513,0.1702155982
2014,consumo,514,31.07285929
2014,importazioni,514,1.212125776
2014,consumo,521CI,193.603406
2014,importazioni,521CI,6.647649561
2014,consumo,523,193.0079865
2014,importazioni,523,0.05224557098
2014,consumo,524,329.1094592
2014,importazioni,524,50.86407522
2014,consumo,525,138.6444413
2014,importazioni,525,-0
2014,consumo,HS,1731.29393
2014,importazioni,HS,-0
2014,consumo,ORE,5.429103224
2014,importazioni,ORE,-0
2014,consumo,532RL,79.28030768
2014,importazioni,532RL,-0
2014,consumo,5411,86.5038021
2014,importazioni,5411,2.485746802
2014,consumo,5415,0
2014,importazioni,5415,28.89511889
2014,consumo,5412OP,60.42746973
2014,importazioni,5412OP,79.52841594
2014,consumo,55,0
2014,importazioni,55,-0
2014,consumo,561,51.78025117
2014,importazioni,561,1.30816535
2014,consumo,562,23.51341628
2014,importazioni,562,0.1536573519
2014,consumo,61,306.4673452
2014,importazioni,61,1.280662273
2014,consumo,621,884.5519653
2014,importazioni,621,0.07762115073
2014,consumo,622,878.2634079
2014,importazioni,622,2.94529984
2014,consumo,623,214.258079
2014,importazioni,623,0.02248689609
2014,consumo,624,178.9145184
2014,importazioni,624,-0
2014,consumo,711AS,67.91678618
2014,importazioni,711AS,1.00111878
2014,consumo,713,172.4918112
2014,importazioni,713,-0
2014,consumo,721,134.5500707
2014,importazioni,721,-0
2014,consumo,722,596.8451311
2014,importazioni,722,-0
2014,consumo,81,532.4291064
2014,importazioni,81,3.191909269
2014,consumo,GFGD,0
2014,importazioni,GFGD,-0
2014,consumo,GFGN,0
2014,importazioni,GFGN,-0
2014,consumo,GFE,7.199535578
2014,importazioni,GFE,0.3829146621
2014,consumo,GSLG,0
2014,importazioni,GSLG,-0
2014,consumo,GSLE,61.13534968
2014,importazioni,GSLE,-0
2014,investimento_tipo,E,1120.84685
2014,stock_tipo,E,6224.30194
2014,investimento_tipo,S,519.214539
2014,stock_tipo,S,12338.34192
2014,investimento_tipo,N,736.3419464
2014,stock_tipo,N,2591.449439
2014,investimento_tipo,R,508.1175307
2014,stock_tipo,R,16592.58793
2014,investimento_ind,111CA|E,56.66484737
2014,investimento_ind,111CA|N,0.07269230769
2014,investimento_ind,111CA|S,11.61215754
2014,investimento_ind,113FF|E,6.803213117
2014,investimento_ind,113FF|N,0.1146760797
2014,investimento_ind,113FF|S,0.6951687904
2014,investimento_ind,211|E,10.75239056
2014,investimento_ind,211|N,2.939775557
2014,investimento_ind,211|S,160.0891391
2014,investimento_ind,212|E,7.685984901
2014,investimento_ind,212|N,0.4013330055
2014,investimento_ind,212|S,8.486595898
2014,investimento_ind,213|E,18.58028188
2014,investimento_ind,213|N,1.173360366
2014,investimento_ind,213|S,6.10464268
2014,investimento_ind,22|E,61.968167
2014,investimento_ind,22|N,6.941016048
2014,investimento_ind,22|S,69.42892483
2014,investimento_ind,23|E,37.87353065
2014,investimento_ind,23|N,3.10496486
2014,investimento_ind,23|S,1.745694175
2014,investimento_ind,311FT|E,19.86344822
2014,investimento_ind,311FT|N,6.697011338
2014,investimento_ind,311FT|S,5.467205498
2014,investimento_ind,313TT|E,1.477137413
2014,investimento_ind,313TT|N,0.6752151515
2014,investimento_ind,313TT|S,0.3556872247
2014,investimento_ind,315AL|E,0.3813175701
2014,investimento_ind,315AL|N,0.6217811275
2014,investimento_ind,315AL|S,0.05392857143
2014,investimento_ind,321|E,3.733406621
2014,investimento_ind,321|N,0.2718341615
2014,investimento_ind,321|S,0.5959477958
2014,investimento_ind,322|E,9.043719871
2014,investimento_ind,322|N,2.198554555
2014,investimento_ind,322|S,1.31938992
2014,investimento_ind,323|E,2.551186518
2014,investimento_ind,323|N,1.415906235
2014,investimento_ind,323|S,0.2766666667
2014,investimento_ind,324|E,10.74336494
2014,investimento_ind,324|N,8.796153349
2014,investimento_ind,324|S,6.9360262
2014,investimento_ind,325|E,26.90461208
2014,investimento_ind,325|N,79.25617146
2014,investimento_ind,325|S,6.659403857
2014,investimento_ind,326|E,9.023222139
2014,investimento_ind,326|N,3.218327145
2014,investimento_ind,326|S,1.510088559
2014,investimento_ind,327|E,4.794865399
2014,investimento_ind,327|N,3.659459047
2014,investimento_ind,327|S,1.141926425
2014,investimento_ind,331|E,6.935347717
2014,investimento_ind,331|N,2.923687543
2014,investimento_ind,331|S,1.156960747
2014,investimento_ind,332|E,12.65052861
2014,investimento_ind,332|N,4.476623321
2014,investimento_ind,332|S,1.785932201
2014,investimento_ind,333|E,10.74815769
2014,investimento_ind,333|N,12.29770813
2014,investimento_ind,333|S,2.033968399
2014,investimento_ind,334|E,19.96944631
2014,investimento_ind,334|N,77.86355493
2014,investimento_ind,334|S,4.768210514
2014,investimento_ind,335|E,3.156323091
2014,investimento_ind,335|N,4.598685217
2014,investimento_ind,335|S,0.5698267971
2014,investimento_ind,3361MV|E,24.88751703
2014,investimento_ind,3361MV|N,20.66730103
2014,investimento_ind,3361MV|S,2.701025492
2014,investimento_ind,3364OT|E,6.281560146
2014,investimento_ind,3364OT|N,15.67533307
2014,investimento_ind,3364OT|S,1.528071828
2014,investimento_ind,337|E,1.102532381
2014,investimento_ind,337|N,0.7206452947
2014,investimento_ind,337|S,0.2527560976
2014,investimento_ind,339|E,6.362825793
2014,investimento_ind,339|N,7.544074568
2014,investimento_ind,339|S,0.8993583351
2014,investimento_ind,42|E,46.00948631
2014,investimento_ind,42|N,25.51206135
2014,investimento_ind,42|S,10.50922406
2014,investimento_ind,441|E,5.748308928
2014,investimento_ind,441|N,1.376801474
2014,investimento_ind,441|S,2.020266823
2014,investimento_ind,445|E,7.534336568
2014,investimento_ind,445|N,2.013206059
2014,investimento_ind,445|S,3.496142672
2014,investimento_ind,452|E,7.761821304
2014,investimento_ind,452|N,3.880301107
2014,investimento_ind,452|S,5.493827327
2014,investimento_ind,481|E,18.79276468
2014,investimento_ind,481|N,1.466686818
2014,investimento_ind,481|S,0.5508146723
2014,investimento_ind,482|E,8.725324738
2014,investimento_ind,482|N,1.09265568
2014,investimento_ind,482|S,9.580574547
2014,investimento_ind,483|E,5.090774409
2014,investimento_ind,483|N,1.32383622
2014,investimento_ind,483|S,0.3951710724
2014,investimento_ind,484|E,25.80398373
2014,investimento_ind,484|N,0.9561819206
2014,investimento_ind,484|S,0.5489993962
2014,investimento_ind,485|E,2.758498666
2014,investimento_ind,485|N,0.2405520833
2014,investimento_ind,485|S,0.0501464687
2014,investimento_ind,486|E,11.28019316
2014,investimento_ind,486|N,1.199458777
2014,investimento_ind,486|S,17.52057383
2014,investimento_ind,487OS|E,7.908978745
2014,investimento_ind,487OS|N,1.563891923
2014,investimento_ind,487OS|S,1.262229651
2014,investimento_ind,493|E,2.883590544
2014,investimento_ind,493|N,0.8808943086
2014,investimento_ind,493|S,1.44034529
2014,investimento_ind,4A0|E,35.40745965
2014,investimento_ind,4A0|N,12.41083404
2014,investimento_ind,4A0|S,12.57385538
2014,investimento_ind,511|E,9.218247964
2014,investimento_ind,511|N,61.02113517
2014,investimento_ind,511|S,1.715722376
2014,investimento_ind,512|E,1.66725411
2014,investimento_ind,512|N,30.84214653
2014,investimento_ind,512|S,0.5475445036
2014,investimento_ind,513|E,98.03051768
2014,investimento_ind,513|N,45.361918
2014,investimento_ind,513|S,15.61570655
2014,investimento_ind,514|E,23.40626355
2014,investimento_ind,514|N,36.62386223
2014,investimento_ind,514|S,7.287193193
2014,investimento_ind,521CI|E,91.58139214
2014,investimento_ind,521CI|N,22.56621621
2014,investimento_ind,521CI|S,6.371257821
2014,investimento_ind,523|E,6.604446958
2014,investimento_ind,523|N,12.99140213
2014,investimento_ind,523|S,1.647971376
2014,investimento_ind,524|E,10.70729873
2014,investimento_ind,524|N,27.16113725
2014,investimento_ind,524|S,3.15322681
2014,investimento_ind,525|E,0.06402092352
2014,investimento_ind,525|N,0.349734154
2014,investimento_ind,525|S,0.03157342657
2014,investimento_ind,532RL|E,79.83955164
2014,investimento_ind,532RL|N,2.389071276
2014,investimento_ind,532RL|S,0.8181247087
2014,investimento_ind,5411|E,2.737693483
2014,investimento_ind,5411|N,1.973892624
2014,investimento_ind,5411|S,0.6532084433
2014,investimento_ind,5412OP|E,26.06211677
2014,investimento_ind,5412OP|N,57.181873
2014,investimento_ind,5412OP|S,4.489825089
2014,investimento_ind,5415|E,6.659865878
2014,investimento_ind,5415|N,18.89891112
2014,investimento_ind,5415|S,0.7320538664
2014,investimento_ind,55|E,9.671317449
2014,investimento_ind,55|N,21.15710866
2014,investimento_ind,55|S,2.616266127
2014,investimento_ind,561|E,19.50597544
2014,investimento_ind,561|N,21.25020236
2014,investimento_ind,561|S,2.254132259
2014,investimento_ind,562|E,5.18306182
2014,investimento_ind,562|N,0.355777925
2014,investimento_ind,562|S,0.6633177649
2014,investimento_ind,61|E,8.934351995
2014,investimento_ind,61|N,10.04002376
2014,investimento_ind,61|S,13.69238955
2014,investimento_ind,621|E,31.00132565
2014,investimento_ind,621|N,4.895343804
2014,investimento_ind,621|S,5.953580603
2014,investimento_ind,622|E,48.57281294
2014,investimento_ind,622|N,9.544566204
2014,investimento_ind,622|S,20.36322836
2014,investimento_ind,623|E,3.712285811
2014,investimento_ind,623|N,0.9451888843
2014,investimento_ind,623|S,3.798858992
2014,investimento_ind,624|E,2.400875349
2014,investimento_ind,624|N,0.7844520227
2014,investimento_ind,624|S,1.890718662
2014,investimento_ind,711AS|E,5.728481516
2014,investimento_ind,711AS|N,8.61534457
2014,investimento_ind,711AS|S,3.926963664
2014,investimento_ind,713|E,6.348682864
2014,investimento_ind,713|N,0.9303463724
2014,investimento_ind,713|S,7.693076482
2014,investimento_ind,721|E,5.529923946
2014,investimento_ind,721|N,1.354688903
2014,investimento_ind,721|S,10.97608171
2014,investimento_ind,722|E,14.91861563
2014,investimento_ind,722|N,1.639194408
2014,investimento_ind,722|S,4.426362809
2014,investimento_ind,81|E,18.21771549
2014,investimento_ind,81|N,10.68843158
2014,investimento_ind,81|S,6.62357459
2014,investimento_ind,ORE|E,17.89829775
2014,investimento_ind,ORE|N,4.536770549
2014,investimento_ind,ORE|S,27.65570391
2014,investimento_ind,HS|R,508.1175307
2014,stock_ind,111CA|E,267.2412247
2014,stock_ind,111CA|N,0.09068571429
2014,stock_ind,111CA|S,263.6650356
2014,stock_ind,113FF|E,38.15449651
2014,stock_ind,113FF|N,0.1513654891
2014,stock_ind,113FF|S,18.69869156
2014,stock_ind,211|E,64.69738075
2014,stock_ind,211|N,10.31329294
2014,stock_ind,211|S,1585.768224
2014,stock_ind,212|E,49.30080092
2014,stock_ind,212|N,1.514069691
2014,stock_ind,212|S,125.3964777
2014,stock_ind,213|E,92.10903586
2014,stock_ind,213|N,2.586922816
2014,stock_ind,213|S,60.15102501
2014,stock_ind,22|E,563.770068
2014,stock_ind,22|N,11.8931894
2014,stock_ind,22|S,1586.942409
2014,stock_ind,23|E,195.7960392
2014,stock_ind,23|N,7.73021151
2014,stock_ind,23|S,84.43900626
2014,stock_ind,311FT|E,160.5568042
2014,stock_ind,311FT|N,26.31208551
2014,stock_ind,311FT|S,128.6646015
2014,stock_ind,313TT|E,15.15902034
2014,stock_ind,313TT|N,2.707166346
2014,stock_ind,313TT|S,21.99526301
2014,stock_ind,315AL|E,4.592036805
2014,stock_ind,315AL|N,2.677168898
2014,stock_ind,315AL|S,10.35647614
2014,stock_ind,321|E,17.80140751
2014,stock_ind,321|N,0.6914344469
2014,stock_ind,321|S,21.00239883
2014,stock_ind,322|E,69.27956966
2014,stock_ind,322|N,8.268635065
2014,stock_ind,322|S,37.72332834
2014,stock_ind,323|E,24.71440086
2014,stock_ind,323|N,4.682751222
2014,stock_ind,323|S,17.73457171
2014,stock_ind,324|E,114.421252
2014,stock_ind,324|N,39.70187714
2014,stock_ind,324|S,76.73052912
2014,stock_ind,325|E,169.9011116
2014,stock_ind,325|N,512.817162
2014,stock_ind,325|S,148.4308335
2014,stock_ind,326|E,53.96311459
2014,stock_ind,326|N,13.23378681
2014,stock_ind,326|S,31.19536816
2014,stock_ind,327|E,40.62757961
2014,stock_ind,327|N,17.54056746
2014,stock_ind,327|S,32.48017563
2014,stock_ind,331|E,93.59939936
2014,stock_ind,331|N,13.40864872
2014,stock_ind,331|S,63.53590666
2014,stock_ind,332|E,106.5793741
2014,stock_ind,332|N,19.64863587
2014,stock_ind,332|S,55.8325182
2014,stock_ind,333|E,102.7190909
2014,stock_ind,333|N,55.11857838
2014,stock_ind,333|S,67.1012179
2014,stock_ind,334|E,145.1042998
2014,stock_ind,334|N,222.2469154
2014,stock_ind,334|S,148.9139901
2014,stock_ind,335|E,22.79579021
2014,stock_ind,335|N,21.06870495
2014,stock_ind,335|S,26.9510426
2014,stock_ind,3361MV|E,122.0401199
2014,stock_ind,3361MV|N,48.92411618
2014,stock_ind,3361MV|S,57.43655821
2014,stock_ind,3364OT|E,43.09249183
2014,stock_ind,3364OT|N,60.00921882
2014,stock_ind,3364OT|S,54.43136773
2014,stock_ind,337|E,8.557109742
2014,stock_ind,337|N,2.616093508
2014,stock_ind,337|S,10.28864912
2014,stock_ind,339|E,35.85306359
2014,stock_ind,339|N,31.78845261
2014,stock_ind,339|S,31.90923432
2014,stock_ind,42|E,234.7257198
2014,stock_ind,42|N,57.12446331
2014,stock_ind,42|S,261.6282402
2014,stock_ind,441|E,27.67739379
2014,stock_ind,441|N,3.514961685
2014,stock_ind,441|S,157.0385086
2014,stock_ind,445|E,52.67212339
2014,stock_ind,445|N,4.853541042
2014,stock_ind,445|S,159.0280152
2014,stock_ind,452|E,44.17790972
2014,stock_ind,452|N,7.568283663
2014,stock_ind,452|S,161.1205461
2014,stock_ind,481|E,177.0403683
2014,stock_ind,481|N,2.719860675
2014,stock_ind,481|S,53.4353345
2014,stock_ind,482|E,47.42695
2014,stock_ind,482|N,1.86687046
2014,stock_ind,482|S,340.6931591
2014,stock_ind,483|E,42.54722028
2014,stock_ind,483|N,1.421328273
2014,stock_ind,483|S,6.547267981
2014,stock_ind,484|E,104.4774446
2014,stock_ind,484|N,1.497473167
2014,stock_ind,484|S,22.5904966
2014,stock_ind,485|E,18.26348798
2014,stock_ind,485|N,0.5328592437
2014,stock_ind,485|S,24.62783031
2014,stock_ind,486|E,34.04844519
2014,stock_ind,486|N,1.70280856
2014,stock_ind,486|S,187.7635628
2014,stock_ind,487OS|E,61.18027881
2014,stock_ind,487OS|N,2.471349197
2014,stock_ind,487OS|S,62.64369367
2014,stock_ind,493|E,10.16054356
2014,stock_ind,493|N,1.159496731
2014,stock_ind,493|S,34.02686218
2014,stock_ind,4A0|E,166.4626441
2014,stock_ind,4A0|N,25.26586971
2014,stock_ind,4A0|S,416.3102827
2014,stock_ind,511|E,30.377152
2014,stock_ind,511|N,220.2403499
2014,stock_ind,511|S,47.01115515
2014,stock_ind,512|E,10.99943425
2014,stock_ind,512|N,221.0681288
2014,stock_ind,512|S,32.13595037
2014,stock_ind,513|E,432.4351511
2014,stock_ind,513|N,168.2373574
2014,stock_ind,513|S,769.9898292
2014,stock_ind,514|E,57.49323239
2014,stock_ind,514|N,80.59149703
2014,stock_ind,514|S,32.89730589
2014,stock_ind,521CI|E,416.5589202
2014,stock_ind,521CI|N,42.10622244
2014,stock_ind,521CI|S,349.619813
2014,stock_ind,523|E,33.62094496
2014,stock_ind,523|N,24.78108468
2014,stock_ind,523|S,98.36243971
2014,stock_ind,524|E,49.27291699
2014,stock_ind,524|N,51.82126907
2014,stock_ind,524|S,150.0274537
2014,stock_ind,525|E,0.8915188396
2014,stock_ind,525|N,0.9314179277
2014,stock_ind,525|S,36.37689671
2014,stock_ind,532RL|E,413.9032943
2014,stock_ind,532RL|N,3.203162627
2014,stock_ind,532RL|S,23.60537364
2014,stock_ind,5411|E,15.66297727
2014,stock_ind,5411|N,3.609678165
2014,stock_ind,5411|S,24.15773067
2014,stock_ind,5412OP|E,132.5040943
2014,stock_ind,5412OP|N,228.6369808
2014,stock_ind,5412OP|S,120.7276603
2014,stock_ind,5415|E,27.20187036
2014,stock_ind,5415|N,40.54482667
2014,stock_ind,5415|S,26.12800957
2014,stock_ind,55|E,49.70166973
2014,stock_ind,55|N,50.40930503
2014,stock_ind,55|S,269.5034899
2014,stock_ind,561|E,86.519433
2014,stock_ind,561|N,40.19150128
2014,stock_ind,561|S,58.61747093
2014,stock_ind,562|E,27.8604056
2014,stock_ind,562|N,0.951661797
2014,stock_ind,562|S,68.16121952
2014,stock_ind,61|E,48.80964238
2014,stock_ind,61|N,29.84477473
2014,stock_ind,61|S,445.656633
2014,stock_ind,621|E,148.048361
2014,stock_ind,621|N,13.68477728
2014,stock_ind,621|S,187.5112037
2014,stock_ind,622|E,223.3890422
2014,stock_ind,622|N,23.15524036
2014,stock_ind,622|S,636.1047168
2014,stock_ind,623|E,19.63967495
2014,stock_ind,623|N,2.618306259
2014,stock_ind,623|S,67.37473288
2014,stock_ind,624|E,11.46368417
2014,stock_ind,624|N,1.362055646
2014,stock_ind,624|S,47.62747291
2014,stock_ind,711AS|E,22.62278156
2014,stock_ind,711AS|N,47.44738438
2014,stock_ind,711AS|S,88.10733512
2014,stock_ind,713|E,33.36516007
2014,stock_ind,713|N,1.753039962
2014,stock_ind,713|S,128.1689366
2014,stock_ind,721|E,35.19020708
2014,stock_ind,721|N,3.020174804
2014,stock_ind,721|S,304.883049
2014,stock_ind,722|E,82.99278435
2014,stock_ind,722|N,2.943877576
2014,stock_ind,722|S,151.2774041
2014,stock_ind,81|E,92.48372354
2014,stock_ind,81|N,32.15168353
2014,stock_ind,81|S,454.25915
2014,stock_ind,ORE|E,78.00725178
2014,stock_ind,ORE|N,6.702778197
2014,stock_ind,ORE|S,1064.82079
2014,stock_ind,HS|R,16592.58793
2014,scorte,2,222.4528698
2014,scorte,3,96.81449427
2014,scorte,5,444.7353307
2014,scorte,6,330.2341585
2014,scorte,8,393.6621867
2014,scorte,9,319.469551
2014,scorte,11,190.6549589
2014,scorte,12,50.03983526
2014,scorte,13,89.37829294
2014,scorte,14,249.7832345
2014,scorte,15,179.333509
2014,aggregati,produzione_tot,30756.33925
2014,aggregati,consumo_tot,11485.59399
2014,aggregati,investimento_tot,2884.520866
2014,aggregati,importazioni_tot,2400.943252
2014,aggregati,scorte_tot,2566.558422
2015,produzione,111CA,436.0488367
2015,produzione,113FF,51.65745506
2015,produzione,211,385.4277226
2015,produzione,212,116.0829032
2015,produzione,213,130.5363462
2015,produzione,22,467.807517
2015,produzione,23,1295.417935
2015,produzione,321,90.20827436
2015,produzione,327,109.2318949
2015,produzione,331,263.6489986
2015,produzione,332,347.9478634
2015,produzione,333,365.7140668
2015,produzione,334,357.9108663
2015,produzione,335,127.9215545
2015,produzione,3361MV,612.0777708
2015,produzione,3364OT,312.476085
2015,produzione,337,71.61670546
2015,produzione,339,162.2099672
2015,produzione,311FT,942.6697447
2015,produzione,313TT,51.98721063
2015,produzione,315AL,17.53919044
2015,produzione,322,177.498468
2015,produzione,323,80.75759637
2015,produzione,324,816.58304
2015,produzione,325,798.7331198
2015,produzione,326,229.5009016
2015,produzione,42,1834.793204
2015,produzione,441,309.3517
2015,produzione,445,211.0073652
2015,produzione,452,226.8170894
2015,produzione,4A0,869.7926879
2015,produzione,481,221.8366338
2015,produzione,482,81.24824659
2015,produzione,483,50.44854095
2015,produzione,484,332.248169
2015,produzione,485,63.65092971
2015,produzione,486,41.175425
2015,produzione,487OS,209.4803452
2015,produzione,493,111.8821372
2015,produzione,511,331.2869921
2015,produzione,512,145.2152306
2015,produzione,513,835.6001965
2015,produzione,514,287.7877374
2015,produzione,521CI,796.9871293
2015,produzione,523,457.0513089
2015,produzione,524,923.2496697
2015,produzione,525,149.5228717
2015,produzione,HS,1738.697539
2015,produzione,ORE,1080.250361
2015,produzione,532RL,330.8324745
2015,produzione,5411,297.423745
2015,produzione,5415,414.3131013
2015,produzione,5412OP,1215.558175
2015,produzione,55,536.8542537
2015,produzione,561,772.1057593
2015,produzione,562,92.13327874
2015,produzione,61,319.0729495
2015,produzione,621,940.9201437
2015,produzione,622,753.697788
2015,produzione,623,221.2311618
2015,produzione,624,184.1032362
2015,produzione,711AS,162.5597135
2015,produzione,713,129.7115215
2015,produzione,721,241.8098771
2015,produzione,722,684.9764838
2015,produzione,81,613.60812
2015,produzione,GFGD,596.7820889
2015,produzione,GFGN,371.7633928
2015,produzione,GFE,91.98470896
2015,produzione,GSLG,2029.242764
2015,produzione,GSLE,313.484584
2015,consumo,111CA,74.02744061
2015,importazioni,111CA,40.7384055
2015,consumo,113FF,5.345872
2015,importazioni,113FF,15.148368
2015,consumo,211,0
2015,importazioni,211,239.0226894
2015,consumo,212,0.3823169317
2015,importazioni,212,6.729240013
2015,consumo,213,0
2015,importazioni,213,1.279350595
2015,consumo,22,249.4430087
2015,importazioni,22,2.537230408
2015,consumo,23,0
2015,importazioni,23,-0
2015,consumo,321,4.766787478
2015,importazioni,321,16.28554678
2015,consumo,327,10.93660028
2015,importazioni,327,22.50586617
2015,consumo,331,0.6061074102
2015,importazioni,331,84.67609143
2015,consumo,332,16.2093227
2015,importazioni,332,63.9788255
2015,consumo,333,6.752565985
2015,importazioni,333,144.8511485
2015,consumo,334,75.97007718
2015,importazioni,334,329.3995979
2015,consumo,335,41.3828225
2015,importazioni,335,92.62200462
2015,consumo,3361MV,193.1349228
2015,importazioni,3361MV,307.2016534
2015,consumo,3364OT,19.20540062
2015,importazioni,3364OT,54.2300067
2015,consumo,337,41.99831644
2015,importazioni,337,36.95169897
2015,consumo,339,84.15457519
2015,importazioni,339,89.6905599
2015,consumo,311FT,552.6599536
2015,importazioni,311FT,87.45066125
2015,consumo,313TT,21.54156605
2015,importazioni,313TT,31.16277748
2015,consumo,315AL,133.6496546
2015,importazioni,315AL,143.043866
2015,consumo,322,20.46857087
2015,importazioni,322,22.10305678
2015,consumo,323,4.848803553
2015,importazioni,323,2.439190726
2015,consumo,324,294.5684379
2015,importazioni,324,100.3797793
2015,consumo,325,267.4274044
2015,importazioni,325,242.6869027
2015,consumo,326,33.75919091
2015,importazioni,326,47.31916693
2015,consumo,42,502.7192369
2015,importazioni,42,0
2015,consumo,441,209.8098934
2015,importazioni,441,-0
2015,consumo,445,194.2616361
2015,importazioni,445,-0
2015,consumo,452,211.8118212
2015,importazioni,452,-0
2015,consumo,4A0,718.3160074
2015,importazioni,4A0,-0
2015,consumo,481,125.5472334
2015,importazioni,481,40.83864202
2015,consumo,482,7.610375764
2015,importazioni,482,0
2015,consumo,483,19.77705809
2015,importazioni,483,0
2015,consumo,484,76.71708585
2015,importazioni,484,0
2015,consumo,485,39.20647897
2015,importazioni,485,-0
2015,consumo,486,2.749094613
2015,importazioni,486,-0
2015,consumo,487OS,17.47996411
2015,importazioni,487OS,0
2015,consumo,493,0.2443642942
2015,importazioni,493,-0
2015,consumo,511,76.65534545
2015,importazioni,511,4.200879824
2015,consumo,512,26.77735521
2015,importazioni,512,9.288822103
2015,consumo,513,340.466462
2015,importazioni,513,0.1737715259
2015,consumo,514,34.53253339
2015,importazioni,514,1.223357026
2015,consumo,521CI,200.5822309
2015,importazioni,521CI,5.765465358
2015,consumo,523,187.4243449
2015,importazioni,523,0.05125911846
2015,consumo,524,339.9571043
2015,importazioni,524,47.65569294
2015,consumo,525,152.8463756
2015,importazioni,525,-0
2015,consumo,HS,1731.041914
2015,importazioni,HS,-0
2015,consumo,ORE,4.813909221
2015,importazioni,ORE,-0
2015,consumo,532RL,86.39853324
2015,importazioni,532RL,-0
2015,consumo,5411,86.52457993
2015,importazioni,5411,2.476313992
2015,consumo,5415,0
2015,importazioni,5415,30.20569265
2015,consumo,5412OP,63.29882986
2015,importazioni,5412OP,71.15742336
2015,consumo,55,0
2015,importazioni,55,-0
2015,consumo,561,53.69759336
2015,importazioni,561,1.473072598
2015,consumo,562,22.767565
2015,importazioni,562,0.1764927519
2015,consumo,61,314.2246528
2015,importazioni,61,1.257273357
2015,consumo,621,935.5257196
2015,importazioni,621,0.09228493045
2015,consumo,622,917.1135509
2015,importazioni,622,3.352786449
2015,consumo,623,218.8461179
2015,importazioni,623,0.02585611034
2015,consumo,624,185.5001189
2015,importazioni,624,-0
2015,consumo,711AS,69.6363766
2015,importazioni,711AS,1.223734708
2015,consumo,713,177.7080985
2015,importazioni,713,0.0009444169196
2015,consumo,721,140.9946902
2015,importazioni,721,-0
2015,consumo,722,619.7850264
2015,importazioni,722,-0
2015,consumo,81,538.3987914
2015,importazioni,81,3.580118897
2015,consumo,GFGD,0
2015,importazioni,GFGD,-0
2015,consumo,GFGN,0
2015,importazioni,GFGN,-0
2015,consumo,GFE,7.107014174
2015,importazioni,GFE,0.3648918869
2015,consumo,GSLG,0
2015,importazioni,GSLG,-0
2015,consumo,GSLE,62.95153914
2015,importazioni,GSLE,-0
2015,investimento_tipo,E,1162.870771
2015,stock_tipo,E,6509.75935
2015,investimento_tipo,S,515.2121662
2015,stock_tipo,S,12467.24791
2015,investimento_tipo,N,771.8410725
2015,stock_tipo,N,2698.174801
2015,investimento_tipo,R,562.3000943
2015,stock_tipo,R,16773.35508
2015,investimento_ind,111CA|E,40.05888513
2015,investimento_ind,111CA|N,0.05553846154
2015,investimento_ind,111CA|S,8.223485611
2015,investimento_ind,113FF|E,6.314001207
2015,investimento_ind,113FF|N,0.1267358804
2015,investimento_ind,113FF|S,0.6644773069
2015,investimento_ind,211|E,8.923401629
2015,investimento_ind,211|N,3.23576695
2015,investimento_ind,211|S,110.5174288
2015,investimento_ind,212|E,6.59474301
2015,investimento_ind,212|N,0.4518813653
2015,investimento_ind,212|S,9.836609127
2015,investimento_ind,213|E,10.95838965
2015,investimento_ind,213|N,0.8749739214
2015,investimento_ind,213|S,5.479806091
2015,investimento_ind,22|E,64.54095674
2015,investimento_ind,22|N,8.029221708
2015,investimento_ind,22|S,78.84850185
2015,investimento_ind,23|E,42.14217185
2015,investimento_ind,23|N,3.561059459
2015,investimento_ind,23|S,1.47213072
2015,investimento_ind,311FT|E,21.86145119
2015,investimento_ind,311FT|N,7.121907934
2015,investimento_ind,311FT|S,5.537948347
2015,investimento_ind,313TT|E,1.314895438
2015,investimento_ind,313TT|N,0.6580636364
2015,investimento_ind,313TT|S,0.2934757709
2015,investimento_ind,315AL|E,0.3829142618
2015,investimento_ind,315AL|N,0.6275340074
2015,investimento_ind,315AL|S,0.05654761905
2015,investimento_ind,321|E,3.705039536
2015,investimento_ind,321|N,0.3035795031
2015,investimento_ind,321|S,0.5368341067
2015,investimento_ind,322|E,8.495332515
2015,investimento_ind,322|N,2.265682906
2015,investimento_ind,322|S,1.343009589
2015,investimento_ind,323|E,2.290013077
2015,investimento_ind,323|N,1.371622795
2015,investimento_ind,323|S,0.2734761905
2015,investimento_ind,324|E,10.67828118
2015,investimento_ind,324|N,8.668227206
2015,investimento_ind,324|S,7.230871877
2015,investimento_ind,325|E,33.88370648
2015,investimento_ind,325|N,84.06394161
2015,investimento_ind,325|S,7.737116688
2015,investimento_ind,326|E,8.84883105
2015,investimento_ind,326|N,3.225196235
2015,investimento_ind,326|S,1.16846671
2015,investimento_ind,327|E,5.366075466
2015,investimento_ind,327|N,3.660505274
2015,investimento_ind,327|S,1.36273057
2015,investimento_ind,331|E,6.508622818
2015,investimento_ind,331|N,2.895469727
2015,investimento_ind,331|S,0.9237370495
2015,investimento_ind,332|E,12.04566954
2015,investimento_ind,332|N,4.368897285
2015,investimento_ind,332|S,1.570154387
2015,investimento_ind,333|E,9.720792768
2015,investimento_ind,333|N,11.94368017
2015,investimento_ind,333|S,1.942167499
2015,investimento_ind,334|E,22.26423818
2015,investimento_ind,334|N,75.62273168
2015,investimento_ind,334|S,3.695036573
2015,investimento_ind,335|E,3.434013981
2015,investimento_ind,335|N,4.625289749
2015,investimento_ind,335|S,0.5989913733
2015,investimento_ind,3361MV|E,23.53671449
2015,investimento_ind,3361MV|N,20.90522097
2015,investimento_ind,3361MV|S,3.222917968
2015,investimento_ind,3364OT|E,6.317897356
2015,investimento_ind,3364OT|N,16.76409819
2015,investimento_ind,3364OT|S,1.832477908
2015,investimento_ind,337|E,1.440263364
2015,investimento_ind,337|N,0.8189318437
2015,investimento_ind,337|S,0.2276341463
2015,investimento_ind,339|E,7.534354313
2015,investimento_ind,339|N,7.828154657
2015,investimento_ind,339|S,0.9034749645
2015,investimento_ind,42|E,42.44997101
2015,investimento_ind,42|N,24.91051657
2015,investimento_ind,42|S,15.41645787
2015,investimento_ind,441|E,5.456035462
2015,investimento_ind,441|N,1.432410258
2015,investimento_ind,441|S,2.539880644
2015,investimento_ind,445|E,8.028497144
2015,investimento_ind,445|N,2.454568223
2015,investimento_ind,445|S,3.763033022
2015,investimento_ind,452|E,10.9841628
2015,investimento_ind,452|N,5.29633276
2015,investimento_ind,452|S,5.60513051
2015,investimento_ind,481|E,19.46931749
2015,investimento_ind,481|N,1.595646687
2015,investimento_ind,481|S,0.6664730748
2015,investimento_ind,482|E,10.2700435
2015,investimento_ind,482|N,1.392520532
2015,investimento_ind,482|S,10.65897139
2015,investimento_ind,483|E,5.781940403
2015,investimento_ind,483|N,2.053648702
2015,investimento_ind,483|S,0.2594860305
2015,investimento_ind,484|E,25.583112
2015,investimento_ind,484|N,0.9809992374
2015,investimento_ind,484|S,0.6842371857
2015,investimento_ind,485|E,4.660485775
2015,investimento_ind,485|N,0.2971458333
2015,investimento_ind,485|S,0.09847451846
2015,investimento_ind,486|E,7.415579462
2015,investimento_ind,486|N,0.7672504387
2015,investimento_ind,486|S,15.3198358
2015,investimento_ind,487OS|E,11.18780504
2015,investimento_ind,487OS|N,2.196995498
2015,investimento_ind,487OS|S,1.61210555
2015,investimento_ind,493|E,1.947210724
2015,investimento_ind,493|N,0.6460683997
2015,investimento_ind,493|S,1.291539581
2015,investimento_ind,4A0|E,35.3432622
2015,investimento_ind,4A0|N,12.67476449
2015,investimento_ind,4A0|S,13.61864414
2015,investimento_ind,511|E,7.829912427
2015,investimento_ind,511|N,55.09945153
2015,investimento_ind,511|S,2.377606411
2015,investimento_ind,512|E,2.10318251
2015,investimento_ind,512|N,33.21817005
2015,investimento_ind,512|S,1.191148011
2015,investimento_ind,513|E,115.656181
2015,investimento_ind,513|N,47.43293697
2015,investimento_ind,513|S,18.13353324
2015,investimento_ind,514|E,25.94480561
2015,investimento_ind,514|N,41.19084166
2015,investimento_ind,514|S,10.03816516
2015,investimento_ind,521CI|E,100.6913928
2015,investimento_ind,521CI|N,28.92120653
2015,investimento_ind,521CI|S,6.213559228
2015,investimento_ind,523|E,7.107061697
2015,investimento_ind,523|N,14.57617484
2015,investimento_ind,523|S,2.544553616
2015,investimento_ind,524|E,12.43951361
2015,investimento_ind,524|N,29.86700109
2015,investimento_ind,524|S,5.333743027
2015,investimento_ind,525|E,0.08885952381
2015,investimento_ind,525|N,0.5360213629
2015,investimento_ind,525|S,0.006314685315
2015,investimento_ind,532RL|E,89.00602623
2015,investimento_ind,532RL|N,3.484334767
2015,investimento_ind,532RL|S,1.302792242
2015,investimento_ind,5411|E,3.225762252
2015,investimento_ind,5411|N,2.29830836
2015,investimento_ind,5411|S,0.6442110818
2015,investimento_ind,5412OP|E,26.55112596
2015,investimento_ind,5412OP|N,59.64296646
2015,investimento_ind,5412OP|S,9.136498167
2015,investimento_ind,5415|E,7.109110588
2015,investimento_ind,5415|N,23.27379899
2015,investimento_ind,5415|S,0.7491547076
2015,investimento_ind,55|E,9.853801884
2015,investimento_ind,55|N,19.65975597
2015,investimento_ind,55|S,2.981189621
2015,investimento_ind,561|E,20.0615732
2015,investimento_ind,561|N,21.61414094
2015,investimento_ind,561|S,3.190071655
2015,investimento_ind,562|E,4.916899674
2015,investimento_ind,562|N,0.3312789007
2015,investimento_ind,562|S,1.186919929
2015,investimento_ind,61|E,10.47124104
2015,investimento_ind,61|N,11.20981541
2015,investimento_ind,61|S,15.54086883
2015,investimento_ind,621|E,32.53957138
2015,investimento_ind,621|N,5.481619188
2015,investimento_ind,621|S,6.500566071
2015,investimento_ind,622|E,52.06790471
2015,investimento_ind,622|N,10.62386055
2015,investimento_ind,622|S,22.43638949
2015,investimento_ind,623|E,3.403626329
2015,investimento_ind,623|N,1.019005619
2015,investimento_ind,623|S,3.361942105
2015,investimento_ind,624|E,2.213459392
2015,investimento_ind,624|N,0.7503193851
2015,investimento_ind,624|S,2.384236935
2015,investimento_ind,711AS|E,4.711096469
2015,investimento_ind,711AS|N,8.660982877
2015,investimento_ind,711AS|S,4.321142263
2015,investimento_ind,713|E,7.059858465
2015,investimento_ind,713|N,1.139253387
2015,investimento_ind,713|S,6.136041071
2015,investimento_ind,721|E,5.778667241
2015,investimento_ind,721|N,1.458596616
2015,investimento_ind,721|S,15.4791803
2015,investimento_ind,722|E,14.26851469
2015,investimento_ind,722|N,1.880387044
2015,investimento_ind,722|S,4.780571567
2015,investimento_ind,81|E,20.13411985
2015,investimento_ind,81|N,12.32149513
2015,investimento_ind,81|S,8.20631791
2015,investimento_ind,ORE|E,19.89842356
2015,investimento_ind,ORE|N,5.376568072
2015,investimento_ind,ORE|S,34.00167076
2015,investimento_ind,HS|R,562.3000943
2015,stock_ind,111CA|E,269.1349078
2015,stock_ind,111CA|N,0.08394761905
2015,stock_ind,111CA|S,265.4624657
2015,stock_ind,113FF|E,39.39516712
2015,stock_ind,113FF|N,0.1786440217
2015,stock_ind,113FF|S,18.89171726
2015,stock_ind,211|E,64.49743536
2015,stock_ind,211|N,11.02965494
2015,stock_ind,211|S,1580.509272
2015,stock_ind,212|E,48.3741223
2015,stock_ind,212|N,1.597986285
2015,stock_ind,212|S,130.1077426
2015,stock_ind,213|E,90.30714836
2015,stock_ind,213|N,2.477955831
2015,stock_ind,213|S,62.1462788
2015,stock_ind,22|E,585.9130242
2015,stock_ind,22|N,13.54081336
2015,stock_ind,22|S,1629.683132
2015,stock_ind,23|E,204.0267437
2015,stock_ind,23|N,8.280785712
2015,stock_ind,23|S,83.71616701
2015,stock_ind,311FT|E,166.0401514
2015,stock_ind,311FT|N,27.42266854
2015,stock_ind,311FT|S,130.1900072
2015,stock_ind,313TT|E,14.77366245
2015,stock_ind,313TT|N,2.76531627
2015,stock_ind,313TT|S,21.61813211
2015,stock_ind,315AL|E,4.396135579
2015,stock_ind,315AL|N,2.737350767
2015,stock_ind,315AL|S,10.11482388
2015,stock_ind,321|E,18.75052412
2015,stock_ind,321|N,0.7619295386
2015,stock_ind,321|S,20.88373126
2015,stock_ind,322|E,69.97576226
2015,stock_ind,322|N,8.625737717
2015,stock_ind,322|S,37.88244504
2015,stock_ind,323|E,23.84644518
2015,stock_ind,323|N,4.735449632
2015,stock_ind,323|S,17.45489649
2015,stock_ind,324|E,114.2534763
2015,stock_ind,324|N,40.17497241
2015,stock_ind,324|S,81.55233059
2015,stock_ind,325|E,182.4388728
2015,stock_ind,325|N,534.3561382
2015,stock_ind,325|S,151.5709989
2015,stock_ind,326|E,55.56105937
2015,stock_ind,326|N,13.58758902
2015,stock_ind,326|S,31.38554872
2015,stock_ind,327|E,41.33359439
2015,stock_ind,327|N,17.95669267
2015,stock_ind,327|S,32.82288024
2015,stock_ind,331|E,92.9602163
2015,stock_ind,331|N,13.67845433
2015,stock_ind,331|S,62.50131154
2015,stock_ind,332|E,108.6241161
2015,stock_ind,332|N,19.99182176
2015,stock_ind,332|S,55.68045483
2015,stock_ind,333|E,102.9130411
2015,stock_ind,333|N,55.92795248
2015,stock_ind,333|S,67.00977366
2015,stock_ind,334|E,147.0942655
2015,stock_ind,334|N,224.5579049
2015,stock_ind,334|S,148.0693336
2015,stock_ind,335|E,23.40692843
2015,stock_ind,335|N,21.55078478
2015,stock_ind,335|S,26.76371625
2015,stock_ind,3361MV|E,127.771027
2015,stock_ind,3361MV|N,50.92687943
2015,stock_ind,3361MV|S,58.85158794
2015,stock_ind,3364OT|E,43.97782171
2015,stock_ind,3364OT|N,61.02627226
2015,stock_ind,3364OT|S,54.56959572
2015,stock_ind,337|E,8.758884159
2015,stock_ind,337|N,2.755263634
2015,stock_ind,337|S,10.1971657
2015,stock_ind,339|E,37.94650795
2015,stock_ind,339|N,32.78752327
2015,stock_ind,339|S,31.85045282
2015,stock_ind,42|E,238.8839485
2015,stock_ind,42|N,59.80478096
2015,stock_ind,42|S,270.3879408
2015,stock_ind,441|E,28.3611659
2015,stock_ind,441|N,3.796027304
2015,stock_ind,441|S,155.5556161
2015,stock_ind,445|E,52.98316358
2015,stock_ind,445|N,5.58771955
2015,stock_ind,445|S,158.6577211
2015,stock_ind,452|E,48.04895185
2015,stock_ind,452|N,8.933803531
2015,stock_ind,452|S,162.5950621
2015,stock_ind,481|E,182.6504362
2015,stock_ind,481|N,3.011051228
2015,stock_ind,481|S,52.84922412
2015,stock_ind,482|E,53.9603874
2015,stock_ind,482|N,2.285764659
2015,stock_ind,482|S,343.8905144
2015,stock_ind,483|E,45.19091271
2015,stock_ind,483|N,2.407596254
2015,stock_ind,483|S,6.643021215
2015,stock_ind,484|E,110.6882297
2015,stock_ind,484|N,1.70569727
2015,stock_ind,484|S,22.63083242
2015,stock_ind,485|E,20.08977202
2015,stock_ind,485|N,0.5473320378
2015,stock_ind,485|S,24.13579679
2015,stock_ind,486|E,36.26717535
2015,stock_ind,486|N,1.622302453
2015,stock_ind,486|S,197.99691
2015,stock_ind,487OS|E,64.80301331
2015,stock_ind,487OS|N,3.24135875
2015,stock_ind,487OS|S,62.92862308
2015,stock_ind,493|E,10.56805218
2015,stock_ind,493|N,1.232170298
2015,stock_ind,493|S,34.52950866
2015,stock_ind,4A0|E,174.6603164
2015,stock_ind,4A0|N,27.27222754
2015,stock_ind,4A0|S,419.1121341
2015,stock_ind,511|E,31.17668944
2015,stock_ind,511|N,222.86003
2015,stock_ind,511|S,48.08201948
2015,stock_ind,512|E,11.33581051
2015,stock_ind,512|N,225.5595389
2015,stock_ind,512|S,32.41585366
2015,stock_ind,513|E,489.4875289
2015,stock_ind,513|N,176.4809266
2015,stock_ind,513|S,769.0843124
2015,stock_ind,514|E,67.76647634
2015,stock_ind,514|N,91.81866636
2015,stock_ind,514|S,42.01467318
2015,stock_ind,521CI|E,445.3909128
2015,stock_ind,521CI|N,48.9979024
2015,stock_ind,521CI|S,346.9850538
2015,stock_ind,523|E,34.6323843
2015,stock_ind,523|N,27.12095818
2015,stock_ind,523|S,98.37785469
2015,stock_ind,524|E,52.30015014
2015,stock_ind,524|N,55.6619064
2015,stock_ind,524|S,151.4515336
2015,stock_ind,525|E,0.833532781
2015,stock_ind,525|N,1.045887543
2015,stock_ind,525|S,35.47969097
2015,stock_ind,532RL|E,441.3420175
2015,stock_ind,532RL|N,4.637461698
2015,stock_ind,532RL|S,24.27362037
2015,stock_ind,5411|E,15.73967534
2015,stock_ind,5411|N,3.864638171
2015,stock_ind,5411|S,24.19416818
2015,stock_ind,5412OP|E,135.6823438
2015,stock_ind,5412OP|N,232.7596352
2015,stock_ind,5412OP|S,126.5693857
2015,stock_ind,5415|E,26.74165226
2015,stock_ind,5415|N,44.18297846
2015,stock_ind,5415|S,26.2149328
2015,stock_ind,55|E,51.29025327
2015,stock_ind,55|N,48.6525824
2015,stock_ind,55|S,265.6030072
2015,stock_ind,561|E,90.33088984
2015,stock_ind,561|N,42.58943157
2015,stock_ind,561|S,60.34648852
2015,stock_ind,562|E,28.48199606
2015,stock_ind,562|N,0.9605707596
2015,stock_ind,562|S,67.74569218
2015,stock_ind,61|E,50.61910197
2015,stock_ind,61|N,32.07281883
2015,stock_ind,61|S,452.4761549
2015,stock_ind,621|E,154.1444506
2015,stock_ind,621|N,14.62743755
2015,stock_ind,621|S,189.6688535
2015,stock_ind,622|E,236.3092026
2015,stock_ind,622|N,25.04845738
2015,stock_ind,622|S,646.3340307
2015,stock_ind,623|E,20.02176443
2015,stock_ind,623|N,2.870984334
2015,stock_ind,623|S,69.30001653
2015,stock_ind,624|E,11.65489227
2015,stock_ind,624|N,1.454570337
2015,stock_ind,624|S,48.8653695
2015,stock_ind,711AS|E,23.73686529
2015,stock_ind,711AS|N,47.55688718
2015,stock_ind,711AS|S,90.15876109
2015,stock_ind,713|E,34.9680011
2015,stock_ind,713|N,2.096976992
2015,stock_ind,713|S,130.5889939
2015,stock_ind,721|E,35.68300086
2015,stock_ind,721|N,3.308566244
2015,stock_ind,721|S,311.8476596
2015,stock_ind,722|E,84.46797111
2015,stock_ind,722|N,3.452897568
2015,stock_ind,722|S,152.0859377
2015,stock_ind,81|E,97.47968777
2015,stock_ind,81|N,35.60539282
2015,stock_ind,81|S,452.7639513
2015,stock_ind,ORE|E,84.51553233
2015,stock_ind,ORE|N,7.922376096
2015,stock_ind,ORE|S,1070.921025
2015,stock_ind,HS|R,16773.35508
2015,scorte,2,223.5199965
2015,scorte,3,118.5776266
2015,scorte,5,463.1502768
2015,scorte,6,349.8344013
2015,scorte,8,403.141465
2015,scorte,9,347.4211618
2015,scorte,11,202.2929101
2015,scorte,12,52.17294301
2015,scorte,13,92.20934444
2015,scorte,14,264.922468
2015,scorte,15,189.345268
2015,aggregati,produzione_tot,31442.76287
2015,aggregati,consumo_tot,11875.06634
2015,aggregati,investimento_tot,3012.224104
2015,aggregati,importazioni_tot,2449.018461
2015,aggregati,scorte_tot,2706.587862
2016,produzione,111CA,461.5977536
2016,produzione,113FF,48.12054667
2016,produzione,211,363.1658128
2016,produzione,212,107.0434337
2016,produzione,213,71.53234164
2016,produzione,22,460.0327092
2016,produzione,23,1377.64628
2016,produzione,321,92.85185132
2016,produzione,327,111.8139082
2016,produzione,331,249.8897303
2016,produzione,332,340.2000873
2016,produzione,333,340.6332211
2016,produzione,334,365.1531145
2016,produzione,335,124.9476687
2016,produzione,3361MV,607.1532051
2016,produzione,3364OT,288.3043838
2016,produzione,337,72.17826789
2016,produzione,339,153.12297
2016,produzione,311FT,966.2365365
2016,produzione,313TT,51.00643607
2016,produzione,315AL,17.73403157
2016,produzione,322,174.597221
2016,produzione,323,84.21199313
2016,produzione,324,854.8533907
2016,produzione,325,802.0148884
2016,produzione,326,229.3779193
2016,produzione,42,1842.878735
2016,produzione,441,355.9027205
2016,produzione,445,210.1535874
2016,produzione,452,226.5747737
2016,produzione,4A0,907.8122411
2016,produzione,481,228.822564
2016,produzione,482,75.60502952
2016,produzione,483,50.07962994
2016,produzione,484,334.3699988
2016,produzione,485,63.4733522
2016,produzione,486,40.38676408
2016,produzione,487OS,214.9900956
2016,produzione,493,117.0890189
2016,produzione,511,363.3677901
2016,produzione,512,146.9240731
2016,produzione,513,882.6035539
2016,produzione,514,321.0355843
2016,produzione,521CI,803.9760459
2016,produzione,523,441.6527574
2016,produzione,524,927.9252361
2016,produzione,525,135.0549824
2016,produzione,HS,1748.037831
2016,produzione,ORE,1129.464425
2016,produzione,532RL,337.8197812
2016,produzione,5411,296.4068177
2016,produzione,5415,452.6479139
2016,produzione,5412OP,1249.919785
2016,produzione,55,535.9275138
2016,produzione,561,819.5221816
2016,produzione,562,98.08074578
2016,produzione,61,322.9982993
2016,produzione,621,987.2936635
2016,produzione,622,771.4130264
2016,produzione,623,223.7906487
2016,produzione,624,192.454026
2016,produzione,711AS,166.2427471
2016,produzione,713,133.9401647
2016,produzione,721,246.4954318
2016,produzione,722,701.2796302
2016,produzione,81,630.9903739
2016,produzione,GFGD,594.8714443
2016,produzione,GFGN,377.678832
2016,produzione,GFE,94.17157242
2016,produzione,GSLG,2075.765401
2016,produzione,GSLE,322.4295374
2016,consumo,111CA,86.34497678
2016,importazioni,111CA,47.41542183
2016,consumo,113FF,6.002442649
2016,importazioni,113FF,15.26174006
2016,consumo,211,0
2016,importazioni,211,217.8380546
2016,consumo,212,0.4167791166
2016,importazioni,212,5.159113246
2016,consumo,213,0
2016,importazioni,213,0.6824333044
2016,consumo,22,253.3411666
2016,importazioni,22,2.327024109
2016,consumo,23,0
2016,importazioni,23,-0
2016,consumo,321,4.920949462
2016,importazioni,321,17.71039027
2016,consumo,327,10.70540429
2016,importazioni,327,21.43754091
2016,consumo,331,0.8499577429
2016,importazioni,331,74.8365811
2016,consumo,332,18.6059576
2016,importazioni,332,62.203009
2016,consumo,333,7.273028796
2016,importazioni,333,135.9273838
2016,consumo,334,76.79345752
2016,importazioni,334,330.8699072
2016,consumo,335,41.86102151
2016,importazioni,335,91.67299153
2016,consumo,3361MV,182.7089109
2016,importazioni,3361MV,311.6120481
2016,consumo,3364OT,19.34932713
2016,importazioni,3364OT,47.16237268
2016,consumo,337,42.22037589
2016,importazioni,337,37.84746625
2016,consumo,339,84.27551923
2016,importazioni,339,89.92233182
2016,consumo,311FT,580.1777739
2016,importazioni,311FT,89.70003734
2016,consumo,313TT,21.39292294
2016,importazioni,313TT,30.6942797
2016,consumo,315AL,137.1297431
2016,importazioni,315AL,135.8976785
2016,consumo,322,21.12845371
2016,importazioni,322,21.70004567
2016,consumo,323,4.382694932
2016,importazioni,323,2.401031657
2016,consumo,324,297.8248428
2016,importazioni,324,97.22044451
2016,consumo,325,273.8311708
2016,importazioni,325,248.5764911
2016,consumo,326,34.67696807
2016,importazioni,326,47.72077124
2016,consumo,42,515.2420797
2016,importazioni,42,0
2016,consumo,441,253.7063053
2016,importazioni,441,-0
2016,consumo,445,194.5384105
2016,importazioni,445,-0
2016,consumo,452,212.7683289
2016,importazioni,452,-0
2016,consumo,4A0,750.0215448
2016,importazioni,4A0,-0
2016,consumo,481,126.7672126
2016,importazioni,481,38.23390714
2016,consumo,482,7.612566296
2016,importazioni,482,0
2016,consumo,483,21.07374476
2016,importazioni,483,0
2016,consumo,484,76.39840468
2016,importazioni,484,0
2016,consumo,485,40.24549081
2016,importazioni,485,-0
2016,consumo,486,2.676885288
2016,importazioni,486,-0
2016,consumo,487OS,17.34203959
2016,importazioni,487OS,0
2016,consumo,493,0.2289192182
2016,importazioni,493,-0
2016,consumo,511,86.14513824
2016,importazioni,511,4.297842199
2016,consumo,512,25.15788555
2016,importazioni,512,8.350335322
2016,consumo,513,358.2429362
2016,importazioni,513,0.1752953885
2016,consumo,514,39.42959448
2016,importazioni,514,1.172796331
2016,consumo,521CI,202.4632437
2016,importazioni,521CI,5.076907377
2016,consumo,523,184.725399
2016,importazioni,523,0.05069964384
2016,consumo,524,339.3860709
2016,importazioni,524,49.53583768
2016,consumo,525,141.4780316
2016,importazioni,525,-0
2016,consumo,HS,1741.016282
2016,importazioni,HS,-0
2016,consumo,ORE,5.388652247
2016,importazioni,ORE,-0
2016,consumo,532RL,92.44761542
2016,importazioni,532RL,-0
2016,consumo,5411,86.26123481
2016,importazioni,5411,2.867649589
2016,consumo,5415,0
2016,importazioni,5415,32.58809511
2016,consumo,5412OP,66.21996592
2016,importazioni,5412OP,83.22809758
2016,consumo,55,0
2016,importazioni,55,-0
2016,consumo,561,56.19432748
2016,importazioni,561,1.62506256
2016,consumo,562,23.71214843
2016,importazioni,562,0.1953684546
2016,consumo,61,320.7789135
2016,importazioni,61,1.345638643
2016,consumo,621,979.8160346
2016,importazioni,621,0.1245153349
2016,consumo,622,943.2545291
2016,importazioni,622,3.748064809
2016,consumo,623,221.7830608
2016,importazioni,623,0.03456267189
2016,consumo,624,194.2439146
2016,importazioni,624,-0
2016,consumo,711AS,71.97719934
2016,importazioni,711AS,1.383289606
2016,consumo,713,184.1443976
2016,importazioni,713,0.0009284887969
2016,consumo,721,141.6912647
2016,importazioni,721,-0
2016,consumo,722,631.3996873
2016,importazioni,722,-0
2016,consumo,81,555.8241094
2016,importazioni,81,3.975935296
2016,consumo,GFGD,0
2016,importazioni,GFGD,-0
2016,consumo,GFGN,0
2016,importazioni,GFGN,-0
2016,consumo,GFE,7.346452971
2016,importazioni,GFE,0.2872109621
2016,consumo,GSLG,0
2016,importazioni,GSLG,-0
2016,consumo,GSLE,64.41562027
2016,importazioni,GSLE,-0
2016,investimento_tipo,E,1160.145574
2016,stock_tipo,E,6754.034715
2016,investimento_tipo,S,494.6129633
2016,stock_tipo,S,12574.478
2016,investimento_tipo,N,845.5307864
2016,stock_tipo,N,2838.099865
2016,investimento_tipo,R,602.4324513
2016,stock_tipo,R,16989.36543
2016,investimento_ind,111CA|E,30.89884307
2016,investimento_ind,111CA|N,0.05553846154
2016,investimento_ind,111CA|S,8.180099923
2016,investimento_ind,113FF|E,7.974332108
2016,investimento_ind,113FF|N,0.2259302326
2016,investimento_ind,113FF|S,0.6371148043
2016,investimento_ind,211|E,2.684279926
2016,investimento_ind,211|N,3.083763914
2016,investimento_ind,211|S,61.88072014
2016,investimento_ind,212|E,4.167336635
2016,investimento_ind,212|N,0.4714616659
2016,investimento_ind,212|S,5.530618792
2016,investimento_ind,213|E,4.350713261
2016,investimento_ind,213|N,0.555176511
2016,investimento_ind,213|S,4.787115298
2016,investimento_ind,22|E,66.22380583
2016,investimento_ind,22|N,9.474898817
2016,investimento_ind,22|S,87.85760237
2016,investimento_ind,23|E,41.15602439
2016,investimento_ind,23|N,3.573340727
2016,investimento_ind,23|S,2.245253397
2016,investimento_ind,311FT|E,23.12859082
2016,investimento_ind,311FT|N,7.995754511
2016,investimento_ind,311FT|S,6.236378936
2016,investimento_ind,313TT|E,1.303258313
2016,investimento_ind,313TT|N,0.6894818182
2016,investimento_ind,313TT|S,0.1863303965
2016,investimento_ind,315AL|E,0.4047657572
2016,investimento_ind,315AL|N,0.6838808824
2016,investimento_ind,315AL|S,0.04391269841
2016,investimento_ind,321|E,3.706134919
2016,investimento_ind,321|N,0.3426298137
2016,investimento_ind,321|S,0.6978723898
2016,investimento_ind,322|E,8.504469487
2016,investimento_ind,322|N,2.487411091
2016,investimento_ind,322|S,0.9025206297
2016,investimento_ind,323|E,2.618690352
2016,investimento_ind,323|N,1.577339437
2016,investimento_ind,323|S,0.2682380952
2016,investimento_ind,324|E,13.0131949
2016,investimento_ind,324|N,9.402288289
2016,investimento_ind,324|S,5.063921395
2016,investimento_ind,325|E,34.30536717
2016,investimento_ind,325|N,87.72863696
2016,investimento_ind,325|S,6.978330742
2016,investimento_ind,326|E,10.33591157
2016,investimento_ind,326|N,3.552799413
2016,investimento_ind,326|S,1.944422754
2016,investimento_ind,327|E,6.353140054
2016,investimento_ind,327|N,3.922731759
2016,investimento_ind,327|S,1.405072539
2016,investimento_ind,331|E,7.304783974
2016,investimento_ind,331|N,3.157370928
2016,investimento_ind,331|S,1.049262805
2016,investimento_ind,332|E,12.5512996
2016,investimento_ind,332|N,4.676898189
2016,investimento_ind,332|S,1.968154367
2016,investimento_ind,333|E,8.88537183
2016,investimento_ind,333|N,12.50191243
2016,investimento_ind,333|S,1.744986271
2016,investimento_ind,334|E,16.91889878
2016,investimento_ind,334|N,79.06178562
2016,investimento_ind,334|S,2.411056784
2016,investimento_ind,335|E,2.599750096
2016,investimento_ind,335|N,4.717392519
2016,investimento_ind,335|S,0.5387846698
2016,investimento_ind,3361MV|E,18.37109495
2016,investimento_ind,3361MV|N,23.74888332
2016,investimento_ind,3361MV|S,2.459512619
2016,investimento_ind,3364OT|E,6.001924274
2016,investimento_ind,3364OT|N,18.94903112
2016,investimento_ind,3364OT|S,1.985048852
2016,investimento_ind,337|E,1.537108093
2016,investimento_ind,337|N,0.9001915011
2016,investimento_ind,337|S,0.2532682927
2016,investimento_ind,339|E,7.776058858
2016,investimento_ind,339|N,8.339686969
2016,investimento_ind,339|S,0.9191507309
2016,investimento_ind,42|E,43.93207084
2016,investimento_ind,42|N,28.6686642
2016,investimento_ind,42|S,17.16918441
2016,investimento_ind,441|E,6.050963915
2016,investimento_ind,441|N,1.706094733
2016,investimento_ind,441|S,3.290028825
2016,investimento_ind,445|E,7.967309861
2016,investimento_ind,445|N,2.95364286
2016,investimento_ind,445|S,4.940139965
2016,investimento_ind,452|E,9.768437766
2016,investimento_ind,452|N,5.21403219
2016,investimento_ind,452|S,5.824682779
2016,investimento_ind,481|E,18.48707976
2016,investimento_ind,481|N,1.737421163
2016,investimento_ind,481|S,1.653066269
2016,investimento_ind,482|E,8.000403263
2016,investimento_ind,482|N,1.231223593
2016,investimento_ind,482|S,8.737784865
2016,investimento_ind,483|E,4.830886463
2016,investimento_ind,483|N,2.639363802
2016,investimento_ind,483|S,0.1320423383
2016,investimento_ind,484|E,22.27374247
2016,investimento_ind,484|N,1.221261437
2016,investimento_ind,484|S,1.36581528
2016,investimento_ind,485|E,4.604657506
2016,investimento_ind,485|N,0.2790104167
2016,investimento_ind,485|S,0.7198344703
2016,investimento_ind,486|E,10.66788752
2016,investimento_ind,486|N,0.9439807131
2016,investimento_ind,486|S,12.03322018
2016,investimento_ind,487OS|E,7.487872252
2016,investimento_ind,487OS|N,1.737924774
2016,investimento_ind,487OS|S,1.420461038
2016,investimento_ind,493|E,2.285203676
2016,investimento_ind,493|N,0.8788412698
2016,investimento_ind,493|S,1.523948636
2016,investimento_ind,4A0|E,36.55786303
2016,investimento_ind,4A0|N,14.04887771
2016,investimento_ind,4A0|S,17.75287489
2016,investimento_ind,511|E,7.994445543
2016,investimento_ind,511|N,56.72465602
2016,investimento_ind,511|S,2.297744866
2016,investimento_ind,512|E,2.212922237
2016,investimento_ind,512|N,33.42617098
2016,investimento_ind,512|S,0.8919508574
2016,investimento_ind,513|E,135.3432689
2016,investimento_ind,513|N,52.96626251
2016,investimento_ind,513|S,18.59504685
2016,investimento_ind,514|E,34.013575
2016,investimento_ind,514|N,55.12121029
2016,investimento_ind,514|S,11.4003199
2016,investimento_ind,521CI|E,99.98556902
2016,investimento_ind,521CI|N,34.80041535
2016,investimento_ind,521CI|S,8.534990415
2016,investimento_ind,523|E,7.379876559
2016,investimento_ind,523|N,17.43798055
2016,investimento_ind,523|S,3.44742233
2016,investimento_ind,524|E,13.32228611
2016,investimento_ind,524|N,33.06779509
2016,investimento_ind,524|S,3.852087916
2016,investimento_ind,525|E,0.1225770924
2016,investimento_ind,525|N,0.8535101542
2016,investimento_ind,525|S,0.03608391608
2016,investimento_ind,532RL|E,81.13307545
2016,investimento_ind,532RL|N,4.38706435
2016,investimento_ind,532RL|S,1.212395848
2016,investimento_ind,5411|E,2.955557071
2016,investimento_ind,5411|N,2.215799284
2016,investimento_ind,5411|S,0.8349551451
2016,investimento_ind,5412OP|E,26.28758933
2016,investimento_ind,5412OP|N,61.49669541
2016,investimento_ind,5412OP|S,9.309156542
2016,investimento_ind,5415|E,6.401887433
2016,investimento_ind,5415|N,26.14935093
2016,investimento_ind,5415|S,1.508664386
2016,investimento_ind,55|E,10.83032147
2016,investimento_ind,55|N,20.913785
2016,investimento_ind,55|S,4.605378815
2016,investimento_ind,561|E,21.2700835
2016,investimento_ind,561|N,24.37403556
2016,investimento_ind,561|S,4.403182239
2016,investimento_ind,562|E,5.582410146
2016,investimento_ind,562|N,0.381642163
2016,investimento_ind,562|S,1.47837732
2016,investimento_ind,61|E,9.114320225
2016,investimento_ind,61|N,10.52006706
2016,investimento_ind,61|S,17.20290351
2016,investimento_ind,621|E,32.48995498
2016,investimento_ind,621|N,6.052490536
2016,investimento_ind,621|S,6.373402598
2016,investimento_ind,622|E,55.62204132
2016,investimento_ind,622|N,11.91488494
2016,investimento_ind,622|S,23.53428905
2016,investimento_ind,623|E,3.632650111
2016,investimento_ind,623|N,1.204445064
2016,investimento_ind,623|S,3.370584348
2016,investimento_ind,624|E,2.124783989
2016,investimento_ind,624|N,0.7946327542
2016,investimento_ind,624|S,2.142008516
2016,investimento_ind,711AS|E,5.772964729
2016,investimento_ind,711AS|N,9.417873878
2016,investimento_ind,711AS|S,4.920379204
2016,investimento_ind,713|E,8.693802338
2016,investimento_ind,713|N,1.59970389
2016,investimento_ind,713|S,10.74855342
2016,investimento_ind,721|E,5.126800206
2016,investimento_ind,721|N,1.461253646
2016,investimento_ind,721|S,14.46784754
2016,investimento_ind,722|E,12.79158426
2016,investimento_ind,722|N,2.086669914
2016,investimento_ind,722|S,5.751876042
2016,investimento_ind,81|E,20.30446794
2016,investimento_ind,81|N,13.80229367
2016,investimento_ind,81|S,10.56294585
2016,investimento_ind,ORE|E,23.64723209
2016,investimento_ind,ORE|N,7.223541668
2016,investimento_ind,ORE|S,38.3925812
2016,investimento_ind,HS|R,602.4324513
2016,stock_ind,111CA|E,262.159769
2016,stock_ind,111CA|N,0.08174285714
2016,stock_ind,111CA|S,267.1291136
2016,stock_ind,113FF|E,42.07036096
2016,stock_ind,113FF|N,0.2695339674
2016,stock_ind,113FF|S,19.04921142
2016,stock_ind,211|E,58.50304233
2016,stock_ind,211|N,11.62772
2016,stock_ind,211|S,1529.150027
2016,stock_ind,212|E,45.33693242
2016,stock_ind,212|N,1.697824193
2016,stock_ind,212|S,130.369152
2016,stock_ind,213|E,82.61991402
2016,stock_ind,213|N,2.201954262
2016,stock_ind,213|S,63.42449525
2016,stock_ind,22|E,608.3359483
2016,stock_ind,22|N,15.683375
2016,stock_ind,22|S,1680.15783
2016,stock_ind,23|E,209.8528549
2016,stock_ind,23|N,8.697374321
2016,stock_ind,23|S,83.77379715
2016,stock_ind,311FT|E,172.0698358
2016,stock_ind,311FT|N,28.93592729
2016,stock_ind,311FT|S,132.3570956
2016,stock_ind,313TT|E,14.41578081
2016,stock_ind,313TT|N,2.846233492
2016,stock_ind,313TT|S,21.14487207
2016,stock_ind,315AL|E,4.249898313
2016,stock_ind,315AL|N,2.835439695
2016,stock_ind,315AL|S,9.865988385
2016,stock_ind,321|E,19.55647349
2016,stock_ind,321|N,0.8370127035
2016,stock_ind,321|S,20.93149356
2016,stock_ind,322|E,70.58915809
2016,stock_ind,322|N,9.078528769
2016,stock_ind,322|S,37.59983918
2016,stock_ind,323|E,23.36973412
2016,stock_ind,323|N,4.939331332
2016,stock_ind,323|S,17.18082488
2016,stock_ind,324|E,116.291365
2016,stock_ind,324|N,41.2960761
2016,stock_ind,324|S,84.08503591
2016,stock_ind,325|E,193.8099472
2016,stock_ind,325|N,556.3822276
2016,stock_ind,325|S,153.8620997
2016,stock_ind,326|E,58.37654203
2016,stock_ind,326|N,14.14401673
2016,stock_ind,326|S,32.34095343
2016,stock_ind,327|E,42.86480021
2016,stock_ind,327|N,18.53135318
2016,stock_ind,327|S,33.19292757
2016,stock_ind,331|E,93.14262117
2016,stock_ind,331|N,14.13680751
2016,stock_ind,331|S,61.62232105
2016,stock_ind,332|E,111.001774
2016,stock_ind,332|N,20.57132557
2016,stock_ind,332|S,55.92095944
2016,stock_ind,333|E,102.2956666
2016,stock_ind,333|N,57.20290834
2016,stock_ind,333|S,66.72586082
2016,stock_ind,334|E,143.8877295
2016,stock_ind,334|N,228.8279262
2016,stock_ind,334|S,145.9806458
2016,stock_ind,335|E,23.17021053
2016,stock_ind,335|N,22.04753923
2016,stock_ind,335|S,26.52220533
2016,stock_ind,3361MV|E,127.8627942
2016,stock_ind,3361MV|N,54.72836841
2016,stock_ind,3361MV|S,59.46698957
2016,stock_ind,3364OT|E,44.46967364
2016,stock_ind,3364OT|N,63.8346089
2016,stock_ind,3364OT|S,54.85387351
2016,stock_ind,337|E,9.023785162
2016,stock_ind,337|N,2.917803178
2016,stock_ind,337|S,10.13380132
2016,stock_ind,339|E,39.91048714
2016,stock_ind,339|N,33.99753502
2016,stock_ind,339|S,31.81417067
2016,stock_ind,42|E,243.5468128
2016,stock_ind,42|N,64.66843918
2016,stock_ind,42|S,280.6574168
2016,stock_ind,441|E,29.4690136
2016,stock_ind,441|N,4.260082329
2016,stock_ind,441|S,154.8610606
2016,stock_ind,445|E,53.20587386
2016,stock_ind,445|N,6.512003437
2016,stock_ind,445|S,159.4653386
2016,stock_ind,452|E,50.21632177
2016,stock_ind,452|N,9.686054202
2016,stock_ind,452|S,164.2492413
2016,stock_ind,481|E,186.8960204
2016,stock_ind,481|N,3.293434192
2016,stock_ind,481|S,53.26431885
2016,stock_ind,482|E,57.9233657
2016,stock_ind,482|N,2.415044036
2016,stock_ind,482|S,345.0958503
2016,stock_ind,483|E,46.75720961
2016,stock_ind,483|N,3.424812998
2016,stock_ind,483|S,6.609857261
2016,stock_ind,484|E,112.8162668
2016,stock_ind,484|N,2.026005371
2016,stock_ind,484|S,23.35671056
2016,stock_ind,485|E,21.5423873
2016,stock_ind,485|N,0.5446371849
2016,stock_ind,485|S,24.2854632
2016,stock_ind,486|E,41.20615292
2016,stock_ind,486|N,1.740292688
2016,stock_ind,486|S,204.7560635
2016,stock_ind,487OS|E,64.37079555
2016,stock_ind,487OS|N,3.333394651
2016,stock_ind,487OS|S,63.01622086
2016,stock_ind,493|E,11.23389471
2016,stock_ind,493|N,1.46436315
2016,stock_ind,493|S,35.25501739
2016,stock_ind,4A0|E,183.0032161
2016,stock_ind,4A0|N,29.82111003
2016,stock_ind,4A0|S,425.9796741
2016,stock_ind,511|E,32.07778712
2016,stock_ind,511|N,226.3135359
2016,stock_ind,511|S,49.0458367
2016,stock_ind,512|E,11.78144973
2016,stock_ind,512|N,229.5588243
2016,stock_ind,512|S,32.38878855
2016,stock_ind,513|E,558.2973946
2016,stock_ind,513|N,187.8070586
2016,stock_ind,513|S,768.668384
2016,stock_ind,514|E,83.47999092
2016,stock_ind,514|N,110.6607955
2016,stock_ind,514|S,52.25869674
2016,stock_ind,521CI|E,468.4893464
2016,stock_ind,521CI|N,57.57120649
2016,stock_ind,521CI|S,346.7086076
2016,stock_ind,523|E,35.67490145
2016,stock_ind,523|N,30.88099662
2016,stock_ind,523|S,99.29072653
2016,stock_ind,524|E,55.6194176
2016,stock_ind,524|N,60.82036851
2016,stock_ind,524|S,151.3801354
2016,stock_ind,525|E,0.815464359
2016,stock_ind,525|N,1.367596526
2016,stock_ind,525|S,34.63399589
2016,stock_ind,532RL|E,457.3446954
2016,stock_ind,532RL|N,6.17452738
2016,stock_ind,532RL|S,24.83435935
2016,stock_ind,5411|E,15.59555305
2016,stock_ind,5411|N,3.972161857
2016,stock_ind,5411|S,24.4204019
2016,stock_ind,5412OP|E,138.4077289
2016,stock_ind,5412OP|N,238.0055455
2016,stock_ind,5412OP|S,132.4104152
2016,stock_ind,5415|E,25.90030895
2016,stock_ind,5415|N,48.76320016
2016,stock_ind,5415|S,27.05092441
2016,stock_ind,55|E,53.52382339
2016,stock_ind,55|N,48.31340381
2016,stock_ind,55|S,263.4179507
2016,stock_ind,561|E,94.56702124
2016,stock_ind,561|N,46.13079402
2016,stock_ind,561|S,63.24069323
2016,stock_ind,562|E,29.61895134
2016,stock_ind,562|N,1.016452128
2016,stock_ind,562|S,67.62665257
2016,stock_ind,61|E,50.98506437
2016,stock_ind,61|N,33.32262084
2016,stock_ind,61|S,460.8060154
2016,stock_ind,621|E,159.2716413
2016,stock_ind,621|N,15.85179306
2016,stock_ind,621|S,191.6469439
2016,stock_ind,622|E,250.2462676
2016,stock_ind,622|N,27.37989033
2016,stock_ind,622|S,657.4540919
2016,stock_ind,623|E,20.55949609
2016,stock_ind,623|N,3.237800632
2016,stock_ind,623|S,71.19679203
2016,stock_ind,624|E,11.74788408
2016,stock_ind,624|N,1.564926117
2016,stock_ind,624|S,49.83058652
2016,stock_ind,711AS|E,25.69288044
2016,stock_ind,711AS|N,48.25223028
2016,stock_ind,711AS|S,92.74881063
2016,stock_ind,713|E,37.87426318
2016,stock_ind,713|N,2.68240112
2016,stock_ind,713|S,137.557874
2016,stock_ind,721|E,35.52459171
2016,stock_ind,721|N,3.545719639
2016,stock_ind,721|S,317.6020585
2016,stock_ind,722|E,84.31343706
2016,stock_ind,722|N,3.949122304
2016,stock_ind,722|S,153.8794005
2016,stock_ind,81|E,101.8040502
2016,stock_ind,81|N,39.39009626
2016,stock_ind,81|S,453.6268801
2016,stock_ind,ORE|E,93.39687407
2016,stock_ind,ORE|N,10.02662952
2016,stock_ind,ORE|S,1081.244164
2016,stock_ind,HS|R,16989.36543
2016,scorte,2,217.3591616
2016,scorte,3,127.471616
2016,scorte,5,450.1499159
2016,scorte,6,363.4609477
2016,scorte,8,406.9485745
2016,scorte,9,357.7431587
2016,scorte,11,221.7707649
2016,scorte,12,53.80719598
2016,scorte,13,91.38077843
2016,scorte,14,271.3014191
2016,scorte,15,180.5162954
2016,aggregati,produzione_tot,32015.74003
2016,aggregati,consumo_tot,12189.77949
2016,aggregati,investimento_tot,3102.721775
2016,aggregati,importazioni_tot,2422.09463
2016,aggregati,scorte_tot,2741.909828
2017,produzione,111CA,468.605261
2017,produzione,113FF,49.35784226
2017,produzione,211,378.5966757
2017,produzione,212,107.9299546
2017,produzione,213,102.5057754
2017,produzione,22,445.1009286
2017,produzione,23,1393.590366
2017,produzione,321,94.44533985
2017,produzione,327,110.9802715
2017,produzione,331,246.6774213
2017,produzione,332,337.773168
2017,produzione,333,356.126262
2017,produzione,334,373.3143291
2017,produzione,335,124.1974977
2017,produzione,3361MV,573.0446681
2017,produzione,3364OT,317.1913079
2017,produzione,337,71.39409746
2017,produzione,339,152.3944747
2017,produzione,311FT,954.8659973
2017,produzione,313TT,48.79486943
2017,produzione,315AL,14.93210851
2017,produzione,322,173.7451221
2017,produzione,323,81.38807611
2017,produzione,324,877.5160106
2017,produzione,325,781.7902814
2017,produzione,326,231.2349998
2017,produzione,42,1925.557155
2017,produzione,441,385.6905801
2017,produzione,445,218.3251036
2017,produzione,452,231.3989901
2017,produzione,4A0,941.9912672
2017,produzione,481,241.0071669
2017,produzione,482,76.92991494
2017,produzione,483,51.87543075
2017,produzione,484,355.3375593
2017,produzione,485,71.91747477
2017,produzione,486,41.98322746
2017,produzione,487OS,219.3971811
2017,produzione,493,119.4016998
2017,produzione,511,393.4492834
2017,produzione,512,147.5643009
2017,produzione,513,891.1607686
2017,produzione,514,360.8245045
2017,produzione,521CI,818.8706764
2017,produzione,523,437.3089464
2017,produzione,524,986.0390429
2017,produzione,525,132.2171322
2017,produzione,HS,1754.65195
2017,produzione,ORE,1142.174696
2017,produzione,532RL,340.5400107
2017,produzione,5411,303.3613349
2017,produzione,5415,503.8468692
2017,produzione,5412OP,1294.016724
2017,produzione,55,562.9462822
2017,produzione,561,865.855222
2017,produzione,562,104.9026264
2017,produzione,61,322.6561404
2017,produzione,621,1032.068718
2017,produzione,622,781.4360766
2017,produzione,623,221.9826495
2017,produzione,624,201.3095632
2017,produzione,711AS,177.1729629
2017,produzione,713,140.1080356
2017,produzione,721,253.5507922
2017,produzione,722,721.0081236
2017,produzione,81,642.831248
2017,produzione,GFGD,596.2852135
2017,produzione,GFGN,373.1495007
2017,produzione,GFE,90.20300989
2017,produzione,GSLG,2091.173523
2017,produzione,GSLE,324.7200486
2017,consumo,111CA,89.73254178
2017,importazioni,111CA,48.94826328
2017,consumo,113FF,6.07988864
2017,importazioni,113FF,16.57630016
2017,consumo,211,0
2017,importazioni,211,221.4353116
2017,consumo,212,0.18847139
2017,importazioni,212,5.57352388
2017,consumo,213,0
2017,importazioni,213,1.00790352
2017,consumo,22,249.3964299
2017,importazioni,22,2.28426484
2017,consumo,23,0
2017,importazioni,23,-0
2017,consumo,321,2.73208418
2017,importazioni,321,18.49176798
2017,consumo,327,10.0549085
2017,importazioni,327,22.4110614
2017,consumo,331,0.82705612
2017,importazioni,331,88.4994276
2017,consumo,332,16.22890626
2017,importazioni,332,63.73571358
2017,consumo,333,8.34709729
2017,importazioni,333,149.5638405
2017,consumo,334,78.60692008
2017,importazioni,334,355.1680434
2017,consumo,335,40.35977408
2017,importazioni,335,100.796221
2017,consumo,3361MV,182.6730858
2017,importazioni,3361MV,312.9373846
2017,consumo,3364OT,20.81532288
2017,importazioni,3364OT,46.53392832
2017,consumo,337,43.88297811
2017,importazioni,337,40.76031756
2017,consumo,339,82.70152287
2017,importazioni,339,91.33039377
2017,consumo,311FT,585.9980404
2017,importazioni,311FT,92.79702897
2017,consumo,313TT,20.6649264
2017,importazioni,313TT,31.3469104
2017,consumo,315AL,135.9855219
2017,importazioni,315AL,134.5256025
2017,consumo,322,21.25087346
2017,importazioni,322,21.13373971
2017,consumo,323,2.74293384
2017,importazioni,323,2.545192
2017,consumo,324,297.1819927
2017,importazioni,324,88.90632954
2017,consumo,325,254.9677234
2017,importazioni,325,238.4364786
2017,consumo,326,34.0703316
2017,importazioni,326,50.24717028
2017,consumo,42,531.1099394
2017,importazioni,42,0
2017,consumo,441,284.5012471
2017,importazioni,441,-0
2017,consumo,445,204.1310218
2017,importazioni,445,-0
2017,consumo,452,218.4665347
2017,importazioni,452,-0
2017,consumo,4A0,784.4047573
2017,importazioni,4A0,-0
2017,consumo,481,133.8250687
2017,importazioni,481,46.42547766
2017,consumo,482,7.55849181
2017,importazioni,482,0
2017,consumo,483,21.98452296
2017,importazioni,483,0
2017,consumo,484,82.91387504
2017,importazioni,484,0
2017,consumo,485,43.5905862
2017,importazioni,485,-0
2017,consumo,486,2.60609122
2017,importazioni,486,-0
2017,consumo,487OS,16.3937468
2017,importazioni,487OS,0
2017,consumo,493,0.24217484
2017,importazioni,493,-0
2017,consumo,511,98.24879696
2017,importazioni,511,4.62380189
2017,consumo,512,23.25220254
2017,importazioni,512,10.89647062
2017,consumo,513,366.4776105
2017,importazioni,513,0.16695636
2017,consumo,514,47.2802515
2017,importazioni,514,1.2681613
2017,consumo,521CI,210.99145
2017,importazioni,521CI,5.03049032
2017,consumo,523,179.2258418
2017,importazioni,523,0.04535832
2017,consumo,524,376.7027646
2017,importazioni,524,49.8018438
2017,consumo,525,143.2776505
2017,importazioni,525,-0
2017,consumo,HS,1743.187798
2017,importazioni,HS,-0
2017,consumo,ORE,5.29254161
2017,importazioni,ORE,-0
2017,consumo,532RL,94.83460516
2017,importazioni,532RL,-0
2017,consumo,5411,88.99639221
2017,importazioni,5411,3.3001842
2017,consumo,5415,0
2017,importazioni,5415,36.44009802
2017,consumo,5412OP,67.9394066
2017,importazioni,5412OP,85.6256076
2017,consumo,55,0
2017,importazioni,55,-0
2017,consumo,561,59.2572814
2017,importazioni,561,1.78075068
2017,consumo,562,25.65842038
2017,importazioni,562,0.21190338
2017,consumo,61,323.3812429
2017,importazioni,61,1.55403987
2017,consumo,621,1011.600913
2017,importazioni,621,0.09818826
2017,consumo,622,959.0532045
2017,importazioni,622,4.09666432
2017,consumo,623,219.9336948
2017,importazioni,623,0.02639725
2017,consumo,624,201.9738875
2017,importazioni,624,-0
2017,consumo,711AS,77.14155484
2017,importazioni,711AS,1.17523525
2017,consumo,713,192.3376736
2017,importazioni,713,-0
2017,consumo,721,146.2519008
2017,importazioni,721,-0
2017,consumo,722,645.3388933
2017,importazioni,722,-0
2017,consumo,81,555.5791297
2017,importazioni,81,4.33549382
2017,consumo,GFGD,0
2017,importazioni,GFGD,-0
2017,consumo,GFGN,0
2017,importazioni,GFGN,-0
2017,consumo,GFE,6.5928447
2017,importazioni,GFE,0.27557595
2017,consumo,GSLG,0
2017,importazioni,GSLG,-0
2017,consumo,GSLE,64.93543495
2017,importazioni,GSLE,-0
2017,investimento_tipo,E,1216.487004
2017,stock_tipo,E,7014.021488
2017,investimento_tipo,S,504.0425835
2017,stock_tipo,S,12674.4067
2017,investimento_tipo,N,902.5941762
2017,stock_tipo,N,2985.826491
2017,investimento_tipo,R,629.0185563
2017,stock_tipo,R,17164.48709
2017,investimento_ind,111CA|E,32.56374674
2017,investimento_ind,111CA|N,0.07423076923
2017,investimento_ind,111CA|S,8.88453395
2017,investimento_ind,113FF|E,7.085700411
2017,investimento_ind,113FF|N,0.2557724252
2017,investimento_ind,113FF|S,0.678508465
2017,investimento_ind,211|E,4.145707883
2017,investimento_ind,211|N,3.572559045
2017,investimento_ind,211|S,86.78733519
2017,investimento_ind,212|E,5.861613033
2017,investimento_ind,212|N,0.5578460542
2017,investimento_ind,212|S,5.429413667
2017,investimento_ind,213|E,10.42879464
2017,investimento_ind,213|N,0.9121405584
2017,investimento_ind,213|S,2.395775671
2017,investimento_ind,22|E,68.46016925
2017,investimento_ind,22|N,11.18512529
2017,investimento_ind,22|S,66.98652694
2017,investimento_ind,23|E,40.5559109
2017,investimento_ind,23|N,3.589047532
2017,investimento_ind,23|S,1.555324594
2017,investimento_ind,311FT|E,20.55244408
2017,investimento_ind,311FT|N,7.934791149
2017,investimento_ind,311FT|S,6.36830257
2017,investimento_ind,313TT|E,1.209496476
2017,investimento_ind,313TT|N,0.6783060606
2017,investimento_ind,313TT|S,0.2599710407
2017,investimento_ind,315AL|E,0.3785592068
2017,investimento_ind,315AL|N,0.6943528186
2017,investimento_ind,315AL|S,0.0626031746
2017,investimento_ind,321|E,3.411886308
2017,investimento_ind,321|N,0.3403832298
2017,investimento_ind,321|S,0.8737382057
2017,investimento_ind,322|E,7.654117329
2017,investimento_ind,322|N,2.462959838
2017,investimento_ind,322|S,1.339573809
2017,investimento_ind,323|E,2.522978687
2017,investimento_ind,323|N,1.555965454
2017,investimento_ind,323|S,0.4348708791
2017,investimento_ind,324|E,13.28313576
2017,investimento_ind,324|N,9.40179318
2017,investimento_ind,324|S,3.847459079
2017,investimento_ind,325|E,32.11879351
2017,investimento_ind,325|N,87.60515524
2017,investimento_ind,325|S,7.786426534
2017,investimento_ind,326|E,9.439040098
2017,investimento_ind,326|N,3.456957003
2017,investimento_ind,326|S,2.019021332
2017,investimento_ind,327|E,6.607023703
2017,investimento_ind,327|N,4.019905721
2017,investimento_ind,327|S,1.428490155
2017,investimento_ind,331|E,8.767622759
2017,investimento_ind,331|N,3.360561695
2017,investimento_ind,331|S,2.547673792
2017,investimento_ind,332|E,12.69044388
2017,investimento_ind,332|N,4.783095214
2017,investimento_ind,332|S,2.245290295
2017,investimento_ind,333|E,10.52281369
2017,investimento_ind,333|N,13.16154492
2017,investimento_ind,333|S,2.417578763
2017,investimento_ind,334|E,15.83825373
2017,investimento_ind,334|N,78.25059726
2017,investimento_ind,334|S,3.537866072
2017,investimento_ind,335|E,2.934763709
2017,investimento_ind,335|N,4.853545729
2017,investimento_ind,335|S,0.483669742
2017,investimento_ind,3361MV|E,19.7590161
2017,investimento_ind,3361MV|N,25.07822448
2017,investimento_ind,3361MV|S,3.662741535
2017,investimento_ind,3364OT|E,7.898090398
2017,investimento_ind,3364OT|N,17.7143636
2017,investimento_ind,3364OT|S,2.415325669
2017,investimento_ind,337|E,1.498892078
2017,investimento_ind,337|N,0.9030250308
2017,investimento_ind,337|S,0.4537804878
2017,investimento_ind,339|E,6.48534837
2017,investimento_ind,339|N,8.123416067
2017,investimento_ind,339|S,0.8180115349
2017,investimento_ind,42|E,43.87033805
2017,investimento_ind,42|N,31.60781058
2017,investimento_ind,42|S,15.34875846
2017,investimento_ind,441|E,6.875078349
2017,investimento_ind,441|N,2.085475402
2017,investimento_ind,441|S,3.244532963
2017,investimento_ind,445|E,8.126636991
2017,investimento_ind,445|N,3.498964359
2017,investimento_ind,445|S,4.466075676
2017,investimento_ind,452|E,10.21140099
2017,investimento_ind,452|N,5.669027785
2017,investimento_ind,452|S,7.059274149
2017,investimento_ind,481|E,22.68291373
2017,investimento_ind,481|N,1.740891884
2017,investimento_ind,481|S,2.673154961
2017,investimento_ind,482|E,4.880676862
2017,investimento_ind,482|N,0.9524633433
2017,investimento_ind,482|S,8.96442348
2017,investimento_ind,483|E,3.845946197
2017,investimento_ind,483|N,2.036924833
2017,investimento_ind,483|S,0.2385767516
2017,investimento_ind,484|E,21.82943498
2017,investimento_ind,484|N,1.392943936
2017,investimento_ind,484|S,0.6931457516
2017,investimento_ind,485|E,6.966224345
2017,investimento_ind,485|N,0.37959375
2017,investimento_ind,485|S,0.07681932406
2017,investimento_ind,486|E,7.955758439
2017,investimento_ind,486|N,0.5423277697
2017,investimento_ind,486|S,13.61734624
2017,investimento_ind,487OS|E,10.54284611
2017,investimento_ind,487OS|N,2.504409951
2017,investimento_ind,487OS|S,2.308917823
2017,investimento_ind,493|E,2.91269441
2017,investimento_ind,493|N,1.040297479
2017,investimento_ind,493|S,1.751517197
2017,investimento_ind,4A0|E,43.23459096
2017,investimento_ind,4A0|N,17.35173511
2017,investimento_ind,4A0|S,14.88102683
2017,investimento_ind,511|E,9.999509068
2017,investimento_ind,511|N,58.4172608
2017,investimento_ind,511|S,2.639052558
2017,investimento_ind,512|E,2.569881824
2017,investimento_ind,512|N,34.58802267
2017,investimento_ind,512|S,0.9184566255
2017,investimento_ind,513|E,154.4649229
2017,investimento_ind,513|N,57.37366702
2017,investimento_ind,513|S,20.15650931
2017,investimento_ind,514|E,44.07819863
2017,investimento_ind,514|N,71.20569415
2017,investimento_ind,514|S,8.737028466
2017,investimento_ind,521CI|E,92.37276973
2017,investimento_ind,521CI|N,39.6821157
2017,investimento_ind,521CI|S,8.606691479
2017,investimento_ind,523|E,8.19074358
2017,investimento_ind,523|N,21.20683919
2017,investimento_ind,523|S,3.230252204
2017,investimento_ind,524|E,14.49404151
2017,investimento_ind,524|N,33.48293299
2017,investimento_ind,524|S,3.886157233
2017,investimento_ind,525|E,0.1706838745
2017,investimento_ind,525|N,0.9336422428
2017,investimento_ind,525|S,0.1524545455
2017,investimento_ind,532RL|E,78.52328646
2017,investimento_ind,532RL|N,5.523265675
2017,investimento_ind,532RL|S,1.470201619
2017,investimento_ind,5411|E,3.608682033
2017,investimento_ind,5411|N,2.841600617
2017,investimento_ind,5411|S,0.83979853
2017,investimento_ind,5412OP|E,29.70757685
2017,investimento_ind,5412OP|N,69.18198777
2017,investimento_ind,5412OP|S,9.822936336
2017,investimento_ind,5415|E,6.460364117
2017,investimento_ind,5415|N,24.83314562
2017,investimento_ind,5415|S,1.006227212
2017,investimento_ind,55|E,12.46609509
2017,investimento_ind,55|N,21.91737529
2017,investimento_ind,55|S,4.10154179
2017,investimento_ind,561|E,18.80939882
2017,investimento_ind,561|N,23.45423719
2017,investimento_ind,561|S,2.837130908
2017,investimento_ind,562|E,6.234017074
2017,investimento_ind,562|N,0.4014735611
2017,investimento_ind,562|S,0.9777380533
2017,investimento_ind,61|E,9.207583973
2017,investimento_ind,61|N,10.46965681
2017,investimento_ind,61|S,19.05060504
2017,investimento_ind,621|E,36.88138591
2017,investimento_ind,621|N,6.989459942
2017,investimento_ind,621|S,7.945304784
2017,investimento_ind,622|E,60.04758441
2017,investimento_ind,622|N,13.37757217
2017,investimento_ind,622|S,23.60884853
2017,investimento_ind,623|E,3.682229748
2017,investimento_ind,623|N,1.379204088
2017,investimento_ind,623|S,3.874098206
2017,investimento_ind,624|E,1.809797341
2017,investimento_ind,624|N,0.7680023805
2017,investimento_ind,624|S,2.000462675
2017,investimento_ind,711AS|E,4.325951111
2017,investimento_ind,711AS|N,9.874380186
2017,investimento_ind,711AS|S,4.549197144
2017,investimento_ind,713|E,8.143561571
2017,investimento_ind,713|N,1.828122705
2017,investimento_ind,713|S,10.70954689
2017,investimento_ind,721|E,6.049495015
2017,investimento_ind,721|N,1.875153541
2017,investimento_ind,721|S,10.35833454
2017,investimento_ind,722|E,17.1449601
2017,investimento_ind,722|N,3.490701739
2017,investimento_ind,722|S,6.674173764
2017,investimento_ind,81|E,16.10101285
2017,investimento_ind,81|N,14.02199095
2017,investimento_ind,81|S,8.53228717
2017,investimento_ind,ORE|E,24.33436693
2017,investimento_ind,ORE|N,8.148139647
2017,investimento_ind,ORE|S,46.31416512
2017,investimento_ind,HS|R,629.0185563
2017,stock_ind,111CA|E,257.6528048
2017,stock_ind,111CA|N,0.09414761905
2017,stock_ind,111CA|S,269.4298128
2017,stock_ind,113FF|E,43.593027
2017,stock_ind,113FF|N,0.3457146739
2017,stock_ind,113FF|S,19.24837758
2017,stock_ind,211|E,54.63126166
2017,stock_ind,211|N,12.72145581
2017,stock_ind,211|S,1502.39469
2017,stock_ind,212|E,44.27338211
2017,stock_ind,212|N,1.86784538
2017,stock_ind,212|S,130.2364194
2017,stock_ind,213|E,81.59351535
2017,stock_ind,213|N,2.357406265
2017,stock_ind,213|S,62.23655737
2017,stock_ind,22|E,630.4261344
2017,stock_ind,22|N,18.33135788
2017,stock_ind,22|S,1705.40713
2017,stock_ind,23|E,214.1046572
2017,stock_ind,23|N,9.084762357
2017,stock_ind,23|S,83.2456672
2017,stock_ind,311FT|E,174.7958412
2017,stock_ind,311FT|N,29.99935734
2017,stock_ind,311FT|S,134.4748722
2017,stock_ind,313TT|E,14.00294643
2017,stock_ind,313TT|N,2.908558387
2017,stock_ind,313TT|S,20.75044369
2017,stock_ind,315AL|E,4.094900354
2017,stock_ind,315AL|N,2.922558764
2017,stock_ind,315AL|S,9.632409064
2017,stock_ind,321|E,19.95637796
2017,stock_ind,321|N,0.884080777
2017,stock_ind,321|S,21.12864442
2017,stock_ind,322|E,70.26555101
2017,stock_ind,322|N,9.407350572
2017,stock_ind,322|S,37.73060297
2017,stock_ind,323|E,22.82142938
2017,stock_ind,323|N,5.055359185
2017,stock_ind,323|S,17.06423272
2017,stock_ind,324|E,118.2880347
2017,stock_ind,324|N,42.25975544
2017,stock_ind,324|S,85.2562249
2017,stock_ind,325|E,201.3565055
2017,stock_ind,325|N,575.4954215
2017,stock_ind,325|S,156.5907484
2017,stock_ind,326|E,59.93569315
2017,stock_ind,326|N,14.50750684
2017,stock_ind,326|S,33.30621067
2017,stock_ind,327|E,44.38503675
2017,stock_ind,327|N,19.09349591
2017,stock_ind,327|S,33.53725367
2017,stock_ind,331|E,94.64679137
2017,stock_ind,331|N,14.67071406
2017,stock_ind,331|S,62.19189225
2017,stock_ind,332|E,113.242172
2017,stock_ind,332|N,21.15420596
2017,stock_ind,332|S,56.38055916
2017,stock_ind,333|E,103.1844404
2017,stock_ind,333|N,58.8848266
2017,stock_ind,333|S,67.05333003
2017,stock_ind,334|E,139.992712
2017,stock_ind,334|N,230.3913126
2017,stock_ind,334|S,144.8522903
2017,stock_ind,335|E,23.28542928
2017,stock_ind,335|N,22.60859481
2017,stock_ind,335|S,26.21418205
2017,stock_ind,3361MV|E,129.351479
2017,stock_ind,3361MV|N,58.48933489
2017,stock_ind,3361MV|S,61.19110447
2017,stock_ind,3364OT|E,46.66095382
2017,stock_ind,3364OT|N,65.00187479
2017,stock_ind,3364OT|S,55.47035117
2017,stock_ind,337|E,9.221698334
2017,stock_ind,337|N,3.036677223
2017,stock_ind,337|S,10.25395728
2017,stock_ind,339|E,40.35395728
2017,stock_ind,339|N,34.8098937
2017,stock_ind,339|S,31.65603199
2017,stock_ind,42|E,247.2613787
2017,stock_ind,42|N,70.24531097
2017,stock_ind,42|S,288.8850103
2017,stock_ind,441|E,31.12953088
2017,stock_ind,441|N,4.928115604
2017,stock_ind,441|S,153.8423667
2017,stock_ind,445|E,53.50254367
2017,stock_ind,445|N,7.606677235
2017,stock_ind,445|S,159.4816566
2017,stock_ind,452|E,52.42068964
2017,stock_ind,452|N,10.56122971
2017,stock_ind,452|S,166.7798541
2017,stock_ind,481|E,194.6880543
2017,stock_ind,481|N,3.466543974
2017,stock_ind,481|S,54.6167833
2017,stock_ind,482|E,58.57325578
2017,stock_ind,482|N,2.289105124
2017,stock_ind,482|S,345.9640881
2017,stock_ind,483|E,47.22000866
2017,stock_ind,483|N,3.557851979
2017,stock_ind,483|S,6.671405177
2017,stock_ind,484|E,114.0094204
2017,stock_ind,484|N,2.357683929
2017,stock_ind,484|S,23.36105086
2017,stock_ind,485|E,24.89152073
2017,stock_ind,485|N,0.6262193277
2017,stock_ind,485|S,23.743924
2017,stock_ind,486|E,42.87843578
2017,stock_ind,486|N,1.530952043
2017,stock_ind,486|S,212.625616
2017,stock_ind,487OS|E,66.74515723
2017,stock_ind,487OS|N,3.99776077
2017,stock_ind,487OS|S,63.89412858
2017,stock_ind,493|E,12.38694921
2017,stock_ind,493|N,1.72772819
2017,stock_ind,493|S,36.13439832
2017,stock_ind,4A0|E,196.2498557
2017,stock_ind,4A0|N,34.20620339
2017,stock_ind,4A0|S,428.9610928
2017,stock_ind,511|E,34.62142514
2017,stock_ind,511|N,230.1860015
2017,stock_ind,511|S,50.08940005
2017,stock_ind,512|E,12.47786357
2017,stock_ind,512|N,233.9931377
2017,stock_ind,512|S,32.16651208
2017,stock_ind,513|E,636.262024
2017,stock_ind,513|N,200.3512897
2017,stock_ind,513|S,768.7928425
2017,stock_ind,514|E,105.4748969
2017,stock_ind,514|N,135.9330849
2017,stock_ind,514|S,59.91890019
2017,stock_ind,521CI|E,480.1825788
2017,stock_ind,521CI|N,66.41515985
2017,stock_ind,521CI|S,346.1589808
2017,stock_ind,523|E,37.13281719
2017,stock_ind,523|N,36.23571227
2017,stock_ind,523|S,99.8068775
2017,stock_ind,524|E,59.54555521
2017,stock_ind,524|N,64.75296437
2017,stock_ind,524|S,151.1118275
2017,stock_ind,525|E,0.8322235086
2017,stock_ind,525|N,1.626739927
2017,stock_ind,525|S,33.88049416
2017,stock_ind,532RL|E,468.8929622
2017,stock_ind,532RL|N,7.958763793
2017,stock_ind,532RL|S,25.67218268
2017,stock_ind,5411|E,16.10601022
2017,stock_ind,5411|N,4.55630137
2017,stock_ind,5411|S,24.64772406
2017,stock_ind,5412OP|E,144.1355242
2017,stock_ind,5412OP|N,249.0772075
2017,stock_ind,5412OP|S,138.6120006
2017,stock_ind,5415|E,25.51066505
2017,stock_ind,5415|N,50.46051642
2017,stock_ind,5415|S,27.38772727
2017,stock_ind,55|E,56.92331149
2017,stock_ind,55|N,48.57555334
2017,stock_ind,55|S,260.8177692
2017,stock_ind,561|E,95.832609
2017,stock_ind,561|N,47.37889599
2017,stock_ind,561|S,64.50680406
2017,stock_ind,562|E,31.19989554
2017,stock_ind,562|N,1.077973066
2017,stock_ind,562|S,67.00658038
2017,stock_ind,61|E,51.46910532
2017,stock_ind,61|N,34.46155442
2017,stock_ind,61|S,470.8091606
2017,stock_ind,621|E,167.3362224
2017,stock_ind,621|N,17.59306363
2017,stock_ind,621|S,194.7077278
2017,stock_ind,622|E,265.7147059
2017,stock_ind,622|N,30.11456909
2017,stock_ind,622|S,666.8200016
2017,stock_ind,623|E,21.03183076
2017,stock_ind,623|N,3.678154052
2017,stock_ind,623|S,73.40410539
2017,stock_ind,624|E,11.54786834
2017,stock_ind,624|N,1.625862157
2017,stock_ind,624|S,50.54613763
2017,stock_ind,711AS|E,26.06741793
2017,stock_ind,711AS|N,49.18156545
2017,stock_ind,711AS|S,94.90053349
2017,stock_ind,713|E,39.89211801
2017,stock_ind,713|N,3.245136997
2017,stock_ind,713|S,144.2908356
2017,stock_ind,721|E,36.20272011
2017,stock_ind,721|N,4.089414914
2017,stock_ind,721|S,318.4091899
2017,stock_ind,722|E,87.9569598
2017,stock_ind,722|N,5.369902828
2017,stock_ind,722|S,156.2688383
2017,stock_ind,81|E,101.5780511
2017,stock_ind,81|N,42.48386591
2017,stock_ind,81|S,452.545488
2017,stock_ind,ORE|E,102.0205935
2017,stock_ind,ORE|N,11.91914842
2017,stock_ind,ORE|S,1099.232692
2017,stock_ind,HS|R,17164.48709
2017,scorte,2,210.900113
2017,scorte,3,112.1785271
2017,scorte,5,447.1794624
2017,scorte,6,367.5555012
2017,scorte,8,427.8361229
2017,scorte,9,368.1244608
2017,scorte,11,236.06313
2017,scorte,12,55.86505124
2017,scorte,13,88.1844802
2017,scorte,14,276.2045205
2017,scorte,15,184.1263942
2017,aggregati,produzione_tot,32757.69183
2017,aggregati,consumo_tot,12451.96078
2017,aggregati,investimento_tot,3252.14232
2017,aggregati,importazioni_tot,2503.170818
2017,aggregati,scorte_tot,2774.217764
2018,produzione,111CA,467.4644941
2018,produzione,113FF,48.19002008
2018,produzione,211,447.4323939
2018,produzione,212,108.9224061
2018,produzione,213,128.8730747
2018,produzione,22,466.1839426
2018,produzione,23,1414.234031
2018,produzione,321,98.90737823
2018,produzione,327,110.9461753
2018,produzione,331,257.0316787
2018,produzione,332,348.6373281
2018,produzione,333,359.3249435
2018,produzione,334,387.669698
2018,produzione,335,122.9435419
2018,produzione,3361MV,602.9493573
2018,produzione,3364OT,328.7230034
2018,produzione,337,70.139164
2018,produzione,339,158.2361891
2018,produzione,311FT,954.0204649
2018,produzione,313TT,48.29921324
2018,produzione,315AL,16.00923031
2018,produzione,322,171.107564
2018,produzione,323,79.72712076
2018,produzione,324,904.6962745
2018,produzione,325,787.1242308
2018,produzione,326,238.2799437
2018,produzione,42,1984.059546
2018,produzione,441,398.0865642
2018,produzione,445,215.2109265
2018,produzione,452,240.6250295
2018,produzione,4A0,987.6842862
2018,produzione,481,251.8400728
2018,produzione,482,79.38873913
2018,produzione,483,53.2805923
2018,produzione,484,366.5217783
2018,produzione,485,86.56024859
2018,produzione,486,47.32494014
2018,produzione,487OS,227.7101151
2018,produzione,493,120.744512
2018,produzione,511,412.4978578
2018,produzione,512,157.1074051
2018,produzione,513,913.0734665
2018,produzione,514,426.117332
2018,produzione,521CI,803.2688253
2018,produzione,523,438.3341838
2018,produzione,524,1007.748172
2018,produzione,525,118.7996066
2018,produzione,HS,1765.550665
2018,produzione,ORE,1187.814105
2018,produzione,532RL,363.8830838
2018,produzione,5411,298.8663394
2018,produzione,5415,560.9243514
2018,produzione,5412OP,1359.250593
2018,produzione,55,595.6378758
2018,produzione,561,925.8246385
2018,produzione,562,107.3080781
2018,produzione,61,326.0654327
2018,produzione,621,1056.836397
2018,produzione,622,800.3516608
2018,produzione,623,220.9728028
2018,produzione,624,207.0161449
2018,produzione,711AS,185.8920806
2018,produzione,713,143.7093335
2018,produzione,721,258.0247154
2018,produzione,722,741.554631
2018,produzione,81,657.0884105
2018,produzione,GFGD,612.2585649
2018,produzione,GFGN,381.0721593
2018,produzione,GFE,91.19980841
2018,produzione,GSLG,2124.206326
2018,produzione,GSLE,330.9742858
2018,consumo,111CA,90.28053145
2018,importazioni,111CA,49.78225289
2018,consumo,113FF,5.616757803
2018,importazioni,113FF,16.31313686
2018,consumo,211,0
2018,importazioni,211,219.9574953
2018,consumo,212,0.1816203771
2018,importazioni,212,5.926669547
2018,consumo,213,0
2018,importazioni,213,0.6982794559
2018,consumo,22,259.5209548
2018,importazioni,22,2.20326384
2018,consumo,23,0
2018,importazioni,23,-0
2018,consumo,321,2.876628792
2018,importazioni,321,18.67308368
2018,consumo,327,9.345536623
2018,importazioni,327,23.94347163
2018,consumo,331,0.6421865586
2018,importazioni,331,89.32542832
2018,consumo,332,15.76179256
2018,importazioni,332,68.35653346
2018,consumo,333,8.454995641
2018,importazioni,333,166.0865247
2018,consumo,334,82.62776111
2018,importazioni,334,372.1090421
2018,consumo,335,38.60929275
2018,importazioni,335,106.8159662
2018,consumo,3361MV,183.735493
2018,importazioni,3361MV,320.3072752
2018,consumo,3364OT,21.0929028
2018,importazioni,3364OT,49.38130926
2018,consumo,337,44.68136376
2018,importazioni,337,43.77075057
2018,consumo,339,84.7280109
2018,importazioni,339,95.88389887
2018,consumo,311FT,600.197425
2018,importazioni,311FT,98.59960961
2018,consumo,313TT,20.7094639
2018,importazioni,313TT,32.53568034
2018,consumo,315AL,136.4849531
2018,importazioni,315AL,139.0063012
2018,consumo,322,19.0286004
2018,importazioni,322,22.63074449
2018,consumo,323,2.584776786
2018,importazioni,323,2.695262182
2018,consumo,324,291.6662863
2018,importazioni,324,95.11164969
2018,consumo,325,267.0030916
2018,importazioni,325,252.5869298
2018,consumo,326,34.32379848
2018,importazioni,326,54.36762914
2018,consumo,42,526.8063199
2018,importazioni,42,0
2018,consumo,441,294.4554141
2018,importazioni,441,-0
2018,consumo,445,200.6477038
2018,importazioni,445,-0
2018,consumo,452,227.4092027
2018,importazioni,452,-0
2018,consumo,4A0,821.6364167
2018,importazioni,4A0,-0
2018,consumo,481,142.1266365
2018,importazioni,481,48.66509071
2018,consumo,482,7.577723585
2018,importazioni,482,0
2018,consumo,483,22.97374164
2018,importazioni,483,0
2018,consumo,484,84.66926789
2018,importazioni,484,0
2018,consumo,485,48.71873299
2018,importazioni,485,-0
2018,consumo,486,2.613623678
2018,importazioni,486,-0
2018,consumo,487OS,16.62907101
2018,importazioni,487OS,0
2018,consumo,493,0.2483656277
2018,importazioni,493,-0
2018,consumo,511,105.8745774
2018,importazioni,511,4.635359095
2018,consumo,512,23.85473789
2018,importazioni,512,11.26159461
2018,consumo,513,369.5735081
2018,importazioni,513,0.1697483111
2018,consumo,514,60.97284357
2018,importazioni,514,1.008874908
2018,consumo,521CI,208.3115147
2018,importazioni,521CI,5.194080388
2018,consumo,523,176.0088419
2018,importazioni,523,0.04386060877
2018,consumo,524,399.5946798
2018,importazioni,524,39.63401954
2018,consumo,525,132.4877315
2018,importazioni,525,-0
2018,consumo,HS,1756.49462
2018,importazioni,HS,-0
2018,consumo,ORE,5.394913623
2018,importazioni,ORE,-0
2018,consumo,532RL,94.67279318
2018,importazioni,532RL,-0
2018,consumo,5411,87.56537508
2018,importazioni,5411,3.545547942
2018,consumo,5415,0
2018,importazioni,5415,36.37668754
2018,consumo,5412OP,69.73070769
2018,importazioni,5412OP,87.07628707
2018,consumo,55,0
2018,importazioni,55,-0
2018,consumo,561,65.2568636
2018,importazioni,561,1.685940005
2018,consumo,562,25.28521587
2018,importazioni,562,0.1960295971
2018,consumo,61,326.4353437
2018,importazioni,61,1.391184301
2018,consumo,621,1044.996561
2018,importazioni,621,0.1124523225
2018,consumo,622,985.0868163
2018,importazioni,622,3.888887608
2018,consumo,623,219.0013634
2018,importazioni,623,0.0300266809
2018,consumo,624,208.9608643
2018,importazioni,624,-0
2018,consumo,711AS,80.14652361
2018,importazioni,711AS,0.9161848555
2018,consumo,713,195.5151654
2018,importazioni,713,0.005325889133
2018,consumo,721,147.3647307
2018,importazioni,721,-0
2018,consumo,722,661.6001475
2018,importazioni,722,-0
2018,consumo,81,574.893236
2018,importazioni,81,4.479202408
2018,consumo,GFGD,0
2018,importazioni,GFGD,-0
2018,consumo,GFGN,0
2018,importazioni,GFGN,-0
2018,consumo,GFE,6.369834696
2018,importazioni,GFE,0.2721202267
2018,consumo,GSLG,0
2018,importazioni,GSLG,-0
2018,consumo,GSLE,66.05571077
2018,importazioni,GSLE,-0
2018,investimento_tipo,E,1275.812968
2018,stock_tipo,E,7298.683131
2018,investimento_tipo,S,539.1882044
2018,stock_tipo,S,12820.10486
2018,investimento_tipo,N,984.9626808
2018,stock_tipo,N,3159.392321
2018,investimento_tipo,R,627.4769191
2018,stock_tipo,R,17362.16861
2018,investimento_ind,111CA|E,32.58020833
2018,investimento_ind,111CA|N,0.07305128205
2018,investimento_ind,111CA|S,5.573150372
2018,investimento_ind,113FF|E,8.208951338
2018,investimento_ind,113FF|N,0.3018936877
2018,investimento_ind,113FF|S,0.6462216441
2018,investimento_ind,211|E,6.664509236
2018,investimento_ind,211|N,4.609631009
2018,investimento_ind,211|S,111.7561334
2018,investimento_ind,212|E,6.352253038
2018,investimento_ind,212|N,0.68621375
2018,investimento_ind,212|S,5.464600477
2018,investimento_ind,213|E,13.99214433
2018,investimento_ind,213|N,1.318672448
2018,investimento_ind,213|S,4.080131315
2018,investimento_ind,22|E,73.1989403
2018,investimento_ind,22|N,12.89794239
2018,investimento_ind,22|S,76.49196922
2018,investimento_ind,23|E,40.73984426
2018,investimento_ind,23|N,4.333695557
2018,investimento_ind,23|S,1.813398062
2018,investimento_ind,311FT|E,25.90904704
2018,investimento_ind,311FT|N,9.065766133
2018,investimento_ind,311FT|S,7.250153043
2018,investimento_ind,313TT|E,1.259813673
2018,investimento_ind,313TT|N,0.7138848485
2018,investimento_ind,313TT|S,0.2286022243
2018,investimento_ind,315AL|E,0.4808749183
2018,investimento_ind,315AL|N,0.7666457108
2018,investimento_ind,315AL|S,0.0629047619
2018,investimento_ind,321|E,3.794411792
2018,investimento_ind,321|N,0.4074004141
2018,investimento_ind,321|S,0.9531523589
2018,investimento_ind,322|E,5.784755133
2018,investimento_ind,322|N,2.358506459
2018,investimento_ind,322|S,1.050939194
2018,investimento_ind,323|E,2.486137022
2018,investimento_ind,323|N,1.656260111
2018,investimento_ind,323|S,0.5611181319
2018,investimento_ind,324|E,16.20828735
2018,investimento_ind,324|N,10.08625374
2018,investimento_ind,324|S,3.58955532
2018,investimento_ind,325|E,26.59096832
2018,investimento_ind,325|N,93.68741472
2018,investimento_ind,325|S,7.480523962
2018,investimento_ind,326|E,9.544653921
2018,investimento_ind,326|N,3.620859088
2018,investimento_ind,326|S,1.855636716
2018,investimento_ind,327|E,5.096397241
2018,investimento_ind,327|N,4.05637339
2018,investimento_ind,327|S,0.8772196891
2018,investimento_ind,331|E,10.18421388
2018,investimento_ind,331|N,3.599339053
2018,investimento_ind,331|S,2.426063612
2018,investimento_ind,332|E,12.59735067
2018,investimento_ind,332|N,4.934567994
2018,investimento_ind,332|S,2.237016227
2018,investimento_ind,333|E,9.735019697
2018,investimento_ind,333|N,13.37556728
2018,investimento_ind,333|S,2.27915528
2018,investimento_ind,334|E,19.563931
2018,investimento_ind,334|N,77.35295106
2018,investimento_ind,334|S,4.968910571
2018,investimento_ind,335|E,3.64772835
2018,investimento_ind,335|N,5.139785241
2018,investimento_ind,335|S,0.632229411
2018,investimento_ind,3361MV|E,22.81834237
2018,investimento_ind,3361MV|N,26.35935794
2018,investimento_ind,3361MV|S,4.359423015
2018,investimento_ind,3364OT|E,7.336898982
2018,investimento_ind,3364OT|N,15.91069752
2018,investimento_ind,3364OT|S,2.430588911
2018,investimento_ind,337|E,1.744429342
2018,investimento_ind,337|N,1.043382527
2018,investimento_ind,337|S,0.4259756098
2018,investimento_ind,339|E,8.950148513
2018,investimento_ind,339|N,9.107697448
2018,investimento_ind,339|S,0.9209144197
2018,investimento_ind,42|E,44.76360002
2018,investimento_ind,42|N,34.90983052
2018,investimento_ind,42|S,14.63697971
2018,investimento_ind,441|E,6.942716142
2018,investimento_ind,441|N,2.390888893
2018,investimento_ind,441|S,2.894104608
2018,investimento_ind,445|E,8.342592233
2018,investimento_ind,445|N,4.035063595
2018,investimento_ind,445|S,4.78486214
2018,investimento_ind,452|E,11.22532413
2018,investimento_ind,452|N,6.932306024
2018,investimento_ind,452|S,6.884897507
2018,investimento_ind,481|E,20.62879673
2018,investimento_ind,481|N,1.865781675
2018,investimento_ind,481|S,3.048132656
2018,investimento_ind,482|E,4.483074272
2018,investimento_ind,482|N,1.108147118
2018,investimento_ind,482|S,8.619847426
2018,investimento_ind,483|E,3.44228227
2018,investimento_ind,483|N,3.640133099
2018,investimento_ind,483|S,0.4203499893
2018,investimento_ind,484|E,27.1618612
2018,investimento_ind,484|N,1.767567187
2018,investimento_ind,484|S,1.111642901
2018,investimento_ind,485|E,8.51624903
2018,investimento_ind,485|N,0.4758125
2018,investimento_ind,485|S,0.0770241038
2018,investimento_ind,486|E,6.973259735
2018,investimento_ind,486|N,0.5382861075
2018,investimento_ind,486|S,12.30886487
2018,investimento_ind,487OS|E,12.82214512
2018,investimento_ind,487OS|N,3.336172299
2018,investimento_ind,487OS|S,4.103717355
2018,investimento_ind,493|E,3.26862092
2018,investimento_ind,493|N,1.25712082
2018,investimento_ind,493|S,1.996339705
2018,investimento_ind,4A0|E,39.35139776
2018,investimento_ind,4A0|N,17.97464748
2018,investimento_ind,4A0|S,14.05857318
2018,investimento_ind,511|E,11.42347245
2018,investimento_ind,511|N,58.2522323
2018,investimento_ind,511|S,1.76344328
2018,investimento_ind,512|E,2.038365815
2018,investimento_ind,512|N,35.60917926
2018,investimento_ind,512|S,0.6520109546
2018,investimento_ind,513|E,154.0016936
2018,investimento_ind,513|N,62.01195282
2018,investimento_ind,513|S,17.77733788
2018,investimento_ind,514|E,51.91893787
2018,investimento_ind,514|N,86.42249536
2018,investimento_ind,514|S,15.03783296
2018,investimento_ind,521CI|E,99.78779793
2018,investimento_ind,521CI|N,47.52077149
2018,investimento_ind,521CI|S,9.849054052
2018,investimento_ind,523|E,8.207402384
2018,investimento_ind,523|N,22.71990871
2018,investimento_ind,523|S,4.602796671
2018,investimento_ind,524|E,14.90186956
2018,investimento_ind,524|N,37.10459716
2018,investimento_ind,524|S,3.444894849
2018,investimento_ind,525|E,0.08703354978
2018,investimento_ind,525|N,0.4634061466
2018,investimento_ind,525|S,0.04781118881
2018,investimento_ind,532RL|E,84.66378995
2018,investimento_ind,532RL|N,6.788750212
2018,investimento_ind,532RL|S,1.291686962
2018,investimento_ind,5411|E,2.97613187
2018,investimento_ind,5411|N,2.451215867
2018,investimento_ind,5411|S,0.8951586255
2018,investimento_ind,5412OP|E,31.06235388
2018,investimento_ind,5412OP|N,77.45078162
2018,investimento_ind,5412OP|S,10.32656316
2018,investimento_ind,5415|E,8.585783009
2018,investimento_ind,5415|N,31.93570821
2018,investimento_ind,5415|S,1.321334053
2018,investimento_ind,55|E,12.44553977
2018,investimento_ind,55|N,22.78970603
2018,investimento_ind,55|S,3.958424208
2018,investimento_ind,561|E,20.2350107
2018,investimento_ind,561|N,26.12068366
2018,investimento_ind,561|S,4.06870034
2018,investimento_ind,562|E,6.12029761
2018,investimento_ind,562|N,0.4595694022
2018,investimento_ind,562|S,1.121519178
2018,investimento_ind,61|E,8.647951997
2018,investimento_ind,61|N,10.62617974
2018,investimento_ind,61|S,19.48542307
2018,investimento_ind,621|E,37.26518565
2018,investimento_ind,621|N,7.798175659
2018,investimento_ind,621|S,7.802325803
2018,investimento_ind,622|E,64.26258543
2018,investimento_ind,622|N,14.28470073
2018,investimento_ind,622|S,23.75308962
2018,investimento_ind,623|E,3.360056245
2018,investimento_ind,623|N,1.533214479
2018,investimento_ind,623|S,3.27044447
2018,investimento_ind,624|E,2.559861631
2018,investimento_ind,624|N,1.126695526
2018,investimento_ind,624|S,1.467696757
2018,investimento_ind,711AS|E,3.977168239
2018,investimento_ind,711AS|N,10.36146808
2018,investimento_ind,711AS|S,4.750246703
2018,investimento_ind,713|E,10.08324084
2018,investimento_ind,713|N,2.508285948
2018,investimento_ind,713|S,11.55161596
2018,investimento_ind,721|E,7.288019624
2018,investimento_ind,721|N,2.421764972
2018,investimento_ind,721|S,10.67716787
2018,investimento_ind,722|E,15.08791483
2018,investimento_ind,722|N,3.453111361
2018,investimento_ind,722|S,5.689301581
2018,investimento_ind,81|E,17.47443809
2018,investimento_ind,81|N,16.32847725
2018,investimento_ind,81|S,7.911696165
2018,investimento_ind,ORE|E,23.95888609
2018,investimento_ind,ORE|N,8.724080649
2018,investimento_ind,ORE|S,41.30960493
2018,investimento_ind,HS|R,627.4769191
2018,stock_ind,111CA|E,253.7495329
2018,stock_ind,111CA|N,0.09868095238
2018,stock_ind,111CA|S,268.3591562
2018,stock_ind,113FF|E,46.00111321
2018,stock_ind,113FF|N,0.424533288
2018,stock_ind,113FF|S,19.41324602
2018,stock_ind,211|E,53.79899001
2018,stock_ind,211|N,14.61977277
2018,stock_ind,211|S,1504.781061
2018,stock_ind,212|E,43.93250765
2018,stock_ind,212|N,2.12368143
2018,stock_ind,212|S,130.4142363
2018,stock_ind,213|E,84.22482308
2018,stock_ind,213|N,2.79619785
2018,stock_ind,213|S,62.89554717
2018,stock_ind,22|E,656.7991146
2018,stock_ind,22|N,21.26613728
2018,stock_ind,22|S,1742.915403
2018,stock_ind,23|E,217.6132207
2018,stock_ind,23|N,10.05125323
2018,stock_ind,23|S,83.00375391
2018,stock_ind,311FT|E,182.3782971
2018,stock_ind,311FT|N,31.71506833
2018,stock_ind,311FT|S,137.4827363
2018,stock_ind,313TT|E,13.68644331
2018,stock_ind,313TT|N,2.9970134
2018,stock_ind,313TT|S,20.34967637
2018,stock_ind,315AL|E,4.054532933
2018,stock_ind,315AL|N,3.050093068
2018,stock_ind,315AL|S,9.414219634
2018,stock_ind,321|E,20.6772041
2018,stock_ind,321|N,0.9714857124
2018,stock_ind,321|S,21.40987882
2018,stock_ind,322|E,68.24308125
2018,stock_ind,322|N,9.598827501
2018,stock_ind,322|S,37.5942575
2018,stock_ind,323|E,22.30812154
2018,stock_ind,323|N,5.21777938
2018,stock_ind,323|S,17.08602284
2018,stock_ind,324|E,122.9021138
2018,stock_ind,324|N,43.65864039
2018,stock_ind,324|S,86.18877161
2018,stock_ind,325|E,203.0658266
2018,stock_ind,325|N,598.2762346
2018,stock_ind,325|S,159.1502583
2018,stock_ind,326|E,61.45566357
2018,stock_ind,326|N,14.95807626
2018,stock_ind,326|S,34.09676201
2018,stock_ind,327|E,44.30099045
2018,stock_ind,327|N,19.60115566
2018,stock_ind,327|S,33.35019024
2018,stock_ind,331|E,97.447096
2018,stock_ind,331|N,15.27119989
2018,stock_ind,331|S,62.6639221
2018,stock_ind,332|E,115.2813031
2018,stock_ind,332|N,21.76784937
2018,stock_ind,332|S,56.84804119
2018,stock_ind,333|E,103.2880301
2018,stock_ind,333|N,60.4472116
2018,stock_ind,333|S,67.28444148
2018,stock_ind,334|E,140.2267299
2018,stock_ind,334|N,230.0397081
2018,stock_ind,334|S,145.3227864
2018,stock_ind,335|E,24.07047826
2018,stock_ind,335|N,23.31944685
2018,stock_ind,335|S,26.09071667
2018,stock_ind,3361MV|E,133.5920389
2018,stock_ind,3361MV|N,62.12678063
2018,stock_ind,3361MV|S,63.59793169
2018,stock_ind,3364OT|E,48.12017129
2018,stock_ind,3364OT|N,64.3565919
2018,stock_ind,3364OT|S,56.13481403
2018,stock_ind,337|E,9.625819159
2018,stock_ind,337|N,3.237596601
2018,stock_ind,337|S,10.34685638
2018,stock_ind,339|E,42.97519282
2018,stock_ind,339|N,36.30937747
2018,stock_ind,339|S,31.65849865
2018,stock_ind,42|E,251.0101604
2018,stock_ind,42|N,76.72180955
2018,stock_ind,42|S,296.2192706
2018,stock_ind,441|E,32.55096204
2018,stock_ind,441|N,5.68334094
2018,stock_ind,441|S,152.5319292
2018,stock_ind,445|E,54.01138696
2018,stock_ind,445|N,8.819888253
2018,stock_ind,445|S,159.834998
2018,stock_ind,452|E,55.24688632
2018,stock_ind,452|N,12.13022758
2018,stock_ind,452|S,169.0962206
2018,stock_ind,481|E,200.3294553
2018,stock_ind,481|N,3.67102183
2018,stock_ind,481|S,56.39300323
2018,stock_ind,482|E,58.9352007
2018,stock_ind,482|N,2.355072202
2018,stock_ind,482|S,346.9805511
2018,stock_ind,483|E,47.34781922
2018,stock_ind,483|N,4.876886106
2018,stock_ind,483|S,6.925542544
2018,stock_ind,484|E,120.0750847
2018,stock_ind,484|N,2.854305505
2018,stock_ind,484|S,23.82466359
2018,stock_ind,485|E,29.12174867
2018,stock_ind,485|N,0.7480482143
2018,stock_ind,485|S,23.25077161
2018,stock_ind,486|E,43.47980414
2018,stock_ind,486|N,1.437412406
2018,stock_ind,486|S,219.3979321
2018,stock_ind,487OS|E,70.98621229
2018,stock_ind,487OS|N,5.029895133
2018,stock_ind,487OS|S,66.6445158
2018,stock_ind,493|E,13.73267714
2018,stock_ind,493|N,2.054747782
2018,stock_ind,493|S,37.29339777
2018,stock_ind,4A0|E,204.3124371
2018,stock_ind,4A0|N,37.66996482
2018,stock_ind,4A0|S,431.1139735
2018,stock_ind,511|E,38.11045455
2018,stock_ind,511|N,232.3847883
2018,stock_ind,511|S,50.36500069
2018,stock_ind,512|E,12.66827855
2018,stock_ind,512|N,238.6755859
2018,stock_ind,512|S,31.79688058
2018,stock_ind,513|E,705.0472396
2018,stock_ind,513|N,214.0551586
2018,stock_ind,513|S,767.074631
2018,stock_ind,514|E,130.8368298
2018,stock_ind,514|N,164.6852153
2018,stock_ind,514|S,74.23063395
2018,stock_ind,521CI|E,496.5437743
2018,stock_ind,521CI|N,77.61207105
2018,stock_ind,521CI|S,346.7420233
2018,stock_ind,523|E,38.22010096
2018,stock_ind,523|N,40.72903125
2018,stock_ind,523|S,101.6320117
2018,stock_ind,524|E,63.21741081
2018,stock_ind,524|N,70.38677485
2018,stock_ind,524|S,150.3635633
2018,stock_ind,525|E,0.7745209803
2018,stock_ind,525|N,1.408259102
2018,stock_ind,525|S,33.03296649
2018,stock_ind,532RL|E,484.7750864
2018,stock_ind,532RL|N,9.972955411
2018,stock_ind,532RL|S,26.30612383
2018,stock_ind,5411|E,15.94108919
2018,stock_ind,5411|N,4.60992478
2018,stock_ind,5411|S,24.8722678
2018,stock_ind,5412OP|E,149.9699936
2018,stock_ind,5412OP|N,265.0434047
2018,stock_ind,5412OP|S,144.5420213
2018,stock_ind,5415|E,27.23139445
2018,stock_ind,5415|N,57.01888437
2018,stock_ind,5415|S,27.9195297
2018,stock_ind,55|E,59.72449715
2018,stock_ind,55|N,49.13232081
2018,stock_ind,55|S,258.1454554
2018,stock_ind,561|E,98.12875008
2018,stock_ind,561|N,50.05873384
2018,stock_ind,561|S,66.96876569
2018,stock_ind,562|E,32.42247508
2018,stock_ind,562|N,1.17736664
2018,stock_ind,562|S,66.54126213
2018,stock_ind,61|E,51.44652913
2018,stock_ind,61|N,35.68001134
2018,stock_ind,61|S,481.0421391
2018,stock_ind,621|E,174.7040021
2018,stock_ind,621|N,19.61263739
2018,stock_ind,621|S,197.9339258
2018,stock_ind,622|E,282.3737828
2018,stock_ind,622|N,32.62054835
2018,stock_ind,622|S,677.7282449
2018,stock_ind,623|E,21.14556628
2018,stock_ind,623|N,4.166646896
2018,stock_ind,623|S,75.12170801
2018,stock_ind,624|E,12.07943205
2018,stock_ind,624|N,1.960254656
2018,stock_ind,624|S,50.81366009
2018,stock_ind,711AS|E,26.10516022
2018,stock_ind,711AS|N,50.37132672
2018,stock_ind,711AS|S,97.18928709
2018,stock_ind,713|E,43.46777142
2018,stock_ind,713|N,4.153697141
2018,stock_ind,713|S,151.6793527
2018,stock_ind,721|E,38.01831204
2018,stock_ind,721|N,4.925824719
2018,stock_ind,721|S,320.1954635
2018,stock_ind,722|E,89.22007206
2018,stock_ind,722|N,6.207663426
2018,stock_ind,722|S,157.8981851
2018,stock_ind,81|E,102.6251981
2018,stock_ind,81|N,46.96187433
2018,stock_ind,81|S,450.8249862
2018,stock_ind,ORE|E,108.9271384
2018,stock_ind,ORE|N,13.4283474
2018,stock_ind,ORE|S,1111.784817
2018,stock_ind,HS|R,17362.16861
2018,scorte,2,201.7872263
2018,scorte,3,98.78177412
2018,scorte,5,457.0307937
2018,scorte,6,372.1371522
2018,scorte,8,460.0962502
2018,scorte,9,367.16044
2018,scorte,11,254.0073748
2018,scorte,12,57.48320633
2018,scorte,13,91.449051
2018,scorte,14,280.2449967
2018,scorte,15,187.6581081
2018,aggregati,produzione_tot,33764.33955
2018,aggregati,consumo_tot,12714.17167
2018,aggregati,investimento_tot,3427.440773
2018,aggregati,importazioni_tot,2597.656693
2018,aggregati,scorte_tot,2827.836374
2019,produzione,111CA,461.6581357
2019,produzione,113FF,45.9935892
2019,produzione,211,481.3447718
2019,produzione,212,106.631949
2019,produzione,213,128.6875614
2019,produzione,22,462.582432
2019,produzione,23,1425.2748
2019,produzione,321,95.11345999
2019,produzione,327,111.7552491
2019,produzione,331,246.2379534
2019,produzione,332,345.1290938
2019,produzione,333,350.8896562
2019,produzione,334,388.8978092
2019,produzione,335,123.2859847
2019,produzione,3361MV,610.3841222
2019,produzione,3364OT,301.0941068
2019,produzione,337,66.26530195
2019,produzione,339,154.561952
2019,produzione,311FT,961.6213332
2019,produzione,313TT,46.889705
2019,produzione,315AL,16.34633231
2019,produzione,322,171.9790667
2019,produzione,323,75.99854328
2019,produzione,324,902.9955751
2019,produzione,325,783.8011883
2019,produzione,326,234.2321516
2019,produzione,42,1966.710753
2019,produzione,441,397.0622324
2019,produzione,445,219.9385747
2019,produzione,452,235.2986108
2019,produzione,4A0,1005.165441
2019,produzione,481,261.4866122
2019,produzione,482,75.60844813
2019,produzione,483,53.04357583
2019,produzione,484,364.6361573
2019,produzione,485,98.8805164
2019,produzione,486,48.85319791
2019,produzione,487OS,227.8912251
2019,produzione,493,125.4934704
2019,produzione,511,430.8433071
2019,produzione,512,162.7146877
2019,produzione,513,918.5616452
2019,produzione,514,476.1601432
2019,produzione,521CI,789.9072735
2019,produzione,523,452.9391205
2019,produzione,524,1036.977088
2019,produzione,525,114.4777323
2019,produzione,HS,1790.550003
2019,produzione,ORE,1242.451095
2019,produzione,532RL,381.8438614
2019,produzione,5411,298.3464613
2019,produzione,5415,581.8689353
2019,produzione,5412OP,1448.828526
2019,produzione,55,630.8047804
2019,produzione,561,970.2569418
2019,produzione,562,108.3065338
2019,produzione,61,331.102813
2019,produzione,621,1094.55837
2019,produzione,622,826.0109771
2019,produzione,623,223.573425
2019,produzione,624,211.9840422
2019,produzione,711AS,193.5091027
2019,produzione,713,148.1384736
2019,produzione,721,258.6395003
2019,produzione,722,760.7013586
2019,produzione,81,668.3282054
2019,produzione,GFGD,642.4734568
2019,produzione,GFGN,385.7692752
2019,produzione,GFE,89.06848741
2019,produzione,GSLG,2197.796085
2019,produzione,GSLE,333.7182121
2019,consumo,111CA,93.46208129
2019,importazioni,111CA,51.61292441
2019,consumo,113FF,5.924769612
2019,importazioni,113FF,16.20779325
2019,consumo,211,0
2019,importazioni,211,216.196879
2019,consumo,212,0.1688589047
2019,importazioni,212,5.964966709
2019,consumo,213,0
2019,importazioni,213,0.7177877445
2019,consumo,22,254.5359017
2019,importazioni,22,1.857893659
2019,consumo,23,0
2019,importazioni,23,-0
2019,consumo,321,2.965759325
2019,importazioni,321,16.74030798
2019,consumo,327,9.410016788
2019,importazioni,327,22.87550682
2019,consumo,331,0.6345063898
2019,importazioni,331,81.20116395
2019,consumo,332,16.08686283
2019,importazioni,332,66.73343169
2019,consumo,333,8.69848172
2019,importazioni,333,167.2255556
2019,consumo,334,86.86326689
2019,importazioni,334,352.9388598
2019,consumo,335,39.93324506
2019,importazioni,335,105.3278634
2019,consumo,3361MV,187.6568196
2019,importazioni,3361MV,321.5220614
2019,consumo,3364OT,20.55066802
2019,importazioni,3364OT,53.16420253
2019,consumo,337,44.98973038
2019,importazioni,337,42.03044402
2019,consumo,339,87.85986475
2019,importazioni,339,95.37972485
2019,consumo,311FT,608.7184249
2019,importazioni,311FT,100.5232936
2019,consumo,313TT,21.58682462
2019,importazioni,313TT,32.68133065
2019,consumo,315AL,140.7234126
2019,importazioni,315AL,141.5401627
2019,consumo,322,20.75723567
2019,importazioni,322,22.21796005
2019,consumo,323,2.64001954
2019,importazioni,323,2.729623633
2019,consumo,324,297.3687027
2019,importazioni,324,106.367298
2019,consumo,325,285.3267122
2019,importazioni,325,268.4503012
2019,consumo,326,35.2945128
2019,importazioni,326,56.06540942
2019,consumo,42,529.8911694
2019,importazioni,42,0
2019,consumo,441,291.5836277
2019,importazioni,441,-0
2019,consumo,445,204.9955673
2019,importazioni,445,-0
2019,consumo,452,222.2988396
2019,importazioni,452,-0
2019,consumo,4A0,835.6002489
2019,importazioni,4A0,-0
2019,consumo,481,152.0101114
2019,importazioni,481,49.26939885
2019,consumo,482,7.59326222
2019,importazioni,482,0
2019,consumo,483,23.63878086
2019,importazioni,483,0
2019,consumo,484,85.48499459
2019,importazioni,484,0
2019,consumo,485,53.67218804
2019,importazioni,485,-0
2019,consumo,486,2.782926222
2019,importazioni,486,-0
2019,consumo,487OS,16.47882535
2019,importazioni,487OS,0
2019,consumo,493,0.2504312704
2019,importazioni,493,-0
2019,consumo,511,111.9567993
2019,importazioni,511,4.865732727
2019,consumo,512,23.45775952
2019,importazioni,512,12.10316937
2019,consumo,513,372.7138451
2019,importazioni,513,0.1685474268
2019,consumo,514,71.78517246
2019,importazioni,514,1.345540886
2019,consumo,521CI,211.9295105
2019,importazioni,521CI,4.984616859
2019,consumo,523,176.7573625
2019,importazioni,523,0.04323810238
2019,consumo,524,386.4007973
2019,importazioni,524,46.32932085
2019,consumo,525,129.2823749
2019,importazioni,525,-0
2019,consumo,HS,1781.472833
2019,importazioni,HS,-0
2019,consumo,ORE,5.550993042
2019,importazioni,ORE,-0
2019,consumo,532RL,97.30162809
2019,importazioni,532RL,-0
2019,consumo,5411,87.37798062
2019,importazioni,5411,3.803760815
2019,consumo,5415,0
2019,importazioni,5415,38.22069708
2019,consumo,5412OP,73.89980369
2019,importazioni,5412OP,87.44811629
2019,consumo,55,0
2019,importazioni,55,-0
2019,consumo,561,68.35699984
2019,importazioni,561,2.131146759
2019,consumo,562,25.37260053
2019,importazioni,562,0.244218333
2019,consumo,61,328.7846206
2019,importazioni,61,1.435025281
2019,consumo,621,1084.313267
2019,importazioni,621,0.386197405
2019,consumo,622,1014.245643
2019,importazioni,622,4.923668776
2019,consumo,623,220.901915
2019,importazioni,623,0.1001205686
2019,consumo,624,214.2087051
2019,importazioni,624,-0
2019,consumo,711AS,82.04377933
2019,importazioni,711AS,1.171771517
2019,consumo,713,197.03076
2019,importazioni,713,0.02408562806
2019,consumo,721,147.4306181
2019,importazioni,721,-0
2019,consumo,722,678.0830393
2019,importazioni,722,-0
2019,consumo,81,575.5625948
2019,importazioni,81,4.202622511
2019,consumo,GFGD,0
2019,importazioni,GFGD,-0
2019,consumo,GFGN,0
2019,importazioni,GFGN,-0
2019,consumo,GFE,6.037891544
2019,importazioni,GFE,0.2364099265
2019,consumo,GSLG,0
2019,importazioni,GSLG,-0
2019,consumo,GSLE,65.86182456
2019,importazioni,GSLE,-0
2019,investimento_tipo,E,1293.197492
2019,stock_tipo,E,7562.633072
2019,investimento_tipo,S,549.6175415
2019,stock_tipo,S,12977.54794
2019,investimento_tipo,N,1064.490259
2019,stock_tipo,N,3351.575921
2019,investimento_tipo,R,622.2039545
2019,stock_tipo,R,17582.30423
2019,investimento_ind,111CA|E,35.7272649
2019,investimento_ind,111CA|N,0.07776923077
2019,investimento_ind,111CA|S,6.576531744
2019,investimento_ind,113FF|E,6.70376992
2019,investimento_ind,113FF|N,0.2438953488
2019,investimento_ind,113FF|S,0.7179571317
2019,investimento_ind,211|E,9.399125161
2019,investimento_ind,211|N,5.838033475
2019,investimento_ind,211|S,110.5035155
2019,investimento_ind,212|E,6.79115161
2019,investimento_ind,212|N,0.8331210941
2019,investimento_ind,212|S,7.2943516
2019,investimento_ind,213|E,6.793408327
2019,investimento_ind,213|N,0.9197210846
2019,investimento_ind,213|S,3.681734491
2019,investimento_ind,22|E,76.61068526
2019,investimento_ind,22|N,14.11559768
2019,investimento_ind,22|S,84.99969976
2019,investimento_ind,23|E,48.03400328
2019,investimento_ind,23|N,5.045955049
2019,investimento_ind,23|S,3.765541216
2019,investimento_ind,311FT|E,24.71192956
2019,investimento_ind,311FT|N,9.147942433
2019,investimento_ind,311FT|S,6.444306474
2019,investimento_ind,313TT|E,1.509746418
2019,investimento_ind,313TT|N,0.7743424242
2019,investimento_ind,313TT|S,0.2414892757
2019,investimento_ind,315AL|E,0.5209300919
2019,investimento_ind,315AL|N,0.8184912377
2019,investimento_ind,315AL|S,0.04394444444
2019,investimento_ind,321|E,3.529385703
2019,investimento_ind,321|N,0.3842550725
2019,investimento_ind,321|S,0.5889815674
2019,investimento_ind,322|E,8.648477982
2019,investimento_ind,322|N,2.814529097
2019,investimento_ind,322|S,1.623925291
2019,investimento_ind,323|E,2.144636451
2019,investimento_ind,323|N,1.524288919
2019,investimento_ind,323|S,0.3359661172
2019,investimento_ind,324|E,14.91880956
2019,investimento_ind,324|N,10.41309673
2019,investimento_ind,324|S,2.562967811
2019,investimento_ind,325|E,28.41722442
2019,investimento_ind,325|N,108.683212
2019,investimento_ind,325|S,9.024175346
2019,investimento_ind,326|E,9.49534382
2019,investimento_ind,326|N,3.742325688
2019,investimento_ind,326|S,1.863528765
2019,investimento_ind,327|E,4.855884637
2019,investimento_ind,327|N,4.256271891
2019,investimento_ind,327|S,0.8689367876
2019,investimento_ind,331|E,9.499797684
2019,investimento_ind,331|N,3.746224647
2019,investimento_ind,331|S,2.81406923
2019,investimento_ind,332|E,12.23243062
2019,investimento_ind,332|N,5.174761808
2019,investimento_ind,332|S,2.116983734
2019,investimento_ind,333|E,9.897593033
2019,investimento_ind,333|N,14.16127963
2019,investimento_ind,333|S,2.292783727
2019,investimento_ind,334|E,19.85194193
2019,investimento_ind,334|N,79.48517967
2019,investimento_ind,334|S,2.989935594
2019,investimento_ind,335|E,3.829101533
2019,investimento_ind,335|N,5.454501432
2019,investimento_ind,335|S,0.5511977657
2019,investimento_ind,3361MV|E,19.09145993
2019,investimento_ind,3361MV|N,25.44575072
2019,investimento_ind,3361MV|S,2.717864339
2019,investimento_ind,3364OT|E,6.798017454
2019,investimento_ind,3364OT|N,13.8562415
2019,investimento_ind,3364OT|S,2.028897713
2019,investimento_ind,337|E,1.906746209
2019,investimento_ind,337|N,1.13889593
2019,investimento_ind,337|S,0.4155853659
2019,investimento_ind,339|E,8.866842997
2019,investimento_ind,339|N,9.37212669
2019,investimento_ind,339|S,1.05820665
2019,investimento_ind,42|E,45.26214043
2019,investimento_ind,42|N,37.30132685
2019,investimento_ind,42|S,12.0215395
2019,investimento_ind,441|E,6.714141697
2019,investimento_ind,441|N,2.572728017
2019,investimento_ind,441|S,2.522169957
2019,investimento_ind,445|E,8.573506029
2019,investimento_ind,445|N,4.486057285
2019,investimento_ind,445|S,3.677073555
2019,investimento_ind,452|E,10.89601269
2019,investimento_ind,452|N,7.472142715
2019,investimento_ind,452|S,6.071643124
2019,investimento_ind,481|E,9.702410519
2019,investimento_ind,481|N,1.710918302
2019,investimento_ind,481|S,2.896907102
2019,investimento_ind,482|E,4.31802943
2019,investimento_ind,482|N,1.143443325
2019,investimento_ind,482|S,8.040159309
2019,investimento_ind,483|E,2.453472734
2019,investimento_ind,483|N,1.886772589
2019,investimento_ind,483|S,0.459154524
2019,investimento_ind,484|E,26.27760596
2019,investimento_ind,484|N,1.719582002
2019,investimento_ind,484|S,1.441031117
2019,investimento_ind,485|E,6.455167781
2019,investimento_ind,485|N,0.35821875
2019,investimento_ind,485|S,0.08149869806
2019,investimento_ind,486|E,6.32397281
2019,investimento_ind,486|N,0.57217802
2019,investimento_ind,486|S,17.20992373
2019,investimento_ind,487OS|E,14.85491979
2019,investimento_ind,487OS|N,4.478142206
2019,investimento_ind,487OS|S,3.826930363
2019,investimento_ind,493|E,3.516685501
2019,investimento_ind,493|N,1.433944846
2019,investimento_ind,493|S,2.50387714
2019,investimento_ind,4A0|E,45.51134079
2019,investimento_ind,4A0|N,21.78755101
2019,investimento_ind,4A0|S,14.2978681
2019,investimento_ind,511|E,10.67062133
2019,investimento_ind,511|N,56.45979709
2019,investimento_ind,511|S,2.199555867
2019,investimento_ind,512|E,2.672780086
2019,investimento_ind,512|N,36.8599356
2019,investimento_ind,512|S,0.6489581859
2019,investimento_ind,513|E,155.5581246
2019,investimento_ind,513|N,64.53686204
2019,investimento_ind,513|S,13.44177341
2019,investimento_ind,514|E,45.6043391
2019,investimento_ind,514|N,83.0002235
2019,investimento_ind,514|S,19.16725438
2019,investimento_ind,521CI|E,107.8109113
2019,investimento_ind,521CI|N,63.58681765
2019,investimento_ind,521CI|S,14.07735313
2019,investimento_ind,523|E,8.869096335
2019,investimento_ind,523|N,26.57636584
2019,investimento_ind,523|S,5.298017588
2019,investimento_ind,524|E,14.64585159
2019,investimento_ind,524|N,43.31792591
2019,investimento_ind,524|S,3.213328565
2019,investimento_ind,525|E,0.1165996753
2019,investimento_ind,525|N,0.5662568588
2019,investimento_ind,525|S,0.07036363636
2019,investimento_ind,532RL|E,88.07362387
2019,investimento_ind,532RL|N,7.543976087
2019,investimento_ind,532RL|S,2.0583343
2019,investimento_ind,5411|E,3.027851407
2019,investimento_ind,5411|N,2.551745499
2019,investimento_ind,5411|S,1.09590005
2019,investimento_ind,5412OP|E,33.98125285
2019,investimento_ind,5412OP|N,87.81399966
2019,investimento_ind,5412OP|S,11.37976399
2019,investimento_ind,5415|E,9.204524814
2019,investimento_ind,5415|N,37.44937874
2019,investimento_ind,5415|S,1.1204872
2019,investimento_ind,55|E,12.7041304
2019,investimento_ind,55|N,24.84484606
2019,investimento_ind,55|S,3.951388709
2019,investimento_ind,561|E,22.87044115
2019,investimento_ind,561|N,29.97756948
2019,investimento_ind,561|S,3.830087524
2019,investimento_ind,562|E,6.782745232
2019,investimento_ind,562|N,0.5307122112
2019,investimento_ind,562|S,1.595861825
2019,investimento_ind,61|E,9.166941417
2019,investimento_ind,61|N,11.42348161
2019,investimento_ind,61|S,16.4249757
2019,investimento_ind,621|E,36.74783738
2019,investimento_ind,621|N,8.364728591
2019,investimento_ind,621|S,8.438408881
2019,investimento_ind,622|E,68.61761767
2019,investimento_ind,622|N,14.62536327
2019,investimento_ind,622|S,23.67315225
2019,investimento_ind,623|E,3.840050909
2019,investimento_ind,623|N,1.83657971
2019,investimento_ind,623|S,3.434824374
2019,investimento_ind,624|E,2.821236177
2019,investimento_ind,624|N,1.291417052
2019,investimento_ind,624|S,4.960708886
2019,investimento_ind,711AS|E,4.206295404
2019,investimento_ind,711AS|N,11.0457742
2019,investimento_ind,711AS|S,4.726162947
2019,investimento_ind,713|E,8.785806005
2019,investimento_ind,713|N,2.39386156
2019,investimento_ind,713|S,11.28729329
2019,investimento_ind,721|E,7.980160021
2019,investimento_ind,721|N,2.90822218
2019,investimento_ind,721|S,10.28152346
2019,investimento_ind,722|E,15.46477226
2019,investimento_ind,722|N,3.746603768
2019,investimento_ind,722|S,7.148099664
2019,investimento_ind,81|E,18.7204501
2019,investimento_ind,81|N,17.97541497
2019,investimento_ind,81|S,8.669605442
2019,investimento_ind,ORE|E,22.60831588
2019,investimento_ind,ORE|N,8.8715838
2019,investimento_ind,ORE|S,34.25150459
2019,investimento_ind,HS|R,622.2039545
2019,stock_ind,111CA|E,253.3002826
2019,stock_ind,111CA|N,0.1042857143
2019,stock_ind,111CA|S,268.3011964
2019,stock_ind,113FF|E,46.69428547
2019,stock_ind,113FF|N,0.4280258152
2019,stock_ind,113FF|S,19.64647647
2019,stock_ind,211|E,55.62794322
2019,stock_ind,211|N,17.27446056
2019,stock_ind,211|S,1505.850361
2019,stock_ind,212|E,44.06455699
2019,stock_ind,212|N,2.462035502
2019,stock_ind,212|S,132.4042722
2019,stock_ind,213|E,79.77328815
2019,stock_ind,213|N,2.788762517
2019,stock_ind,213|S,63.15863239
2019,stock_ind,22|E,684.5982266
2019,stock_ind,22|N,23.99061117
2019,stock_ind,22|S,1787.722478
2019,stock_ind,23|E,227.0461691
2019,stock_ind,23|N,11.34811447
2019,stock_ind,23|S,84.81913795
2019,stock_ind,311FT|E,188.0251117
2019,stock_ind,311FT|N,32.99390774
2019,stock_ind,311FT|S,139.6305718
2019,stock_ind,313TT|E,13.63993077
2019,stock_ind,313TT|N,3.119886793
2019,stock_ind,313TT|S,19.97876696
2019,stock_ind,315AL|E,4.063280214
2019,stock_ind,315AL|N,3.18586176
2019,stock_ind,315AL|S,9.185317809
2019,stock_ind,321|E,21.04749988
2019,stock_ind,321|N,1.009228507
2019,stock_ind,321|S,21.33296095
2019,stock_ind,322|E,69.17393758
2019,stock_ind,322|N,10.14798395
2019,stock_ind,322|S,38.03618566
2019,stock_ind,323|E,21.52187573
2019,stock_ind,323|N,5.224543644
2019,stock_ind,323|S,16.88973117
2019,stock_ind,324|E,125.7997463
2019,stock_ind,324|N,45.05397397
2019,stock_ind,324|S,86.10278739
2019,stock_ind,325|E,206.4477956
2019,stock_ind,325|N,632.9211476
2019,stock_ind,325|S,163.2650518
2019,stock_ind,326|E,62.76902294
2019,stock_ind,326|N,15.42813076
2019,stock_ind,326|S,34.88305952
2019,stock_ind,327|E,44.00812162
2019,stock_ind,327|N,20.21573411
2019,stock_ind,327|S,33.17157273
2019,stock_ind,331|E,99.38515241
2019,stock_ind,331|N,15.85351751
2019,stock_ind,331|S,63.51759121
2019,stock_ind,332|E,116.8399516
2019,stock_ind,332|N,22.48012728
2019,stock_ind,332|S,57.20265667
2019,stock_ind,333|E,103.5323956
2019,stock_ind,333|N,62.42655603
2019,stock_ind,333|S,67.54272449
2019,stock_ind,334|E,140.7262728
2019,stock_ind,334|N,231.301475
2019,stock_ind,334|S,143.8914216
2019,stock_ind,335|E,24.92133005
2019,stock_ind,335|N,24.15731871
2019,stock_ind,335|S,25.89644842
2019,stock_ind,3361MV|E,133.7246011
2019,stock_ind,3361MV|N,63.82988208
2019,stock_ind,3361MV|S,64.32546871
2019,stock_ind,3364OT|E,48.91783326
2019,stock_ind,3364OT|N,62.0148386
2019,stock_ind,3364OT|S,56.40549275
2019,stock_ind,337|E,10.1359212
2019,stock_ind,337|N,3.447313759
2019,stock_ind,337|S,10.4335439
2019,stock_ind,339|E,45.10543988
2019,stock_ind,339|N,37.65500531
2019,stock_ind,339|S,31.82192367
2019,stock_ind,42|E,254.4131518
2019,stock_ind,42|N,83.36025708
2019,stock_ind,42|S,300.7774653
2019,stock_ind,441|E,33.58918579
2019,stock_ind,441|N,6.42065716
2019,stock_ind,441|S,151.153751
2019,stock_ind,445|E,54.8013619
2019,stock_ind,445|N,10.07633162
2019,stock_ind,445|S,159.3609638
2019,stock_ind,452|E,57.44572161
2019,stock_ind,452|N,13.58669858
2019,stock_ind,452|S,170.84284
2019,stock_ind,481|E,195.0323718
2019,stock_ind,481|N,3.680677171
2019,stock_ind,481|S,57.97943591
2019,stock_ind,482|E,59.18007235
2019,stock_ind,482|N,2.431343118
2019,stock_ind,482|S,347.385159
2019,stock_ind,483|E,46.52240985
2019,stock_ind,483|N,4.286746422
2019,stock_ind,483|S,7.211305836
2019,stock_ind,484|E,124.2875708
2019,stock_ind,484|N,3.115196179
2019,stock_ind,484|S,24.61157461
2019,stock_ind,485|E,30.74918772
2019,stock_ind,485|N,0.7299559874
2019,stock_ind,485|S,22.77635934
2019,stock_ind,486|E,43.40238562
2019,stock_ind,486|N,1.433224513
2019,stock_ind,486|S,230.8602615
2019,stock_ind,487OS|E,76.43895318
2019,stock_ind,487OS|N,6.517608701
2019,stock_ind,487OS|S,69.04995538
2019,stock_ind,493|E,15.12849209
2019,stock_ind,493|N,2.386324502
2019,stock_ind,493|S,38.93174326
2019,stock_ind,4A0|E,217.4839177
2019,stock_ind,4A0|N,43.26118321
2019,stock_ind,4A0|S,434.2324376
2019,stock_ind,511|E,40.41605408
2019,stock_ind,511|N,232.0011116
2019,stock_ind,511|S,51.18558535
2019,stock_ind,512|E,13.49411062
2019,stock_ind,512|N,243.7486731
2019,stock_ind,512|S,31.54838648
2019,stock_ind,513|E,767.8197441
2019,stock_ind,513|N,227.084754
2019,stock_ind,513|S,761.6720723
2019,stock_ind,514|E,146.3486404
2019,stock_ind,514|N,181.3426916
2019,stock_ind,514|S,92.51566499
2019,stock_ind,521CI|E,518.0798354
2019,stock_ind,521CI|N,96.38372283
2019,stock_ind,521CI|S,352.152992
2019,stock_ind,523|E,39.64844438
2019,stock_ind,523|N,46.5562866
2019,stock_ind,523|S,104.2992328
2019,stock_ind,524|E,66.06624273
2019,stock_ind,524|N,78.94880143
2019,stock_ind,524|S,149.7117314
2019,stock_ind,525|E,0.7470350181
2019,stock_ind,525|N,1.362411925
2019,stock_ind,525|S,32.28138948
2019,stock_ind,532RL|E,501.290571
2019,stock_ind,532RL|N,11.72361672
2019,stock_ind,532RL|S,27.70755716
2019,stock_ind,5411|E,15.89495981
2019,stock_ind,5411|N,4.730775163
2019,stock_ind,5411|S,25.34392939
2019,stock_ind,5412OP|E,158.1169714
2019,stock_ind,5412OP|N,286.7495669
2019,stock_ind,5412OP|S,151.9582842
2019,stock_ind,5415|E,29.44611897
2019,stock_ind,5415|N,65.33761166
2019,stock_ind,5415|S,28.34662372
2019,stock_ind,55|E,62.24939714
2019,stock_ind,55|N,50.94083332
2019,stock_ind,55|S,255.5258217
2019,stock_ind,561|E,102.3267278
2019,stock_ind,561|N,54.557982
2019,stock_ind,561|S,69.1350182
2019,stock_ind,562|E,34.06465235
2019,stock_ind,562|N,1.316653585
2019,stock_ind,562|S,66.55050343
2019,stock_ind,61|E,51.95125589
2019,stock_ind,61|N,37.48535096
2019,stock_ind,61|S,488.0319896
2019,stock_ind,621|E,180.3599802
2019,stock_ind,621|N,21.72367284
2019,stock_ind,621|S,201.7404102
2019,stock_ind,622|E,300.056677
2019,stock_ind,622|N,34.52741235
2019,stock_ind,622|S,688.331633
2019,stock_ind,623|E,21.67321069
2019,stock_ind,623|N,4.828370265
2019,stock_ind,623|S,76.96952488
2019,stock_ind,624|E,12.76886605
2019,stock_ind,624|N,2.300798257
2019,stock_ind,624|S,54.58762509
2019,stock_ind,711AS|E,26.36470666
2019,stock_ind,711AS|N,51.94395092
2019,stock_ind,711AS|S,99.38646417
2019,stock_ind,713|E,45.36186951
2019,stock_ind,713|N,4.665714564
2019,stock_ind,713|S,158.5841876
2019,stock_ind,721|E,40.21864262
2019,stock_ind,721|N,5.904904061
2019,stock_ind,721|S,321.534222
2019,stock_ind,722|E,90.55994609
2019,stock_ind,722|N,6.987749666
2019,stock_ind,722|S,160.9795276
2019,stock_ind,81|E,104.6171057
2019,stock_ind,81|N,51.86197151
2019,stock_ind,81|S,449.8832419
2019,stock_ind,ORE|E,113.3265521
2019,stock_ind,ORE|N,14.41160044
2019,stock_ind,ORE|S,1116.99524
2019,stock_ind,HS|R,17582.30423
2019,scorte,2,184.0577938
2019,scorte,3,115.0561222
2019,scorte,5,484.8987858
2019,scorte,6,387.7125383
2019,scorte,8,471.6731049
2019,scorte,9,376.2276278
2019,scorte,11,259.2211792
2019,scorte,12,58.42159265
2019,scorte,13,89.09237016
2019,scorte,14,283.0198657
2019,scorte,15,191.1771902
2019,aggregati,produzione_tot,34380.93056
2019,aggregati,consumo_tot,12936.55877
2019,aggregati,investimento_tot,3529.509247
2019,aggregati,importazioni_tot,2611.710152
2019,aggregati,scorte_tot,2900.558171
